exp,regime,scheduler,budget,seed,psi,excess_mse,tr_D,realized_rate,mean_abs_z_fired,mean_burst_len,max_rhat,r1,r2,r3
F2,N1,MEMLESS,0.02,0,0.1441100089798973,0.05183425985047738,0.05132560923657236,0.02,0.7345526829106669,1.0178298522669385,0.007794508971345449,0.0017308315245737383,-0.003979603876815191,0.0010912358241158885
F2,N1,BLOCK,0.02,0,0.02421042412755608,0.010626143787201142,0.010694201677945306,0.02002002002002002,0.2285910868680658,48.78048780487805,0.007235825281463228,-0.004393287597333524,-0.00039377061764295126,0.00615603295299923
F2,N1,AR,0.02,0,0.1441049782972147,0.052037617177115095,0.05149145007335495,0.02,0.7345378228515804,1.0178298522669385,0.00760194286925225,0.002155801452202823,-0.004452648856192622,0.0013996789306699898
F2,N1,ENERGY,0.02,0,0.033796221649780196,0.01177964289117632,0.011774204673309616,0.02,0.2817870506006195,6.072948328267477,0.006515643497536636,-0.005050500813319802,-0.0019380697845482677,0.0034773596869386724
F2,N1,MAGDIFF,0.02,0,0.07472936102128386,0.026266649044104487,0.026016967600041026,0.02,0.40687677046337983,1.2573945877910635,0.006089589327277372,-0.0052744339449133475,-0.00587385164847884,0.005510919321145209
F2,N1,MEMLESS,0.02,1,0.14349372379037165,0.04862832704439306,0.04906843295021461,0.02,0.7270518835505675,1.020950434338273,0.0071871018274207365,-0.003974847752278105,-0.002805856972896924,-0.00418703964846476
F2,N1,BLOCK,0.02,1,0.02514461923858319,0.009243708940047793,0.009044270005784194,0.02002002002002002,0.23372579194513982,48.78048780487805,0.008005817240874619,5.8296461790931583e-05,0.0007493975199384942,-0.006328330600338404
F2,N1,AR,0.02,1,0.14348676115485054,0.048332515184326894,0.04885156807913001,0.02,0.7270314584731004,1.0178298522669385,0.007167758435618286,-0.003879599859836995,-0.0017290953746234578,-0.004451426586107688
F2,N1,ENERGY,0.02,1,0.030497665095320023,0.010748657537627021,0.010584841706119088,0.02,0.27093665003399625,6.819112627986348,0.007133669450817282,-0.00041545322848663395,0.0017938572594117087,-0.005415151401248359
F2,N1,MAGDIFF,0.02,1,0.07531590495847693,0.026726275618879677,0.026624000322653975,0.02,0.4062417350081482,1.286542176432711,0.006773049604077859,-0.002702519501429812,0.00243699054455462,-0.005965613851312089
F2,N1,MEMLESS,0.02,2,0.14480578440360406,0.05456205012793562,0.053655775726276424,0.02,0.7322134400730377,1.020950434338273,0.008560650096853615,-3.7566914278722316e-05,-0.0019603375093651602,0.0024089190662767235
F2,N1,BLOCK,0.02,2,0.025997023703292963,0.007631817137375985,0.007934478309435873,0.02002002002002002,0.2394052591045662,48.78048780487805,0.00850385426725468,0.0005176314254407136,-0.005725782115824312,0.0014421788886778025
F2,N1,AR,0.02,2,0.14479771310723144,0.05406958113594444,0.05319704808034633,0.02,0.7321897428408418,1.0178298522669385,0.009151175130319648,-0.000749493633679538,-0.002307512895151775,0.002389447662251127
F2,N1,ENERGY,0.02,2,0.03148556664712483,0.011115377836685592,0.011717836146021244,0.02,0.27497199717565096,6.637873754152824,0.007948787867025884,0.00018070394083987155,-0.004548182162779871,0.0019685755237962396
F2,N1,MAGDIFF,0.02,2,0.07650911873510839,0.028407265573683116,0.027651226833466824,0.02,0.4057872922693332,1.2882011605415862,0.010593944879191356,-0.0011881197232679309,-0.0016647167134999144,-0.0037271538285603236
F2,N1,MEMLESS,0.02,3,0.14494813632685755,0.05228697613499268,0.05232827378711832,0.02,0.7317049016090393,1.016793893129771,0.00909919161627827,-0.004177016517657789,0.007869145029234994,0.002754988914051427
F2,N1,BLOCK,0.02,3,0.026435741033039268,0.0065101931066681995,0.006647569364330343,0.02002002002002002,0.24184164220054566,48.78048780487805,0.004550547577940192,-0.0021998069273185487,0.0018575501730723476,0.0011181233152045753
F2,N1,AR,0.02,3,0.14494560415366414,0.0525687324362914,0.05260542867458902,0.02,0.7316974568107467,1.016793893129771,0.008545779043643129,-0.004017616898456122,0.007059217635987189,0.0032971784615123
F2,N1,ENERGY,0.02,3,0.03093831281003664,0.009344042543207351,0.009090671578306946,0.02,0.27343480169480805,6.0362537764350455,0.004068359882997358,-0.0011842720557075637,0.004068359882997358,-0.0014294399149507716
F2,N1,MAGDIFF,0.02,3,0.07945374048737697,0.0279218489079964,0.02831363628931115,0.02,0.4227834131617751,1.3205551883674818,0.0037576393398492626,-0.0002167929504923953,0.0037576393398492626,-0.0009214098488038471
F2,N1,MEMLESS,0.02,4,0.14564271234403206,0.05021481135512708,0.050952117610351434,0.02,0.73662272095046,1.0157600406710727,0.006609663471391096,0.0007894811359061237,-0.001054597501568126,-0.004913403075688815
F2,N1,BLOCK,0.02,4,0.025488018464007292,0.010902842879430552,0.010976075836254004,0.02002002002002002,0.237913448903357,48.78048780487805,0.014798300269956823,0.0008612421090075431,0.0016565574925268072,-0.014798300269956823
F2,N1,AR,0.02,4,0.1456378691894817,0.0503027421347262,0.05101453028625523,0.02,0.7366084817337332,1.0157600406710727,0.007951568473996643,0.0009532485361684668,-0.0007066843322877567,-0.004218553460098027
F2,N1,ENERGY,0.02,4,0.031868106322203854,0.010872805174684252,0.010991508267733775,0.02,0.2788673457870884,6.772881355932204,0.01296936647371415,-0.0011263968746852478,-0.0008052964345752564,-0.01296936647371415
F2,N1,MAGDIFF,0.02,4,0.08198593617496458,0.028161607936954713,0.02805036133685911,0.02,0.43687389551671885,1.3084479371316307,0.007895171156438414,0.0018587872671851947,0.0016785411261429797,-0.007895171156438414
F2,N1,MEMLESS,0.02,5,0.14405864648545477,0.05228462621694567,0.05167684648324651,0.02,0.7286285581350098,1.0157600406710727,0.007374033726170186,-0.007374033726170186,-0.002857156713779884,-0.004519980157737814
F2,N1,BLOCK,0.02,5,0.025508222351604718,0.009035545000622827,0.008662280230962702,0.02002002002002002,0.23584813059234874,48.78048780487805,0.008334549061941037,-0.002650184328002341,0.008334549061941037,-0.003012974092748303
F2,N1,AR,0.02,5,0.1440565479089794,0.05247981923513036,0.05183070396051978,0.02,0.7286223767300414,1.0147282884713051,0.006870785938197318,-0.006870785938197318,-0.002538955833414111,-0.00449007641899797
F2,N1,ENERGY,0.02,5,0.032040144000656884,0.015048890378743046,0.014594907156986815,0.02,0.27690296872724207,6.550819672131148,0.01026229527727234,-0.0019155342850479895,0.01026229527727234,-0.00380656756824975
F2,N1,MAGDIFF,0.02,5,0.07577537888698359,0.027676281940387293,0.027285134388638707,0.02,0.4105269843263089,1.286542176432711,0.008088293035871495,-0.002692369322036344,0.008039383502672668,-0.003218714971160775
F2,N1,MEMLESS,0.02,6,0.1429154693145849,0.04672715640619865,0.047390072628347095,0.02,0.7291781723578054,1.0240902101486418,0.010661536563722538,-0.007548431216957184,-0.008107534426899723,-0.0018742135990708014
F2,N1,BLOCK,0.02,6,0.025273604196621384,0.009434393579012407,0.009356265612796715,0.02002002002002002,0.2346054384326173,48.78048780487805,0.008676315338648844,-0.0034768949449797493,-0.006533336678934636,-0.00023607627876911589
F2,N1,AR,0.02,6,0.1429095044041476,0.04670200940211981,0.04737912539913474,0.02,0.7291605415892081,1.025141097998974,0.009957594698752693,-0.008109690616986817,-0.007152118886025781,-0.002406526923125284
F2,N1,ENERGY,0.02,6,0.030105458832324773,0.01226762205061728,0.011989654972211057,0.02,0.2684902439505594,7.77431906614786,0.009491072018945633,-0.0039942839378987035,-0.005504666283393895,-0.00013141350011109892
F2,N1,MAGDIFF,0.02,6,0.07509127730090984,0.0261438921601828,0.026255972438742847,0.02,0.4088479498032759,1.283236994219653,0.008019589041705844,-0.0009783289633110565,-0.008019589041705844,6.0445709153871105e-05
F2,N1,MEMLESS,0.02,7,0.1465205466116327,0.05283384070550169,0.05234014242629612,0.02,0.7325221660903916,1.023041474654378,0.01118346866754366,-0.000977353956497952,-5.461545055650252e-05,-0.004380414139597502
F2,N1,BLOCK,0.02,7,0.024650815260236356,0.0070446657002703195,0.007291118863290891,0.02002002002002002,0.22987411110685071,48.78048780487805,0.006908440863575699,-0.001651850566003159,-0.0003986016679141757,-0.004743177437478685
F2,N1,AR,0.02,7,0.14651831674210306,0.05277544089210576,0.05228988677069502,0.02,0.7325156690408986,1.023041474654378,0.011241711096489469,-0.0004924715454195171,-0.0009467748881053749,-0.0045289204450619305
F2,N1,ENERGY,0.02,7,0.032001204220396234,0.011485453199603687,0.01147904157637777,0.02,0.27445251566143075,6.50814332247557,0.004278231902362521,-0.004094541348946211,0.001502457454312141,-0.003189011695872247
F2,N1,MAGDIFF,0.02,7,0.07985215946464308,0.028135428318254482,0.028161260373003164,0.02,0.42244926497331897,1.2999349381912817,0.009121646058605465,-0.0024297385999775475,-0.00037003198678449385,-0.009121646058605465
F2,N1,MEMLESS,0.02,8,0.14428025181345738,0.05193334905123777,0.051732632365869426,0.02,0.7307867900220121,1.0188679245283019,0.005959207047888935,-0.0012390437236436905,0.005959207047888935,0.0007662919324423314
F2,N1,BLOCK,0.02,8,0.023374820512004173,0.009451063419593786,0.008988362928702991,0.02002002002002002,0.22243061946316603,48.78048780487805,0.005583014218177771,-0.0013929130338340137,0.0028209998234969293,0.0012508567818008654
F2,N1,AR,0.02,8,0.14427385321011976,0.05170634759138275,0.05154003354906526,0.02,0.7307679443245882,1.0178298522669385,0.006738187765109538,-0.00037741231214920247,0.006738187765109538,0.0004085062301578268
F2,N1,ENERGY,0.02,8,0.030664094474188937,0.01195418328790461,0.011798534575217979,0.02,0.27059119420255523,9.469194312796208,0.006692840917224751,-0.001786942411644383,0.0026934904598595933,7.253157992808887e-06
F2,N1,MAGDIFF,0.02,8,0.07493091339836461,0.026785363341070664,0.0261452825510016,0.02,0.4043466746957115,1.265357821405953,0.00897094583537474,0.0002781755585352179,0.00897094583537474,-2.697527923270175e-05
F2,N1,MEMLESS,0.02,9,0.14164981511201089,0.04532684514839115,0.045338683013135365,0.02,0.7210187373610207,1.0188679245283019,0.008311162081719795,0.0009427249258041085,0.0027627511674493534,-0.0009445895326335283
F2,N1,BLOCK,0.02,9,0.0244741981251264,0.007885868374275948,0.008040527812682205,0.02002002002002002,0.23095081746635523,48.78048780487805,0.008072643349062143,0.0013316839096718888,0.005879706930620363,-0.0007452357172935953
F2,N1,AR,0.02,9,0.14164384518723416,0.04508313974349698,0.04515155019081723,0.02,0.7210011475572071,1.0188679245283019,0.007954043877269262,0.0018021587241255693,0.0027564424212989072,-0.001683076523586074
F2,N1,ENERGY,0.02,9,0.03281299294695205,0.009539211897494682,0.00960642053078115,0.02,0.2834031733853354,5.414634146341464,0.00713526910225046,0.0006538200814423657,0.00492294828948366,0.0001610858844400097
F2,N1,MAGDIFF,0.02,9,0.07743187980777749,0.027033294730989532,0.026774646269766906,0.02,0.41587903846838703,1.3101639344262295,0.009337374905944398,0.004120793703208123,0.0016795118492701992,0.0005689500463897004
F2,N1,MEMLESS,0.02,10,0.1438830829914288,0.05208598449734883,0.05234586680506862,0.02,0.7310333263854906,1.0147282884713051,0.010909852003688927,-0.004088867555969141,-0.0025894990047504963,0.003789721328198394
F2,N1,BLOCK,0.02,10,0.025798586348059805,0.008978717020089913,0.008916567700713272,0.02002002002002002,0.24092379156684463,48.78048780487805,0.006943509118865882,-0.0037036518049537565,-0.0034598305740115545,0.002828390262701883
F2,N1,AR,0.02,10,0.14387953572087267,0.05196984111427007,0.05221416049812138,0.02,0.7310229078220943,1.0136986301369864,0.00995357188851357,-0.003676963938703944,-0.002371300415919592,0.004151143055568835
F2,N1,ENERGY,0.02,10,0.03140319758233785,0.011080936001855793,0.011174814221379477,0.02,0.27516219925825985,7.960159362549801,0.007205144706328489,-0.0037909550456541262,-0.003256121538463932,0.0042333231762831484
F2,N1,MAGDIFF,0.02,10,0.07403109818945601,0.02707858198293775,0.026622521288429585,0.02,0.399238154174361,1.3101639344262295,0.009348173430140974,-0.006223995219650309,-0.0012572879925928358,0.0019185877968914333
F2,N1,MEMLESS,0.02,11,0.14407923004528797,0.05285501845216002,0.05285951415757966,0.02,0.7334895592924904,1.0157600406710727,0.007834351833181395,-0.007834351833181395,0.0017131687895030545,0.005199836234794709
F2,N1,BLOCK,0.02,11,0.025185970976667686,0.010111972217883056,0.009937412908097161,0.02002002002002002,0.2308150700057724,48.78048780487805,0.015761010828337346,-0.005480182052459839,-0.005675280264948358,0.0023610611262982247
F2,N1,AR,0.02,11,0.14407330970918902,0.05323699043901975,0.053113078579362115,0.02,0.7334720672839423,1.0157600406710727,0.00734328606589057,-0.00734328606589057,0.0014581055326569334,0.004799621513887999
F2,N1,ENERGY,0.02,11,0.030392118218816436,0.01215796408665358,0.012038669990986134,0.02,0.2694903085111484,7.539622641509434,0.012854194603933035,-0.006317803298034417,-0.004999669554042104,8.208996169562012e-05
F2,N1,MAGDIFF,0.02,11,0.07755417140362245,0.028782571462002582,0.028445838950376518,0.02,0.41843886923723705,1.3084479371316307,0.011908887722209589,-0.006923265660642553,0.004660291898180154,0.0033487181357945914
F2,N1,MEMLESS,0.02,12,0.14430293702078992,0.050891720934457735,0.05178938252400682,0.02,0.732064514897759,1.0188679245283019,0.010272905909754998,0.003359404785459845,-0.003906793635547935,0.004343006541141666
F2,N1,BLOCK,0.02,12,0.026858947622258288,0.0077910132420252465,0.007899549321106241,0.02002002002002002,0.24312283832325166,48.78048780487805,0.00960924945825337,-0.001193212095111517,-0.00960924945825337,0.008712887726781068
F2,N1,AR,0.02,12,0.14430024905419944,0.0505404511348109,0.05151138841569095,0.02,0.7320565652397469,1.0188679245283019,0.00923471146350057,0.003427269735582014,-0.0033408817570144142,0.004121197225700482
F2,N1,ENERGY,0.02,12,0.02925780975781233,0.008772061150388089,0.008707975492924118,0.02,0.2667879293282688,8.538461538461538,0.011680557543750034,6.773423876508856e-05,-0.011680557543750034,0.010926046201717561
F2,N1,MAGDIFF,0.02,12,0.0792891898999657,0.027182417312535498,0.028028429255851563,0.02,0.4255499557152797,1.2999349381912817,0.007452347276626084,-0.0023252505738346374,-0.0062358880911246315,0.004778037069241624
F2,N1,MEMLESS,0.02,13,0.14480360100372502,0.0505395255554712,0.05066239328066755,0.02,0.7323248882297467,1.0199081163859112,0.006855430087573029,0.0031897942783230405,-0.00010500996915945805,0.0024942086615986248
F2,N1,BLOCK,0.02,13,0.026039640272796042,0.006902394268430825,0.007001593586143016,0.02002002002002002,0.23837953998554212,48.78048780487805,0.009890763884665501,0.0024125506048376147,-0.001627649096565031,0.0016038726963620888
F2,N1,AR,0.02,13,0.14479787208047917,0.05041642480535187,0.05055379508233368,0.02,0.7323079356298811,1.0199081163859112,0.006882847368330965,0.003621088714096457,5.851320419408298e-05,0.0025363255728952628
F2,N1,ENERGY,0.02,13,0.029787645530751538,0.01091779320748558,0.010884644290883103,0.02,0.2671026698926878,7.655172413793103,0.009821297392750285,0.0021716165024545254,-0.00019041518311738997,0.0021790331622548406
F2,N1,MAGDIFF,0.02,13,0.07936862280301511,0.02728325911164632,0.027547237907427944,0.02,0.4235229526144721,1.3170731707317074,0.008213431584403338,0.0020038427349863865,-0.005117982728316664,0.001658534413404648
F2,N1,MEMLESS,0.02,14,0.1448358526490914,0.05272991188151287,0.05300887093753768,0.02,0.7299379868486195,1.035769828926905,0.006235209036169592,0.002093392382503395,0.006235209036169592,0.005432084379287693
F2,N1,BLOCK,0.02,14,0.026127726232963853,0.009746867872403739,0.009661200846335325,0.02002002002002002,0.2390202276090957,48.78048780487805,0.007021749656994176,0.0013448417061990485,0.004722244684909802,-0.0005163461239662351
F2,N1,AR,0.02,14,0.14483021540776117,0.05280081114301173,0.053075019986787424,0.02,0.7299214901808921,1.035769828926905,0.006311285970825176,0.0014334394448673679,0.006311285970825176,0.004899755978096332
F2,N1,ENERGY,0.02,14,0.03132690526576701,0.009708095037403192,0.009908872500545653,0.02,0.2743552157639186,7.4275092936802976,0.005821574603351061,-0.0012008122986278385,0.0009889520233664745,-0.0025247920199035117
F2,N1,MAGDIFF,0.02,14,0.07503142881982089,0.025385397084070768,0.025825553302734738,0.02,0.4063245757605074,1.286542176432711,0.008791050468344037,-0.0014554404949871029,0.004642143700675226,0.0009228789404599548
F2,N1,MEMLESS,0.02,15,0.14457735424673177,0.052983342408996895,0.053033503159690944,0.02,0.7310316167722745,1.0136986301369864,0.010909832389179993,0.00932166231015058,0.006091776995358109,0.0035511457081414816
F2,N1,BLOCK,0.02,15,0.02547006004704,0.00740038071376363,0.007413168556292793,0.02002002002002002,0.2367250053515097,48.78048780487805,0.009915944446276727,0.006885528534589819,0.0010945037399968563,0.008689456381822183
F2,N1,AR,0.02,15,0.14457084828082864,0.05262602424736336,0.05256272198119077,0.02,0.7310125697750726,1.0126710593005575,0.011047981677469875,0.009169305405716496,0.005230241541902322,0.004009224008235897
F2,N1,ENERGY,0.02,15,0.03290111295647768,0.01172060740537001,0.011249499780867957,0.02,0.2822725235538777,6.302839116719243,0.012275930064101732,0.00650615684562427,0.0025650215095936652,0.007261521636792025
F2,N1,MAGDIFF,0.02,15,0.07767155166918079,0.025996072105489862,0.026541040456811018,0.02,0.4137878222829447,1.3050293925538863,0.012066082034978323,0.0060255175285172545,0.0038615927524723354,0.0024541251168663995
F2,N1,MEMLESS,0.02,16,0.14366764551987143,0.048233102020479895,0.04926658785774586,0.02,0.7238199151281405,1.023041474654378,0.008836064797836543,0.0020951809439458445,0.0024987975557880337,0.008836064797836543
F2,N1,BLOCK,0.02,16,0.025008957856945048,0.007277142236545825,0.007342755204611875,0.02002002002002002,0.2315567589592564,48.78048780487805,0.011793045937485275,-0.0022428599191093358,0.011793045937485275,-0.0002898590505503266
F2,N1,AR,0.02,16,0.14366150681435644,0.04765640940865104,0.04871312268122867,0.02,0.7238020941200624,1.023041474654378,0.007905305294329482,0.0023214799549096206,0.0016990000632364042,0.007905305294329482
F2,N1,ENERGY,0.02,16,0.03182861906673286,0.010073717407554389,0.009984782838774226,0.02,0.273856161417138,6.819112627986348,0.01188650566439134,-0.002612588599371631,0.01188650566439134,-0.0017453424159808437
F2,N1,MAGDIFF,0.02,16,0.07518036624205693,0.026265357308835155,0.026932036405803526,0.02,0.400111919437245,1.3118844386080104,0.008936908918727466,0.0006073250660769379,0.005725140650555252,0.006386948114014772
F2,N1,MEMLESS,0.02,17,0.14085212970053976,0.05044134303977167,0.04945843434156306,0.02,0.721840181760422,1.0261941448382126,0.005192096990262797,0.0005488362963417362,-0.002257235681709021,-0.0005578449064197124
F2,N1,BLOCK,0.02,17,0.024195203391874146,0.009457661402999043,0.009190259811829408,0.02002002002002002,0.2336874784912823,48.78048780487805,0.006985016704229403,0.0036070649652967866,0.004010792703817631,0.0005548558852543965
F2,N1,AR,0.02,17,0.14084906410108333,0.05055152878923706,0.049593319537792654,0.02,0.7218311879333862,1.0261941448382126,0.005218160642756177,-0.00013653352842832902,-0.0022845680867934186,-0.0010753429419540525
F2,N1,ENERGY,0.02,17,0.030464760460925337,0.011356932809190534,0.011275974050013448,0.02,0.2721974010351813,6.0,0.008401459783676105,0.0030994600133165524,0.00432848624776195,-0.0010449555233393317
F2,N1,MAGDIFF,0.02,17,0.0731645794560476,0.026776972810992908,0.026061696251339795,0.02,0.4000444749008884,1.286542176432711,0.008764644414318073,0.004828032766032376,-0.0025093444997815917,-0.004194248415313968
F2,N1,MEMLESS,0.02,18,0.1442772755217794,0.05398380600862941,0.05405822258137315,0.02,0.7321202627403993,1.0157600406710727,0.005795274943802441,0.0030303043563940425,0.0010159085324277172,-0.0010292693954161295
F2,N1,BLOCK,0.02,18,0.026308622833192914,0.012994684491595757,0.012578755034974132,0.02002002002002002,0.2403670254966991,48.78048780487805,0.00440741397214576,0.003165825767353519,-0.002016870903950988,-0.0037043531419050256
F2,N1,AR,0.02,18,0.14427423184563937,0.054261228103868644,0.054146854759790905,0.02,0.7321112823436758,1.0147282884713051,0.005859808552326517,0.00339041001738306,0.0015894243680893057,-0.0007164941118451306
F2,N1,ENERGY,0.02,18,0.03067402160360637,0.012038666140887236,0.012217600211491741,0.02,0.2716105208018539,6.637873754152824,0.006466815598232501,0.005017034119108038,-0.0008250776670467376,-0.002368503352158703
F2,N1,MAGDIFF,0.02,18,0.07849879003349367,0.029109404224358842,0.028755182099560236,0.02,0.41940788414931585,1.2965606748864373,0.007802875047199324,0.005061802172899857,-0.0008681675236685634,-0.004600883169746376
F2,N1,MEMLESS,0.02,19,0.14504236523039024,0.05146912865466752,0.05098893682727517,0.02,0.7315075227564348,1.0240902101486418,0.011740539354772494,-0.00812013631495839,0.011740539354772494,-0.007647852339701356
F2,N1,BLOCK,0.02,19,0.02544041959521536,0.010221586097942478,0.010012988149163436,0.02002002002002002,0.23332365503392935,48.78048780487805,0.011624987908742425,-0.003603900166571701,0.011624987908742425,-0.006891519195366358
F2,N1,AR,0.02,19,0.14503632792621493,0.05157576832250289,0.0510115007498528,0.02,0.731489878239577,1.023041474654378,0.011118002190384979,-0.006821541258100993,0.011118002190384979,-0.007810916984011251
F2,N1,ENERGY,0.02,19,0.031169076887679087,0.011679711826124387,0.011468607491762125,0.02,0.27346399956620193,6.961672473867596,0.011882006161729372,-0.003155928885902753,0.011882006161729372,-0.006783810294814634
F2,N1,MAGDIFF,0.02,19,0.0791591412488651,0.02943957896404853,0.02879359272155372,0.02,0.4217384181457304,1.2999349381912817,0.010061255846326217,-0.0021067247951759476,0.010061255846326217,-0.006036022977169468
F2,N1,MEMLESS,0.02,20,0.1446365872971132,0.04911002563305633,0.0491584274077628,0.02,0.7324840095867882,1.011645569620253,0.009459130714466203,-0.0003177491920626392,-0.003160791842711252,-0.009459130714466203
F2,N1,BLOCK,0.02,20,0.02560302327673625,0.01003719755330014,0.010249974534511559,0.02002002002002002,0.23785587592578025,48.78048780487805,0.00603890604253257,0.004447954094544473,0.003967067377719374,-0.00182367798600937
F2,N1,AR,0.02,20,0.14463220069454902,0.04918100737478821,0.04918596034513488,0.02,0.7324710948703419,1.011645569620253,0.009441821467250639,-0.0006611769302637412,-0.0038170432429132663,-0.009441821467250639
F2,N1,ENERGY,0.02,20,0.032564052161428894,0.011011130168667102,0.010895737472625087,0.02,0.27597042293712104,7.318681318681318,0.006135097169296528,0.004981874839123869,0.0034604527851645576,-0.0013436116744202796
F2,N1,MAGDIFF,0.02,20,0.07856149128557592,0.029210157145711818,0.029102730771079634,0.02,0.4196455779404464,1.3293413173652695,0.00898095853282591,0.008797056647611821,0.0029006561568189334,-0.005299891118564802
F2,N1,MEMLESS,0.02,21,0.1441902199635407,0.05433413244629905,0.054122141486491866,0.02,0.7294604172714841,1.0283067421513123,0.008135164343943069,0.005392276157763204,0.0040546318092297305,-0.00048636544319182395
F2,N1,BLOCK,0.02,21,0.024849621829117118,0.009451512410548424,0.009084530889868775,0.02002002002002002,0.22755801585395483,48.78048780487805,0.005715179928443612,-0.0001644224747491934,0.0010173458226206207,0.0014400588370254907
F2,N1,AR,0.02,21,0.14418246439333132,0.05413969350813623,0.053902636310899414,0.02,0.7294374854864937,1.0261941448382126,0.008222751341418944,0.004867072477947813,0.0041859639891557564,-0.0003640604046884197
F2,N1,ENERGY,0.02,21,0.029115468608988046,0.0124831327122579,0.012207711551491708,0.02,0.2668146856887025,5.928783382789318,0.004971410890932629,-0.0006059864312675715,0.0005168378760735335,-0.0005623991857163388
F2,N1,MAGDIFF,0.02,21,0.07780289878482227,0.02848620968331121,0.028319212886340123,0.02,0.41492634476714857,1.3084479371316307,0.00524200270510376,-0.0023233583122810454,0.0009944020990959085,-0.003515817489918277
F2,N1,MEMLESS,0.02,22,0.14336252400302493,0.05039487645828375,0.05050762424436752,0.02,0.7292965505681662,1.0136986301369864,0.012037866042779708,0.005209166805222055,-0.0009541667771593516,-0.0001497803462339991
F2,N1,BLOCK,0.02,22,0.025914037623149172,0.009440517193239004,0.00960893086881188,0.02002002002002002,0.2351436610263013,48.78048780487805,0.005939234159693083,0.005499794145098517,0.0004707043284240552,0.002506896826192387
F2,N1,AR,0.02,22,0.14335883896901733,0.05069298057977176,0.050769838336508055,0.02,0.7292856816408944,1.0126710593005575,0.012399483932675282,0.00534964079395195,-0.0010974087950839382,-4.93194457207265e-05
F2,N1,ENERGY,0.02,22,0.03005738461756186,0.009248047530131392,0.009492763965090351,0.02,0.269217473456934,6.0362537764350455,0.007067831384529699,0.004931466218588702,0.0012402220482945973,0.0014197186398899196
F2,N1,MAGDIFF,0.02,22,0.07462076830883516,0.025306728392872235,0.025694348326639804,0.02,0.4027998574028591,1.2783109404990403,0.010265885981069723,0.00911689214527695,0.0008355750183375138,0.00439037244770943
F2,N1,MEMLESS,0.02,23,0.14212907024012933,0.05103279887104574,0.05099296640368599,0.02,0.7283756949606739,1.016793893129771,0.007157730335682973,0.0052018689007496625,0.0026632686132736236,-9.344225214598406e-05
F2,N1,BLOCK,0.02,23,0.025595114085927243,0.00926851683042644,0.00900806186846682,0.02002002002002002,0.23365846537668947,48.78048780487805,0.005952751600702578,-0.005952751600702578,0.001362927061405873,-0.0004011640589696187
F2,N1,AR,0.02,23,0.14212373980483625,0.0510256698547409,0.050984031852336444,0.02,0.7283598667555338,1.016793893129771,0.007592738736022513,0.004856646730916425,0.0025421632171450767,-0.0013518963396801633
F2,N1,ENERGY,0.02,23,0.029497255559014567,0.011795349995827445,0.01128045914059615,0.02,0.2741954123712664,6.865979381443299,0.0064425485455041915,-0.005233487601588992,0.0022183773749038594,-0.0007190562890834326
F2,N1,MAGDIFF,0.02,23,0.07742000435991296,0.028897716862833878,0.02832737791500248,0.02,0.4220428965647076,1.2766773162939298,0.006023764981904446,-0.006023764981904446,0.00466728214367215,0.003377378377613226
F2,N1,MEMLESS,0.02,24,0.1437551224972805,0.04950487436007607,0.04870539191975297,0.02,0.7247198154408164,1.0240902101486418,0.008679199279853339,0.0003318122611278099,-0.001729266370421258,0.0055702244392471885
F2,N1,BLOCK,0.02,24,0.02597419864825257,0.007986545823021565,0.007976573294859705,0.02002002002002002,0.23646612715675047,48.78048780487805,0.006688447902457364,0.000824762631611995,-0.004715442615292142,0.004425632386426429
F2,N1,AR,0.02,24,0.14375009965126956,0.049623000558587746,0.04883143831907878,0.02,0.724705113593658,1.0240902101486418,0.008518193787991827,-0.0002988125228873701,-0.0018608117676891293,0.005468864275625615
F2,N1,ENERGY,0.02,24,0.03161534308107136,0.010088125084626018,0.010085982042566362,0.02,0.2712155263596128,8.222222222222221,0.008552527468289592,-0.0011109098363103788,-0.0038759202716862973,0.005482416602711914
F2,N1,MAGDIFF,0.02,24,0.07365212551208654,0.027377474432465243,0.02705723140677751,0.02,0.3940861013746103,1.2999349381912817,0.006594300434748358,0.003171314417457347,-0.0013700201321337308,0.003871299307926211
F2,N1,MEMLESS,0.02,25,0.14213260224377713,0.04671104676282163,0.047287133431631524,0.02,0.7241657119897678,1.0157600406710727,0.008186268114642434,-0.0021299393023912865,0.00733968484860865,-0.005431300393628959
F2,N1,BLOCK,0.02,25,0.025087671333927516,0.009533743249473592,0.00947574975117401,0.02002002002002002,0.23587332009139125,48.78048780487805,0.008410347804058802,0.008410347804058802,0.0014678146228990726,-0.00459207139046796
F2,N1,AR,0.02,25,0.14212653149188795,0.046626098757402715,0.04723251821286729,0.02,0.724147794367117,1.0157600406710727,0.007797573671559944,-0.0022253192178713467,0.007365760103682202,-0.004080589348786915
F2,N1,ENERGY,0.02,25,0.031171145122758367,0.010262955136745605,0.010429264323741546,0.02,0.2729198265516121,6.072948328267477,0.00818530306243162,0.00818530306243162,-0.00040595193328358,-0.005403161371597086
F2,N1,MAGDIFF,0.02,25,0.07418359458747288,0.026661315050119705,0.026920732169299886,0.02,0.4027913230521852,1.3101639344262295,0.006125736554324295,0.003914309489610358,0.006125736554324295,-0.0021128908864667425
F2,N1,MEMLESS,0.02,26,0.1431583636343902,0.05079278233319834,0.050742488227501346,0.02,0.7306513477469534,1.023041474654378,0.010658567337433094,-0.0031000856965819994,0.0012641631746267141,-0.00761509152734717
F2,N1,BLOCK,0.02,26,0.025509688545771916,0.011151660596624688,0.010740738404332763,0.02002002002002002,0.23896996227859688,48.78048780487805,0.008090968831042069,-0.0016143168516318405,0.00335794813668809,-0.004204334090580406
F2,N1,AR,0.02,26,0.14315241129080222,0.05049829424109632,0.05053206930616363,0.02,0.7306338267178633,1.020950434338273,0.011395972051010936,-0.0027840449239748474,0.002231191795739584,-0.0065888951310146765
F2,N1,ENERGY,0.02,26,0.030860678319820464,0.013305858799392167,0.013218609309464821,0.02,0.27503785541389175,6.819112627986348,0.006750302052340761,-0.002296064722491258,0.0033550223053051766,-0.004109198742188311
F2,N1,MAGDIFF,0.02,26,0.0765857187303527,0.027358022752257113,0.02760294930020083,0.02,0.4136442572586005,1.2848874598070739,0.009561531510980078,-0.0006645208339564522,0.0027090893952314977,-0.00902475071154129
F2,N1,MEMLESS,0.02,27,0.1441398554335145,0.048765732695453576,0.048787256597768815,0.02,0.7290508924467385,1.0157600406710727,0.005899168406685748,-0.0005056481625610025,-0.0047439648838001,0.00525845191262404
F2,N1,BLOCK,0.02,27,0.02656782727614258,0.010116445275328317,0.009938133318300561,0.02002002002002002,0.23949400028058082,48.78048780487805,0.01225532402892669,0.000722241328185735,-0.0012864775842631176,0.001613304526890516
F2,N1,AR,0.02,27,0.14413747141947178,0.048815649049153934,0.04883674738068118,0.02,0.7290438528465747,1.0157600406710727,0.005892508955557961,-0.0005600496615782673,-0.005141198033033617,0.004549177799499289
F2,N1,ENERGY,0.02,27,0.03186262534319296,0.012945601891137332,0.01227702445953081,0.02,0.27365621132115925,7.655172413793103,0.011764765151806501,0.0017447893303244556,0.00023934213901570859,0.001557301707077849
F2,N1,MAGDIFF,0.02,27,0.07881135619341367,0.02579692409990396,0.026243309469771627,0.02,0.4208898394451096,1.3050293925538863,0.009707769509769119,0.0012182958889597954,-0.00039660981442123653,0.0038980703376157925
F2,N1,MEMLESS,0.02,28,0.1452012282068,0.052502978921985785,0.0518983105589335,0.02,0.7384667762967517,1.0157600406710727,0.011984897560064472,0.006056196355679694,-0.011984897560064472,0.001380293608361432
F2,N1,BLOCK,0.02,28,0.026270819089804855,0.010020378143852551,0.009737760140138487,0.02002002002002002,0.24008351960500066,48.78048780487805,0.01130715867726188,0.004589321835435714,-0.006403763715045936,-0.0011443370263227693
F2,N1,AR,0.02,28,0.14519717064923984,0.05256944042027269,0.05196852290130494,0.02,0.7384548058372233,1.0157600406710727,0.011748183313378463,0.006253619600970225,-0.011748183313378463,0.0014541133707748706
F2,N1,ENERGY,0.02,28,0.03251043944966349,0.012044019919887836,0.011817285501803516,0.02,0.2861267512834992,6.637873754152824,0.012044554682539094,0.0055866538711130745,-0.006011183694718989,-0.0020192826073033763
F2,N1,MAGDIFF,0.02,28,0.07801248525443212,0.028915322449051095,0.028219149130636664,0.02,0.42301597461577145,1.2669625871908687,0.0079529699622696,0.003043015289271751,-0.007171834948556126,-0.001729171359197797
F2,N1,MEMLESS,0.02,29,0.1433563613410243,0.05157933239312164,0.051956786321431477,0.02,0.7321629096496876,1.027249357326478,0.005679646648740728,0.0026119808903430314,8.689021654012687e-05,-0.0004604537972068339
F2,N1,BLOCK,0.02,29,0.024611532316387297,0.008435194918835126,0.008427930616453236,0.02002002002002002,0.2294623924737398,48.78048780487805,0.005058291563074395,-0.000781102242591741,0.0004590619864847064,0.002268703466903307
F2,N1,AR,0.02,29,0.14335081933620678,0.051457845044047976,0.05189220164990943,0.02,0.732146550218651,1.023041474654378,0.006151053207174617,0.0020245368015715946,0.0001339323402597727,0.0001893045413703199
F2,N1,ENERGY,0.02,29,0.03151868493445331,0.009059868334934579,0.009515590428761942,0.02,0.27611648818409684,6.865979381443299,0.004899249730258144,-0.0005044786416042775,-0.0010398700969607869,0.0010563426133751404
F2,N1,MAGDIFF,0.02,29,0.07456000374316964,0.027504180163570882,0.02767626421245666,0.02,0.4054107263103285,1.2661596958174905,0.00678821343045831,0.0009758855489451182,-0.0010706601403994453,0.006172467352776295
F2,N1,MEMLESS,0.02,30,0.14357469208760004,0.05242090926034078,0.05098132945740729,0.02,0.7255260428805942,1.027249357326478,0.00863762976596393,-0.002008614844163627,0.0021360261298600802,0.008370859707849326
F2,N1,BLOCK,0.02,30,0.02438571354136559,0.007021334066939805,0.007187208583310359,0.02002002002002002,0.22739195894437741,48.78048780487805,0.008777160119415464,0.003977973214598679,-0.0007763435801821107,0.0067606541076578085
F2,N1,AR,0.02,30,0.14357018108513625,0.05246058131437399,0.051041202893347744,0.02,0.7255128204710626,1.027249357326478,0.008774639609624713,-0.0015500684150445273,0.0021278426896293853,0.008201553700617837
F2,N1,ENERGY,0.02,30,0.031473006910196805,0.011550778575881021,0.011466999062192488,0.02,0.27667604260282325,6.50814332247557,0.008630235211204627,0.0013479511944924848,-0.002446737979875548,0.007556702351177482
F2,N1,MAGDIFF,0.02,30,0.07537831416427614,0.02749553008075338,0.026407344747854736,0.02,0.4060048656913356,1.286542176432711,0.008296965999886724,0.004252700710830683,0.001532130261651944,0.0036704575428788714
F2,N1,MEMLESS,0.02,31,0.14366203828468813,0.05110471526767031,0.05037157560161598,0.02,0.7298633679359681,1.023041474654378,0.00535466242436801,0.004913834091806869,-0.003368171272568154,0.00535466242436801
F2,N1,BLOCK,0.02,31,0.027211821963799142,0.01290866700754316,0.012368108246454713,0.02002002002002002,0.24519371836839501,48.78048780487805,0.007609987748630644,0.0022504030473207877,-0.003331634440713438,0.000628895303407342
F2,N1,AR,0.02,31,0.14365485240271894,0.050650745622920434,0.04989879961282115,0.02,0.7298422676347037,1.0219948849104858,0.005167599077643381,0.004790087738480042,-0.004066787420978838,0.005167599077643381
F2,N1,ENERGY,0.02,31,0.03116244671128966,0.0103397704962844,0.01024073295226834,0.02,0.26964645444171886,7.8352941176470585,0.006450844370526463,0.0019681982099014127,-0.003206642885105012,0.00247420940393656
F2,N1,MAGDIFF,0.02,31,0.07490675812660669,0.024947908912433467,0.02428223994498329,0.02,0.4055646344664693,1.2750478621569878,0.0037239345939975355,-0.0005382566849105757,-0.0014266862305470321,0.0011108396160527472
F2,N1,MEMLESS,0.02,32,0.14234355101490567,0.049495046179475796,0.049300167430172556,0.02,0.7280507778739091,1.0178298522669385,0.008872317253247025,-0.006023611664964531,0.00020197419092240517,0.0032842676465247877
F2,N1,BLOCK,0.02,32,0.025014849718108075,0.010214841444581069,0.010357410780231288,0.01981981981981982,0.23572031293130521,49.5,0.006093838185528931,-0.00513691549560585,0.004379006783048289,-0.0017177945295885695
F2,N1,AR,0.02,32,0.142340099378077,0.04958210215627781,0.04934857398272442,0.02,0.7280405626644498,1.016793893129771,0.008455561641819112,-0.005608138765586267,5.5250953803797094e-05,0.00234971038439835
F2,N1,ENERGY,0.02,32,0.030516422782954345,0.011911842226609876,0.012056328764985455,0.02,0.2724860985874731,6.889655172413793,0.006864683779375029,-0.004178836346669401,0.0037396013098622777,-0.001732596205768857
F2,N1,MAGDIFF,0.02,32,0.07456138115676385,0.025945624551500263,0.025726687894881122,0.02,0.4040246811352531,1.3050293925538863,0.008048394821374389,-0.002820695815476554,0.003975169332080734,0.005634035152805045
F2,N1,MEMLESS,0.02,33,0.14369934264832776,0.052730114903715486,0.05168194999350669,0.02,0.7305635771022331,1.020950434338273,0.010300318445742095,-0.00973963178875272,0.0006947017101395389,0.00027786182937677143
F2,N1,BLOCK,0.02,33,0.02489994642220484,0.00729462853130497,0.007188068616090667,0.02002002002002002,0.23494104886018669,48.78048780487805,0.00628276739922432,-0.00628276739922432,-0.00015840300302693246,0.000728633846050416
F2,N1,AR,0.02,33,0.14369631467973876,0.052976107327014105,0.05193418737323244,0.02,0.7305546282766331,1.020950434338273,0.009968288314236805,-0.009739788093491514,0.0009808979995292687,0.0001885928691418494
F2,N1,ENERGY,0.02,33,0.031257560424493465,0.011578362815855905,0.011551583998691942,0.02,0.2761712677374402,6.0,0.008158941416208916,-0.008158941416208916,0.0019331807237614382,0.0006319703692041324
F2,N1,MAGDIFF,0.02,33,0.07556720069060596,0.027768908497530956,0.027293876509740255,0.02,0.40802472992617617,1.2783109404990403,0.008955554815891373,-0.008955554815891373,-0.0014256093045484674,0.002760043144025858
F2,N1,MEMLESS,0.02,34,0.14355758271367822,0.050308116901909866,0.04989948085367228,0.02,0.7288912322303269,1.0199081163859112,0.0083613377864828,-0.007021603614931753,0.0083613377864828,-0.004633524713726704
F2,N1,BLOCK,0.02,34,0.025482591426331587,0.008106978906678941,0.00801477294134977,0.02002002002002002,0.236075383391667,48.78048780487805,0.010578432625600574,-0.002696923995239961,0.010578432625600574,0.00462093619257233
F2,N1,AR,0.02,34,0.1435556359056545,0.050358938114558494,0.04992011468947233,0.02,0.7288855001536795,1.0178298522669385,0.00836682144520786,-0.007337336824310454,0.00836682144520786,-0.004643207399444775
F2,N1,ENERGY,0.02,34,0.031193071826716944,0.010621164263133934,0.01042412007237739,0.02,0.2735125148181661,6.185758513931889,0.009981335751489021,-0.0022384094429501703,0.009981335751489021,0.0060311785981669004
F2,N1,MAGDIFF,0.02,34,0.07641949423500823,0.027756982243036354,0.027708328780455704,0.02,0.41184861255859934,1.2882011605415862,0.009595738825614337,-0.004873226568869013,0.009595738825614337,-0.0032596779543603836
F2,N1,MEMLESS,0.02,35,0.1445968957259495,0.049246582111423465,0.048970796148424964,0.02,0.7335683917160559,1.023041474654378,0.010270929698012228,0.0026672788114462742,-0.005328732914035827,0.006727868724303935
F2,N1,BLOCK,0.02,35,0.024003619108800014,0.008235023230759156,0.00817009007664421,0.02002002002002002,0.23086434426211583,48.78048780487805,0.005591186094191077,0.005407005285724545,-0.005484488620979512,0.0011342546581382322
F2,N1,AR,0.02,35,0.1445891726021243,0.04927239379476299,0.04901019436986553,0.02,0.7335455511469093,1.020950434338273,0.009812548628380147,0.002161581729640189,-0.005290374792730217,0.005623168720367155
F2,N1,ENERGY,0.02,35,0.0308435444498668,0.008450649285370357,0.008416852501075812,0.02,0.27674654990066977,7.161290322580645,0.007809549848738373,0.002630361631084141,-0.007809549848738373,0.0020900160677993747
F2,N1,MAGDIFF,0.02,35,0.0779757712978223,0.027405429490367145,0.027545421681297467,0.02,0.4217251893558629,1.2982456140350878,0.011781689263752346,0.005088479139775118,-0.011781689263752346,0.007132547693636493
F2,N1,MEMLESS,0.02,36,0.14184341281525817,0.048649120863802756,0.049331678283287,0.02,0.7260396824678086,1.0199081163859112,0.006103660819473074,-0.006103660819473074,-0.004972828524685588,0.0005535893429901444
F2,N1,BLOCK,0.02,36,0.026306597534999997,0.009468038042592358,0.009447255221230844,0.02002002002002002,0.2416319631761505,48.78048780487805,0.007386588877086839,-0.007386588877086839,-0.002255622120219857,0.002148745450976885
F2,N1,AR,0.02,36,0.14183885960790382,0.04886240634590065,0.04951389158940695,0.02,0.7260262429065746,1.0199081163859112,0.006603965728062933,-0.006603965728062933,-0.005553124290106398,0.0010314543286683686
F2,N1,ENERGY,0.02,36,0.032749541393442064,0.010911808962192182,0.010801308502049446,0.02,0.28024368730765375,6.0,0.009887673883589658,-0.009887673883589658,-0.0030839456842672655,0.0022408086904340094
F2,N1,MAGDIFF,0.02,36,0.0766881428433154,0.027179376649874923,0.027389311146650296,0.02,0.41871900003630613,1.2915319974143504,0.00971766668579814,-0.003348986228817241,-0.007541349133530393,-0.0009371396967025806
F2,N1,MEMLESS,0.02,37,0.14362061999890832,0.05171191527037232,0.052044103852494854,0.02,0.7282932503689193,1.0178298522669385,0.01022833961225329,-0.0029203235240593756,-0.0019605054253672973,0.005097724936599403
F2,N1,BLOCK,0.02,37,0.025119100197013005,0.010310301118648169,0.010192448582841305,0.02002002002002002,0.22976212854492242,48.78048780487805,0.007582682937399879,0.0011618300445459307,0.0009284741671363924,0.007582682937399879
F2,N1,AR,0.02,37,0.1436150610071006,0.051402463618968594,0.051820095556770286,0.02,0.7282769592779843,1.0188679245283019,0.009762229993247362,-0.002366697774732828,-0.0017749682165495574,0.004620898505150242
F2,N1,ENERGY,0.02,37,0.03101949547852954,0.011606182371919765,0.011647937755675008,0.02,0.2744271833959103,6.594059405940594,0.008707452223378527,-0.000908977725650117,0.0009134664925895871,0.008707452223378527
F2,N1,MAGDIFF,0.02,37,0.07590663638357176,0.027411524310193836,0.027847104083562328,0.02,0.4067625970647732,1.2766773162939298,0.009074236982958941,-0.0026759139051883906,0.004861586566601421,0.009074236982958941
F2,N1,MEMLESS,0.02,38,0.14229807895024524,0.05173738265587212,0.051336924997283845,0.02,0.7245504282041155,1.0199081163859112,0.008812081536028296,0.0015822342139919846,-0.00022057999482819174,0.0035970316804228627
F2,N1,BLOCK,0.02,38,0.023979125859927067,0.007191436178033556,0.007251069558540083,0.02002002002002002,0.22655509067457538,48.78048780487805,0.012510563420312575,0.0016212692200992507,-0.0034223048845430882,0.012510563420312575
F2,N1,AR,0.02,38,0.14229303390494033,0.051961072840869496,0.05160067058016754,0.02,0.7245354746959765,1.0199081163859112,0.009079419264435892,0.0012870321094299879,-0.00029878309324148094,0.004405512159647408
F2,N1,ENERGY,0.02,38,0.03208553974560284,0.009426725830474464,0.009546054493092716,0.02,0.2799941095059236,6.594059405940594,0.012703189424816463,0.003245118390917811,-0.00042956555877176705,0.012703189424816463
F2,N1,MAGDIFF,0.02,38,0.07593211090386191,0.026880111127789694,0.02659670427873628,0.02,0.41077276808442187,1.3067364290385872,0.0086543236221589,0.0036717581053423206,-0.00106070698712247,0.007798954989399338
F2,N1,MEMLESS,0.02,39,0.14481596017851864,0.050974166162336895,0.05113108923217479,0.02,0.7305443435105821,1.0178298522669385,0.010286204028927078,-0.006371439311729998,0.010286204028927078,-0.003922254488821552
F2,N1,BLOCK,0.02,39,0.025828958438730256,0.011007725992293993,0.010977616298601778,0.02002002002002002,0.23705409690425916,48.78048780487805,0.008459861413600368,0.0004767083340612826,0.006218739677456657,0.0034041474613316987
F2,N1,AR,0.02,39,0.14480980559711873,0.0512176683518273,0.05133953914988869,0.02,0.7305262835306575,1.016793893129771,0.010111094708741431,-0.006687913279109148,0.010111094708741431,-0.003988770378059883
F2,N1,ENERGY,0.02,39,0.031175518825154833,0.008817371833550872,0.008835222661394283,0.02,0.2738460797039768,6.466019417475728,0.005966516067714951,0.0006206280495758861,0.00587363501076997,0.005515689048709789
F2,N1,MAGDIFF,0.02,39,0.07936897391545131,0.02841298131560016,0.028678770414954504,0.02,0.41982731536206114,1.286542176432711,0.006476205505914214,-0.001287949439115937,0.0050900704268074465,0.001001302521411542
F2,N1,MEMLESS,0.02,40,0.14203326740735625,0.04889461266885062,0.04965152396200329,0.02,0.7286799371742563,1.0157600406710727,0.00551736898720884,0.00551736898720884,-0.0003170919403273896,0.004439662927201203
F2,N1,BLOCK,0.02,40,0.02509658985978757,0.006592794773686739,0.006906668402982516,0.02002002002002002,0.2355338564335663,48.78048780487805,0.006836829345949844,-0.0007856579198587479,0.004146353962053132,-0.00448264388454289
F2,N1,AR,0.02,40,0.14202924270067646,0.04907191095359327,0.04995485823882486,0.02,0.7286680278001102,1.0147282884713051,0.005791920021123114,0.00531310220820067,-3.3073987697230454e-05,0.003629112772398021
F2,N1,ENERGY,0.02,40,0.029629816620532115,0.011576593092809381,0.011247721271900164,0.02,0.26552566949876305,6.0362537764350455,0.007705578164628074,-0.002361934115806235,0.003226731506221259,-0.00568820606407302
F2,N1,MAGDIFF,0.02,40,0.07493307565627613,0.026560069512438778,0.02707115734273372,0.02,0.40941189157858776,1.2965606748864373,0.006680000824000174,0.003800214960670863,-0.0010544449364662404,0.002985844445366434
F2,N1,MEMLESS,0.02,41,0.14263381250387958,0.05006180460692329,0.05026041001981048,0.02,0.7295980055927196,1.022517911975435,0.013023912958955487,-0.000994791042903401,-0.006755389640479803,-0.0032853290442637325
F2,N1,BLOCK,0.02,41,0.026709759690209858,0.008810581453212799,0.008821800445600861,0.02002002002002002,0.24288548435463916,48.78048780487805,0.011916021730837776,0.0028943751995133033,-0.001796199017571401,0.005365402685560066
F2,N1,AR,0.02,41,0.14262952372660592,0.05022517376158182,0.05042893621179739,0.02,0.7295853387130424,1.0235655737704918,0.013379815642854035,-0.0013921512600615937,-0.0064173332732180765,-0.003142523205321184
F2,N1,ENERGY,0.02,41,0.03235660730357266,0.009770345944059539,0.010182885013054706,0.02,0.2777170083846514,6.75,0.014067790744828914,0.004368374294422202,-0.0024196488506970223,0.007903325726238773
F2,N1,MAGDIFF,0.02,41,0.07487776592000542,0.028024688679467002,0.027598812362713405,0.02,0.408192193899866,1.3067364290385872,0.012261125914066435,0.004535073954025826,0.0010788590475268116,0.0009893569087695779
F2,N1,MEMLESS,0.02,42,0.14280634311475213,0.05191022105245842,0.05101008212735726,0.02,0.7276581080770356,1.0178298522669385,0.011154029061042308,0.006943310332610638,-0.0006068797989860362,-0.0036889439424281165
F2,N1,BLOCK,0.02,42,0.025297025222932475,0.007935177442345842,0.008214577931990503,0.02002002002002002,0.23593985993708752,48.78048780487805,0.01193946405374572,0.01156942265713643,-0.0022554879620446827,-1.9377733189727817e-05
F2,N1,AR,0.02,42,0.1428035154928578,0.05167344051233823,0.050784895544843806,0.02,0.7276497658104356,1.016793893129771,0.011339327816970892,0.006289791397191025,-0.001133163161859636,-0.004254665634236043
F2,N1,ENERGY,0.02,42,0.030907889431451716,0.012709333336444667,0.01255429992814827,0.02,0.2690648471382721,6.637873754152824,0.011296610688176017,0.011296610688176017,-0.0005115686699002538,0.002083117403337437
F2,N1,MAGDIFF,0.02,42,0.07339416622900417,0.027247644070129765,0.02657363049292905,0.02,0.39903191496813206,1.3084479371316307,0.009551763609547577,0.008608904484125612,-0.0033140279750683644,-0.001413558751493243
F2,N1,MEMLESS,0.02,43,0.14373687190945708,0.05235910687359403,0.051813310402650053,0.02,0.7304858720862981,1.020950434338273,0.009412283245609675,-0.009412283245609675,0.006063340880578187,0.001170943597999022
F2,N1,BLOCK,0.02,43,0.023940001275694928,0.010158577012387371,0.010097774307758236,0.02002002002002002,0.22776362492937122,48.78048780487805,0.00646984695505698,-0.0011939714317911855,-0.00026543652770220086,-0.0012191750669920862
F2,N1,AR,0.02,43,0.1437334184186108,0.052228020291411076,0.051665376768585035,0.02,0.7304756926448108,1.0199081163859112,0.008988779004034476,-0.008988779004034476,0.00673467512612103,0.00130082875689252
F2,N1,ENERGY,0.02,43,0.03163699008672854,0.011568479642978427,0.011373403540581193,0.02,0.2776385038521675,6.7272727272727275,0.0063656427649938785,-0.0016623976209784671,0.00015367068927123914,-0.0004383588848856633
F2,N1,MAGDIFF,0.02,43,0.07569444895265248,0.02819489425684156,0.028019661676086254,0.02,0.4074684154405377,1.3050293925538863,0.004432584622204605,-0.0014617395664345747,0.0035501050729716396,0.0025583720162075186
F2,N1,MEMLESS,0.02,44,0.14403452341140746,0.051106117245926105,0.05154686577968578,0.02,0.729921604562891,1.0204290091930541,0.007978123461124151,0.005894013665714394,0.0020581663197122473,0.006065057128392708
F2,N1,BLOCK,0.02,44,0.02728133180835628,0.007411004673334623,0.007810380076586121,0.02002002002002002,0.24347268905114652,48.78048780487805,0.010561643976455754,0.010561643976455754,-0.0038841568074867165,0.004280252351044404
F2,N1,AR,0.02,44,0.1440299351790459,0.050809926651296744,0.05132185323946002,0.02,0.7299079736762992,1.0193877551020407,0.008067738748367203,0.005883393854269202,0.0015889582195567984,0.005717498982862829
F2,N1,ENERGY,0.02,44,0.03267341691175052,0.01348605497133773,0.013699972458841657,0.02,0.2785816199656533,5.928783382789318,0.009226281767826292,0.00813202729491833,-0.00533962671396044,0.0034368469449575965
F2,N1,MAGDIFF,0.02,44,0.07631885642991973,0.02539280438337224,0.026178796455864645,0.02,0.41269741102190755,1.30078125,0.00632107751875215,0.0054511044479395206,-0.0034762541820429105,0.00632107751875215
F2,N1,MEMLESS,0.02,45,0.14454103104501811,0.05128614954606815,0.05134426267102565,0.02,0.7351884479084909,1.0261941448382126,0.006288018078873081,-0.002022140712436679,-0.0020019554344846814,0.0001036848697113795
F2,N1,BLOCK,0.02,45,0.024206571511114425,0.00907385057580104,0.009190700093705734,0.02002002002002002,0.22878304438163638,48.78048780487805,0.007661899888405062,-0.0024217976515764463,0.0050871438167305475,-0.0010341366646559474
F2,N1,AR,0.02,45,0.144536369254257,0.05117855996840101,0.05135633397326038,0.02,0.7351747061049523,1.025141097998974,0.005841762465329767,-0.0024253032664092915,-0.0014595456270156107,0.0008222719409871887
F2,N1,ENERGY,0.02,45,0.032176158893623956,0.011536322147425448,0.011601936255045128,0.02,0.2727608941599514,6.302839116719243,0.009377851581045269,-0.0039374218986264215,0.005610250098021626,-0.0002705055958501928
F2,N1,MAGDIFF,0.02,45,0.08003323974391074,0.027458281717575583,0.027582122286303915,0.02,0.43155269723017164,1.270184361093452,0.008185922039907515,-0.0015143052170064695,0.005451401719704992,-0.005311807449735625
F2,N1,MEMLESS,0.02,46,0.14155863736347882,0.05093738308584947,0.05095882599512396,0.02,0.7203459174886495,1.016793893129771,0.010264743205462399,0.003080130299603938,-0.003250699498896175,0.007617462330576781
F2,N1,BLOCK,0.02,46,0.025083269659162574,0.007639198368127209,0.007630442279014006,0.02002002002002002,0.2350214424140579,48.78048780487805,0.008369356301773751,-0.003811765695356739,-0.006171889663599955,0.0028526400183870836
F2,N1,AR,0.02,46,0.14155625742125605,0.05093843790716199,0.05096627551538129,0.02,0.7203388793571827,1.016793893129771,0.009251000138493696,0.002829667860610027,-0.0037899098747450227,0.007260240303188234
F2,N1,ENERGY,0.02,46,0.028867765315303454,0.01009911959743326,0.010099710954014398,0.02,0.26651455466233803,6.961672473867596,0.007912173568790959,-0.0006506410747154563,-0.007912173568790959,0.0007483542152786405
F2,N1,MAGDIFF,0.02,46,0.07311241589260067,0.026303357148922554,0.026282914319146405,0.02,0.3961000729461181,1.2948801036941024,0.007206218240313569,-0.0023783129435534255,-0.0030357870888827756,0.00027664835670077737
F2,N1,MEMLESS,0.02,47,0.14592453733175986,0.052167169109359146,0.05223400157182517,0.02,0.7388898266297591,1.023041474654378,0.006325956242624972,0.004152224902014323,0.002693354096041873,0.00026000193422301134
F2,N1,BLOCK,0.02,47,0.025248910068859112,0.009903768856182965,0.009503842463685424,0.02002002002002002,0.23614486028327883,48.78048780487805,0.004252071133325179,-0.001314468261252504,0.003291043122777429,-0.004252071133325179
F2,N1,AR,0.02,47,0.14591767930209765,0.05211687389666794,0.05216632347369905,0.02,0.7388696381625486,1.0199081163859112,0.006752832162021552,0.003893688861669196,0.00144672057590227,-0.00010339864342763561
F2,N1,ENERGY,0.02,47,0.032133611664073844,0.01118216796357567,0.011076557359012104,0.02,0.27783626832237196,7.539622641509434,0.006332673879861309,0.0002472748096229796,0.0028107505519600552,-0.006332673879861309
F2,N1,MAGDIFF,0.02,47,0.07701325493586252,0.027982485931157416,0.027738593781035402,0.02,0.4150385592540172,1.3084479371316307,0.0069773718634531315,-0.003004349899455935,0.0020571967173556305,-0.0069773718634531315
F2,N1,MEMLESS,0.02,48,0.14314818564410223,0.05178518970481742,0.052030855492044684,0.02,0.7310753054094615,1.0219948849104858,0.006603293882769373,0.006603293882769373,-0.004369085806156753,0.0015054111528306367
F2,N1,BLOCK,0.02,48,0.026121386674344358,0.008554604795159196,0.008789590605667306,0.02002002002002002,0.24242623978787767,48.78048780487805,0.008463517012220841,-0.00250657993876978,0.002520856012680334,-9.377998579239002e-05
F2,N1,AR,0.02,48,0.1431453246687848,0.0515858898277972,0.051851807781723595,0.02,0.7310668194413172,1.020950434338273,0.00589625763022285,0.00589625763022285,-0.004789487189243181,0.001381691528214994
F2,N1,ENERGY,0.02,48,0.029411729942999208,0.011482879231124316,0.011318314477560862,0.02,0.2671201156635744,7.928571428571429,0.00789605993039722,-0.0014782078626150053,0.003343155848457254,-0.00017744902393572408
F2,N1,MAGDIFF,0.02,48,0.07512263037229337,0.025823387727976432,0.026143087725362935,0.02,0.4058964140799307,1.2848874598070739,0.006427922838310872,0.0006240982028581151,-0.0023573589000929307,0.0011092854651856738
F2,N1,MEMLESS,0.02,49,0.1436686481161805,0.052101454838489436,0.05175494494331505,0.02,0.7280458170649097,1.025141097998974,0.007735273464865185,0.0025837804097579,0.00173768142532124,0.0004235860447323878
F2,N1,BLOCK,0.02,49,0.02493481319404552,0.010511539934083158,0.010130109348448938,0.02002002002002002,0.23020138997455303,48.78048780487805,0.0063757927852300745,0.0007112090784053566,-0.0020533759863203467,0.0033550596702174446
F2,N1,AR,0.02,49,0.14366488957673224,0.05212088814500572,0.05174456794522032,0.02,0.7280347622824918,1.023041474654378,0.008083932935333651,0.0028357649332614583,0.001736028906081433,0.0005591438289045668
F2,N1,ENERGY,0.02,49,0.03170530949589976,0.011792117931127805,0.011623481301802609,0.02,0.2774318889706172,6.550819672131148,0.007730085983758652,0.0019071766894731153,-0.003316933208703905,-0.0007643768877545866
F2,N1,MAGDIFF,0.02,49,0.07551862307408024,0.026998617001380523,0.027332741444890684,0.02,0.4057596501895376,1.3170731707317074,0.00809007685414193,0.0004405794003004103,-0.0018842990943830345,0.0023629431957262674
F2,N1,MEMLESS,0.05,0,0.28062314974971225,0.1008995704595141,0.10080855714568644,0.05001001001001001,0.645985806214401,1.0502417490014715,0.010532951988950098,0.009593356254600128,-0.004661392370831975,0.0001008871449657649
F2,N1,BLOCK,0.05,0,0.06009663604233107,0.025284308742344108,0.025210279896677432,0.05005005005005005,0.2309316505034261,49.504950495049506,0.007276226709853753,-0.004473761450598505,-0.0013833469065170222,0.005082822957353753
F2,N1,AR,0.05,0,0.28061732732432326,0.1010323155591994,0.10094615153182143,0.05001001001001001,0.6459776487340911,1.05068349106204,0.0103434598198735,0.00926270202213611,-0.005034657221237099,-0.0002640908382038357
F2,N1,ENERGY,0.05,0,0.07578146094192693,0.027579459297010694,0.0277978248699728,0.05001001001001001,0.2703840730204038,8.019261637239165,0.006772203600944016,-0.003766781307977763,0.0009959294719881267,0.005844411958625392
F2,N1,MAGDIFF,0.05,0,0.1526986320092295,0.05488406789721381,0.05459635790169951,0.05001001001001001,0.373594862906866,1.3499054309646041,0.008126337342367796,-0.0007083212009680667,-0.00430612313395903,0.008126337342367796
F2,N1,MEMLESS,0.05,1,0.278755289676501,0.09913515201749755,0.099781316624203,0.05001001001001001,0.6384992884581179,1.0515680909282257,0.012210890878481859,-0.00011109135589249878,-0.0035917297040801107,-0.0031337156664920235
F2,N1,BLOCK,0.05,1,0.059881357200114727,0.01806708206661939,0.01804198180808987,0.05005005005005005,0.22959613117131522,49.504950495049506,0.008759320618258015,-0.0006190865649580788,0.0010397574427548793,-0.00644144261188574
F2,N1,AR,0.05,1,0.2787465169495765,0.09936954041387085,0.10000896290527742,0.05001001001001001,0.6384870724760497,1.0520109496736154,0.012520153695450694,0.00024270510124610933,-0.0033103702669218674,-0.0028575508770552842
F2,N1,ENERGY,0.05,1,0.0719181129302831,0.02517284277799582,0.02543975352905391,0.05001001001001001,0.2618600046564556,8.396638655462185,0.009075000424553297,-0.0029895561860627277,0.0006793242097729484,-0.006312508261810955
F2,N1,MAGDIFF,0.05,1,0.15179667152770793,0.055420335351346176,0.055291667433342205,0.05001001001001001,0.36813442771900395,1.3433718741597203,0.010357515115925219,-0.005164937413856474,-0.002757822840158193,-0.010357515115925219
F2,N1,MEMLESS,0.05,2,0.28078838950436114,0.1070790860770811,0.10530459560449544,0.05001001001001001,0.6427975941964897,1.0537861210715038,0.008343271019558028,0.003872313434655995,0.008343271019558028,-0.002880170501397872
F2,N1,BLOCK,0.05,2,0.06244497665292218,0.02090729433631046,0.021256231995658105,0.05005005005005005,0.23563980612554727,49.504950495049506,0.009197352178431834,-0.0007867529517183537,-0.005108267564434973,0.0026995228937074264
F2,N1,AR,0.05,2,0.28078063286087523,0.10718954967550316,0.10529630507275119,0.05001001001001001,0.6427867744516341,1.0515680909282257,0.0080871734247289,0.0035014543865858378,0.0080871734247289,-0.00298625628375652
F2,N1,ENERGY,0.05,2,0.0728434439753824,0.026119953747755692,0.026400240553266282,0.05001001001001001,0.2654441043791022,8.453468697123519,0.008193768622002143,0.0005059901373240976,-0.004533366657806,0.001327236969306783
F2,N1,MAGDIFF,0.05,2,0.15519784226825872,0.05804201803496083,0.057024396907686146,0.05001001001001001,0.3751518910691968,1.336901257693337,0.009172952174142395,0.0032889153778985374,-0.0017156715923418381,-0.0006784396560102582
F2,N1,MEMLESS,0.05,3,0.28066553215152695,0.10438642186812273,0.10372267076963675,0.05001001001001001,0.6414704754374355,1.041484260996456,0.00869304939982504,0.0026040825946105728,0.007922446772612559,0.0065997789996747516
F2,N1,BLOCK,0.05,3,0.061776829364259996,0.017915706696629688,0.018224206228728217,0.05005005005005005,0.23302006113726856,49.504950495049506,0.003745523780273903,-0.003745523780273903,0.0011811690348273046,0.002579365470895092
F2,N1,AR,0.05,3,0.2806604012288051,0.10402629792287378,0.10341351543602043,0.05001001001001001,0.6414633287922025,1.0397502601456816,0.007452367665637442,0.004259181802276298,0.006975550018004071,0.0061289285267083484
F2,N1,ENERGY,0.05,3,0.07221934686727284,0.023884112051091103,0.023607502144838737,0.05001001001001001,0.263245701519001,7.558245083207262,0.005931165120321295,-0.0024405785160942794,0.005931165120321295,-0.001251603395203809
F2,N1,MAGDIFF,0.05,3,0.15719206158336824,0.054177113622039544,0.054303280542788816,0.05001001001001001,0.3765500545147826,1.3797293565313449,0.0048915640853500475,-0.0016545545872275423,-0.003288553828377297,0.003741586025159024
F2,N1,MEMLESS,0.05,4,0.2810080200937488,0.09532128492163218,0.09593712476780353,0.05001001001001001,0.644338763923943,1.0537861210715038,0.008406422205231396,-0.004776698771641699,0.002729352936295466,-0.0050091444345265225
F2,N1,BLOCK,0.05,4,0.06260021720677475,0.021454012412409407,0.02192569348436185,0.05005005005005005,0.23628252736494781,49.504950495049506,0.013877282884925199,-0.00015566742624438808,0.0012884002160677614,-0.013877282884925199
F2,N1,AR,0.05,4,0.28099944020836015,0.09464868102940614,0.09533257574518629,0.05001001001001001,0.6443267499154957,1.0524541815883717,0.0088597655549864,-0.004914409289905964,0.002430682196210883,-0.00492349240095219
F2,N1,ENERGY,0.05,4,0.07177586488011095,0.02384723325325072,0.024108963535106383,0.05001001001001001,0.2634741984937757,8.25785123966942,0.013518456726568895,0.0010284972852850755,-0.003218795611467637,-0.013518456726568895
F2,N1,MAGDIFF,0.05,4,0.15828832838315657,0.05451448111602966,0.05470476300998206,0.05001001001001001,0.382282030870637,1.3713972001097996,0.011059724555166713,0.004788082120580124,0.006673479858221869,-0.007667072400770466
F2,N1,MEMLESS,0.05,5,0.278756811638755,0.09942290491946164,0.09888583894324966,0.05001001001001001,0.6386826949481532,1.0480385986993916,0.010178614949093775,-0.0020165769765464014,-0.004364178118841188,-0.000958824419865853
F2,N1,BLOCK,0.05,5,0.06243372371324081,0.025068258027600668,0.024385525944845308,0.05005005005005005,0.23511295225932727,49.504950495049506,0.008319964504504292,-0.00247658506919188,0.008319964504504292,-0.0025334031734825842
F2,N1,AR,0.05,5,0.27874768101914527,0.09904252695876568,0.09850544921739714,0.05001001001001001,0.6386699946111543,1.0467211397443956,0.00975842852448906,-0.0028645043798579605,-0.003780498887623771,-0.002286053036728353
F2,N1,ENERGY,0.05,5,0.07236923146909463,0.030388838514561076,0.029620459365641207,0.05001001001001001,0.2638175191185887,8.176759410801964,0.007585507516356165,0.0003198009660826976,0.007585507516356165,-0.004916795690788282
F2,N1,MAGDIFF,0.05,5,0.15299511999786777,0.05514055097647104,0.05407211001740065,0.05001001001001001,0.37236104873308595,1.3433718741597203,0.009455190421524555,0.0023369127724331244,0.007492353522077602,-0.0037496710396933064
F2,N1,MEMLESS,0.05,6,0.2775630614171508,0.09135674566279388,0.09244929482316568,0.05001001001001001,0.6401638195393924,1.0573544973544973,0.00803319983723059,-0.004413856283809635,-0.0032446731414364394,-6.3976394447320075e-06
F2,N1,BLOCK,0.05,6,0.06365188461093306,0.02118900424795589,0.021315577216630112,0.05005005005005005,0.2416556731079113,49.504950495049506,0.007502325335598382,-0.003185643663755273,-0.005428092186022209,-0.0006513692446025739
F2,N1,AR,0.05,6,0.2775527952069878,0.09162885963370991,0.09257630427468058,0.05001001001001001,0.6401494264408901,1.0551214361140444,0.008655034501113686,-0.0037624650513326968,-0.00238944277326187,-0.0007604012834326286
F2,N1,ENERGY,0.05,6,0.0751188644990832,0.02623604442318324,0.02625301082863174,0.05001001001001001,0.27057195425563424,8.123577235772357,0.00919084584870088,-0.0022858892291899454,-0.006644074737386542,-0.003912485794234379
F2,N1,MAGDIFF,0.05,6,0.15235105622336192,0.05076930644516839,0.051013542372745996,0.05001001001001001,0.3727408238876815,1.349176343505266,0.007022322545074442,0.001214944176896642,-0.003815432634990306,0.0005181784921515204
F2,N1,MEMLESS,0.05,7,0.2828112701334364,0.1012271497110464,0.10148780040880213,0.05001001001001001,0.6411179083038767,1.05646013956439,0.009835346061351787,-0.001321757238629917,0.004147264109040398,0.0026961048532880673
F2,N1,BLOCK,0.05,7,0.062276893687387515,0.018428176761135354,0.018722142489120654,0.05005005005005005,0.23348764075111447,49.504950495049506,0.007732807637969982,-0.0014537517604785125,-0.0010662564488287693,-0.003514025943585769
F2,N1,AR,0.05,7,0.2828026514656715,0.10126049385707547,0.10153571988420133,0.05001001001001001,0.641105978131151,1.0555672934713711,0.010292458026641154,-0.0013054037110103158,0.0047267629192134855,0.003264514821503238
F2,N1,ENERGY,0.05,7,0.07605919028223251,0.02394690507950263,0.02436210662851533,0.05001001001001001,0.2694443833118787,7.188489208633094,0.003974450915384469,-0.0020035335916421307,-4.874654980333345e-05,-0.003974450915384469
F2,N1,MAGDIFF,0.05,7,0.1589645366246686,0.05668386921273938,0.05711412850777479,0.05001001001001001,0.37913200169016675,1.3455426878534877,0.009359958217459882,0.0012762175547962535,4.393523121452987e-05,-0.009359958217459882
F2,N1,MEMLESS,0.05,8,0.2784713571035968,0.0972901061873472,0.09766659992499903,0.05001001001001001,0.6394628671626063,1.05646013956439,0.007676480600164768,0.003740430166908606,0.007676480600164768,-0.0009018735962262227
F2,N1,BLOCK,0.05,8,0.05771934543851278,0.027112509461928808,0.0260094648019704,0.05005005005005005,0.22537862470505587,49.504950495049506,0.004736782635663155,-0.0011807388537334674,0.004736782635663155,0.0031055168644354945
F2,N1,AR,0.05,8,0.2784620177423845,0.0972966050200431,0.09769274205687505,0.05001001001001001,0.6394497553756878,1.0537861210715038,0.007997680185947525,0.0034067010287876396,0.0070932060264683044,-0.000317609574677785
F2,N1,ENERGY,0.05,8,0.07232997838808398,0.023386571753753277,0.023411274314341396,0.05001001001001001,0.2642833671863322,8.598967297762478,0.0062737727399241935,-0.0005869106769097476,0.0026564394786865032,0.0033919657165585038
F2,N1,MAGDIFF,0.05,8,0.15261522253368418,0.052168598345860004,0.05253100633272872,0.05001001001001001,0.37271684954618456,1.3269588313413014,0.006796802404565935,-0.0057168456380876235,0.006796802404565935,0.005704749342611884
F2,N1,MEMLESS,0.05,9,0.27563850792279215,0.09860255145132696,0.09846496828032243,0.05001001001001001,0.6339604304557938,1.0533417668142526,0.006500595459762813,0.006500595459762813,0.0019397102354482049,-0.0010926328596136277
F2,N1,BLOCK,0.05,9,0.061501940633512456,0.023920923682574077,0.023514127766519864,0.05005005005005005,0.2338838740648881,49.504950495049506,0.006794450939848154,0.002366996861028178,0.006341103049634899,-0.0011742273864185672
F2,N1,AR,0.05,9,0.2756278604894019,0.09811810893661585,0.0979540016465682,0.05001001001001001,0.6339455891927753,1.05068349106204,0.005166358069890352,0.005166358069890352,0.002081902551461701,-0.0001792215198908359
F2,N1,ENERGY,0.05,9,0.07414500014590437,0.02264637765684542,0.022668522256290912,0.05001001001001001,0.2682780546269185,7.209235209235209,0.009436043538338712,-0.0014328429141921685,0.006806128555121857,-0.0018966687104430221
F2,N1,MAGDIFF,0.05,9,0.15169191774651666,0.05082109474939303,0.05103109102597338,0.05001001001001001,0.36895225805677084,1.3594557823129252,0.007008033226458053,-0.00164305211736345,0.00013051826050764707,0.004326405620441422
F2,N1,MEMLESS,0.05,10,0.2785956016795494,0.10313969086560959,0.10364515666361308,0.05001001001001001,0.6407530722179705,1.0551214361140444,0.009637958404024129,0.00023135908484152548,-0.002706954884974762,0.0041085788742551595
F2,N1,BLOCK,0.05,10,0.06245721513950156,0.022121593970234943,0.022120738566128235,0.05005005005005005,0.2354639213582687,49.504950495049506,0.006093166360275854,-0.0037972841635993963,-0.003417115797399683,0.0034264364295323283
F2,N1,AR,0.05,10,0.27858588184585775,0.10264223508495224,0.10320583235491139,0.05001001001001001,0.6407394178279399,1.0537861210715038,0.010472428758582944,-0.000439293168424353,-0.0031973992614300066,0.003711419950505312
F2,N1,ENERGY,0.05,10,0.07451280002431641,0.025372324684168626,0.02552294376918596,0.05001001001001001,0.2687780307583259,7.581183611532625,0.006652830781374063,-0.004029877545561885,-0.003944254770639793,0.0015354740096132087
F2,N1,MAGDIFF,0.05,10,0.1521809632081047,0.056074691192489506,0.056052116784349425,0.05001001001001001,0.36922697645558034,1.3609370743666576,0.010615737291721768,-0.0039437155466008735,-0.004992013817580092,0.004394649795649149
F2,N1,MEMLESS,0.05,11,0.2799650255508827,0.10127801186297687,0.10135504641428678,0.05001001001001001,0.6443844894457526,1.0546759552459362,0.006475190039177164,-0.004408899327860675,0.002264866117142245,-0.0023562571280609287
F2,N1,BLOCK,0.05,11,0.062174007600132794,0.023830365667724687,0.023525629728517905,0.05005005005005005,0.23315103975343396,49.504950495049506,0.016411017709402183,-0.004865455152705669,-0.004531536385979075,0.0022691337943238537
F2,N1,AR,0.05,11,0.2799563062457804,0.10126859039980672,0.1013428890861766,0.05001001001001001,0.6443723164561589,1.0542308503903777,0.00612142670874635,-0.0040357122699713885,0.0021519646229840395,-0.0032504998941146946
F2,N1,ENERGY,0.05,11,0.07179796901154044,0.028985255925412262,0.028945368791959948,0.05001001001001001,0.2627526258279215,8.097244732576986,0.015551977017255776,-0.005568411223296144,-0.004185602700826892,0.0013640678170748612
F2,N1,MAGDIFF,0.05,11,0.15360542764881902,0.055664008078243135,0.055523967611269424,0.05001001001001001,0.37374835464428235,1.3499054309646041,0.011503122017412644,-0.004813608522476607,0.011503122017412644,-0.0006956587993499021
F2,N1,MEMLESS,0.05,12,0.2789683201852389,0.0981897172318282,0.10002650756923473,0.05001001001001001,0.6411962697006327,1.058698876880695,0.009640824562155132,0.009640824562155132,0.00116634287849767,0.0013500603390802892
F2,N1,BLOCK,0.05,12,0.0634684378359602,0.02062108023726697,0.020518177241352197,0.05005005005005005,0.23813024786601003,49.504950495049506,0.010312644393734714,-0.0015830428291741412,-0.010312644393734714,0.010079596605086071
F2,N1,AR,0.05,12,0.2789618963934218,0.09747962217773354,0.09940630747654357,0.05001001001001001,0.6411872678167115,1.0569071292574572,0.010060755246300181,0.010060755246300181,0.0013336602956500949,0.00087851318668075
F2,N1,ENERGY,0.05,12,0.07492579264854915,0.022116439131245627,0.022849761954701182,0.05001001001001001,0.26971619926888063,7.17816091954023,0.009596731242098842,0.0001563007216363394,-0.009596731242098842,0.008439332841312616
F2,N1,MAGDIFF,0.05,12,0.15598329321805335,0.05371320740803455,0.05533560889572353,0.05001001001001001,0.3775885106740011,1.3499054309646041,0.007965461907745185,0.0006977342044321055,0.002318772613546413,0.0023289066228723344
F2,N1,MEMLESS,0.05,13,0.2788289346331887,0.09680501581139771,0.09709137240370569,0.05001001001001001,0.640287633210385,1.0445327200501777,0.01000925911736316,-0.00239497748533076,0.004274964332278012,-0.0008860696684063396
F2,N1,BLOCK,0.05,13,0.06239661460793499,0.019953647530299573,0.020108455075133595,0.05005005005005005,0.2365786549144647,49.504950495049506,0.009737842006125513,0.0013984605281366091,-0.0017926586510749196,0.0012912350459017435
F2,N1,AR,0.05,13,0.2788220236647096,0.09690006702197572,0.09708959545005963,0.05001001001001001,0.6402779433213186,1.0427885618868713,0.009679851196964863,-0.003398355532365473,0.004505931797795262,-0.0011325527091613065
F2,N1,ENERGY,0.05,13,0.07179749002995463,0.02424809366522153,0.024215099914266177,0.05001001001001001,0.26488869607084387,7.745736434108527,0.00879902327769606,0.003718428453514305,-0.00248838254036227,0.0029837464282954605
F2,N1,MAGDIFF,0.05,13,0.1558938430830992,0.053298772626741486,0.05392385955133122,0.05001001001001001,0.37820683552202305,1.3542965573326105,0.005705050008328205,0.0056184585372201015,-0.0028468724696854623,0.0009443715120501587
F2,N1,MEMLESS,0.05,14,0.2797333333834168,0.09605502229997152,0.0963254178609283,0.05001001001001001,0.6389651482724447,1.0654723821710386,0.009334422083401862,0.004739215551375851,-0.0007027916946218122,0.006379810317216165
F2,N1,BLOCK,0.05,14,0.06240952526441084,0.024399245178442247,0.023893952516320677,0.05005005005005005,0.23258723292881728,49.504950495049506,0.006268254771477418,0.0009187897708689732,0.004083815045204972,-0.0005269523572419278
F2,N1,AR,0.05,14,0.2797226374528208,0.096072994384732,0.09631520896872417,0.05001001001001001,0.6389502060877736,1.0645642446196464,0.009885070564744405,0.0039197995451053964,-0.0016486175905346893,0.006047086962742511
F2,N1,ENERGY,0.05,14,0.07346531407742332,0.025129191110569188,0.025356291428507816,0.05001001001001001,0.265670483096909,7.524096385542169,0.007725025890775156,-0.0010512429837107058,0.0025440299263352778,2.2155948981141004e-05
F2,N1,MAGDIFF,0.05,14,0.15079585333685191,0.05203251110339649,0.05214244920772812,0.05001001001001001,0.3669436931862417,1.3297844024487624,0.011086549945062476,-0.002588696346029773,0.0010573608484519216,0.002221815278466328
F2,N1,MEMLESS,0.05,15,0.27988869111247944,0.09806906915694304,0.09856201713880587,0.05001001001001001,0.6406615078049507,1.0436599122623773,0.011879007612449408,-0.0022391707719560607,0.011879007612449408,0.003039452360884503
F2,N1,BLOCK,0.05,15,0.060359041890801185,0.021995020758720008,0.02208489477722198,0.05005005005005005,0.2335470887452037,49.504950495049506,0.01003249557726487,0.00689955326673115,0.0015804084301622161,0.00817946679418569
F2,N1,AR,0.05,15,0.2798817645433458,0.09798065306613633,0.09841307461658008,0.05001001001001001,0.6406518408233783,1.0427885618868713,0.01212864352272295,-0.002826663692353537,0.01212864352272295,0.001916508807909629
F2,N1,ENERGY,0.05,15,0.07253041630686065,0.028626690452067546,0.027894820891615078,0.05001001001001001,0.2648484104531895,7.9936,0.00803440438173034,0.006807274342457614,0.00293216684415211,0.00803440438173034
F2,N1,MAGDIFF,0.05,15,0.1539518673955492,0.05294779323909825,0.05402280491754305,0.05001001001001001,0.3723448723047117,1.3484480431848853,0.011112192153608487,0.008747269485456914,0.0033485818844251037,0.002631211022879569
F2,N1,MEMLESS,0.05,16,0.27988659450353653,0.09716576030880171,0.09810040620896551,0.05001001001001001,0.6364713776401226,1.0515680909282257,0.007835032457559897,0.007835032457559897,0.003777854428971847,0.005478237921600817
F2,N1,BLOCK,0.05,16,0.06349521522866652,0.020913142570260515,0.021039191307299407,0.05005005005005005,0.2347482381767813,49.504950495049506,0.011953483615846536,-0.002355122458580983,0.011953483615846536,0.0012966358269817894
F2,N1,AR,0.05,16,0.27987601837269926,0.09625911692669527,0.09717643811825996,0.05001001001001001,0.6364568093633224,1.0502417490014715,0.006923464362878789,0.006923464362878789,0.0025199906294489783,0.005315907835441903
F2,N1,ENERGY,0.05,16,0.07446208314735574,0.026338023727107793,0.026151460925877064,0.05001001001001001,0.2652085806497521,8.203612479474549,0.009795619681021748,-0.001604608716908503,0.009795619681021748,-0.0024027636520063973
F2,N1,MAGDIFF,0.05,16,0.1536586876560366,0.05380079955966384,0.054784283138209,0.05001001001001001,0.3686793031780237,1.3426498253157753,0.0054174625280894026,-0.000744617561729539,0.0032272106867192157,0.0033509659874664185
F2,N1,MEMLESS,0.05,17,0.27644788526974867,0.09849092555848026,0.09815479486883665,0.05001001001001001,0.6371698053630802,1.0511256048811277,0.010874338931810158,0.0009161489388265162,0.0013853018240118544,0.003139449925527665
F2,N1,BLOCK,0.05,17,0.05910331126793055,0.021807074445815006,0.021648360563828285,0.05005005005005005,0.23222518578651835,49.504950495049506,0.006001389747600679,0.0037393683322720223,0.0036082090005613693,-0.0005561062695506235
F2,N1,AR,0.05,17,0.27643881666522274,0.09882055008178588,0.09841361253930732,0.05001001001001001,0.6371571729500158,1.05068349106204,0.011511224626698503,0.00140679498659938,0.0018270048265650364,0.0035138249009327304
F2,N1,ENERGY,0.05,17,0.07113048947425565,0.024753518475599645,0.024869741601178275,0.05001001001001001,0.26117905489379795,7.558245083207262,0.006481312243786113,0.006481312243786113,0.0013427405002881903,-0.0021671405834225053
F2,N1,MAGDIFF,0.05,17,0.1488133501288927,0.052384053385569354,0.05180136965450605,0.05001001001001001,0.36477134778587195,1.3499054309646041,0.004739769381078864,0.002034998006853126,-0.002297655230846963,-0.0018548762636131778
F2,N1,MEMLESS,0.05,18,0.27945169912870776,0.09884911826961663,0.10013289065178088,0.05001001001001001,0.6420088767674795,1.05068349106204,0.006411335972485885,0.002631267739432119,-0.005267679010114365,0.00213053318444228
F2,N1,BLOCK,0.05,18,0.06353219499738495,0.0313039801576839,0.030300043948453797,0.05005005005005005,0.2387008670448598,49.504950495049506,0.005980136485759169,0.0028375448656677233,-0.0016001088574447255,-0.0024560697529290303
F2,N1,AR,0.05,18,0.27944496668555635,0.09821068885368807,0.09948835996546652,0.05001001001001001,0.6419994223628964,1.0498003782307208,0.006264220926559408,0.0031064088007576015,-0.006016903666025505,0.0020880356943785293
F2,N1,ENERGY,0.05,18,0.07192688900387424,0.027184749663617336,0.027059586277660225,0.05001001001001001,0.263651629953158,8.453468697123519,0.006288876813266191,0.00384411547982882,-0.001575851798392749,-0.003013152776633555
F2,N1,MAGDIFF,0.05,18,0.15429296517245666,0.05729323740281457,0.057067507621508154,0.05001001001001001,0.3726721322408074,1.3542965573326105,0.007380817595460408,0.006634868977221672,0.0016735640821818531,9.813249953191316e-05
F2,N1,MEMLESS,0.05,19,0.2813727722026931,0.0972479534655585,0.09714779494717207,0.05001001001001001,0.642020302558961,1.05646013956439,0.009220939983291779,-0.006576599979159272,0.0021901070192643806,-0.009220939983291779
F2,N1,BLOCK,0.05,19,0.06295242962602526,0.020502866713439982,0.020589619678009725,0.05005005005005005,0.2356873079698848,49.504950495049506,0.010957665829043407,-0.003103473237655069,0.010957665829043407,-0.006228584676421065
F2,N1,AR,0.05,19,0.28136380283388396,0.09774687941442864,0.09765710104332692,0.05001001001001001,0.6420078106125191,1.0555672934713711,0.010210205752278892,-0.007309639282956373,0.002426771432736516,-0.010210205752278892
F2,N1,ENERGY,0.05,19,0.07221104339419804,0.02594164679021442,0.026026045884204842,0.05001001001001001,0.2620732540706918,8.25785123966942,0.009410606292087571,-0.00466843683871358,0.009410606292087571,-0.002107348365238238
F2,N1,MAGDIFF,0.05,19,0.15751987446128807,0.05409450674885381,0.05354068291633433,0.05001001001001001,0.37800415199660603,1.3820193637621023,0.00854385042187748,-0.004302996998973085,0.00854385042187748,-0.006464886621840327
F2,N1,MEMLESS,0.05,20,0.27894474731938207,0.1005736787128104,0.09989855783091704,0.05001001001001001,0.6406815415321666,1.0475990773747117,0.006170531880596363,-0.004149577137949652,0.0014855254273373527,-0.005107725480978678
F2,N1,BLOCK,0.05,20,0.0610764593123169,0.021705190252489154,0.02161973556647223,0.05005005005005005,0.23345249671807689,49.504950495049506,0.0057626021074362105,0.0038920640676819583,0.0016405054859337264,-0.001836817180478154
F2,N1,AR,0.05,20,0.27893564047822156,0.10128123063807593,0.10043135979317473,0.05001001001001001,0.6406687732222114,1.046282722513089,0.006465854564427027,-0.0050675746536527665,0.0006416100525797405,-0.00549773535454484
F2,N1,ENERGY,0.05,20,0.07492010630207649,0.03124282629871436,0.03053236768014303,0.05001001001001001,0.2683667207151735,7.230101302460203,0.007730927097478742,0.006381401550502393,0.0021743606527415997,-0.00308178482111988
F2,N1,MAGDIFF,0.05,20,0.1545547471163686,0.05570751593463896,0.05556749425487943,0.05001001001001001,0.37413908449474514,1.3542965573326105,0.010137379797056647,0.004778736169794132,0.003444254349821035,-0.003985881869428302
F2,N1,MEMLESS,0.05,21,0.2786984553559638,0.10067466983776154,0.10028241794482,0.05001001001001001,0.6390452830847302,1.0542308503903777,0.0071935119803179836,-0.0003721917573371705,0.0004147238202998392,0.0071935119803179836
F2,N1,BLOCK,0.05,21,0.061339354896767416,0.02329434397367218,0.022840496283727772,0.05005005005005005,0.23145764595658191,49.504950495049506,0.0060644315068139444,-0.0007539460792281783,0.001394323730399016,0.0011153542920053995
F2,N1,AR,0.05,21,0.27868968056509696,0.10021643610903135,0.09983790849297318,0.05001001001001001,0.6390330056093381,1.0533417668142526,0.00666254239209589,-0.00024809718128903616,8.829841908528597e-05,0.00666254239209589
F2,N1,ENERGY,0.05,21,0.07168365312848049,0.025801873668044137,0.025635333281382025,0.05001001001001001,0.2624299445458456,7.357879234167894,0.004402862038529494,0.0016923506971197816,0.0027520436122026033,0.00011912979604933835
F2,N1,MAGDIFF,0.05,21,0.15540424639072767,0.05690443757090065,0.05684209464059443,0.05001001001001001,0.37541785646906173,1.363909363909364,0.00670249211544817,-0.00037766122063502766,0.0018351926916316949,-0.00670249211544817
F2,N1,MEMLESS,0.05,22,0.27813955198051543,0.09677820082258093,0.09693420677990679,0.05001001001001001,0.6400638814914344,1.0511256048811277,0.008981226623610936,0.002326474676713741,0.001910049976295219,-0.0035546368061758486
F2,N1,BLOCK,0.05,22,0.062239093288848,0.02387282587068093,0.02404958532353133,0.05005005005005005,0.23201298792029837,49.504950495049506,0.006334449399891931,0.0051921294413735325,0.0006411527932818866,0.0018758319923892737
F2,N1,AR,0.05,22,0.27813286299892626,0.0968403846025909,0.09696022397799359,0.05001001001001001,0.6400545110348514,1.0493593782818735,0.008846682693322876,0.0018477794579019166,0.0026163211855822093,-0.0030336235021629614
F2,N1,ENERGY,0.05,22,0.07393051784013216,0.024300517934354615,0.02482610224361139,0.05001001001001001,0.2669723060447214,7.401481481481482,0.006992783813573349,0.004097868107057126,-0.0010690507905795005,0.004007762238138967
F2,N1,MAGDIFF,0.05,22,0.15233331979630196,0.051757256450677386,0.05183669593495523,0.05001001001001001,0.37008505390373975,1.3469937988676193,0.009618366715639365,0.004900665876393856,0.00189808383270989,0.0065741084347846705
F2,N1,MEMLESS,0.05,23,0.27702905523541865,0.09951116382445527,0.09893548571630653,0.05001001001001001,0.6408545259754552,1.0493593782818735,0.00798626069818437,0.0038985490302004665,0.00178927698235357,-0.0011928495942638438
F2,N1,BLOCK,0.05,23,0.061023254005766546,0.02422128581817594,0.023608377749343212,0.05005005005005005,0.2316117274774603,49.504950495049506,0.004689793320725954,-0.004689793320725954,0.0007356572980659931,-9.876910460130649e-05
F2,N1,AR,0.05,23,0.27702150467601727,0.10015239387827579,0.09959347378740752,0.05001001001001001,0.640843919264399,1.0498003782307208,0.008073899959829132,0.004749326403396847,0.001304705316485666,-0.0006514746595815128
F2,N1,ENERGY,0.05,23,0.071165074808316,0.028890928072044603,0.028534868420420887,0.05001001001001001,0.2650813536840877,7.917591125198098,0.007262063499390741,-0.0036971400945989656,0.0021268161311434972,-0.0022112113158883483
F2,N1,MAGDIFF,0.05,23,0.1586636455367463,0.058354512838022066,0.05744152887705875,0.05001001001001001,0.3880337770043633,1.3312017053024248,0.008771374735398749,-0.002833918227068382,0.003110234315363819,0.008771374735398749
F2,N1,MEMLESS,0.05,24,0.2796317612213247,0.09907658617331476,0.09806155510369649,0.05001001001001001,0.6370276140896232,1.0573544973544973,0.0136500985962236,-0.0018133444428935078,-0.002411409480586907,0.0018863273727598637
F2,N1,BLOCK,0.05,24,0.062009202466784465,0.020338405604704138,0.020276298739455037,0.05005005005005005,0.23093813506113692,49.504950495049506,0.0064906319423401375,0.0006874812322083028,-0.0021654641684369035,0.004523323377764786
F2,N1,AR,0.05,24,0.2796261839644499,0.09916024376307482,0.09812031794623816,0.05001001001001001,0.6370198628061282,1.05646013956439,0.013187680713395438,-0.0022454214790258867,-0.0022216061334827527,0.002392964656223075
F2,N1,ENERGY,0.05,24,0.07405347799028156,0.025270327724037603,0.024914500492537406,0.05001001001001001,0.26183983239264486,9.408662900188324,0.005651072322829829,-0.004164089915347689,-0.00262836458864177,0.005651072322829829
F2,N1,MAGDIFF,0.05,24,0.15311156903280373,0.052722533379064684,0.052402388207462486,0.05001001001001001,0.3691794188784496,1.3319114902692615,0.005054595859852776,-0.0009791674163339282,-0.002169491791319989,-0.0014156352513097013
F2,N1,MEMLESS,0.05,25,0.2764713163153059,0.09380731537606937,0.09420831908763744,0.05001001001001001,0.6362924318294073,1.0591477634089463,0.007779005528835398,-0.0005535038445614703,0.003745951048876735,-0.0020834210982848458
F2,N1,BLOCK,0.05,25,0.06198364909715421,0.020597128450723215,0.02089199326993932,0.05005005005005005,0.23440822730619007,49.504950495049506,0.00826809544591861,0.00826809544591861,-0.0006221401585474537,-0.004954876267746862
F2,N1,AR,0.05,25,0.2764603759505368,0.09360183953705653,0.09400721371456237,0.05001001001001001,0.6362771815826704,1.0573544973544973,0.009274254198422713,-0.0015064901549524273,0.005510563025449404,-0.001299796490704216
F2,N1,ENERGY,0.05,25,0.07170346975132671,0.024440029323612375,0.024878766777058355,0.05001001001001001,0.2611222832173064,7.917591125198098,0.009311383296123256,0.009311383296123256,0.0022983793123930465,-0.003285751823730763
F2,N1,MAGDIFF,0.05,25,0.1503407249248855,0.051849284278929375,0.051861149460596126,0.05001001001001001,0.36717710828671807,1.3572398804672643,0.006967504284942085,0.006967504284942085,0.0034616832268867734,-0.0017333307600887935
F2,N1,MEMLESS,0.05,26,0.2776558089992145,0.09724799030844081,0.0975500316514006,0.05001001001001001,0.6408140783957063,1.0502417490014715,0.009197194236196356,-0.00044186558213288123,0.0005951618152397839,-0.0038349506683254147
F2,N1,BLOCK,0.05,26,0.06238815135094391,0.02572987318733594,0.025531524443815453,0.05005005005005005,0.23640347155911715,49.504950495049506,0.007694954385410125,-0.0007635697603832317,0.0028751472704345348,-0.0037105205766770847
F2,N1,AR,0.05,26,0.2776484652692546,0.09750018556352752,0.09777630627336635,0.05001001001001001,0.6408037669689614,1.0493593782818735,0.009168966529252788,-0.0009550384047519195,7.745037092072955e-05,-0.0035822051174241236
F2,N1,ENERGY,0.05,26,0.07397732703106942,0.02950909653791489,0.02945261746539592,0.05001001001001001,0.26698306470705085,8.176759410801964,0.009283032850532431,0.002261978735205622,0.004888567120402581,-0.0006236470361965902
F2,N1,MAGDIFF,0.05,26,0.15239493028021292,0.05411062536121533,0.0544375812518009,0.05001001001001001,0.37297469593974303,1.3462678523309082,0.014121966982330463,-0.0008554886316430884,-0.003566426508508157,-0.000585043724844578
F2,N1,MEMLESS,0.05,27,0.2781493261592181,0.09054180281513356,0.09113537484454154,0.05001001001001001,0.6381758752393276,1.0484784889821617,0.008631102307238096,-0.008341992326083677,-0.00542934155830865,0.004613378294550841
F2,N1,BLOCK,0.05,27,0.06288501350916,0.021502897250669617,0.021646046574348956,0.05005005005005005,0.23611238495715683,49.504950495049506,0.010119044408774572,0.00033916060092797196,0.0005242452802183216,0.002624684300882375
F2,N1,AR,0.05,27,0.27814238980930156,0.09029034011903357,0.09092162385524243,0.05001001001001001,0.6381661804298117,1.0489187486878018,0.00815452937445094,-0.007252607629805871,-0.005673198559093153,0.004752565202809593
F2,N1,ENERGY,0.05,27,0.07401606785118346,0.02583625753801748,0.025384705311791537,0.05001001001001001,0.2661852713293374,8.176759410801964,0.014378512366356228,-0.0013112346513136437,-0.0006076753956224487,0.002597472847494282
F2,N1,MAGDIFF,0.05,27,0.15273413767588806,0.050764366969083985,0.05134226966170197,0.05001001001001001,0.36938490510771355,1.3594557823129252,0.006021411900026845,-0.0022825343880976652,-0.001900995864686331,0.0037195419697067605
F2,N1,MEMLESS,0.05,28,0.2817149191825672,0.10280779514855408,0.10223599077442401,0.05001001001001001,0.6480342488319555,1.0520109496736154,0.008642724196300983,0.0048583233362098945,-0.004895520326702119,-0.002067939250355566
F2,N1,BLOCK,0.05,28,0.06163650785516515,0.02354521225653393,0.022879371831004483,0.05005005005005005,0.23456429129494463,49.504950495049506,0.011415123309424813,0.004134442774400582,-0.0073655215461526586,-0.0012066312226710863
F2,N1,AR,0.05,28,0.2817066241485479,0.10278651127998385,0.1021801828165296,0.05001001001001001,0.6480226259606818,1.05068349106204,0.009033479269823569,0.0055643919702880115,-0.005058820004986993,-0.0017409828178484854
F2,N1,ENERGY,0.05,28,0.07485950663345628,0.030754379799640755,0.030111356701488304,0.05001001001001001,0.2720643479788078,7.604261796042618,0.012957262368648522,0.0058669252661108185,-0.007241184205220575,-0.0021404068496496285
F2,N1,MAGDIFF,0.05,28,0.15643622581828326,0.05840866924693376,0.05739453306553673,0.05001001001001001,0.3821499115380699,1.3499054309646041,0.011192807375827004,0.0029058758649414033,-0.00679094513766989,0.0008506730089199831
F2,N1,MEMLESS,0.05,29,0.27888085984752586,0.09726227545719343,0.0978589743228183,0.05001001001001001,0.6434391796768498,1.0475990773747117,0.006903367916803567,-0.0018698913230047578,0.004732102287659621,0.00026373811306487903
F2,N1,BLOCK,0.05,29,0.059612112851350645,0.021048612611104925,0.021287200424026702,0.05005005005005005,0.22914651510628772,49.504950495049506,0.00639490891050837,-0.0005358732187207406,0.0003027564912479942,0.001290900715449702
F2,N1,AR,0.05,29,0.2788756656984947,0.09727621224496205,0.09793746110612352,0.05001001001001001,0.6434319154749687,1.0480385986993916,0.006219387227047047,-0.001697904224152077,0.005271082835249909,-0.00045374011526101276
F2,N1,ENERGY,0.05,29,0.07351124311925605,0.024977543513401118,0.025172657162234602,0.05001001001001001,0.2673719779056614,7.733746130030959,0.004317381589444681,-0.0037961191681791634,0.00012215841316375704,0.0004360036885929623
F2,N1,MAGDIFF,0.05,29,0.15067059867976143,0.05532285100016708,0.05508786556138695,0.05001001001001001,0.3686281639424302,1.343010752688172,0.00802885696129745,0.0007411608766383964,0.0028933330310304942,0.0030713742057553624
F2,N1,MEMLESS,0.05,30,0.2792663309309491,0.09854255225705236,0.09743710711794495,0.05001001001001001,0.6376570852767174,1.0528977871443626,0.01086106916030706,0.0005855735652058397,0.0033681215335557677,0.01086106916030706
F2,N1,BLOCK,0.05,30,0.058951682865434174,0.018312330581334926,0.017904647403592995,0.05005005005005005,0.2253118921760728,49.504950495049506,0.008752446522063199,0.005024668443869071,-0.00219770383492559,0.006905130722556377
F2,N1,AR,0.05,30,0.27925299669714027,0.09828930709967859,0.09725594991446068,0.05001001001001001,0.637638603920394,1.0511256048811277,0.011530052971286916,-7.320164658780148e-05,0.002818225796881157,0.011530052971286916
F2,N1,ENERGY,0.05,30,0.07071890374260109,0.0261409528393355,0.025897658600316197,0.05001001001001001,0.2632907525737889,7.272197962154294,0.009216263953872346,0.0011920527802945383,0.0009784489808380762,0.009216263953872346
F2,N1,MAGDIFF,0.05,30,0.1518459792786093,0.05275129102352279,0.052060942897792645,0.05001001001001001,0.36789389282254614,1.3462678523309082,0.008614774919375368,0.006611287444523603,0.00027073844859226226,0.008175958944975014
F2,N1,MEMLESS,0.05,31,0.2786949459738005,0.0984910292585516,0.09767869332225886,0.05001001001001001,0.6404647730240739,1.0546759552459362,0.007455619418552167,0.0054770916630948125,-0.005974233552451416,0.007455619418552167
F2,N1,BLOCK,0.05,31,0.06436641637228166,0.022440148203613397,0.021699798000220764,0.05005005005005005,0.2399626046051068,49.504950495049506,0.006865787603385088,0.002750886629535483,-0.0032431889277709483,0.0003337064465440484
F2,N1,AR,0.05,31,0.27868563160393206,0.09860200239511119,0.09779365982312423,0.05001001001001001,0.6404517220158072,1.0533417668142526,0.0068657974440870925,0.005545434116280783,-0.0068657974440870925,0.006752793520766605
F2,N1,ENERGY,0.05,31,0.07510946286886933,0.02690454843984355,0.02651846717585633,0.05001001001001001,0.2676644189436731,7.867716535433071,0.004597640043368587,0.003061890629748468,-0.0007817682288676817,0.00016384780259291745
F2,N1,MAGDIFF,0.05,31,0.15350682796009518,0.05179508633503356,0.05105134102241549,0.05001001001001001,0.37274301067753124,1.3440947000269035,0.0048285831744037,0.0002479518870628237,-0.0042429969799176355,0.003575127853437003
F2,N1,MEMLESS,0.05,32,0.27691009068493744,0.09883855399578277,0.09878264166358558,0.05001001001001001,0.639877554116334,1.0502417490014715,0.007492593145096407,-0.0030578544664888615,0.0033922078170017843,0.0036868189550831165
F2,N1,BLOCK,0.05,32,0.06004936457049308,0.02092055858717584,0.021527324628498056,0.04984984984984985,0.2322959700145099,49.8,0.007703292428075915,-0.004587360802649035,0.005121695838635005,-0.0013500908509667007
F2,N1,AR,0.05,32,0.2769010951821144,0.09898520390878997,0.09890607315018239,0.05001001001001001,0.6398649194612265,1.0493593782818735,0.006696516235056792,-0.0036929513340846986,0.003744509071540546,0.0032918348898466165
F2,N1,ENERGY,0.05,32,0.07375414492532538,0.02915296969726551,0.02891167063550682,0.05001001001001001,0.26677415515208347,8.41077441077441,0.005012450316840722,-0.004183780285944408,0.004012475807838729,-0.000258218917540494
F2,N1,MAGDIFF,0.05,32,0.15241685546903785,0.05113116576086835,0.05106397247754355,0.05001001001001001,0.3708101772059326,1.364654465992898,0.007897902408496011,-0.0017623407770330814,0.007897902408496011,0.006858455707775295
F2,N1,MEMLESS,0.05,33,0.27912392485850707,0.09962145702992291,0.09828378497697284,0.05001001001001001,0.6414695464666794,1.05068349106204,0.00781650296959645,-0.00781650296959645,0.00046503862641721826,0.0020326356048025115
F2,N1,BLOCK,0.05,33,0.062119515060034165,0.019480005419797136,0.01961820570508051,0.05005005005005005,0.2360143208480967,49.504950495049506,0.005929352949522159,-0.005929352949522159,-0.0006861340503100786,-0.0002150959655716605
F2,N1,AR,0.05,33,0.2791155710246381,0.09985225039120839,0.0984080389659443,0.05001001001001001,0.6414578648974596,1.0489187486878018,0.008062583527787643,-0.007901424356272752,0.001207350978252112,0.0016993662543151214
F2,N1,ENERGY,0.05,33,0.07129061682649723,0.027937929825242666,0.027929425419717865,0.05001001001001001,0.26284204787227516,7.917591125198098,0.010077794376071172,-0.010077794376071172,-0.00034764679000227666,-0.001849441290443117
F2,N1,MAGDIFF,0.05,33,0.15356927887582872,0.05711521720004405,0.0562855964960519,0.05001001001001001,0.3745288235170526,1.3415682062298604,0.007900287263279699,-0.005800848177987454,-0.003601345037291882,0.0010517808786414764
F2,N1,MEMLESS,0.05,34,0.2775708981570765,0.09747372462073378,0.09774899561150913,0.05001001001001001,0.6385321476040081,1.0551214361140444,0.006712955421455824,-0.005060010687883784,0.004641376625266846,-0.005749703375284619
F2,N1,BLOCK,0.05,34,0.06299511607670825,0.01867905711842406,0.01900601974689554,0.05005005005005005,0.23586998299431344,49.504950495049506,0.009098453685530337,-0.0029490539074181438,0.009098453685530337,0.0011931090423085349
F2,N1,AR,0.05,34,0.27756198878637445,0.09749767395058961,0.09775403796498558,0.05001001001001001,0.6385196589946514,1.0533417668142526,0.007395567473608696,-0.004799557992586182,0.005308904926243189,-0.006210529580823004
F2,N1,ENERGY,0.05,34,0.07239540640879162,0.0247299149396447,0.02456049147107578,0.05001001001001001,0.2615622905316898,7.697996918335901,0.009195841817381284,-0.004639808434977857,0.009195841817381284,0.0033305330203272686
F2,N1,MAGDIFF,0.05,34,0.15296974910139002,0.05342696579545683,0.05317116289479725,0.05001001001001001,0.37242194914981525,1.327664097794313,0.010162353430542719,-0.004726662518265885,0.010162353430542719,-0.00973124289485557
F2,N1,MEMLESS,0.05,35,0.27911136197773334,0.09917373982281753,0.09926045862656695,0.05001001001001001,0.6417677886940595,1.0551214361140444,0.013806863881884054,0.0005770517676783898,-0.005824654958111994,0.013806863881884054
F2,N1,BLOCK,0.05,35,0.06200577193912967,0.020738777355125512,0.020558013480791826,0.05005005005005005,0.2371528551958247,50.505050505050505,0.006190171538500265,0.005899804419158986,-0.006190171538500265,0.0009677630014558663
F2,N1,AR,0.05,35,0.27909970864439965,0.09902348211296512,0.09899991903411678,0.05001001001001001,0.6417514183229663,1.0533417668142526,0.013560385610531954,-0.0008512005861060865,-0.006298493548914617,0.013560385610531954
F2,N1,ENERGY,0.05,35,0.07166624340886554,0.02493923752638519,0.024744051744325844,0.05001001001001001,0.2644198790436885,8.368509212730318,0.006099481760103454,0.004362212731169236,-0.006099481760103454,0.002257825952504273
F2,N1,MAGDIFF,0.05,35,0.15572766436410598,0.05374953039538448,0.05386819228454962,0.05001001001001001,0.3786202097247852,1.349176343505266,0.010139696516295958,0.0011531570081725257,-0.006294674491913165,0.010139696516295958
F2,N1,MEMLESS,0.05,36,0.2766784751969326,0.09669436404954003,0.09756370143014004,0.05001001001001001,0.6390826499996513,1.0475990773747117,0.00959681932708027,-0.0028783796675930016,0.0007774620606110807,-0.0017412212737406894
F2,N1,BLOCK,0.05,36,0.063044259325236,0.024084128578033062,0.02399296352210533,0.05005005005005005,0.23660714672760322,49.504950495049506,0.008033002952925054,-0.007089821543503569,-0.0033933887315655536,0.002152737612553794
F2,N1,AR,0.05,36,0.27666653762697435,0.09681023888961417,0.09785381534995713,0.05001001001001001,0.6390659015277831,1.0454069889098139,0.009646552636134304,-0.003025746710296828,0.00015049289992055995,-0.003222128577285988
F2,N1,ENERGY,0.05,36,0.07289936928746052,0.025626696339360835,0.025710595933246778,0.05001001001001001,0.26480406948195817,7.558245083207262,0.00800796322157967,-0.007252392477880945,0.0028427342212823483,0.003422613913670127
F2,N1,MAGDIFF,0.05,36,0.15460275599773018,0.05410066985612276,0.054722030705227125,0.05001001001001001,0.3772356776909692,1.3412080536912752,0.007248526287307931,-0.004138997400124016,-0.0064984371321113645,-0.0015136057437194672
F2,N1,MEMLESS,0.05,37,0.27932458542542987,0.09991917626064277,0.10059123513305684,0.05001001001001001,0.6397349739294853,1.0484784889821617,0.006413168236666676,0.0001535990844915617,-0.00010215366256135746,0.004956865756613099
F2,N1,BLOCK,0.05,37,0.059355202707466165,0.01957701041982339,0.01994085837979723,0.05005005005005005,0.22693778588796668,49.504950495049506,0.005944233207769947,0.0024765448524395146,0.002119812957952911,0.005944233207769947
F2,N1,AR,0.05,37,0.27931328862470634,0.10011386542019944,0.10071009206919589,0.05001001001001001,0.6397192445888346,1.0484784889821617,0.006175096216357275,0.0001742846062104817,-0.0002528450051430796,0.005614078862059547
F2,N1,ENERGY,0.05,37,0.07225901006265316,0.02611243697387179,0.026274118243154156,0.05001001001001001,0.2644586473952779,8.25785123966942,0.010678486359112322,0.0015439689342909729,0.004374265189353133,0.010678486359112322
F2,N1,MAGDIFF,0.05,37,0.15403777145425368,0.054939055287691385,0.05515826746202015,0.05001001001001001,0.3723494451009121,1.3587163448463422,0.007471832340273754,6.625386571973976e-05,-0.0018983349531319076,0.007471832340273754
F2,N1,MEMLESS,0.05,38,0.27689827201339906,0.09924837149604564,0.09836064493307396,0.05001001001001001,0.6367720408012391,1.0511256048811277,0.009760763205177929,-0.006301150024229724,-0.009760763205177929,-0.0009603437326187601
F2,N1,BLOCK,0.05,38,0.0610689570435697,0.021724174405826982,0.02179818332465438,0.05005005005005005,0.23307568060355743,50.505050505050505,0.010809978869515522,0.0016317869199766388,-0.0017207551639109166,0.010809978869515522
F2,N1,AR,0.05,38,0.27688941643537046,0.0983861336704784,0.09750487385945746,0.05001001001001001,0.6367596859907192,1.0498003782307208,0.009014771030814836,-0.007441061833694013,-0.009014771030814836,-0.0016188810576698467
F2,N1,ENERGY,0.05,38,0.07569717150675652,0.02741620141784254,0.026728856023383714,0.05001001001001001,0.27195444872019714,7.167862266857963,0.011234747749998773,0.001888487632406679,-0.00025349061314800794,0.011234747749998773
F2,N1,MAGDIFF,0.05,38,0.15340581506654397,0.05295943289901357,0.05223092873903077,0.05001001001001001,0.37273187291887816,1.3557666214382633,0.009527980275642408,-0.0020811566637901086,-0.003976158628608101,0.0018743863925662987
F2,N1,MEMLESS,0.05,39,0.2798078898734047,0.10232614703914619,0.10279724000348961,0.05001001001001001,0.639545640205842,1.0475990773747117,0.007112064902570259,0.0024657726742906357,0.006187420370165598,-0.005247251025857527
F2,N1,BLOCK,0.05,39,0.06247712994458011,0.0243174589382609,0.024520837141675272,0.05005005005005005,0.2347814634465969,49.504950495049506,0.007188916701603708,0.00033218089084692244,0.007188916701603708,0.003373899076026859
F2,N1,AR,0.05,39,0.27979821730953713,0.1017813225802382,0.10228531851237806,0.05001001001001001,0.6395321547936361,1.0467211397443956,0.006268538492781008,0.001850389357129741,0.005722485103789103,-0.005399742093793239
F2,N1,ENERGY,0.05,39,0.07360327289805227,0.0241822641934218,0.024113506135825347,0.05001001001001001,0.26655551856536136,8.6286701208981,0.008956710372770479,0.0007560580770399479,0.004908779546911174,0.004515612803335654
F2,N1,MAGDIFF,0.05,39,0.15525529192203444,0.055036861464102305,0.055126457608778934,0.05001001001001001,0.37215407957954977,1.3520974289580514,0.007122811680176038,0.0020068717179417663,0.0030658426664591032,-0.0038766999970121247
F2,N1,MEMLESS,0.05,40,0.27692445829309914,0.09758667397727325,0.09869447831667255,0.05001001001001001,0.640859066288846,1.0480385986993916,0.009190380015248344,0.004969431561440354,0.0019138850648798048,0.0028660585445514386
F2,N1,BLOCK,0.05,40,0.06041357498026705,0.015182080782441723,0.016254529903643223,0.05005005005005005,0.2332865058822284,49.504950495049506,0.005043212356374382,-0.0008878624023966676,0.004829646704550575,-0.0031612764827911952
F2,N1,AR,0.05,40,0.2769136908878853,0.09749929935947299,0.09855723865413483,0.05001001001001001,0.6408439989623713,1.0458446723885284,0.009492428261487145,0.004193827242818927,0.001904075751900593,0.0030679090718531425
F2,N1,ENERGY,0.05,40,0.07225868738437155,0.032072944447927354,0.03139904074366419,0.05001001001001001,0.2630021405054341,6.872077028885832,0.004866655284713779,-0.0003181643310510358,0.0027004402376005804,-0.004529991753619357
F2,N1,MAGDIFF,0.05,40,0.1486877881002982,0.05061199794670619,0.05210093302339879,0.05001001001001001,0.36567859178194806,1.3397693751676052,0.01042679994125971,0.009630076230311483,-0.00810521558094228,0.004958586792005745
F2,N1,MEMLESS,0.05,41,0.2780379018107885,0.09656701817590906,0.09728084211031512,0.05001001001001001,0.641895542931431,1.0531197301854975,0.011182008871261861,-0.0015654105247110807,-0.011182008871261861,-0.0023332284456161648
F2,N1,BLOCK,0.05,41,0.06381324526192163,0.023599242594498943,0.023654600407774073,0.05005005005005005,0.23935041882441938,49.504950495049506,0.010960371639283513,0.00227924020612257,-0.002471739426055266,0.005512892454843061
F2,N1,AR,0.05,41,0.2780291145602981,0.09690377999315082,0.09757691156115095,0.05001001001001001,0.6418831919568436,1.0491390172196555,0.01123675536248177,-0.0018255404405082424,-0.01123675536248177,-0.0024795679647164593
F2,N1,ENERGY,0.05,41,0.07396165789227269,0.021153293368565973,0.022037797358728715,0.05001001001001001,0.26694641479750836,8.299003322259136,0.009259823326475512,0.001356994798502774,-0.003827893067616188,0.005337231772832314
F2,N1,MAGDIFF,0.05,41,0.15191423011010768,0.055266434907137105,0.05481820035926969,0.05001001001001001,0.3733405367379066,1.3587163448463422,0.01306057798856177,0.007164041084662572,-0.0030313855582417954,-0.001526093459739524
F2,N1,MEMLESS,0.05,42,0.2768411524884555,0.09923389652342351,0.09915953888551579,0.05001001001001001,0.6382450313430902,1.0515680909282257,0.008829273611013704,0.002687545516764956,0.0018831080354299434,0.001635874029805513
F2,N1,BLOCK,0.05,42,0.060642107363295006,0.02489937169318622,0.024873406600357008,0.05005005005005005,0.23161662271073377,49.504950495049506,0.012733318455629842,0.012733318455629842,-0.0020751174284465218,0.00015680673677992126
F2,N1,AR,0.05,42,0.2768331232613433,0.09919257577280852,0.09910222301238164,0.05001001001001001,0.6382337849118896,1.0498003782307208,0.008471451902809506,0.0018595737906517084,0.0014691707336506907,0.0019327782222174424
F2,N1,ENERGY,0.05,42,0.07273064935721815,0.027208459002916532,0.02724093328590075,0.05001001001001001,0.263857238883188,7.721792890262751,0.012009008000952427,0.012009008000952427,-0.002043010378150302,0.000906004628604961
F2,N1,MAGDIFF,0.05,42,0.15265084991780112,0.053120155359846655,0.053017063825930875,0.05001001001001001,0.3710151730465005,1.3616789315889888,0.011145652510918218,0.0016669386974721575,-0.00011818019723670801,-0.0016048945636418456
F2,N1,MEMLESS,0.05,43,0.27834643118605573,0.09996624430163539,0.10044664797886807,0.05001001001001001,0.640333627085372,1.0515680909282257,0.007907956251223744,-0.004776743360897964,0.007907956251223744,0.0014953746255539108
F2,N1,BLOCK,0.05,43,0.05814952920249436,0.01964155553314069,0.019650617433498406,0.05005005005005005,0.22596018627488157,49.504950495049506,0.007723965547123938,-4.5726076569037835e-05,-0.00041089386790237764,-0.00048544074075967703
F2,N1,AR,0.05,43,0.2783384690020127,0.10026727578204778,0.10060575308596179,0.05001001001001001,0.6403224528560145,1.0493593782818735,0.007804178392501558,-0.00475065188793307,0.007804178392501558,0.0016215742364258296
F2,N1,ENERGY,0.05,43,0.0749195183037094,0.023564925912986034,0.024263716638897998,0.05001001001001001,0.2692537924230082,7.314787701317716,0.00841285779266576,-0.002988049493769234,-0.0018289382580877237,0.0008580961169358073
F2,N1,MAGDIFF,0.05,43,0.1516648164114207,0.053584024503226205,0.05365992582306807,0.05001001001001001,0.3698081824886058,1.3550311906699213,0.008357761313869533,0.0011028737158324334,0.003363865260632817,0.004590175437273593
F2,N1,MEMLESS,0.05,44,0.27819708526240355,0.09632014030958631,0.09689540356530196,0.05001001001001001,0.6392579858044102,1.0509045014724443,0.009897843523505733,0.00010120254845937365,0.004221922948775154,0.004010561340793382
F2,N1,BLOCK,0.05,44,0.06126704614332014,0.020915839044205492,0.02119266940490263,0.04916916916916917,0.23192998671975176,49.12,0.010203668923181367,0.010203668923181367,-0.0036350669699669732,0.0034425417285760583
F2,N1,AR,0.05,44,0.2781917962097092,0.09676477703587825,0.09731256315498311,0.05001001001001001,0.6392505784347428,1.0486985726280436,0.010017362369112529,0.0003746908235831195,0.003504382481690768,0.004300362696947243
F2,N1,ENERGY,0.05,44,0.0729355032332715,0.028891826262922388,0.028892019405474773,0.05001001001001001,0.26336584139508096,7.9936,0.010211368537970144,0.010211368537970144,-0.004799771742111885,0.0005218511301707631
F2,N1,MAGDIFF,0.05,44,0.15441174659462406,0.05416297456578789,0.05524521320044761,0.05001001001001001,0.3753722508807602,1.349540788762831,0.007172864439176389,0.005404691030223646,0.00018945609379859095,0.007172864439176389
F2,N1,MEMLESS,0.05,45,0.28043932580174824,0.0966834835205284,0.09793256757101813,0.05001001001001001,0.645038007057222,1.0537861210715038,0.006117977637132329,-0.0038484924767695733,-0.000663028662053169,-0.0036754491800108507
F2,N1,BLOCK,0.05,45,0.060782408006992986,0.02202712374930496,0.022550676430844293,0.05005005005005005,0.23130272823977543,49.504950495049506,0.006296405608191096,-0.0010045898438378735,0.005096117920181732,-0.0014263493212156781
F2,N1,AR,0.05,45,0.2804312261133034,0.09644730391566801,0.09768100615013516,0.05001001001001001,0.6450266293914502,1.0520109496736154,0.005546538862571589,-0.003755410853212258,-0.0007151524594008442,-0.0034310448414001443
F2,N1,ENERGY,0.05,45,0.07498005169255945,0.025158208903822518,0.025765083395611194,0.05001001001001001,0.2683432258644263,7.769828926905133,0.00877269267235089,-0.005386553750982644,0.00877269267235089,-0.002307919555058355
F2,N1,MAGDIFF,0.05,45,0.15646376058907352,0.053998169100302196,0.05435970005094295,0.05001001001001001,0.38110272042894133,1.3565028509367363,0.007038416498391275,-0.005564642423381842,-0.002321302642705363,-0.005653876612737563
F2,N1,MEMLESS,0.05,46,0.27505016926486825,0.09806850779460735,0.09844200098394375,0.05001001001001001,0.6327387610574129,1.0480385986993916,0.013166116775422036,0.0006286811307630821,-0.004472701911206707,-0.0016646426074971037
F2,N1,BLOCK,0.05,46,0.06186113094216025,0.01812012099549086,0.018141975649233234,0.05005005005005005,0.2334591154515273,49.504950495049506,0.008369871224666026,-0.0038266692241515294,-0.006012072712473492,0.004735504511533552
F2,N1,AR,0.05,46,0.2750436614841591,0.09818227753114614,0.09858546213664378,0.05001001001001001,0.6327296482936622,1.0480385986993916,0.01409026379242859,0.00016718231153770136,-0.005336468990822626,-0.001060873300593548
F2,N1,ENERGY,0.05,46,0.07151934297281749,0.024476635559845486,0.02445519748766225,0.05001001001001001,0.2622964541971852,7.745736434108527,0.007719624392142084,-0.0033278786891466974,-0.004743093876617659,0.00095011737870527
F2,N1,MAGDIFF,0.05,46,0.15069572445722396,0.053059277657291376,0.05311809740652882,0.05001001001001001,0.36706872405220314,1.3376171352074966,0.008933771092616904,-0.0011733780204117048,-0.0007413624636603736,0.0024601889331323534
F2,N1,MEMLESS,0.05,47,0.2813596025070451,0.09927357657661559,0.09874870022861384,0.05001001001001001,0.6461296081621676,1.0480385986993916,0.007589730617257321,-0.0029508764480333178,-0.0016954159462568435,-0.00404242041457452
F2,N1,BLOCK,0.05,47,0.06165668934446238,0.02287143176357319,0.02274790478252414,0.05005005005005005,0.23452697925627045,49.504950495049506,0.003871405555677919,-5.73496649575051e-05,0.0028145034689133026,-0.003871405555677919
F2,N1,AR,0.05,47,0.2813543395170023,0.09938506247099801,0.09882667926793895,0.05001001001001001,0.6461222100215992,1.0471599245441208,0.007393032950423548,-0.00352444020300385,-0.002899295212883254,-0.0036810511129639666
F2,N1,ENERGY,0.05,47,0.0738300087128805,0.02818582602275803,0.027928254662403035,0.05001001001001001,0.2673772878284726,8.244224422442244,0.006907205741596203,-0.00044094506387690955,0.0027997685962940816,-0.0018623806798411038
F2,N1,MAGDIFF,0.05,47,0.15710418310366023,0.05682537717415792,0.055898879384034615,0.05001001001001001,0.380230756514967,1.3774469258340225,0.008589417193344629,-0.0005401834046735703,0.00010901464975185529,-0.004424969590337115
F2,N1,MEMLESS,0.05,48,0.2777489674286328,0.10182133899997216,0.10142219417177467,0.05001001001001001,0.6416171897925977,1.0454069889098139,0.011829893186471171,0.011829893186471171,0.0008999013838226904,0.003460634001028805
F2,N1,BLOCK,0.05,48,0.06213421034332868,0.023144987293365796,0.023307911163435516,0.05005005005005005,0.23658966036187398,49.504950495049506,0.008885355603630745,-0.002000810717329393,0.0010764990680691769,-0.00068790812756604
F2,N1,AR,0.05,48,0.2777408102781939,0.10170783979807306,0.10129494240357005,0.05001001001001001,0.6416057078365869,1.0449696716168166,0.012274379882979624,0.012274379882979624,-5.0345649437224525e-05,0.0041735301488509775
F2,N1,ENERGY,0.05,48,0.07160109657648217,0.028168992993924447,0.02826219484881244,0.05001001001001001,0.2647150973221482,7.80625,0.005621260473712785,-0.002999343741471672,0.0033495330687201654,-0.000204099033908033
F2,N1,MAGDIFF,0.05,48,0.15156348165777742,0.053423395420200956,0.05394384871909804,0.05001001001001001,0.3692122437764777,1.3528296777687516,0.007618436616930205,0.004501050381571593,-0.0034563847532190542,0.005939727908353418
F2,N1,MEMLESS,0.05,49,0.27876771587201865,0.0996616868001873,0.09896554691711625,0.05001001001001001,0.6389043946597605,1.05646013956439,0.01067802540936553,-0.006369304914165458,0.0002510514600687358,-0.0012857461594407021
F2,N1,BLOCK,0.05,49,0.060319736600069174,0.019708802453562435,0.019358530282492674,0.05005005005005005,0.2293768525393915,49.504950495049506,0.005408043007689812,-0.0001819954976054598,-0.002257266762790971,0.00387724587656688
F2,N1,AR,0.05,49,0.2787583580534561,0.10049540066173596,0.09969250270554673,0.05001001001001001,0.6388913607196539,1.0537861210715038,0.010244147548185133,-0.006546212778935392,0.00019847518380196005,-0.0012758151335611257
F2,N1,ENERGY,0.05,49,0.0726593620947462,0.029448627996419396,0.029174100854204132,0.05001001001001001,0.26431265472312193,8.937388193202146,0.005694972695526442,0.003352777622764857,-0.004661948365842078,0.0006190717935279677
F2,N1,MAGDIFF,0.05,49,0.15062262271498592,0.053304184644899236,0.0523660760489688,0.05001001001001001,0.36564387163654943,1.3550311906699213,0.008093988861919633,-0.00016812177478122358,-0.006932989719281675,-0.00019323781714101527
F2,N1,MEMLESS,0.1,0,0.44132133907990356,0.16022319896864612,0.16040208964207867,0.1,0.5696837191979017,1.105700055340343,0.011286210896228336,0.0012786667575883778,-0.0018689161784370353,0.0008763221530176881
F2,N1,BLOCK,0.1,0,0.11774258335232458,0.044164949726755096,0.04385244472258634,0.1001001001001001,0.23041337151904373,49.75124378109453,0.006036330001625307,-0.004512436285106233,-0.0008387458347422228,0.003847770573839559
F2,N1,AR,0.1,0,0.44130635745421476,0.16002390353838358,0.16022511549247972,0.1,0.569671187129262,1.1044776119402986,0.012175295082905263,0.0020581536559877824,-0.0013999920520161022,0.0002825228436934475
F2,N1,ENERGY,0.1,0,0.14062016184831852,0.050304894683913665,0.050363404420502515,0.1,0.2615594650765075,8.959641255605382,0.008842554144264816,-0.003625078301244034,0.0035823934124964945,0.001732769346576307
F2,N1,MAGDIFF,0.1,0,0.2537506013221069,0.09027925938792276,0.09004818437385856,0.1,0.3445470097956438,1.4238882554161916,0.008270355128814076,0.003813629318691717,-0.0046095974540090795,0.004362649927103238
F2,N1,MEMLESS,0.1,1,0.43932972818591554,0.15731282775388578,0.15690764083070394,0.1,0.5638207379219422,1.1059448688143474,0.006047275699507651,-0.0029567352143596423,0.001654910197148026,0.003401171367875772
F2,N1,BLOCK,0.1,1,0.11947381766406102,0.040885543282096565,0.040643349909371254,0.1001001001001001,0.23114539291261327,49.75124378109453,0.009431952291585027,-0.001205221570428939,0.0005190357813750694,-0.007112928219822055
F2,N1,AR,0.1,1,0.4393164572833536,0.15648514177520334,0.15622702597079163,0.1,0.5638097372528535,1.1039893910929384,0.005798025893657426,-0.0021231526208586107,0.0008519958447212985,0.0033326477495685407
F2,N1,ENERGY,0.1,1,0.13752393315839756,0.047791873725701484,0.047734388976150524,0.1,0.25656123955345694,8.825088339222615,0.009654962240482097,-0.0003322880807226582,-0.0010095642338711782,-0.0075308395945962265
F2,N1,MAGDIFF,0.1,1,0.25224943491241425,0.08964952132488492,0.08975693273345783,0.1,0.3405573513929972,1.418026969481902,0.00892429919907463,-0.00892429919907463,-0.0021779829684728295,-0.007594027459736697
F2,N1,MEMLESS,0.1,2,0.4409311979904335,0.16409675288981673,0.1623389617565591,0.1,0.5665809906044916,1.112843934499276,0.008374849772793673,0.0018641827599085883,0.0014846328150360311,0.0024628680995869476
F2,N1,BLOCK,0.1,2,0.12000253678404382,0.04303525878284982,0.04250582572559077,0.1001001001001001,0.23271889619442268,50.25125628140704,0.010322747044252865,-0.0008435122180746495,-0.004468026462831842,0.002108847378634452
F2,N1,AR,0.1,2,0.4409156864229612,0.16371199675466586,0.16189693837386407,0.1,0.5665680672186364,1.10864498945733,0.008697172785374541,0.0024233434951163816,0.0016053136995990717,0.0016928800555193186
F2,N1,ENERGY,0.1,2,0.1403427891027783,0.050791801861843025,0.05047377466186955,0.1,0.26051719760435926,9.43342776203966,0.007449884262593219,-0.002102396095048202,-0.0033856556678134547,0.002769846568594606
F2,N1,MAGDIFF,0.1,2,0.256435379571119,0.09594579915432398,0.09483408635383171,0.1,0.3464517295001642,1.4096232538450684,0.007420642668016172,0.0011088059101296067,0.0007617036636296088,0.0008124145663718329
F2,N1,MEMLESS,0.1,3,0.44061958716347926,0.15897283458087058,0.15741689622093222,0.1,0.5652236683712573,1.1054553502268452,0.009181518280493626,0.002916632754400009,0.003395762090917096,0.006835234725814923
F2,N1,BLOCK,0.1,3,0.12092173381734884,0.039094936078742606,0.03943414966752634,0.1001001001001001,0.23132106404294858,49.75124378109453,0.005974124324110464,-0.003503434844294995,0.002082944832306932,0.0024984644252257805
F2,N1,AR,0.1,3,0.4406062198810322,0.15861267404054197,0.15711985981295676,0.1,0.5652125417620877,1.1037454424925424,0.008268501302896887,0.003180968636875518,0.0024920915660533996,0.006254718961811244
F2,N1,ENERGY,0.1,3,0.13994666991876367,0.042252810898148155,0.042929077605990365,0.1,0.25964410006165234,8.57510729613734,0.004217886879649435,6.913505158064559e-05,0.0016462675410169251,0.0014178071506521757
F2,N1,MAGDIFF,0.1,3,0.25584859887258365,0.08665842174105091,0.08673198107506584,0.1,0.3423708240879213,1.4442677461327165,0.004893328305760096,-0.0004350307723483983,-0.004893328305760096,0.004649949494234836
F2,N1,MEMLESS,0.1,4,0.4415003005284369,0.1523741734977977,0.15331280493359348,0.1,0.5680394633367556,1.1210862978341376,0.012733853931876772,0.006987783016648577,0.0016907561692772843,-0.0015069935460176659
F2,N1,BLOCK,0.1,4,0.1219612684328838,0.04739699119741861,0.04792019682453528,0.1001001001001001,0.23475975366618876,49.75124378109453,0.013678106101987093,-0.0009356837049523169,0.00021003244242394226,-0.013678106101987093
F2,N1,AR,0.1,4,0.44148386761654507,0.1526158885811132,0.1535815662203993,0.1,0.5680257360298788,1.1178247734138973,0.01240738566847114,0.006735508656977207,0.0010039908911597347,-0.0024451425361615253
F2,N1,ENERGY,0.1,4,0.13863906856550445,0.04885100092748579,0.04944270565456244,0.1,0.25933183901228934,10.040201005025125,0.010181919621986156,0.0032957615040499883,0.0019489837196278784,-0.010181919621986156
F2,N1,MAGDIFF,0.1,4,0.255212811310746,0.08846021024615557,0.0894462539936213,0.1,0.34470284987864214,1.4314371686488037,0.010248944508350939,0.0059239725109927355,0.0032308961292594834,-0.006245337401563192
F2,N1,MEMLESS,0.1,5,0.4401824864058525,0.15369692213108915,0.15306200328891553,0.1,0.5647448462627458,1.1042334475516746,0.005378517916505269,-0.005378517916505269,-0.0036612345665602455,0.0025264666491851572
F2,N1,BLOCK,0.1,5,0.11993608098451461,0.042885097320652404,0.042660936538210785,0.1001001001001001,0.23204790205814674,49.75124378109453,0.00800402617833114,-0.001947980950270937,0.00800402617833114,-0.002932162611550988
F2,N1,AR,0.1,5,0.44016828629394994,0.15490255794137786,0.15419995556686034,0.1,0.564733100149328,1.1030142431268632,0.006196560888091665,-0.005591475987024687,-0.0029083021657474255,0.0029906491049741424
F2,N1,ENERGY,0.1,5,0.13711729234633527,0.055882015034756524,0.05511777221726741,0.1,0.25660785706547073,9.362699156513589,0.00474747346164965,-0.0028449680744982906,0.00474747346164965,-0.004295614216052468
F2,N1,MAGDIFF,0.1,5,0.25234447697789064,0.09025094903728544,0.08941445269603363,0.1,0.33992608673848407,1.433491175204477,0.00699471612541253,-0.003963110004854234,0.004610912342093044,-0.0016117428863103155
F2,N1,MEMLESS,0.1,6,0.43807446361995955,0.1522308565982889,0.15247542856372603,0.1,0.5657785558890277,1.1150798080142874,0.007519139600414763,-0.005946222007031065,7.986782856889396e-05,0.003580402912560129
F2,N1,BLOCK,0.1,6,0.12386529876248892,0.0438972506579781,0.0447402817828484,0.1001001001001001,0.23872823892393363,49.75124378109453,0.006612902067862151,-0.002900387477327608,-0.006612902067862151,-0.0017923315745763586
F2,N1,AR,0.1,6,0.43806245461674753,0.15204627494972422,0.15245985618776572,0.1,0.5657685610474599,1.1135882287370416,0.00767440025894928,-0.005002223574230109,0.0006165204122702992,0.00366947144981668
F2,N1,ENERGY,0.1,6,0.14241645619301493,0.049101410749131005,0.04895097712083449,0.1,0.2630474166208363,9.040723981900452,0.006396675194399099,-0.004816849294046607,-0.006396675194399099,-0.0002935196189132236
F2,N1,MAGDIFF,0.1,6,0.24999626975607112,0.08497110193822933,0.08600101362819988,0.1,0.3401780942402137,1.420042643923241,0.00511703677709132,-0.0031338484502820437,-0.001989714805815649,0.0012754845175837685
F2,N1,MEMLESS,0.1,7,0.44404060826969993,0.15845830904352512,0.15941760854318598,0.1,0.5650010447433843,1.1108640053374848,0.009459545596629343,-0.0007392619275669968,0.003875324712933172,0.002269265438357887
F2,N1,BLOCK,0.1,7,0.12073892658395058,0.03858966480436911,0.038647492022465695,0.1001001001001001,0.23142155053496935,49.75124378109453,0.010485231193663475,-0.002020002172633147,-0.001060170989091601,-0.004257093782648533
F2,N1,AR,0.1,7,0.4440210616336004,0.15871825197282133,0.15961296208265113,0.1,0.5649848544059544,1.1091373376262907,0.008924959362498508,-0.0016311474003096412,0.004384348982645176,0.0027304049631015712
F2,N1,ENERGY,0.1,7,0.13878586322690653,0.04673998045894061,0.047032474099765464,0.1,0.25787944999800544,9.190432382704692,0.009660409261232369,-0.0004447235838381674,0.0012520856845907081,-0.006333329327436325
F2,N1,MAGDIFF,0.1,7,0.2596654900049155,0.0934100572659031,0.09410272106883309,0.1,0.3458097794047818,1.406447979726876,0.009191737312385139,-0.0038726068187490506,-0.0011413755113085914,-0.009191737312385139
F2,N1,MEMLESS,0.1,8,0.43732186676690676,0.150406347000538,0.1515741955256557,0.1,0.5636339788903661,1.1190769575445279,0.008654218449129074,-0.0017729588320950069,0.0039106280935128634,-0.006640953964410371
F2,N1,BLOCK,0.1,8,0.11714635964944314,0.046446860125754885,0.045417623457810447,0.1001001001001001,0.2292009222216635,49.75124378109453,0.006409756654109908,0.00020065750069693755,0.0060959423805560025,0.003187354771283133
F2,N1,AR,0.1,8,0.4373112612480216,0.1507003025387792,0.15182042886066638,0.1,0.5636251082072569,1.1178247734138973,0.007393143910495075,-0.0017596168482172702,0.0030581431030643215,-0.006064395993318535
F2,N1,ENERGY,0.1,8,0.1375715151757079,0.04503910842651336,0.045493301867288415,0.1,0.2584172083671189,8.709677419354838,0.007744556640480976,-0.006568126703751564,0.00106336338989534,0.00013977128728040656
F2,N1,MAGDIFF,0.1,8,0.2526942419566942,0.08900875910204463,0.08916720654099813,0.1,0.3434079655058859,1.417624521072797,0.007950829330628607,0.0004868497620816778,0.007950829330628607,0.0034810053654966886
F2,N1,MEMLESS,0.1,9,0.4353740459099245,0.15790726930928622,0.1577558745315792,0.1,0.560575239676982,1.1148309340475393,0.006835945341230989,0.00494417129255343,-0.0013795623498141665,0.005914285001906383
F2,N1,BLOCK,0.1,9,0.11732338692390734,0.04510206740826099,0.04438060086603234,0.1001001001001001,0.22927069925729926,49.75124378109453,0.006761128148273909,0.002215788467075923,0.004698638627070244,-0.0015475597802429126
F2,N1,AR,0.1,9,0.4353536325231416,0.15686218087692125,0.15677944966085325,0.1,0.5605583054480169,1.1113583268439204,0.006135135722213474,0.004645645125787647,-0.002926617174706517,0.006135135722213474
F2,N1,ENERGY,0.1,9,0.1381160532320072,0.05056543646636856,0.050192056192569695,0.1,0.2588277996008375,8.19524200164069,0.006360052895179544,0.0024517034395187378,0.006360052895179544,0.0004778371185048867
F2,N1,MAGDIFF,0.1,9,0.2495082492908212,0.08868827124835668,0.08858865996273911,0.1,0.33721971131094003,1.4265314865057832,0.006300225927923621,-0.0037962897071359848,-0.003198440678657944,-0.003247265102987081
F2,N1,MEMLESS,0.1,10,0.43758046084982044,0.15421240427773691,0.15532914871797737,0.1,0.5647322927422879,1.1074160292650481,0.009698770262263758,-0.001781399759317091,-9.65056947754465e-05,0.0005861879176466835
F2,N1,BLOCK,0.1,10,0.1199744468057336,0.04342571616709044,0.04305221896216585,0.1001001001001001,0.2330065679512281,50.25125628140704,0.005549840621972746,-0.0030769477304660193,-0.0020083672901481915,0.003990832728193618
F2,N1,AR,0.1,10,0.43756721628081596,0.1534694089596278,0.15448630567253713,0.1,0.5647212251394789,1.1049662647937175,0.009580298876287604,-0.0025595394038167517,-0.0016629941162463024,4.708751556387357e-05
F2,N1,ENERGY,0.1,10,0.13818747526865618,0.046438289102206085,0.04681311619907488,0.1,0.2587832201488881,9.22437673130194,0.007201240962157005,-0.0022373164574485795,-0.0055989236373745095,0.0011337953921341378
F2,N1,MAGDIFF,0.1,10,0.2522601724089539,0.0940019060636319,0.09387254610440983,0.1,0.3413395406872509,1.4376169232983163,0.00832023397198939,0.0005341055601255857,-0.001913459138370959,-0.00019842248001672775
F2,N1,MEMLESS,0.1,11,0.4411763163233682,0.1571538052001526,0.1572428564755661,0.1,0.5690171799530797,1.1111111111111112,0.006560046243730289,-0.002669464238613365,-0.003690335945662232,-0.003858086140729333
F2,N1,BLOCK,0.1,11,0.12108512007441848,0.046056223852702804,0.04563408388018308,0.1001001001001001,0.23272569207730467,49.75124378109453,0.014913667292220122,-0.00448570573909407,-0.003916077855461742,0.0023573846394643896
F2,N1,AR,0.1,11,0.44116420162494974,0.15734475115815916,0.15744611119764826,0.1,0.5690070884523084,1.1096301232922359,0.006825142510605335,-0.0026077536736613667,-0.002729075755486554,-0.0026059989012038494
F2,N1,ENERGY,0.1,11,0.13802414440734212,0.051504139745950334,0.050952688812136666,0.1,0.2578548865863226,9.746341463414634,0.01364315923268639,-0.0047208938178797495,-0.004762536217043582,0.0019555621416231803
F2,N1,MAGDIFF,0.1,11,0.25059711374617644,0.09199036821553032,0.09174541656351229,0.1,0.3401664716909889,1.4148137657555586,0.013438058312576847,-0.00317311094349921,0.004038557824700474,-0.011165559927167988
F2,N1,MEMLESS,0.1,12,0.43890252991711304,0.1571036394567547,0.1585121177787898,0.1,0.5657259160603435,1.1178247734138973,0.014132425666787421,0.004809756202911052,0.001647377121276868,0.003902317652687103
F2,N1,BLOCK,0.1,12,0.12288169514083727,0.039132397607813146,0.03917666970680484,0.1001001001001001,0.23618945734027716,49.75124378109453,0.009861933456125887,-0.0005027200486945803,-0.009696599017337364,0.00975357017021094
F2,N1,AR,0.1,12,0.43889132689909016,0.15704499526566962,0.1583876398925157,0.1,0.5657165595855239,1.1150798080142874,0.01436107833501466,0.004378119883310485,0.0019293594952124037,0.004562473359807474
F2,N1,ENERGY,0.1,12,0.14005575065684217,0.04361829799328537,0.04409185362095384,0.1,0.26055297735854155,9.19889502762431,0.010352042220059443,-0.001992969704884474,-0.010344701530820347,0.010352042220059443
F2,N1,MAGDIFF,0.1,12,0.25735880229720143,0.09179984804613128,0.09276715610412753,0.1,0.34773259172363835,1.4285714285714286,0.008837798450073143,-0.002643338584632774,0.0032881289421737756,-0.0006386909369215457
F2,N1,MEMLESS,0.1,13,0.4377399810635114,0.15307433878577065,0.15328262621996344,0.1,0.5643581804574792,1.10864498945733,0.007094697376193136,0.0016433395045812856,0.0014484865960582526,0.0007851187452306236
F2,N1,BLOCK,0.1,13,0.12069370971874341,0.037131656769802096,0.03748677097590164,0.1001001001001001,0.23301252159521124,49.75124378109453,0.011753097543620125,-0.00020598388181726932,-0.0018700461937720951,0.0012038885373294884
F2,N1,AR,0.1,13,0.43772901903335565,0.1528785194319911,0.15306774396329742,0.1,0.5643490232194777,1.1074160292650481,0.007033857509414253,0.0017488501426440484,0.0015777939552616008,0.0012340570027008359
F2,N1,ENERGY,0.1,13,0.1359109609190972,0.04676883574845886,0.04722189994249889,0.1,0.25600980540891005,9.50523311132255,0.007189494725199889,0.004442324604321503,-0.0021992298383310773,0.0014050264584784852
F2,N1,MAGDIFF,0.1,13,0.2575619132865692,0.09171932307578597,0.09171082343719031,0.1,0.34818103818468016,1.426939008713041,0.009032467613482035,0.0003789204112212003,0.00233002245135796,0.004598032032211459
F2,N1,MEMLESS,0.1,14,0.4393995368511977,0.1547416346179764,0.15423220724832523,0.1,0.563265033574395,1.1197041022192333,0.009804416725240633,0.0037460754686195782,0.006284721943101633,-0.009804416725240633
F2,N1,BLOCK,0.1,14,0.12222322962353363,0.04658586371444827,0.046103657133400706,0.1001001001001001,0.23349520900208176,49.75124378109453,0.007548767996474437,0.002355217872995553,0.004969036004711395,-0.0019086328262470117
F2,N1,AR,0.1,14,0.43938843925605525,0.15394250778252772,0.15349249854903146,0.1,0.5632557932410343,1.1171997316036681,0.010726618845157812,0.002777736131903384,0.006233232019397333,-0.010726618845157812
F2,N1,ENERGY,0.1,14,0.13778882991061653,0.04683811407073801,0.04719470501560554,0.1,0.2571577717294592,9.910714285714286,0.007079062822130724,0.0020279703697573597,0.0026546562766949465,-0.0028221933904923925
F2,N1,MAGDIFF,0.1,14,0.25162824856211324,0.08868861611436875,0.08781423761940035,0.1,0.34035297714574475,1.417624521072797,0.009045353965221834,-0.004585953154994545,0.002732109742153729,0.002852072245613344
F2,N1,MEMLESS,0.1,15,0.44019782139278074,0.1545130584019434,0.1547127190594506,0.1,0.5650971384476542,1.1111111111111112,0.009547862764231505,0.005472997191452449,0.0015278270597237186,-0.008547954257327406
F2,N1,BLOCK,0.1,15,0.11916474618282585,0.0421937312098231,0.04205310850079186,0.1001001001001001,0.23157448243339931,50.25125628140704,0.011349511076345688,0.006190316292170473,0.0014045484234041638,0.005267762933096667
F2,N1,AR,0.1,15,0.44018371657441097,0.15478221955851995,0.15497526716402998,0.1,0.5650854238740776,1.1091373376262907,0.010220608003674683,0.006616919276566738,0.002501288588273115,-0.00856512044583927
F2,N1,ENERGY,0.1,15,0.13920220977456094,0.05111366583164946,0.05061701082731001,0.1,0.25949693982458444,8.975741239892184,0.011446962387553777,0.005584014634805461,-0.0019667300342791293,0.007131915355863238
F2,N1,MAGDIFF,0.1,15,0.25354292679030943,0.08891801292399266,0.089609175826857,0.1,0.3409242679260565,1.4261241970021414,0.0070203263010575265,0.0015300656213073284,-0.0040443558309057655,0.0027090755982973887
F2,N1,MEMLESS,0.1,16,0.4416011378724942,0.1553112159579801,0.15513560894494438,0.1,0.5623101005367838,1.1113583268439204,0.0071243281191784484,0.0006814558776586001,-0.0012592542481669434,-0.00453808237318289
F2,N1,BLOCK,0.1,16,0.12177692336984865,0.03629660207521779,0.0371421365114846,0.09945945945945946,0.23194703199235917,50.18181818181818,0.01109673777940769,-0.0010846176619140747,0.01109673777940769,-0.00032469274624354413
F2,N1,AR,0.1,16,0.44158685547163246,0.15611801057704505,0.15599465837270668,0.1,0.5622983301333231,1.1106170094496943,0.007092974923134934,0.0013585661656906982,-0.0015821515745979401,-0.004266709442342318
F2,N1,ENERGY,0.1,16,0.13983305521498712,0.048547629931451064,0.04852797318682129,0.1,0.25684947622819454,9.881305637982196,0.009914499406253809,-0.0014578938407743605,0.009914499406253809,0.00011656183525944856
F2,N1,MAGDIFF,0.1,16,0.2525191013359135,0.08522270461490035,0.0863316649579242,0.1,0.3377277589579858,1.429389039919874,0.0045807953324506255,0.00243364034518139,0.0017467757868054772,-0.0040773316054931764
F2,N1,MEMLESS,0.1,17,0.437614643555982,0.15845145746215789,0.15734100729706743,0.1,0.5638890421321019,1.1143335192414947,0.006320369483772037,-0.0010358307201405155,0.0021099203683351444,-0.002576696966181364
F2,N1,BLOCK,0.1,17,0.11613118916994963,0.0396777429622964,0.03960019400751802,0.1001001001001001,0.22913910632502366,49.75124378109453,0.005119180687776028,0.004009217282889901,0.0008346971617005725,-0.0004174748601941597
F2,N1,AR,0.1,17,0.4376048942717974,0.1584363184025427,0.15741335662950645,0.1,0.5638809797757643,1.112843934499276,0.00598327342181618,-0.0012334830000924114,0.0015904997522370402,-0.0016462855975858447
F2,N1,ENERGY,0.1,17,0.13957083081029925,0.053506668465920615,0.0534093829858423,0.1,0.2598858288140909,8.40201850294365,0.014060456290592317,0.003220439742672087,0.004647735114366937,-0.0027872555649534276
F2,N1,MAGDIFF,0.1,17,0.25022888173531216,0.08946811254759261,0.08825550139320691,0.1,0.33989736485264627,1.410618469358938,0.009277829688515909,0.0019310647225146166,-0.009277829688515909,-0.00029069831577406997
F2,N1,MEMLESS,0.1,18,0.4395741174046106,0.15593535688379023,0.15755627622457402,0.1,0.5664163872195473,1.114706538719036,0.007247049668917061,0.0013720417864829509,-0.00491109040682386,0.007247049668917061
F2,N1,BLOCK,0.1,18,0.1187619517258534,0.0518780047336132,0.050439365803085986,0.1001001001001001,0.23070946845914694,49.75124378109453,0.007318111994446321,0.0027877526752290538,-0.0019271173914969712,-0.0024394155230086263
F2,N1,AR,0.1,18,0.43956214128417936,0.1562057571759814,0.15788335435855433,0.1,0.5664064221430942,1.113464110566206,0.008006482935273214,0.0011981753612579184,-0.005171421098365198,0.008006482935273214
F2,N1,ENERGY,0.1,18,0.13955193696765425,0.053519097206262384,0.05303379775148396,0.1,0.25940820326611447,9.275766016713092,0.007907774659498434,0.0040731131039590945,0.0005738156446734312,-0.006282523846272078
F2,N1,MAGDIFF,0.1,18,0.25366455551644046,0.09158357691040407,0.09193871228850936,0.1,0.34226695410262603,1.4411425274091172,0.009989596913286528,0.0059615290499943204,-0.003343055543550685,0.0005913191307248099
F2,N1,MEMLESS,0.1,19,0.44166574874627046,0.15716686529862164,0.15698480093427913,0.1,0.5656703105444879,1.1108640053374848,0.008275563203717091,0.0037037994138614857,-2.364088593142348e-05,-0.005151615685047285
F2,N1,BLOCK,0.1,19,0.1207140730406309,0.040123727995973385,0.04004404817818474,0.1001001001001001,0.2328413690107066,49.75124378109453,0.011432952359512945,-0.0036993222026206647,0.011432952359512945,-0.006673823893480163
F2,N1,AR,0.1,19,0.44164884017616474,0.1566916246751108,0.15656880714551646,0.1,0.5656562407971256,1.1088911088911089,0.009210954264392713,0.0035763180614655013,-0.0004698575103200426,-0.004929815299328931
F2,N1,ENERGY,0.1,19,0.1392290648486196,0.04892862878139616,0.049186119680347265,0.1,0.2581810936630095,9.258572752548655,0.015417589973353064,-0.00436042354523992,0.015417589973353064,-0.0015735722186430677
F2,N1,MAGDIFF,0.1,19,0.2552767487139022,0.089043603215063,0.08860496303191863,0.1,0.3428560799733245,1.4351386295072548,0.007173330385274226,-0.004926937154877451,0.00081550721777454,-0.0007016214789319657
F2,N1,MEMLESS,0.1,20,0.4390608290111887,0.1561115955446012,0.15518349524199643,0.1,0.5654860831423371,1.1118530884808013,0.007962372391410389,0.0001175897130816298,0.0028749415950676087,-0.005899469515698741
F2,N1,BLOCK,0.1,20,0.1218608708747776,0.03964319371330906,0.03987264125327001,0.1001001001001001,0.23480950726156083,49.75124378109453,0.0074719458890369775,0.005056093430900245,0.0007180939629629663,-0.001777818862669105
F2,N1,AR,0.1,20,0.43904762269285375,0.15604646300549108,0.15508255443257746,0.1,0.5654750767080714,1.1101233470385599,0.008331130810718635,-0.00013953597471699802,0.0038221971266445844,-0.005262078716773363
F2,N1,ENERGY,0.1,20,0.13680079822268834,0.05280575592685546,0.052265937979148705,0.1,0.25637442154617873,9.310344827586206,0.00809525532566928,0.0057124939863320385,-0.0022051084376709,0.0019267993497866685
F2,N1,MAGDIFF,0.1,20,0.25461243167949393,0.09029653060028114,0.08993647249822148,0.1,0.3428643017089041,1.4216593140742848,0.010789677953480258,0.0007500795084471276,0.0021806516582216265,-0.0020220357475025713
F2,N1,MEMLESS,0.1,21,0.43817502103502487,0.158335034100826,0.15760607763639087,0.1,0.563664031450015,1.116325846463292,0.011383816163313387,-0.0003659701311876144,-0.0042682420558755735,0.011383816163313387
F2,N1,BLOCK,0.1,21,0.12086448448972649,0.0474944694966179,0.04714647287625197,0.1001001001001001,0.23195794193760103,49.75124378109453,0.005060117292121935,-0.0019601404968773574,0.00046140684299925176,0.001758957661162556
F2,N1,AR,0.1,21,0.4381609863082171,0.1584754754935302,0.1577700322953505,0.1,0.5636523437964175,1.112843934499276,0.010805844592703229,0.0007560698846213194,-0.004407726107192338,0.010805844592703229
F2,N1,ENERGY,0.1,21,0.13628850995027483,0.049192766580237385,0.04875661166623441,0.1,0.25614000036729656,9.123287671232877,0.005482060150602679,-0.0016777139828192988,0.0038529324290858527,-0.0018377786936953785
F2,N1,MAGDIFF,0.1,21,0.2532685953234688,0.09100484069959573,0.09113167137656633,0.1,0.3415550633781721,1.4401037912642352,0.004752676773471763,-0.002765879983964687,0.004752676773471763,-0.0017495585810628047
F2,N1,MEMLESS,0.1,22,0.4387215392251386,0.15146254069734588,0.15158732936227906,0.1,0.5655597483036775,1.112596057467424,0.006775254573941436,-0.006775254573941436,-0.004114679808837932,-0.003449076921162424
F2,N1,BLOCK,0.1,22,0.12207281447053771,0.04256766942381893,0.043503212019776236,0.1001001001001001,0.23314732416559528,49.75124378109453,0.006323966877772182,0.005052043006154476,0.0006277788125784624,0.0013419868404761113
F2,N1,AR,0.1,22,0.4387098476068333,0.15156411735899822,0.15170063316604446,0.1,0.565550034122137,1.1101233470385599,0.007402285163581667,-0.0069214500326670765,-0.004763283770326996,-0.002797375043538671
F2,N1,ENERGY,0.1,22,0.137375770909392,0.046834868961862466,0.04729491030796279,0.1,0.257300854128136,8.943598925693824,0.00926877527007329,0.00926877527007329,0.002569091989904386,-0.0006790129509444178
F2,N1,MAGDIFF,0.1,22,0.2520387475676728,0.08871720080454962,0.08869014159457726,0.1,0.34086049191243173,1.4184296464574755,0.008392757460094782,-0.006930724261385544,0.0015012046573199646,0.0033340841375188554
F2,N1,MEMLESS,0.1,23,0.4375660930489029,0.15773714739820988,0.15739816510674665,0.1,0.5666158937798184,1.1024056499668948,0.00943215260984712,-0.0025932281736924753,0.005750607185286313,-0.0013190062111645318
F2,N1,BLOCK,0.1,23,0.11968304243646664,0.0440941593552962,0.04371140160134306,0.1001001001001001,0.2325726046051617,49.75124378109453,0.0036896559278717027,-0.0036896559278717027,0.00035238617131958666,-0.0014141492095655556
F2,N1,AR,0.1,23,0.4375553890776381,0.15796587968586834,0.1575887746167538,0.1,0.5666069735603563,1.1002202643171806,0.009527698986343968,-0.0025386216712321857,0.006060232537384977,-0.0016374657397004062
F2,N1,ENERGY,0.1,23,0.13620408584006688,0.047934569717712205,0.04774689765362264,0.1,0.25789144383912366,9.652173913043478,0.0059470213934520325,-0.0059470213934520325,0.0029102441106643845,-0.001005534338242975
F2,N1,MAGDIFF,0.1,23,0.2568950232511939,0.0977036560272101,0.09678560274975848,0.1,0.3484884607416939,1.4162177487950098,0.007650988402523448,-0.0025725232429883904,0.0009737573829994002,0.007650988402523448
F2,N1,MEMLESS,0.1,24,0.44029366712288515,0.16087549544356666,0.1590409049793696,0.1,0.562283316106051,1.114582171148053,0.006390792446974664,0.0023917394435749176,-0.001909609454885061,0.000633438415845588
F2,N1,BLOCK,0.1,24,0.12017530569803421,0.040416252206273956,0.04011852346348637,0.1001001001001001,0.22976666254088868,50.25125628140704,0.008485530685065022,0.0010660853228641222,-0.0006413840648791702,0.005083835768096481
F2,N1,AR,0.1,24,0.4402774511064183,0.16177063008228426,0.15971463381609396,0.1,0.5622699465557317,1.1116056526093245,0.006991020199580044,0.002855857395267822,-0.001665095179519503,-0.00017222235752889883
F2,N1,ENERGY,0.1,24,0.138123782881279,0.05025491349695084,0.0496773676354073,0.1,0.2549296215256719,9.784524975514202,0.009705509342524992,0.0022361575939060215,-0.0019125173643113542,0.00642463656801893
F2,N1,MAGDIFF,0.1,24,0.2527366192945104,0.0902988043434312,0.08926841469649582,0.1,0.3381396973707824,1.4212548015364916,0.006225545339866501,-0.000488339444141619,0.00339148110184551,0.0015227227707897064
F2,N1,MEMLESS,0.1,25,0.43677963452112156,0.15437860562836866,0.15449777349616017,0.1,0.5626255440366141,1.1150798080142874,0.0071264414365786784,0.0071264414365786784,0.0017238084313345593,0.004662225671209494
F2,N1,BLOCK,0.1,25,0.11823390442093154,0.03791856140645118,0.038259132027776054,0.1001001001001001,0.22966151450613306,49.75124378109453,0.008394287248452812,0.008394287248452812,0.0007126931877731906,-0.0061269343562905445
F2,N1,AR,0.1,25,0.4367687190512373,0.1535557529292946,0.15366890356257232,0.1,0.5626165124824476,1.1123482908362097,0.007586671637980629,0.006571860551898328,0.0018122266093908038,0.0038384388767827146
F2,N1,ENERGY,0.1,25,0.13728703569462578,0.04632743598579908,0.046332084103263116,0.1,0.2564609167575348,8.531169940222032,0.011503330408048601,0.011503330408048601,0.0009350382644186447,-0.0012606580056682866
F2,N1,MAGDIFF,0.1,25,0.24855288875819165,0.08658254834151644,0.0863810434771332,0.1,0.3371620507633181,1.4068441064638784,0.005244134512628552,0.0023462679227915615,0.0018945685456351908,0.00453955743953129
F2,N1,MEMLESS,0.1,26,0.43687513917649573,0.1524497314118413,0.15279248925417305,0.1,0.5653107842750212,1.110370123374458,0.010837203847514914,-0.005325524249949266,-0.005010878288833183,-0.0056355808862072814
F2,N1,BLOCK,0.1,26,0.12275541431661721,0.05118245800518617,0.050620694757141205,0.1001001001001001,0.2361129893284963,49.75124378109453,0.00732925179593365,0.001383362484626568,0.004085922221281403,-0.0024747850399687247
F2,N1,AR,0.1,26,0.4368656314789666,0.15208905946272047,0.1523757258232994,0.1,0.5653028413599356,1.108153078202995,0.010321223441712775,-0.005305369054326051,-0.0068500624694080425,-0.003958961567916832
F2,N1,ENERGY,0.1,26,0.13966641416283487,0.0561847599376078,0.05534409196338986,0.1,0.260067879383953,9.258572752548655,0.008721325091432194,-2.5006859399200503e-05,0.0044154882201844405,-0.00390712904376743
F2,N1,MAGDIFF,0.1,26,0.2498864163421292,0.08780037413295214,0.0886126051065439,0.1,0.34053265167924673,1.4112162734849556,0.009486184216612141,6.190257672361168e-05,-0.003599103832319316,0.0014752670385829829
F2,N1,MEMLESS,0.1,27,0.43851382292703156,0.14465330927796272,0.14592212265476368,0.1,0.5638884261156715,1.1104935526900845,0.006284981373787326,-0.005012161384236632,-0.003688982979692158,-0.0029233542657435647
F2,N1,BLOCK,0.1,27,0.1217074492892353,0.045647897396177015,0.045644520737502116,0.1001001001001001,0.23323139095615916,49.75124378109453,0.0093520381833205,-0.0002671375231201859,0.004324234483264913,0.0019134769444331076
F2,N1,AR,0.1,27,0.43850274186122573,0.14443846723813625,0.14565898026434537,0.1,0.5638792330889626,1.1095068858285206,0.006718218169938387,-0.006512195009145853,-0.00352395513371043,-0.002306141098303672
F2,N1,ENERGY,0.1,27,0.14014478038775122,0.04880760191578594,0.04873597326378023,0.1,0.2587985470036915,9.43342776203966,0.009046627050233815,0.0010774415858290306,2.324611085093622e-05,0.0017676232279457875
F2,N1,MAGDIFF,0.1,27,0.2515243741474496,0.08366535830580367,0.08473088665937718,0.1,0.33918612666227027,1.4152146196345092,0.005776842947710917,-0.005190698389487344,-0.0015972927640154158,0.0013858258165883558
F2,N1,MEMLESS,0.1,28,0.44218950419134645,0.16093283040408307,0.15993750294267192,0.1,0.5708902538623672,1.1101233470385599,0.0074009953177139555,-7.764531266322683e-06,-0.0074009953177139555,-0.0002446386996243357
F2,N1,BLOCK,0.1,28,0.11911058663658738,0.047096270131432624,0.04595465538449524,0.1001001001001001,0.2317005730008258,49.75124378109453,0.010543867188489327,0.003338493149432729,-0.008060356291615394,-0.0008201993957386906
F2,N1,AR,0.1,28,0.44217934006804827,0.1607834376399208,0.1598699560131756,0.1,0.5708817429585843,1.1079072862371078,0.008899887961805025,5.645825086161482e-05,-0.008899887961805025,-0.0009783457477068127
F2,N1,ENERGY,0.1,28,0.1397327506629248,0.05567954542715825,0.054640352875812905,0.1,0.2615985508457388,8.276719138359569,0.013041952830297823,0.003824159297860643,-0.007537158087214262,0.0009463216549151477
F2,N1,MAGDIFF,0.1,28,0.2565352299443045,0.09633905633986521,0.09467466483064352,0.1,0.34732111817220707,1.4212548015364916,0.008662222440704548,0.0007050284484945336,-0.00248263902303104,-0.0056028034741881765
F2,N1,MEMLESS,0.1,29,0.4396008318587527,0.1585577811779951,0.15914806479214363,0.1,0.5682069073470456,1.1069252077562326,0.008947899990638641,-0.003047088838058734,-0.00023105549002348279,0.005360487253164474
F2,N1,BLOCK,0.1,29,0.11836483313813785,0.04150541641456554,0.04233643632323287,0.1001001001001001,0.2308269889170038,49.75124378109453,0.006484972473599418,-0.0007659516116695054,0.00047345367547089534,0.0007297554993686219
F2,N1,AR,0.1,29,0.43958814590859463,0.1590589536340215,0.15954452751913853,0.1,0.5681962776785623,1.1047218843304214,0.008768177095638641,-0.0029668090139525483,-0.0002676043992518287,0.004925647230231487
F2,N1,ENERGY,0.1,29,0.13926501674695665,0.05168084946705029,0.05169526740132557,0.1,0.2606308183786685,9.016245487364621,0.006239676139547909,9.602339960285336e-05,-0.0010503839379755035,0.000496634424322867
F2,N1,MAGDIFF,0.1,29,0.2486261990122453,0.0908723188795435,0.09135428190144682,0.1,0.33842235644535296,1.4194373401534526,0.006370937139472967,-0.004348285548014793,0.006370937139472967,0.003608448726946287
F2,N1,MEMLESS,0.1,30,0.4403132409089521,0.156716457785548,0.1549303570687974,0.1,0.563228513987792,1.110370123374458,0.006544933495429031,-0.0011928528926333794,0.004112016998860293,0.006544933495429031
F2,N1,BLOCK,0.1,30,0.11888677400929358,0.03977817815742875,0.039598223722928136,0.1001001001001001,0.22944067400428617,49.75124378109453,0.008166657346285106,0.005319015871895574,-0.0011999484185066186,0.006888530575983911
F2,N1,AR,0.1,30,0.4402979322737822,0.15726520474845562,0.15547075894799864,0.1,0.5632158756172505,1.1079072862371078,0.007081256275814089,-0.0005257889710418056,0.003884214017089445,0.007081256275814089
F2,N1,ENERGY,0.1,30,0.1368238867974578,0.04751973946133092,0.04716143170315334,0.1,0.2564029602205853,9.1651376146789,0.0056478453515105085,0.001241145328688642,-8.436402368244779e-05,0.005164317757596541
F2,N1,MAGDIFF,0.1,30,0.25321777569283743,0.08804667266076682,0.08757855276945987,0.1,0.34174502974641957,1.405656395103419,0.01351695889289296,0.0073287804958308035,0.0013352396029059168,0.01351695889289296
F2,N1,MEMLESS,0.1,31,0.43905551554755834,0.15939367311188307,0.15778117084476642,0.1,0.5654677647042393,1.1165753883983458,0.007727339131803413,0.007727339131803413,0.004271609923922957,-0.004406688203928967
F2,N1,BLOCK,0.1,31,0.1206306257484166,0.046153055479758565,0.04498109126778861,0.1001001001001001,0.23238146268750248,50.25125628140704,0.006756417189015279,0.0031124886375578933,-0.0026852159884559954,0.0007843490833093562
F2,N1,AR,0.1,31,0.43904265715518354,0.15907528866771786,0.15744613616138034,0.1,0.5654570524693878,1.1150798080142874,0.00826557407426925,0.00826557407426925,0.0031831367389330762,-0.004129985235507347
F2,N1,ENERGY,0.1,31,0.13875198828522045,0.049304962870769256,0.048641374844291284,0.1,0.2589343808357978,9.523355576739752,0.004259851168208635,0.0004956059613677273,-0.0018107825665893387,0.0018349320209345471
F2,N1,MAGDIFF,0.1,31,0.25374225402582,0.09090948660521861,0.090127585216934,0.1,0.34288231003702135,1.4261241970021414,0.006949492211790908,0.005969369221167254,-0.0041375182078959745,0.003271717301953554
F2,N1,MEMLESS,0.1,32,0.43577477152803906,0.15411732851491933,0.15423534815712028,0.1,0.564551901215349,1.1074160292650481,0.006716218757235396,-0.006716218757235396,0.00420259115807397,-0.0015532252765367734
F2,N1,BLOCK,0.1,32,0.11994518015156498,0.042728913408362046,0.04299952505475977,0.0998998998998999,0.23358140691325588,49.9,0.007610681985954627,-0.004391855168775155,0.006237888770859427,-0.003100652657118255
F2,N1,AR,0.1,32,0.4357599859968308,0.1539605932656899,0.15414181513452005,0.1,0.5645395028135803,1.105700055340343,0.0064992377126003335,-0.006158483460872416,0.0037699083674037448,-0.0009949158592547117
F2,N1,ENERGY,0.1,32,0.14047721204201696,0.05012245109753938,0.04998012761684986,0.1,0.2610858607567825,9.267161410018552,0.0064376427432289085,-0.006009168347957259,0.004528298002527622,0.00027393862598815096
F2,N1,MAGDIFF,0.1,32,0.2509508324431825,0.08685976919730214,0.08597731418065749,0.1,0.34012573958964204,1.430617213232135,0.009345674913967152,-0.009345674913967152,0.00485080533334133,0.0053384573655263145
F2,N1,MEMLESS,0.1,33,0.43833932966553907,0.16285658554379728,0.16079378198577762,0.1,0.5652231338030653,1.1148309340475393,0.006852859241312695,-0.00645834687505571,0.0007443779452486482,-0.004596957693699538
F2,N1,BLOCK,0.1,33,0.12120178668242466,0.04371268068878882,0.0437398935260624,0.1001001001001001,0.23446073161553163,49.75124378109453,0.006193619703693838,-0.005065583959818139,0.0013726519734370357,-0.0019927375913759227
F2,N1,AR,0.1,33,0.43832383047420453,0.16293753643734604,0.16092923216141944,0.1,0.5652101736408255,1.112596057467424,0.006540078706707069,-0.006207167247123845,0.00030123981917210143,-0.003266263658684907
F2,N1,ENERGY,0.1,33,0.13597712735368447,0.048385011626959074,0.048635372316694195,0.1,0.25638224001166543,10.309597523219814,0.007148687006258858,-0.007148687006258858,-0.0026793876133663712,0.0015765003138549615
F2,N1,MAGDIFF,0.1,33,0.2522081208274545,0.09523234494044831,0.09435694672048497,0.1,0.34182143831223927,1.4198408186469584,0.006406246304861959,-0.0018257105486125514,-0.003355201808749368,0.004435555302140712
F2,N1,MEMLESS,0.1,34,0.4369195113888626,0.15605100189230656,0.15589054845555517,0.1,0.5635763008758398,1.1148309340475393,0.007768746274362685,-0.0020979940641027315,-0.0009096602488669975,-0.007196289438012137
F2,N1,BLOCK,0.1,34,0.12170324438211767,0.042334243472314126,0.04261990599770896,0.1001001001001001,0.23404648454893348,49.75124378109453,0.008831260068278104,-0.003316455941541067,0.008831260068278104,0.0010313853862849128
F2,N1,AR,0.1,34,0.43690703429195543,0.155594779749061,0.15542842373680693,0.1,0.5635659145092178,1.112843934499276,0.008455520393280099,-0.0027794611963744,-0.001258792985761046,-0.006759053671702107
F2,N1,ENERGY,0.1,34,0.13681222927210754,0.05020370662225419,0.050019349312358616,0.1,0.25589405070894694,9.44234404536862,0.007323976291552532,-0.004580331502801906,0.007323976291552532,0.003583731841461184
F2,N1,MAGDIFF,0.1,34,0.25179241442325373,0.08734813206347028,0.08741766969221268,0.1,0.3408936760369691,1.4224690303289194,0.007448237479937663,-0.006780224008574056,0.003848011369698281,-0.00723660806988552
F2,N1,MEMLESS,0.1,35,0.43832239791396704,0.1558248283209419,0.1556527119685471,0.1,0.5655650214433379,1.1044776119402986,0.010085132720344234,-0.004742930842125119,-0.004536109682110311,0.010085132720344234
F2,N1,BLOCK,0.1,35,0.1172221380305013,0.04276962979814365,0.042131100509764076,0.1001001001001001,0.23094151839646965,50.25125628140704,0.007981311326850989,0.007076827780550636,-0.007981311326850989,0.0020725978653762293
F2,N1,AR,0.1,35,0.4383104156447515,0.15519205677887743,0.15492209143317473,0.1,0.5655549796245108,1.1020408163265305,0.010877877103637423,-0.0046933035350459115,-0.004296609607887204,0.010877877103637423
F2,N1,ENERGY,0.1,35,0.1378726082574229,0.04673901910954141,0.04663046090798926,0.1,0.2581987958759446,9.345182413470534,0.0097692189426533,0.0055161842940884675,-0.0097692189426533,0.0018832590593438293
F2,N1,MAGDIFF,0.1,35,0.2556170725969566,0.08655272704066379,0.08731364398819436,0.1,0.34564402566182995,1.4273467638234034,0.013526995620910382,-0.0006008723280136859,-0.0031548322979455127,0.013526995620910382
F2,N1,MEMLESS,0.1,36,0.43711575056448426,0.15243688770059788,0.15375270346329128,0.1,0.5651399723313143,1.1178247734138973,0.003947725817825617,0.002862446674219438,0.0017931177202708017,0.0004895121152168382
F2,N1,BLOCK,0.1,36,0.12322374205278822,0.041861595345690714,0.042249693200864004,0.1001001001001001,0.23604345398557908,49.75124378109453,0.008862436589549088,-0.006722282523680366,-0.0033423684916685874,0.0011298689603978743
F2,N1,AR,0.1,36,0.4371006209355488,0.15281056846653296,0.15425864292442418,0.1,0.5651274282636911,1.1138365481101573,0.004707296592003007,0.004047044564501932,0.0026727437317204767,-8.010152725460853e-05
F2,N1,ENERGY,0.1,36,0.13998772351293196,0.0511621641062773,0.051369569210485806,0.1,0.26110046534562525,9.578139980824545,0.008633064832493592,-0.008633064832493592,-0.0024480681068010245,0.0018249414185931394
F2,N1,MAGDIFF,0.1,36,0.25287997557755065,0.08974221606521167,0.09057737223994836,0.1,0.34300589289638883,1.4132126184750318,0.009920650867309337,0.002136833099290489,-0.009392224200271602,0.0039443614329585895
F2,N1,MEMLESS,0.1,37,0.4401653921180236,0.1547352729052464,0.15457454207136545,0.1,0.5648069120637046,1.1047218843304214,0.0061080011673418765,-0.005752338623198957,-0.00468771759279308,0.0016796629154099997
F2,N1,BLOCK,0.1,37,0.11742680404635979,0.03926919470462685,0.040007846873216485,0.1001001001001001,0.22742687868431666,49.75124378109453,0.007879067567034263,0.0025431326961711342,0.002305391228980462,0.007879067567034263
F2,N1,AR,0.1,37,0.4401541259753412,0.15369671919082006,0.15360582739253284,0.1,0.564797577887962,1.1020408163265305,0.006476498639082415,-0.006476498639082415,-0.004737027368578456,0.0023519865819315905
F2,N1,ENERGY,0.1,37,0.13870943098385427,0.04955034253661901,0.0496712779920629,0.1,0.2590922365138745,8.664353859496964,0.005539976676874652,0.004191422071421637,0.003167471477965847,0.0050227982305521045
F2,N1,MAGDIFF,0.1,37,0.25687672568414444,0.09233826000456997,0.09178725339829046,0.1,0.34479904215737384,1.4148137657555586,0.007120134540559611,0.0031505871609701416,-0.0005313715101346173,0.007120134540559611
F2,N1,MEMLESS,0.1,38,0.43661481278367426,0.15954849041332975,0.1577586372654216,0.1,0.5623919323493269,1.110370123374458,0.009436959371034425,-0.003594545367795485,-0.002477355141126993,-0.006843070707101733
F2,N1,BLOCK,0.1,38,0.12107362929694669,0.04449857786738623,0.04429279412492709,0.1001001001001001,0.23386664788792505,50.76142131979695,0.01061709205151855,0.0013153624200057021,-0.0027561416279497835,0.01061709205151855
F2,N1,AR,0.1,38,0.43659936127261373,0.16014497606437406,0.1582487355090112,0.1,0.5623791128718674,1.1069252077562326,0.009108609820580042,-0.0034489049571065494,-0.0029222018996079594,-0.0062955911230713184
F2,N1,ENERGY,0.1,38,0.14011689050860265,0.05033945157962688,0.0492756260509037,0.1,0.26009246025807115,9.487179487179487,0.011802124484583043,0.000736463907367242,-0.00238033288408569,0.011802124484583043
F2,N1,MAGDIFF,0.1,38,0.25128527906376247,0.08489258722596384,0.08436209485118981,0.1,0.3394552141465239,1.4253103153088886,0.011764265370669172,-0.01016794637573582,-0.011764265370669172,0.002372670866635006
F2,N1,MEMLESS,0.1,39,0.4398781456983589,0.15687715180672326,0.15676560010305363,0.1,0.5639969726510693,1.1037454424925424,0.006233683117574191,0.001439682255122727,0.0005012218197086422,-0.000647799495147685
F2,N1,BLOCK,0.1,39,0.12120909763064724,0.04868407903047425,0.04857076832040849,0.1001001001001001,0.23284978502060438,49.75124378109453,0.008742836604081287,0.000877013508259782,0.008742836604081287,0.004041115058511885
F2,N1,AR,0.1,39,0.43986543531825173,0.1578046213724899,0.15772873745618568,0.1,0.5639864130239491,1.1020408163265305,0.0059131781652602975,0.002531231488936697,-0.0003510019354232012,-0.0007471601067623242
F2,N1,ENERGY,0.1,39,0.13825923575050797,0.04351993474262658,0.04388390756148755,0.1,0.2577985175836329,9.496197718631178,0.008186631947531981,0.0009789034994790804,0.007290824945907784,0.0038260649649505007
F2,N1,MAGDIFF,0.1,39,0.2531597026294891,0.09153389403231504,0.09172074097021077,0.1,0.34024104844401315,1.4220640569395018,0.006658534718033683,-0.0017713310310547086,-0.0010718810524806706,-0.0033306894752241174
F2,N1,MEMLESS,0.1,40,0.43712834157452024,0.15394719877942079,0.15515296748591711,0.1,0.5662719092146747,1.105700055340343,0.0066790972187094145,0.0021864445979709467,0.0031898724497776425,0.0025231336697568575
F2,N1,BLOCK,0.1,40,0.1196572794913289,0.03688845866996364,0.03764106455322877,0.1001001001001001,0.23316738331417672,49.75124378109453,0.0073205018166252805,-0.0013237133629114104,0.0073205018166252805,-0.004184043204545904
F2,N1,AR,0.1,40,0.43711645014238654,0.1547607304898453,0.15601161282792428,0.1,0.5662619525544907,1.1035016016790014,0.006723463149888241,0.0035830069406765272,0.002933868233649918,0.003039368357674561
F2,N1,ENERGY,0.1,40,0.13693800850753443,0.0543732872157007,0.05414058787369422,0.1,0.25744710713255803,8.786279683377309,0.007229801028027958,7.322334289084351e-05,0.0051657614865061735,-0.0023924925119880747
F2,N1,MAGDIFF,0.1,40,0.25250038954166587,0.08613708264927919,0.0877400393293537,0.1,0.34332118373054504,1.420850519129569,0.01514374095783295,0.0072588347753330534,0.0008099985318518757,0.002700279386358635
F2,N1,MEMLESS,0.1,41,0.43766734193033136,0.1622734439735528,0.16231372580165,0.1,0.5663786277161889,1.1092604930046635,0.01071313447051693,-0.0035371304047196774,-0.01071313447051693,0.006840222896376845
F2,N1,BLOCK,0.1,41,0.12216160173349656,0.04832508226015299,0.0485595596696431,0.1001001001001001,0.23516555759607835,50.25125628140704,0.009353677093137067,0.0025281017328742435,-0.0026269911995176276,0.006878276612268889
F2,N1,AR,0.1,41,0.43765434497828054,0.1617306896565202,0.16182976629992296,0.1,0.566367759865248,1.1077844311377245,0.01004669856484438,-0.002800181139529692,-0.01004669856484438,0.005901668405494829
F2,N1,ENERGY,0.1,41,0.13864778064633843,0.04466106295533577,0.046186627812986034,0.1,0.2590654634498631,9.460227272727273,0.011403442473416172,-0.0014322643689647961,-0.002418458542698222,0.0037784137686909334
F2,N1,MAGDIFF,0.1,41,0.25363349200874946,0.09326949694661253,0.09278216903206404,0.1,0.34437552538935895,1.4116150911403136,0.015638244499060393,-0.000924704357403511,-0.0062428220327076945,-8.921638978515276e-05
F2,N1,MEMLESS,0.1,42,0.4369980697287807,0.1483340405873485,0.14965783698660268,0.1,0.5641892670628585,1.111729356777209,0.004052719004070008,-0.0031527799850121422,0.0023512165844803727,0.003258145845472484
F2,N1,BLOCK,0.1,42,0.1181176810520479,0.0443522235677726,0.04409407585972026,0.1001001001001001,0.2311453732008685,50.25125628140704,0.01342115189877612,0.01342115189877612,-0.0026266420508024245,-0.0012832678693207233
F2,N1,AR,0.1,42,0.43698515888575296,0.1488174538390961,0.15005467817755466,0.1,0.5641785242788369,1.1090142095914743,0.00420071155343861,-0.0026473297441661405,0.0013686484436184153,0.003894542170747709
F2,N1,ENERGY,0.1,42,0.1390739238564795,0.05169877143448287,0.05187455486278475,0.1,0.2593088444047341,8.895814781834373,0.009780657766769275,0.009780657766769275,-0.0031373890789124425,0.0017834829388005638
F2,N1,MAGDIFF,0.1,42,0.25241154643332414,0.08419204802805896,0.08406167377173475,0.1,0.34110937289026055,1.4244973620419221,0.008573333023759762,-0.007017246432064884,0.0041127942682528465,0.0004475916545557194
F2,N1,MEMLESS,0.1,43,0.4373889831249443,0.15398819890435647,0.15500146358228756,0.1,0.5645074032251545,1.1121006345318936,0.00823711071263759,-0.00024219546687805104,0.0058730389706451395,-0.0022806963688651754
F2,N1,BLOCK,0.1,43,0.11707510255286291,0.0391719466274182,0.039086435403734916,0.1001001001001001,0.2290699360796421,49.75124378109453,0.006780892282156863,-0.0016397068471850293,-0.00021243515271228498,0.0016830418612378414
F2,N1,AR,0.1,43,0.437376226997323,0.15367819953443349,0.15480085174492422,0.1,0.564496720770387,1.1113583268439204,0.008687271395394144,-8.042832520254593e-05,0.005409357046235474,-0.0028311687987856494
F2,N1,ENERGY,0.1,43,0.1402962002913668,0.04632402558750798,0.046826118619319186,0.1,0.26144067700289797,9.073569482288828,0.007381397364919052,-0.00395856210499172,0.0014173112054586441,-0.004208824990041131
F2,N1,MAGDIFF,0.1,43,0.2491850735042959,0.0868500227466181,0.0873265841337325,0.1,0.3389396509273235,1.4265314865057832,0.005461007263969548,-0.002638587423543882,0.0019009436739908271,0.002252168972983422
F2,N1,MEMLESS,0.1,44,0.4378620680691585,0.15826973905911612,0.15840012308619034,0.1,0.5642466351338068,1.1244934714092751,0.008682059669743246,0.0018582759736722155,0.0018631668121441391,0.004867438502878452
F2,N1,BLOCK,0.1,44,0.12068364230444299,0.0435450849005333,0.04375947578101487,0.09921921921921922,0.23342008551989954,49.56,0.007760595101682109,0.007760595101682109,-0.0032350028458209006,0.002933542694442836
F2,N1,AR,0.1,44,0.43784334740287967,0.15800545471413668,0.15803783626830362,0.1,0.5642310726071915,1.120206324287957,0.009184462953075298,0.0012746310476375244,0.0012153707609947758,0.004508217307759366
F2,N1,ENERGY,0.1,44,0.13737621128625274,0.05063505075944236,0.051071452287295,0.1,0.2565439031858664,11.014332965821389,0.008835773267135564,0.008145743428287397,-0.004168269692369828,0.003086883040516557
F2,N1,MAGDIFF,0.1,44,0.25286768019526756,0.09000533181350394,0.09079358620330386,0.1,0.34214447162186834,1.4178257167187056,0.01119794790616784,-0.0016372226424831336,-0.0003143038108494966,0.0012300470628136089
F2,N1,MEMLESS,0.1,45,0.44010031570628916,0.14847892702251653,0.1497090401218703,0.1,0.5681634919154795,1.108153078202995,0.00815105881333431,-0.0020510325318285456,-0.004101401719707685,-0.0035305476133336657
F2,N1,BLOCK,0.1,45,0.1186077314393584,0.04241235432881901,0.042704704752760544,0.1001001001001001,0.2304792841694907,49.75124378109453,0.006549038597267503,-0.001674397895589795,0.004113723749689834,-0.0034359710177630323
F2,N1,AR,0.1,45,0.4400908333168726,0.14941052037957103,0.15064627183328877,0.1,0.5681555492568763,1.1064348211319084,0.00881676191484131,-0.0008289433390005929,-0.003851230887453573,-0.004034284485079804
F2,N1,ENERGY,0.1,45,0.14055837253341574,0.048531601036746766,0.04968172247940331,0.1,0.261207845913158,8.864241348713398,0.007820295189349033,-0.0017599256173744418,0.004086775614268181,-0.001142695056023349
F2,N1,MAGDIFF,0.1,45,0.25480773312358096,0.08806557142915165,0.08884512234231917,0.1,0.3453730082863062,1.441766488670804,0.00854058065237641,0.0018056949221335675,-0.0028600758433904626,-0.00854058065237641
F2,N1,MEMLESS,0.1,46,0.43428750240474384,0.1520561358876256,0.15313180523149095,0.1,0.5594061405099028,1.1183253106459197,0.004482576693861017,-0.003954629910900155,0.0016839804706721446,0.0005465190284592029
F2,N1,BLOCK,0.1,46,0.11803269037511227,0.038215327487372455,0.03809316591291249,0.09937937937937938,0.22967443508029584,49.64,0.00752800492217944,-0.004278412090316267,-0.006838816165823967,0.003821180185139311
F2,N1,AR,0.1,46,0.4342694823369476,0.15140632290355632,0.15260672444527343,0.1,0.5593912298459371,1.1153287931226974,0.0057161680655896585,-0.003123713852762898,0.0003611217947209107,0.00011955118396128331
F2,N1,ENERGY,0.1,46,0.1369832872146631,0.045228233087144035,0.045178716581344994,0.1,0.25627736184916283,8.895814781834373,0.007954368566865832,-0.003364213604501549,-0.005769085369569385,0.003383318691177604
F2,N1,MAGDIFF,0.1,46,0.25062784475303557,0.08807437205456445,0.08780363547710157,0.1,0.3385336586412799,1.4164185452998723,0.00867658633518136,0.00017468709406793294,-0.00867658633518136,0.0076417208980733235
F2,N1,MEMLESS,0.1,47,0.44067099478293575,0.1520523577080689,0.15206203620514283,0.1,0.5685969359430499,1.1035016016790014,0.011667496183273982,-0.00507363534437314,-0.0029539323244856044,0.0035168814927265713
F2,N1,BLOCK,0.1,47,0.12137459104312245,0.04627905078273263,0.046487208064001834,0.1001001001001001,0.23515604558332825,49.75124378109453,0.00445907970640024,0.0001442680517245277,0.003805699753521644,-0.00445907970640024
F2,N1,AR,0.1,47,0.4406567086958772,0.15169488049062796,0.1517172718700071,0.1,0.5685849825382695,1.100583893356836,0.011882112890097177,-0.005306718836459643,-0.002992662920366913,0.003808888426516815
F2,N1,ENERGY,0.1,47,0.13919675650342087,0.052150204911959014,0.05175090622112233,0.1,0.2605577873892548,8.943598925693824,0.006484893230537161,-0.0019781913598197875,0.0026949691245013838,-0.006484893230537161
F2,N1,MAGDIFF,0.1,47,0.25499538949120376,0.08847956999193876,0.08798784164195819,0.1,0.34449489161387653,1.4459400781589231,0.0052776189845352706,0.001488148963076091,0.0005902097765837171,0.000916875107651685
F2,N1,MEMLESS,0.1,48,0.4373299290388158,0.15829296257769243,0.15838560748048686,0.1,0.5663447329214769,1.1017977280247049,0.011326932498271715,0.011326932498271715,-0.0011511013331881954,-0.003051577664805295
F2,N1,BLOCK,0.1,48,0.12164382246018857,0.04525980479728342,0.04521867713285316,0.0997997997997998,0.23676823227653115,50.35353535353536,0.0073391139424092595,-0.0025853923900170874,-0.0005152721580756932,0.0002926167204292884
F2,N1,AR,0.1,48,0.43731224485830267,0.15817567726123094,0.15819059174980463,0.1,0.5663299690896031,1.1000991080277502,0.012020034130824237,0.012020034130824237,-0.0021957575317238364,-0.0027313827777278037
F2,N1,ENERGY,0.1,48,0.13643877406794097,0.05058822259324626,0.051006119687986864,0.1,0.2585404072680117,9.532442748091603,0.008340243965364374,-0.002257932643369169,-0.0002600567515231007,-0.0015159111121908287
F2,N1,MAGDIFF,0.1,48,0.24956353416196758,0.08609557014132092,0.08670354608628371,0.1,0.338307633438554,1.4204464666571874,0.007379968908930111,0.0007127566230201522,-0.007379968908930111,0.002294271236315697
F2,N1,MEMLESS,0.1,49,0.4392745500942247,0.15495072555859993,0.1540631546049185,0.1,0.5641598010572924,1.1189516129032258,0.0076959793281911265,-0.0047583404569064795,-0.001464730866402569,-0.0027576910374702435
F2,N1,BLOCK,0.1,49,0.12245319597529766,0.03925698598622489,0.0396243564196405,0.1001001001001001,0.23416709511811,49.75124378109453,0.0049575920177870846,0.001315806763757009,-0.0032789632923562544,0.004944618745238105
F2,N1,AR,0.1,49,0.43925777302029567,0.15447032261257257,0.15356081199452637,0.1,0.5641458931415192,1.1169499105545617,0.007446267798502971,-0.004670130580330208,-0.0009988396644678881,-0.0034394265584542275
F2,N1,ENERGY,0.1,49,0.1373318784077096,0.05250933320915099,0.052165525521725445,0.1,0.25572241345955754,10.152439024390244,0.007488999395048394,0.002263139239767487,-0.0035641344616892893,0.0020673348651046074
F2,N1,MAGDIFF,0.1,49,0.2490720322554452,0.09076139709791034,0.09005334305864672,0.1,0.33689452417181437,1.420850519129569,0.010044984065573394,0.0014156620349335743,-0.0036559041513790137,-0.0007543789490912971
F2,N1,MEMLESS,0.2,0,0.6518724301615232,0.22946317620272882,0.23056387401486514,0.2,0.4842207234042437,1.2450925406618059,0.01032432432342293,-0.002236064447829244,0.0027907052703766435,0.0004288228015820718
F2,N1,BLOCK,0.2,0,0.2344849119669476,0.07907116841997246,0.07921136638572457,0.2002002002002002,0.2329179903485044,50.12531328320802,0.007486212515217939,-0.0038193107115975728,-0.0024470309227859802,0.007486212515217939
F2,N1,AR,0.2,0,0.5200835934566655,0.1889561633617053,0.1893197602502261,0.2,0.35755679657778294,1.2413021868787277,0.00890239315688967,0.000374418607510514,0.0046258650370641745,0.0029391634492522854
F2,N1,ENERGY,0.2,0,0.2588666930208231,0.08966136394445272,0.08990809886043455,0.2,0.25042024913541594,11.871657754010695,0.007436203209128695,-0.0043888226964701755,0.002604765609117241,0.006948102983177171
F2,N1,MAGDIFF,0.2,0,0.4056660867265896,0.14536221647004255,0.14544773442253822,0.2,0.31180266266857637,1.5609375,0.012010702981119644,0.012010702981119644,0.0036205657130945076,0.002285945645184864
F2,N1,MEMLESS,0.2,1,0.6501594719247946,0.22808293594446122,0.2273807107016525,0.2,0.4797920762684297,1.247580393381205,0.004343521418502764,0.0018970747640395602,0.003504752124942156,0.003823673824158879
F2,N1,BLOCK,0.2,1,0.23262738816527428,0.07803034442805186,0.07740199560946166,0.2002002002002002,0.22892049878861093,49.87531172069826,0.010399216021547851,-0.002176140456802001,0.0020961824999181154,-0.0045977741200398225
F2,N1,AR,0.2,1,0.5143522940220465,0.1859274249841602,0.1851615006093937,0.2,0.35089019510227715,1.255261669912672,0.004984727922617932,0.0005885680646822124,0.003603840795633652,0.004984727922617932
F2,N1,ENERGY,0.2,1,0.2601138786969822,0.08708370038751163,0.08692160536567944,0.2,0.24964022230921465,11.174496644295303,0.007122635205327214,0.0034319098409161964,0.0008691344178289156,-0.0051466528881933885
F2,N1,MAGDIFF,0.2,1,0.40469727549212214,0.14475171294118033,0.14442767253789252,0.2,0.3091414120014737,1.5446463084654039,0.005324700341091813,0.0008900179908221409,-0.00020929628080065748,-0.004694451959665363
F2,N1,MEMLESS,0.2,2,0.6512911413206455,0.24372414043507995,0.24199214005899994,0.2,0.4817038645617173,1.246801872074883,0.007544485155730553,0.0014402173699807625,0.007544485155730553,0.003926059900668564
F2,N1,BLOCK,0.2,2,0.2358105603529039,0.08957111696878352,0.08823366640171985,0.2002002002002002,0.23153037564853785,50.505050505050505,0.010134856640695201,0.00048518408568042987,-0.005803243010608638,0.0007887039709750777
F2,N1,AR,0.2,2,0.5175135069110128,0.19645368533515167,0.19431078584228725,0.2,0.3539304223932108,1.2574737239599723,0.009675570243518835,0.00045663925577919747,0.006280662802738325,0.0004169629814169936
F2,N1,ENERGY,0.2,2,0.25869249841563413,0.09482800035981208,0.09350384174295052,0.2,0.24950109877708795,12.087114337568059,0.011356244017280909,0.001505808892957371,-0.004403287697242552,0.005366044091054542
F2,N1,MAGDIFF,0.2,2,0.4047486664169822,0.1457673053140317,0.14475742232988145,0.2,0.3097452669704787,1.548477098349221,0.007123701499638861,0.007123701499638861,0.006880793423659418,-0.0012376562082747156
F2,N1,MEMLESS,0.2,3,0.6506228368071744,0.2356896568932325,0.2346701583422022,0.2,0.48040805028118844,1.2393772098505056,0.010877335896699643,0.010877335896699643,-0.009923096994316108,0.0069736934528308835
F2,N1,BLOCK,0.2,3,0.23423335246589563,0.07658888727348097,0.0766793747837289,0.2002002002002002,0.2302856904868995,50.12531328320802,0.005766106291672538,-0.0016234934538709351,0.002721915808892804,0.0015208068333939014
F2,N1,AR,0.2,3,0.5137973864890437,0.18544087841964235,0.18368959615924405,0.2,0.35013383722814706,1.253057384760113,0.007636218866645364,0.0039884296760470984,-0.00486242938126682,0.006886003386771677
F2,N1,ENERGY,0.2,3,0.26060652331272915,0.08301885981865874,0.08348599071212245,0.2,0.2498286589167806,10.488188976377952,0.010150148176129864,-0.005610679685045526,0.003856456352445008,-0.0024674919210222
F2,N1,MAGDIFF,0.2,3,0.40766654713456146,0.14281377550973257,0.14269143883280147,0.2,0.3100684732561892,1.573847971642379,0.009295968605553867,-0.0003461446605666576,-0.006185817009524451,0.009295968605553867
F2,N1,MEMLESS,0.2,4,0.6513422120198142,0.2300921264432605,0.231191829822183,0.2,0.48251375633287075,1.2577903682719547,0.009642772385276785,0.00729046103826843,0.0016746918137432734,-0.0006687104934206384
F2,N1,BLOCK,0.2,4,0.23727280959863006,0.08731745099361975,0.08785964221985584,0.2002002002002002,0.2327189689490353,49.87531172069826,0.011675492896390034,-0.0011955053682307965,-0.0006842692491928388,-0.011675492896390034
F2,N1,AR,0.2,4,0.5182336469575511,0.1777070331809233,0.17865930039313915,0.2,0.3549037523714353,1.253057384760113,0.01058969077776984,0.0067757392052492675,0.002960856257645376,-0.003728938328879279
F2,N1,ENERGY,0.2,4,0.2579881836806573,0.09065857392302025,0.09180669422319293,0.2,0.250418000594824,11.80153573538098,0.010624839410622984,0.0021150585360064826,0.0006910735413049148,-0.010624839410622984
F2,N1,MAGDIFF,0.2,4,0.40510672683626275,0.13694982963996366,0.1382299466777078,0.2,0.3098203918626827,1.5564384201916335,0.011011930120578991,0.0045043285683195045,0.0031009039797638654,-0.003448681937543781
F2,N1,MEMLESS,0.2,5,0.6518909217588605,0.2264412864678047,0.22657052630065333,0.2,0.480803158398281,1.24875,0.005805923237487363,0.0005840447435388266,-0.0027699241502959432,0.004038123559465054
F2,N1,BLOCK,0.2,5,0.232151637729783,0.08502948629700706,0.08402553284133533,0.2002002002002002,0.2285149503503099,49.87531172069826,0.007102178180035277,-0.002948434038905288,0.007102178180035277,-0.0037985689586299844
F2,N1,AR,0.2,5,0.5170560092657206,0.18126553854935717,0.18095708488087223,0.2,0.35276276653720323,1.252429010217514,0.0056123581247647285,-0.003887828413053845,-0.004505214403964482,0.005006037083575231
F2,N1,ENERGY,0.2,5,0.2607199615983079,0.10110989047099246,0.100293116148721,0.2,0.2501318688232354,11.650145772594753,0.009258719211287318,0.0006366548477671647,0.0024700968516962207,-0.0026646958319076213
F2,N1,MAGDIFF,0.2,5,0.4061836913782014,0.14787499880799215,0.14710193081633507,0.2,0.30994054335842275,1.5676735974892115,0.013828938880648548,-0.0027835350912041507,0.002104039194071621,0.002682364458390614
F2,N1,MEMLESS,0.2,6,0.6489400528157252,0.22572354759662444,0.22554170170624882,0.2,0.4816936906066518,1.258820564516129,0.009058969451714215,0.005166004268238307,-0.0032167393274654286,-0.0011366766666119547
F2,N1,BLOCK,0.2,6,0.23873851819956302,0.08297854647257773,0.08365734710592944,0.2002002002002002,0.23413399945992233,50.12531328320802,0.006380953278607106,-0.003072369450222492,-0.006380953278607106,-0.0021179301392095684
F2,N1,AR,0.2,6,0.5172949959504151,0.1780348749343631,0.17793317082670035,0.2,0.35576356605550086,1.2551039638168227,0.005128768916924009,-0.002686381636581294,-0.0037619466109009565,0.0008248148905499383
F2,N1,ENERGY,0.2,6,0.2637426976643318,0.0933369351412691,0.0927407480475916,0.2,0.25224307018139114,11.168250419228618,0.005437083819985267,-0.005437083819985267,0.0007538512124875475,-0.0018351796750426955
F2,N1,MAGDIFF,0.2,6,0.40078485614409726,0.138966947967902,0.1395066698136693,0.2,0.3086869136772638,1.5610594577701382,0.005611653982481718,-0.004608159839518983,0.0036361277822974675,0.003204427833044949
F2,N1,MEMLESS,0.2,7,0.6533069641236341,0.22166988804190488,0.22367430433565938,0.2,0.47913544223095245,1.247191011235955,0.008732339621761296,-0.0029726531807406794,-0.008732339621761296,-0.0015048152759441918
F2,N1,BLOCK,0.2,7,0.23733331339609554,0.07963404878467986,0.08027804297466687,0.2002002002002002,0.23122972944445236,49.87531172069826,0.008521846003580944,-0.0041534044616440054,-0.0005320996192398297,-0.008521846003580944
F2,N1,AR,0.2,7,0.5139722799416225,0.17846712429088937,0.18006850193913437,0.2,0.3471844183664164,1.2500782080961022,0.00699216993257578,0.002163000461326126,0.0017638620857199773,0.0010715614882589918
F2,N1,ENERGY,0.2,7,0.2595660560878058,0.0880737395309763,0.08796769312173144,0.2,0.2489148844070826,11.462994836488813,0.013355456284116229,-0.0012582174246279331,0.0021165834938423013,-0.0021017141793243433
F2,N1,MAGDIFF,0.2,7,0.40729237554735415,0.1438002728367567,0.14464710915725354,0.2,0.3086693772573928,1.5454826732673268,0.006911541492074883,-0.003203047985600404,-0.0018540269493602958,-0.0005688544727134739
F2,N1,MEMLESS,0.2,8,0.6470382705745161,0.22715454333760743,0.22847957370209365,0.2,0.4797189201182318,1.2569199798691495,0.010648698097778648,-0.010648698097778648,0.004101102956686682,0.0019961326247691724
F2,N1,BLOCK,0.2,8,0.2292366839832616,0.08020928193518971,0.07990927686533719,0.2002002002002002,0.22844173057401898,50.12531328320802,0.008005039307445982,-0.00032180350112900907,0.007356280762236586,0.00476066152173265
F2,N1,AR,0.2,8,0.5100374383638444,0.17706660124793389,0.1779859009458469,0.2,0.34939707245932466,1.2538437401945404,0.008860145169629666,-0.004824469402631651,0.0004602699337568422,-0.004264336285194455
F2,N1,ENERGY,0.2,8,0.26060028364198096,0.09830063041370192,0.09853213806629706,0.2,0.2505671140622863,11.205832865956253,0.006259039642951329,-0.005159459414047162,0.0009542599390240611,-0.0009890622914108034
F2,N1,MAGDIFF,0.2,8,0.4008209528295681,0.14094651729374996,0.14112712962774396,0.2,0.3079085711665305,1.5538964069062062,0.008942587163776675,-0.0035720106837501897,0.003337690937228749,-0.0011876472878488461
F2,N1,MEMLESS,0.2,9,0.6461359311218218,0.23301660762509865,0.2328342019722441,0.2,0.47786922918179126,1.254473535505745,0.005734149555057544,-0.0015124281448073817,-0.0016610046068208175,0.003720893509449525
F2,N1,BLOCK,0.2,9,0.23479211765215088,0.08600583008299686,0.0849458827992707,0.2002002002002002,0.23154222650940265,49.87531172069826,0.0077905445678663225,0.0008222614284445526,0.007236292711301148,-0.002142645920392814
F2,N1,AR,0.2,9,0.5088948794521241,0.18732245545827916,0.1868064543344184,0.2,0.3480783614510188,1.2600113514536166,0.00997735171558354,0.00997735171558354,-0.005412606077839302,0.006144955372606015
F2,N1,ENERGY,0.2,9,0.2552502854002573,0.08906015951112317,0.08854919601340086,0.2,0.24750136648719478,11.522491349480969,0.005958949352703566,0.0022886424912237735,0.002855396136836665,0.001914195314218442
F2,N1,MAGDIFF,0.2,9,0.39909667422119754,0.13939564581484776,0.1386871577016526,0.2,0.30628089155170324,1.5610594577701382,0.006827632486070663,-0.0030459162711326923,-0.006827632486070663,0.0017013678706139569
F2,N1,MEMLESS,0.2,10,0.6482256114260017,0.22180785103046785,0.22352768053898703,0.2,0.4809912958875865,1.239223469577622,0.006416688783609734,-0.0063913074120403165,-0.003474251495272224,0.0025526731596818707
F2,N1,BLOCK,0.2,10,0.23622387938263292,0.07826603355261325,0.07797955232244667,0.2002002002002002,0.23310294653481206,50.12531328320802,0.006824620588063219,-0.003435900464221347,-0.0024338562432203725,0.0029259829849134717
F2,N1,AR,0.2,10,0.5138319739650753,0.1760152129790192,0.1771317564523746,0.2,0.35289902102932363,1.240762590821586,0.008156023443971238,-0.008156023443971238,-0.0055209624393317246,0.005355750667091621
F2,N1,ENERGY,0.2,10,0.2583736766082315,0.08718554883674268,0.08708550954944273,0.2,0.2502703813909265,11.5625,0.007198636646555918,-0.004213713508622113,-0.004214657729926608,0.0028913992304405328
F2,N1,MAGDIFF,0.2,10,0.40148094792014766,0.14143931522667358,0.14187230032870407,0.2,0.308310015400397,1.5545008947327472,0.007264726291434297,0.004797875641045621,-0.0007236660715218357,-0.00343489331796386
F2,N1,MEMLESS,0.2,11,0.6530294765894504,0.2357836987962777,0.2358493762555066,0.2,0.4842565008429628,1.253293187805796,0.006017937669896053,0.0003919638664983046,-0.00198395250992851,0.004901323772354722
F2,N1,BLOCK,0.2,11,0.2358090752343005,0.08691812518181082,0.0869463301903964,0.2002002002002002,0.23182206815865797,50.12531328320802,0.015292880644638072,-0.005506392371484553,-0.0027347118264960174,0.0014039370834037852
F2,N1,AR,0.2,11,0.5231633796419611,0.18681085674656783,0.18704215410722339,0.2,0.35966495472371407,1.2518796992481203,0.004037233326099361,-0.0014020644727706234,-0.002930091675032238,-0.004037233326099361
F2,N1,ENERGY,0.2,11,0.2605249935659173,0.09396603664443755,0.0935792332666839,0.2,0.25047670042846737,11.332955190017016,0.00839652717907064,-0.00483977875894178,-0.0012349611980388975,0.0052237538502436
F2,N1,MAGDIFF,0.2,11,0.4051155907603107,0.14725010680976985,0.14678838038328626,0.2,0.3112232860826693,1.5491974877878576,0.008096546383860157,0.0020742095100912622,0.0009748914245365742,-0.006031627614817855
F2,N1,MEMLESS,0.2,12,0.6484691031121802,0.23122385462145162,0.23273426204325445,0.2,0.4809791222626203,1.2541585587847592,0.009221628223816784,0.0009990333238442963,0.0021249038122987678,1.216900129766306e-05
F2,N1,BLOCK,0.2,12,0.23540512481158166,0.07242443808211713,0.07277196332131626,0.2002002002002002,0.23216663722937328,50.89058524173028,0.011149932325691052,-0.002019749904342082,-0.00674798467018005,0.011149932325691052
F2,N1,AR,0.2,12,0.5139217914079909,0.18498988828481067,0.18588758431997796,0.2,0.3522769099310835,1.2499218016890836,0.010393090927511046,0.0008736213074525655,0.0037841042374660004,0.0008129603553122079
F2,N1,ENERGY,0.2,12,0.2607505859123844,0.09067601301658532,0.08966728051527767,0.2,0.2514081509998405,11.75294117647059,0.008057357726030402,-0.0019086102909240562,-0.007567715566877749,0.008057357726030402
F2,N1,MAGDIFF,0.2,12,0.4038382927427802,0.14671482729981997,0.14777184068497548,0.2,0.30977742176591494,1.5622800844475722,0.008497235149496277,1.0874016900696979e-05,-0.004321548282060354,-0.0002631098861560207
F2,N1,MEMLESS,0.2,13,0.648031814476139,0.22037284241063354,0.22146037067748997,0.2,0.480550781318574,1.244084682440847,0.007614434619281117,-0.004436022333639602,0.007614434619281117,0.005088228045210493
F2,N1,BLOCK,0.2,13,0.23491399586274564,0.07485133975129481,0.0760535612126826,0.2002002002002002,0.2317993796995266,50.12531328320802,0.013496963443510694,3.31726095758086e-05,-0.002286119367291638,-0.0005571360653191457
F2,N1,AR,0.2,13,0.5137117230990155,0.17538242379502345,0.1759766689029769,0.2,0.35228176220012797,1.2489841845346001,0.007898756201457318,-0.002248777744842878,0.0032692017667290602,0.005002133332526085
F2,N1,ENERGY,0.2,13,0.2573220264431449,0.08341083167499554,0.08487850791284259,0.2,0.24917504356134668,11.23734533183352,0.0069864363125499195,0.005439741490696312,-0.002868736473190058,-0.002620512490460495
F2,N1,MAGDIFF,0.2,13,0.4039361645899913,0.14141711659317635,0.14168223187606646,0.2,0.3096608775736816,1.5600843288826423,0.004378621574998363,-0.0026605594704725097,0.004031787348026597,0.0014663694617991071
F2,N1,MEMLESS,0.2,14,0.6487081914353314,0.22470114759073795,0.2237386591590926,0.2,0.4787058453860769,1.2599318955732122,0.007512333727734024,-0.004803806213524696,0.0016873615823112832,-0.007512333727734024
F2,N1,BLOCK,0.2,14,0.2377519410335644,0.0864640752755469,0.08681024037954499,0.2002002002002002,0.23156298022890046,50.63291139240506,0.0063969408270800575,0.002422115264472464,0.0063969408270800575,-0.0027874698280265235
F2,N1,AR,0.2,14,0.5120849862310218,0.17664456649324972,0.17646177662999915,0.2,0.3489172718290894,1.2658388241256968,0.01678613558143603,0.0012252626762884742,0.004679518516498451,-0.01678613558143603
F2,N1,ENERGY,0.2,14,0.26059466899596245,0.09559054456778675,0.09566430227841075,0.2,0.2503924252180128,12.12378640776699,0.005195873633716685,0.0009434382738637509,0.0033694084215251017,-0.0013790647251881944
F2,N1,MAGDIFF,0.2,14,0.403751889103585,0.14190090927075133,0.14120231127512517,0.2,0.3091336912105301,1.5604498594189316,0.006316470127552153,-0.00035067683516318027,0.004884621457161988,-0.00342539971134138
F2,N1,MEMLESS,0.2,15,0.6505127221211923,0.23246052076050455,0.23234676990705092,0.2,0.4804924390788688,1.2463352255005926,0.007198494951316726,0.0010360467602072096,-0.007198494951316726,-0.0029404728174031304
F2,N1,BLOCK,0.2,15,0.2362877643877347,0.08844911228012418,0.08769784423102858,0.19957957957957959,0.23191683478758635,50.34848484848485,0.010168575641631303,0.008056510174298875,0.000963613003994763,0.005522059389142666
F2,N1,AR,0.2,15,0.5145158954558557,0.18391433542316882,0.18406361385297243,0.2,0.3511454098063016,1.2518012655848632,0.012400901133883271,0.0029048058844541205,-0.00226627236361744,-0.006375994468131257
F2,N1,ENERGY,0.2,15,0.26005051313555566,0.09964649560433679,0.09840258118188724,0.2,0.25079174716483144,11.218416619876473,0.011657330325284737,0.010480847878269563,-0.0022421782387926394,-0.0024228813153595948
F2,N1,MAGDIFF,0.2,15,0.39965510309138474,0.14057086101180455,0.14111675949140626,0.2,0.3055475566889546,1.5681657640687545,0.00920337617921088,0.001986274883174099,-0.00289584618484377,0.003703607816418806
F2,N1,MEMLESS,0.2,16,0.651751970640649,0.22682036368775327,0.2275150433710193,0.2,0.47760459833281715,1.2554194156456173,0.01074944101111921,-0.004044345405570752,-0.0023392945000750816,0.000978290662118691
F2,N1,BLOCK,0.2,16,0.23538855268299547,0.07273660924708346,0.07420224592195251,0.19955955955955956,0.22956895001491925,50.598984771573605,0.009239938601043248,-0.001762734541490017,0.009239938601043248,-0.0019730914933351745
F2,N1,AR,0.2,16,0.5104071815826658,0.17983180787063802,0.17939908763486323,0.2,0.3442710989691282,1.2511741499154612,0.005930533259630723,-0.002036479108879221,-0.002248701656851674,-0.0002800565915378125
F2,N1,ENERGY,0.2,16,0.259399079089515,0.09050977135841355,0.09211656280619832,0.2,0.24733054647381877,12.190359975594875,0.008557396541884291,0.0022705266512108545,0.008557396541884291,0.000818154933853907
F2,N1,MAGDIFF,0.2,16,0.40389657554688596,0.13352291155903923,0.13523689356882357,0.2,0.3058928404788088,1.5473977695167287,0.008595432470029482,-0.0023216163254713936,-0.0006129225628779682,-0.007980218513850538
F2,N1,MEMLESS,0.2,17,0.6490240037286001,0.2330744019650497,0.23130110221328956,0.2,0.48027831584364145,1.2460243217960711,0.007511942971513987,-0.0017680111136913024,0.0005032181399411964,0.0017870728331981633
F2,N1,BLOCK,0.2,17,0.22925212952960497,0.08168256883292756,0.08163914578939971,0.2002002002002002,0.2283560091851482,49.87531172069826,0.008164783172059044,0.0038539424259002963,0.000895459024171168,0.0026140654615786083
F2,N1,AR,0.2,17,0.5152657741160743,0.18607054010701896,0.1843388780486962,0.2,0.3532093436548259,1.2532145769303142,0.005658512475124354,-0.005658512475124354,0.0011365430025572266,-0.003063673699298986
F2,N1,ENERGY,0.2,17,0.2568425305669255,0.09674962341896466,0.0962851422267641,0.2,0.24887902446729257,11.218416619876473,0.009119376992796576,-0.0007792438640994859,0.004079967481193586,0.0025623371763462653
F2,N1,MAGDIFF,0.2,17,0.4000855129113735,0.14975116715381592,0.14772245646767138,0.2,0.30744656969787854,1.5551058530510586,0.010149147613338098,0.005829677619037042,-0.0031070078371015983,-0.0010633935599161804
F2,N1,MEMLESS,0.2,18,0.6505828105081851,0.2299638991151124,0.23166890511045282,0.2,0.48209949926685547,1.2541585587847592,0.003939255621021976,-0.0015198440002108648,-0.0017240228756921015,0.0005730595580013042
F2,N1,BLOCK,0.2,18,0.2344757389539411,0.08818803109423308,0.08741894653121138,0.2002002002002002,0.23106792984629343,49.87531172069826,0.007655372015900162,0.0021557951406130094,-0.0001852819679494386,-0.0051135174399038665
F2,N1,AR,0.2,18,0.5157038319723656,0.1825214832633103,0.1845421960306105,0.2,0.3532478516552683,1.2583448797077719,0.00633115374634599,6.763183512208607e-05,-0.00633115374634599,0.0031051086879019746
F2,N1,ENERGY,0.2,18,0.259491968052783,0.1007108909650244,0.10019715191564321,0.2,0.2507631703952612,10.846905537459284,0.006364761098447579,0.006364761098447579,-0.002649671948026405,-0.0012613202853211769
F2,N1,MAGDIFF,0.2,18,0.4041699756441923,0.14621646454013804,0.1466751890605031,0.2,0.30974847384332455,1.5575304022450889,0.010392821631530815,7.644089284999159e-05,-0.0032582887144131417,0.004543944787874627
F2,N1,MEMLESS,0.2,19,0.6514123086618748,0.23307078698578867,0.23304435577967994,0.2,0.4804358116154199,1.2551039638168227,0.0129362734692257,-0.00020017994627841393,0.0006852290870766047,0.00023803020665237137
F2,N1,BLOCK,0.2,19,0.23348290358341506,0.07916083083755551,0.07926851970359813,0.2002002002002002,0.22971790712911738,50.63291139240506,0.011115960966435415,-0.004042835802297638,0.011115960966435415,-0.005378683743822806
F2,N1,AR,0.2,19,0.5152423324345963,0.1808938185408898,0.1812705099557968,0.2,0.35077323796552645,1.2551039638168227,0.01082419212076154,0.004494515057782142,-0.0018150920289275836,-0.006880172746654644
F2,N1,ENERGY,0.2,19,0.259060562396115,0.08504621879142266,0.08559461664462696,0.2,0.2489299421139873,11.218416619876473,0.009932262696638904,-0.00025808314807209694,0.009932262696638904,-0.002887869762034817
F2,N1,MAGDIFF,0.2,19,0.4072967611127274,0.14408226380636974,0.1441230395833063,0.2,0.30994320757162,1.5638697557921102,0.00927471851927395,-0.004845275484447473,-0.0023513942906765676,0.0006700440392673663
F2,N1,MEMLESS,0.2,20,0.6491413074130493,0.2367421323916166,0.23576265931346602,0.2,0.4809896612672104,1.247658298988385,0.009451541771642955,0.0011001015125141709,0.002616792440068512,0.0011864847589675752
F2,N1,BLOCK,0.2,20,0.23650317344717497,0.08194908154549546,0.0818605402138764,0.2002002002002002,0.23170684460718377,49.87531172069826,0.007639863472074674,0.004928675941253573,0.0017381873790331247,-0.0021473951735798565
F2,N1,AR,0.2,20,0.514957215716215,0.18206982794787205,0.18107134665410168,0.2,0.35282032086910003,1.2578695542684462,0.007619395882984301,-0.005028815707330388,0.0048289059330751186,-0.007619395882984301
F2,N1,ENERGY,0.2,20,0.25875880424648556,0.10176559268574639,0.10017432493241073,0.2,0.24928851605202118,11.51585014409222,0.006372519686244813,0.004104648275761946,0.0024961332720269793,-0.0007737398527058355
F2,N1,MAGDIFF,0.2,20,0.40546512351514985,0.14613572037516784,0.14472339540893386,0.2,0.30961503382979433,1.5554690541066563,0.0089628569095739,-0.005597312552301582,0.0014353303580478187,-0.0038863916001184062
F2,N1,MEMLESS,0.2,21,0.6481654983937195,0.23882082655678966,0.23729157344329338,0.2,0.4796561189205659,1.2471131639722863,0.010290923473347867,-0.0016246281546120494,-0.010290923473347867,0.00983205484800054
F2,N1,BLOCK,0.2,21,0.23620037755414441,0.08590953995711788,0.08540518669237572,0.2002002002002002,0.23178711227893492,50.12531328320802,0.0070799149957220895,-0.00209377242354856,-0.002160029819628575,0.0027824410707734753
F2,N1,AR,0.2,21,0.5100473218656321,0.18487076511595507,0.18404548533541745,0.2,0.34830613439566016,1.2582656338560363,0.010757279734118564,0.0018228849011074557,-0.00650164707851574,0.010757279734118564
F2,N1,ENERGY,0.2,21,0.2582815514787603,0.09510876411086018,0.09418598138324127,0.2,0.24974672491901198,11.345826235093696,0.006291371655601656,0.00319220873252755,0.004021628047005494,0.004331468782615959
F2,N1,MAGDIFF,0.2,21,0.40019291246338345,0.14264565194323553,0.14273806105553083,0.2,0.30641584043196307,1.5642370625538244,0.004586906221640844,0.002275396665295268,-0.0011367211758070595,-0.003560293469104114
F2,N1,MEMLESS,0.2,22,0.649881339904519,0.23253789337113812,0.23326722640492617,0.2,0.4815380510546484,1.249296567248171,0.008289219816073706,0.0030520165127657967,0.00015038791476049357,-0.0068976550228373006
F2,N1,BLOCK,0.2,22,0.2345405962147262,0.08933323978100821,0.08924274366449657,0.2002002002002002,0.23028573369940808,49.87531172069826,0.008090383338513198,0.005698920640800725,-0.0004983323618450121,0.002900234509170288
F2,N1,AR,0.2,22,0.5180559405262638,0.17988964729802503,0.17994275732930787,0.2,0.35559089668393695,1.2574737239599723,0.007546507243552293,-0.003031461167897454,-0.002787966857631029,-0.00010117255168532545
F2,N1,ENERGY,0.2,22,0.25987676085099304,0.09277483195407185,0.09280913390003485,0.2,0.2506153625926698,10.40625,0.004520309448188384,0.0019441050111127824,0.004520309448188384,0.0017561839299898689
F2,N1,MAGDIFF,0.2,22,0.4044573079883364,0.14426710031061113,0.14395362155257163,0.2,0.30962688327444216,1.5500387897595036,0.011100959588445258,-0.005696501928420519,0.0011629270237267287,-0.0007941662813549916
F2,N1,MEMLESS,0.2,23,0.6483582993905753,0.2382161670552552,0.23896605187501815,0.2,0.4824505348552487,1.2430011198208286,0.01027807563713864,-0.007819371023532808,0.0007026794327600535,0.01027807563713864
F2,N1,BLOCK,0.2,23,0.22982729255196768,0.08388552239921118,0.08355189992446226,0.2002002002002002,0.2296968213159776,50.12531328320802,0.003253823998653832,-0.0020552491792387413,-0.00015293261107687494,0.0007345963266485687
F2,N1,AR,0.2,23,0.519700153866336,0.19114581914540388,0.19153250493539123,0.2,0.3588383115025578,1.2445496449482996,0.011562912383625182,-0.005451457068683702,0.007827736910813725,0.003879156054111684
F2,N1,ENERGY,0.2,23,0.25765315904738184,0.0925340002471918,0.09168085322224467,0.2,0.25117379167784276,10.395421436004161,0.007236668442774955,-0.006337127847385669,0.0032499554437997093,-0.0020693886717143657
F2,N1,MAGDIFF,0.2,23,0.4030220025621216,0.15536098814752278,0.15458399650286034,0.2,0.3108609898057566,1.5570448877805487,0.01134901821381193,0.0031022204633955556,0.0025515142833184394,0.006531512566137382
F2,N1,MEMLESS,0.2,24,0.6516258567139835,0.23704650098947505,0.23419694003880082,0.2,0.47851388037709,1.2506259389083625,0.008867285648812917,0.0006410453890442711,-0.0033781320449415677,0.005966379487241616
F2,N1,BLOCK,0.2,24,0.23337578019402336,0.08100106605483472,0.08041959504900378,0.2002002002002002,0.2275282866816079,50.12531328320802,0.008077568622138206,0.0014507687924208421,0.00040098145101392815,0.00581980014358776
F2,N1,AR,0.2,24,0.5137052799014458,0.19069256236426685,0.18799976638617297,0.2,0.3482319755776634,1.253057384760113,0.007210080684769288,0.0032028434631911538,-0.002177137817652623,-0.0007764454006976835
F2,N1,ENERGY,0.2,24,0.2569595390449073,0.09317575439591409,0.09207129000231223,0.2,0.24629003063016283,11.231028667790893,0.008676590217264154,0.001509366016245679,-0.005413927731045314,-0.0010616402381416052
F2,N1,MAGDIFF,0.2,24,0.4032356453538674,0.14746079212487628,0.14487477669392934,0.2,0.30606225455829517,1.5508810059768687,0.006247881430953193,-0.0007206855796883601,-0.006247881430953193,0.002947488010514015
F2,N1,MEMLESS,0.2,25,0.6478117968750161,0.22637321970799265,0.22626588335060674,0.2,0.4793527961304217,1.252743118690827,0.007437562939150222,0.005359572224543393,-8.58815645551701e-05,-0.0018311004609399624
F2,N1,BLOCK,0.2,25,0.23558491464046838,0.0860488074339357,0.0860660418300664,0.2002002002002002,0.2311450701749215,49.87531172069826,0.0095058951232541,0.0095058951232541,0.002324949333744961,-0.004974436049550634
F2,N1,AR,0.2,25,0.5114987208625834,0.18064324565833428,0.18027866652010915,0.2,0.35000424940876895,1.2551039638168227,0.007921949005555151,0.005429894093555302,0.0018990938382501359,0.0055029073859176785
F2,N1,ENERGY,0.2,25,0.2565445946188415,0.08436465138043225,0.0845787302929617,0.2,0.2477323149373053,10.978021978021978,0.007300663765449786,0.007300663765449786,0.00207438389477416,-0.0014556627422770687
F2,N1,MAGDIFF,0.2,25,0.3966374544220563,0.13928382949477044,0.13859190410173328,0.2,0.3050675044320162,1.5557112824106518,0.01001084732803356,-0.005678346610857127,6.45640871922524e-05,0.00282626614381427
F2,N1,MEMLESS,0.2,26,0.6473807036233814,0.2285767655670754,0.22923051336116826,0.2,0.481488023528218,1.2532145769303142,0.0063533637094654325,-0.0063533637094654325,-0.0014490189341102963,-0.0018009346008100871
F2,N1,BLOCK,0.2,26,0.2364765461933594,0.08601299450277564,0.08567771547529594,0.19971971971971972,0.2329540449538346,50.38383838383838,0.007053623670129655,0.003833348791335511,0.0051539112413114445,-0.0022319883311630244
F2,N1,AR,0.2,26,0.5121593898945064,0.18185301314140156,0.1819248228830848,0.2,0.3521294067291618,1.2514876291888506,0.005460033448838889,0.0007218299179795319,-0.0019064068452323184,-0.003615591313587207
F2,N1,ENERGY,0.2,26,0.2568345924441247,0.09569565928974838,0.0949816239782086,0.2,0.24951866821946167,11.88578227245687,0.008410102606228815,-0.0006430094615902032,0.0012538041017066965,-0.0031141880808480947
F2,N1,MAGDIFF,0.2,26,0.4032629811573483,0.14398529937837085,0.14407965019858932,0.2,0.310213945560735,1.5446463084654039,0.004326218890551095,0.0020437564223265417,0.0016911742927448634,0.004326218890551095
F2,N1,MEMLESS,0.2,27,0.6497841289583345,0.2306765117380093,0.23179389352079913,0.2,0.48030870851688484,1.2550251256281406,0.006006137449165486,-0.0021212164695913914,0.0021044596933533187,-0.003053777029895203
F2,N1,BLOCK,0.2,27,0.2351027736976582,0.08633415884641939,0.08618994272454968,0.2002002002002002,0.23055776438086015,50.12531328320802,0.008502842298752042,1.98971741640347e-05,0.0030436293852971964,0.0011312204375220744
F2,N1,AR,0.2,27,0.515566035032225,0.17583179701292467,0.17755781803971082,0.2,0.3526024389847984,1.2585034013605443,0.007800174155913421,-0.003913922300512201,-0.007800174155913421,-0.0035753957449805415
F2,N1,ENERGY,0.2,27,0.26098022733285553,0.09444419183492507,0.09464694815524075,0.2,0.24979481437919432,11.569195136074116,0.007026778926470296,-0.001966057066869344,-0.0013934826194033528,0.0028663912650070027
F2,N1,MAGDIFF,0.2,27,0.40226068148818284,0.1366960777902747,0.13846617950797022,0.2,0.30737547572663754,1.5714959886739028,0.011185657580882647,-0.003219931848144069,0.011185657580882647,6.73885443353656e-06
F2,N1,MEMLESS,0.2,28,0.652485762404928,0.24535661423558114,0.24264117904491922,0.2,0.4849808569372908,1.248047973015179,0.007423920820127064,-0.007423920820127064,-0.0027461701482179453,-0.005495215273803098
F2,N1,BLOCK,0.2,28,0.23385702891997934,0.08985682341337838,0.0877622913858416,0.2002002002002002,0.23226652791353622,50.377833753148614,0.009602988640611317,0.004640855915471048,-0.005859041030908243,-0.0007791567621266515
F2,N1,AR,0.2,28,0.5226943138101949,0.18938771205497412,0.1884839702741198,0.2,0.35992292772248585,1.2638370548421785,0.009044369384956579,-0.007147503840460125,-0.009044369384956579,-0.0035070452284042086
F2,N1,ENERGY,0.2,28,0.2584294920936314,0.09590280804226782,0.09437879505124418,0.2,0.25066689558997624,11.50259067357513,0.008637572725337894,0.0049166946941245175,-0.008637572725337894,-0.0010806024823868067
F2,N1,MAGDIFF,0.2,28,0.40676846586478926,0.15204581792684913,0.14970365402826843,0.2,0.3117561117258721,1.5619136960600375,0.0067960718509509485,0.002167472109505433,-0.004169068633868676,0.0002692431941416825
F2,N1,MEMLESS,0.2,29,0.6499021695789987,0.2328272370582669,0.2333727283635518,0.2,0.48320350106810633,1.2489841845346001,0.009968014742344345,0.0011733586560919566,0.003917271061388673,0.002144911711325825
F2,N1,BLOCK,0.2,29,0.23437394082690308,0.08458858727995036,0.08528736544854341,0.1992992992992993,0.23258109565964097,50.27777777777778,0.006039745546190145,-0.0013488369166200413,-0.0006417421874983958,0.0018692922164273713
F2,N1,AR,0.2,29,0.5158465355053704,0.18327754117285538,0.18379555371286765,0.2,0.35469369671845297,1.2541585587847592,0.013418153940525186,-0.003550082702328132,-0.0011007273475025301,-0.0031757459336846164
F2,N1,ENERGY,0.2,29,0.25811150641434877,0.09861551582123362,0.09832223646436866,0.2,0.2505994788841509,11.836492890995261,0.010728362980712662,-8.279380175319742e-05,0.00044104193915076956,0.004022642591112252
F2,N1,MAGDIFF,0.2,29,0.4004304345584497,0.14526279325212077,0.1465693814620301,0.2,0.30777095390273185,1.5639921722113503,0.006790081103096729,-0.003069984221579101,0.006790081103096729,-0.0010380754505827532
F2,N1,MEMLESS,0.2,30,0.6520731023736472,0.2434920615333298,0.24045139653507913,0.2,0.4794838075573347,1.2447822565572237,0.006412521966674802,0.005982201463611122,0.0001402072518574791,0.004303484352587793
F2,N1,BLOCK,0.2,30,0.23623978179508423,0.0855467154831161,0.08442668856289574,0.2002002002002002,0.2299717970710551,50.377833753148614,0.006087151332852249,0.005161930910812482,-0.001313665454173292,0.006087151332852249
F2,N1,AR,0.2,30,0.5152876186771649,0.18565924537771078,0.18359269102113557,0.2,0.3501225996309796,1.2440072224643546,0.007449056167283273,0.005717550051119354,-0.0026412207140829322,0.007449056167283273
F2,N1,ENERGY,0.2,30,0.25770336322582454,0.09396898404977014,0.09335626114588039,0.2,0.24843975060634738,11.320113314447593,0.008313454361819657,0.00013058615882503724,-0.0039453841057727635,0.008313454361819657
F2,N1,MAGDIFF,0.2,30,0.40339138074657366,0.14510736307005345,0.14383325464053454,0.2,0.3073794485682276,1.568904593639576,0.014536125881187776,0.006466527131685803,-0.003385572785891237,0.014536125881187776
F2,N1,MEMLESS,0.2,31,0.648889435300252,0.23984264561749355,0.23725796782725703,0.2,0.48079732778252593,1.2555772010306039,0.006380345985298614,-0.004151293230494882,0.006189879602886272,-0.006380345985298614
F2,N1,BLOCK,0.2,31,0.23301696780357659,0.08293030065311513,0.08134789238348665,0.1997797797797798,0.2301634802017018,50.65482233502538,0.004272935475652896,0.00247658000679926,-0.0036201286414496423,-0.0014363673842137114
F2,N1,AR,0.2,31,0.5136149477344467,0.19009628348606436,0.1879008663665524,0.2,0.35173761602255244,1.2511741499154612,0.007892773011529226,0.000456658916748445,0.007892773011529226,0.0012885322070442407
F2,N1,ENERGY,0.2,31,0.2597757337488637,0.08904006415459628,0.08865611927494953,0.2,0.25017307514515275,11.650145772594753,0.0075578971598520015,0.0053130090937619145,-0.006774297501441278,4.098825549600142e-05
F2,N1,MAGDIFF,0.2,31,0.40148690234342016,0.14499084284146413,0.14344107021516145,0.2,0.3083654041853677,1.5490773763374166,0.009133101146349635,0.004609540736073776,-0.0007181737132952601,0.00076427260718422
F2,N1,MEMLESS,0.2,32,0.6453253350293172,0.23247963662649568,0.23229090078504538,0.2,0.4806658200972028,1.241070873967327,0.0071324565901334,-0.0012813970795189683,-0.004438558245059665,-0.0061451505013441765
F2,N1,BLOCK,0.2,32,0.23775918863805554,0.08402760947952521,0.08461886027194145,0.20008008008008007,0.23441941529499502,49.97,0.011538789360622853,-0.00429491777880363,0.0045143530536110145,-0.004997318480987211
F2,N1,AR,0.2,32,0.5113875783319374,0.18537971166496842,0.18506486986966747,0.2,0.3524779801659743,1.2525860447620838,0.007944620342752616,-0.00023930908182842906,0.004691377394457262,-0.0025017246306784204
F2,N1,ENERGY,0.2,32,0.25982793164149265,0.09353184946608271,0.09432725755385721,0.2,0.25161435984099906,11.54913294797688,0.007868611748090724,-0.007868611748090724,0.003207466707571957,-4.3975835517958054e-05
F2,N1,MAGDIFF,0.2,32,0.3981430577296259,0.14021955832670896,0.13995678120780522,0.2,0.3065570106624046,1.5593537813158511,0.006979144402675606,-0.004597183799611438,-0.0028651604579159485,-0.001436316757558838
F2,N1,MEMLESS,0.2,33,0.6481806030710376,0.23771109889351288,0.2354635106861108,0.2,0.48082901439228354,1.2482039107890297,0.011692969348443756,-0.006025910692335842,0.0068110367031000985,-0.004693699715139682
F2,N1,BLOCK,0.2,33,0.2335803826016367,0.08044945188763232,0.08074662757548991,0.2002002002002002,0.23112467136366543,49.87531172069826,0.007300270001284942,-0.007300270001284942,-0.0006917156677481072,-0.0020264275675919248
F2,N1,AR,0.2,33,0.512576412258712,0.1905403142470114,0.1884951661517531,0.2,0.3514802063136639,1.2525860447620838,0.009728420147076509,-0.005452819480984207,0.0036516552308281896,-0.001987593508229471
F2,N1,ENERGY,0.2,33,0.2580869000879279,0.09018602424294951,0.08957181599653834,0.2,0.24956759101239767,11.30730050933786,0.0046146288907430505,-0.003885611033204725,-0.0014368458823520286,0.0035668879129869256
F2,N1,MAGDIFF,0.2,33,0.4007009712202412,0.14928306010171627,0.1477719555755008,0.2,0.3082016432982716,1.5514831495573846,0.010686151502785141,0.010686151502785141,-0.0016676605566643987,-0.00011689339261507952
F2,N1,MEMLESS,0.2,34,0.647208268942349,0.23335785633164655,0.23339324999576902,0.2,0.4799408889172612,1.2545523044078866,0.006944102459469841,0.001189102243987591,-0.006944102459469841,-0.0022100446901120846
F2,N1,BLOCK,0.2,34,0.23629983585524028,0.08590349527867086,0.08606660434678778,0.2002002002002002,0.2319223361338838,49.87531172069826,0.008784508536620664,-0.0011585086144145955,0.008784508536620664,-0.00013212925385868872
F2,N1,AR,0.2,34,0.5105967195706709,0.18676467651443698,0.1865333042288834,0.2,0.34974051878589335,1.2604087812263436,0.006057802442967526,-0.0009753013831660892,-0.0002210251637345957,-0.0026585801228626734
F2,N1,ENERGY,0.2,34,0.25850850060882613,0.1039624339649812,0.10339253420224397,0.2,0.24871870497638218,11.275395033860045,0.00936782916918551,-0.002321704965396438,0.00936782916918551,0.0013479126925799308
F2,N1,MAGDIFF,0.2,34,0.39928392731356627,0.14809469070416534,0.14794303584433804,0.2,0.3067845467214269,1.5405968077723804,0.0068773784105901235,-0.0042634726320894155,0.0021478919843215157,-0.0012261579950095909
F2,N1,MEMLESS,0.2,35,0.6476384802126776,0.2280876324321301,0.22848713888471947,0.2,0.4808754192197516,1.2547886704766689,0.006617339678479789,-0.0028219739773662003,0.005598488250555593,-2.833962223814397e-05
F2,N1,BLOCK,0.2,35,0.2340643763163485,0.0792594957628683,0.07909431555628695,0.2002002002002002,0.2316854778933969,50.377833753148614,0.007798699012612016,0.007798699012612016,-0.005418754317588838,0.0014552283944046314
F2,N1,AR,0.2,35,0.5142858631965144,0.18110269849489236,0.18085107018148192,0.2,0.3530054826843887,1.2505476622645053,0.007030319597157388,-0.0065421020351252804,-0.0034257288462031256,0.007030319597157388
F2,N1,ENERGY,0.2,35,0.25856030062470325,0.09010147202032658,0.08991714793595755,0.2,0.2501300669777308,11.345826235093696,0.006944962095720712,0.006944962095720712,-0.0026418103662434436,-0.0016464570696186566
F2,N1,MAGDIFF,0.2,35,0.40412821660832215,0.14220465005622307,0.14261260936796485,0.2,0.30967812834245173,1.558016219588272,0.007593139197874325,-0.0005190780922543083,0.004446926118551144,0.0032883260122775204
F2,N1,MEMLESS,0.2,36,0.6498853075937873,0.2219124603551056,0.2234921458722626,0.2,0.48223899026520956,1.2619213036063917,0.005989102426763664,-0.005025881698280363,-0.0003502378312675898,0.0021064980769551116
F2,N1,BLOCK,0.2,36,0.23620956547983996,0.08363231873524944,0.08395811812145536,0.2002002002002002,0.23208315754065026,49.87531172069826,0.006621899066640435,-0.006621899066640435,-0.004083853788287686,0.002607180035292788
F2,N1,AR,0.2,36,0.5190383557477722,0.1775023754267524,0.17947187762345926,0.2,0.357410432125437,1.2633575719253873,0.00437364118894875,-0.00046037947952924467,0.0026025632375050404,-0.00018713779940016117
F2,N1,ENERGY,0.2,36,0.25863268639115894,0.09108897249295943,0.09175927628810202,0.2,0.2502012755069028,11.404109589041095,0.008607852449040644,-0.005213561147893746,-0.0036067736106829857,-0.0006256314911584039
F2,N1,MAGDIFF,0.2,36,0.40251072658845816,0.1409445923322719,0.1422451192893768,0.2,0.30913978995774377,1.5463199442767588,0.005832797061015022,-4.2379867296004066e-05,-0.00176968772883145,0.0016539641100591386
F2,N1,MEMLESS,0.2,37,0.6509206049345172,0.2353164750823929,0.23419904248056128,0.2,0.4803531751792207,1.2510958046336882,0.008350495303352178,-0.001648983961982174,-0.002276281991236728,0.005397712887547351
F2,N1,BLOCK,0.2,37,0.2329885953001571,0.07825270376582837,0.07862846384560106,0.2002002002002002,0.22949694313350064,50.12531328320802,0.010517875555158695,0.0013603088768912473,0.002210451147419245,0.010517875555158695
F2,N1,AR,0.2,37,0.5148436039247649,0.18159642725557257,0.1816324396490203,0.2,0.3509958897272642,1.2502346536512108,0.00849245499247613,-0.0012806717301909252,-0.00849245499247613,0.006590160771125389
F2,N1,ENERGY,0.2,37,0.25992197359668334,0.09875800362897301,0.09838487383350189,0.2,0.2500234775392287,11.320113314447593,0.007706460270812066,-0.0006698292676094096,0.007706460270812066,0.004223115033047277
F2,N1,MAGDIFF,0.2,37,0.40550071667293835,0.14859238305085898,0.14776503922395634,0.2,0.30901637465512627,1.5595972211380844,0.009510170221095255,0.002479766344394823,0.0042584684832615415,0.004272026930266027
F2,N1,MEMLESS,0.2,38,0.6472542644601286,0.24168114169260635,0.2392119190801165,0.2,0.47903408005153164,1.24586892810376,0.008760406270991984,0.005159429123093492,-0.00042536505392204774,-0.002939947798200955
F2,N1,BLOCK,0.2,38,0.23468947019221756,0.09115178688424679,0.09085865890125355,0.2002002002002002,0.2310892042464659,51.150895140664964,0.01010500712003802,-0.0002302003211408282,-0.002531307188412881,0.01010500712003802
F2,N1,AR,0.2,38,0.5103795017220368,0.18818775076462574,0.1863974348525682,0.2,0.349092857174161,1.2460243217960711,0.00937498667402615,0.0007836636438401258,-0.0006043558290426,-0.00937498667402615
F2,N1,ENERGY,0.2,38,0.2608626195398192,0.0983689377726177,0.09681209916347049,0.2,0.2509188629547122,12.057936028968015,0.007374586871069552,0.004040829483569363,-0.0036157521259118142,0.004713904949391455
F2,N1,MAGDIFF,0.2,38,0.4009050840103688,0.14150329728922384,0.14121030805552917,0.2,0.30706136011146307,1.5743440233236152,0.012020886086132164,-0.003678863392761644,-0.012020886086132164,0.003840973695516826
F2,N1,MEMLESS,0.2,39,0.6500175716061193,0.2266452476211292,0.22699663137165485,0.2,0.4795798128348513,1.2500782080961022,0.005237339718464139,0.00027385504982408825,0.0005415066610212404,9.946082708608023e-05
F2,N1,BLOCK,0.2,39,0.23242983948598445,0.08866438656105619,0.08884156058356868,0.2002002002002002,0.22906898635815678,50.12531328320802,0.007571988989374034,0.0028133812032392755,0.007571988989374034,0.0018345453850024292
F2,N1,AR,0.2,39,0.5128937271719977,0.18225962958590647,0.18263727648493763,0.2,0.3494105864723392,1.252429010217514,0.00457367017455268,0.002847997108099302,0.003657490208697037,0.0022107641750317942
F2,N1,ENERGY,0.2,39,0.2582154341878199,0.08322113116660834,0.0832728308241891,0.2,0.24874026734551655,11.87871581450654,0.009725722167238356,-0.003792437926876217,0.009725722167238356,0.003353909865981658
F2,N1,MAGDIFF,0.2,39,0.405725386983433,0.1458734408681765,0.1465799715015134,0.2,0.309337121686887,1.5676735974892115,0.005889117863839221,0.005252325953388438,0.00472231233841138,0.0011317736738035177
F2,N1,MEMLESS,0.2,40,0.647029186050738,0.2214605160420841,0.22310741998670486,0.2,0.4818528413344455,1.2472688682189899,0.007411730619718535,-0.0026244048354907372,-0.0006516764458133572,-0.0016695063415194816
F2,N1,BLOCK,0.2,40,0.23195719374728135,0.07967504006918494,0.07974553498051366,0.20008008008008007,0.23031013124462535,50.73096446700507,0.006925001847063043,0.0008140450716587616,0.005472609559422407,-0.001418812216073731
F2,N1,AR,0.2,40,0.5127433088576495,0.18164774013676305,0.18265347927526634,0.2,0.3532698232646594,1.2445496449482996,0.009325318561980716,0.0004099690680562674,0.0005159932541732144,0.004850359470067223
F2,N1,ENERGY,0.2,40,0.25671206479193015,0.09082176292137631,0.09063172999019731,0.2,0.24987920531366103,10.918032786885245,0.007212307126985475,-0.000488310988890632,0.005622714279357842,-0.006045203130410089
F2,N1,MAGDIFF,0.2,40,0.403151798309979,0.14069253546551402,0.1416258575166705,0.2,0.3104923880155058,1.5537755657516137,0.0058675975204383595,0.001504793768056863,0.0034932978254120107,0.0001155035896512124
F2,N1,MEMLESS,0.2,41,0.6483500506569708,0.23997980183763046,0.2397125424144736,0.2,0.48227400015389643,1.2529002320185614,0.008087993635513416,-0.0005976647116484041,0.0019214190425087007,0.004198995640572253
F2,N1,BLOCK,0.2,41,0.23573366772055554,0.0913455460458089,0.09090154550147811,0.1997997997997998,0.23271628025933933,50.65989847715736,0.010405780845686899,-0.0002652106213181182,-0.0007122203229909752,0.006779506519474675
F2,N1,AR,0.2,41,0.5156159753181966,0.18894359509445446,0.18926697391411762,0.2,0.35515538957906084,1.2525860447620838,0.007130164107075715,-0.00448333418458293,-0.002876659130336635,0.006194387745551578
F2,N1,ENERGY,0.2,41,0.25762727302201643,0.08837667359650068,0.08939990152785175,0.2,0.2509198640834378,11.212121212121213,0.011370686342781256,0.005917241360695145,0.0005694554049611888,0.004401025219653698
F2,N1,MAGDIFF,0.2,41,0.40275500128855063,0.14775311668546437,0.14722269442316127,0.2,0.31028526271193557,1.5463199442767588,0.006365256447472702,-0.003586182697498573,-0.0017435306049911402,-0.0035865894513956733
F2,N1,MEMLESS,0.2,42,0.6472407917411062,0.21677133885796918,0.21873872862293298,0.2,0.48034054043360974,1.2498436131615163,0.010145148032104671,0.0009646047721504641,-0.002237653444303284,0.007054898429561156
F2,N1,BLOCK,0.2,42,0.23058331283895278,0.0904035714684277,0.08967629570476568,0.2002002002002002,0.23047523397573141,50.12531328320802,0.011765914896673595,0.011765914896673595,-0.003698776547082761,-0.0002687207027612939
F2,N1,AR,0.2,42,0.5127316891135465,0.17466595592101267,0.17592756575709134,0.2,0.3520174994611804,1.2553405378235738,0.00848057990871804,-0.0015386262547855312,0.00014897814548857867,0.0036300831362847327
F2,N1,ENERGY,0.2,42,0.25835668171078885,0.09067403516494438,0.09087794628670869,0.2,0.24977605215158552,11.522491349480969,0.010445243367946166,0.009270130326176148,0.0025537032221424616,0.0020832481513188865
F2,N1,MAGDIFF,0.2,42,0.4000206841989883,0.13494990011211935,0.13563576737647778,0.2,0.30724460019876726,1.5524475524475525,0.008095817442910524,-0.0028037930176992433,0.00013842168606804274,0.003461007718887622
F2,N1,MEMLESS,0.2,43,0.6470508970185386,0.21829703140022969,0.21980724781857217,0.2,0.48036136872401053,1.245247740729199,0.00686916182579369,0.0063743603315819936,0.0028578865713173923,-0.004538889199279187
F2,N1,BLOCK,0.2,43,0.2316052866917832,0.07364437625058987,0.07434912095640593,0.2002002002002002,0.23020941856646865,50.377833753148614,0.0064331807635315714,-0.0011336860440513746,0.001559998909052277,0.002124198020745769
F2,N1,AR,0.2,43,0.5128748579687358,0.17862810724867104,0.17964627060193553,0.2,0.3521833026935236,1.25368639016126,0.009102252028787795,0.00033788165677293427,0.0036509051144277883,0.0013943574040419426
F2,N1,ENERGY,0.2,43,0.2598486485213424,0.08617167202572976,0.08718688272035752,0.2,0.24991865562717497,12.028898254063817,0.005869131926063765,-0.0007798466677302422,0.002127681126867772,0.0005097615368993945
F2,N1,MAGDIFF,0.2,43,0.3997689219618042,0.14455364527571118,0.145091653473614,0.2,0.30735341812628053,1.5576518281749434,0.008739670943902246,7.844915668269593e-05,0.008739670943902246,0.005511215962648617
F2,N1,MEMLESS,0.2,44,0.6496086585006761,0.2279897421485494,0.22959679540082936,0.2,0.4810145094390808,1.255498303380671,0.008712117437159755,0.0007436751854996027,0.0017082910176784724,0.008712117437159755
F2,N1,BLOCK,0.2,44,0.23470201968230026,0.08235450516176453,0.08281836496842777,0.19931931931931932,0.2311112990898544,50.030150753768844,0.009804262328198303,0.007020103553242129,-0.005466412592647959,0.005404829430207896
F2,N1,AR,0.2,44,0.515632972432621,0.18661434807794913,0.186838919894082,0.2,0.35352595110354923,1.255656108597285,0.007361063666499388,-5.218821753729169e-05,0.0018894783249143558,0.006826006718651545
F2,N1,ENERGY,0.2,44,0.2615301145045612,0.09994031898014767,0.09978160374421029,0.2,0.25028109472681376,12.043399638336346,0.008435051844475065,0.006534726536250872,0.00030731696021772057,0.003976153725370384
F2,N1,MAGDIFF,0.2,44,0.40098011530943717,0.14280053486924044,0.1438683761074449,0.2,0.30783337316338016,1.5458413926499033,0.008191238925922864,-0.002783905652301595,0.0028808594383351238,-0.0014016131679618455
F2,N1,MEMLESS,0.2,45,0.649923837350263,0.22274189007299527,0.2249210437226805,0.2,0.48292828146211414,1.2546310832025118,0.013374922696499482,-0.005581649792010008,0.0007028202406036919,0.006981807603611855
F2,N1,BLOCK,0.2,45,0.2362434833065651,0.08151078473242855,0.08239186700352011,0.2002002002002002,0.23216630718835712,49.87531172069826,0.008026821561471765,-0.002600241459404428,0.00568213113914085,-0.0018910393955310083
F2,N1,AR,0.2,45,0.5164224608687291,0.17345632963804797,0.1751447055207102,0.2,0.35502108896125784,1.2538437401945404,0.0089270626265038,-0.00773086689755378,-0.003963315988702024,-0.001368636186614039
F2,N1,ENERGY,0.2,45,0.25798544303057913,0.09043375903393062,0.09199349498813127,0.2,0.24970704908582284,12.028898254063817,0.007908198658214825,1.1544714830154542e-05,0.007908198658214825,0.0023799423530122123
F2,N1,MAGDIFF,0.2,45,0.4018976356702461,0.13803282099465147,0.13900119052441773,0.2,0.3097782975653112,1.5525681871163262,0.015269880485463934,-0.004310056725053559,-0.001939481255869862,-0.015269880485463934
F2,N1,MEMLESS,0.2,46,0.6457873446630155,0.22260220474144726,0.22330695663965183,0.2,0.4774516131619262,1.25368639016126,0.011383801334315082,0.004795273671679104,-0.002932176459179215,0.006410510051832365
F2,N1,BLOCK,0.2,46,0.23479670330598199,0.08320258127207544,0.08214343694395204,0.19947947947947947,0.2314862478651022,49.82,0.008882649939835712,-0.003321307708905168,-0.008882649939835712,0.003514732231225669
F2,N1,AR,0.2,46,0.5082923420208715,0.17627717677121316,0.17737000936837877,0.2,0.3476340176669327,1.2551039638168227,0.0061671364029586215,-0.0038277656145469362,-0.002293603654560753,0.0038275680506695254
F2,N1,ENERGY,0.2,46,0.2572364383346359,0.08748397809487363,0.08712825541730677,0.2,0.24839554921826137,10.996147495872316,0.008490037720198592,-0.0026160015988461456,-0.003498467467117014,0.00030777255277815457
F2,N1,MAGDIFF,0.2,46,0.3985354184649091,0.14262121238145667,0.14228684345862422,0.2,0.3048043723345233,1.5552269012220752,0.011048511240897766,0.0030647706597127515,-0.011048511240897766,4.1886394740573784e-05
F2,N1,MEMLESS,0.2,47,0.6501223564606641,0.22737073319529966,0.22687257543592282,0.2,0.4830445032888843,1.2453253552729993,0.00807227096547356,-0.005157220404640962,-0.005979099572745168,3.765889840708692e-05
F2,N1,BLOCK,0.2,47,0.23483251531773672,0.08954473382063588,0.0888380276158276,0.2002002002002002,0.23232489110098636,50.12531328320802,0.003866603553798736,-0.0010406774178644937,0.0015255083073008801,-0.0025761931999475855
F2,N1,AR,0.2,47,0.5188958428347628,0.17958146194283167,0.17947026139380873,0.2,0.35670885866404983,1.2540011297307474,0.00981135768189464,-0.004155576936857093,-0.0032922445345193096,0.00981135768189464
F2,N1,ENERGY,0.2,47,0.2594236425963313,0.09676836584056306,0.09645167231946772,0.2,0.2504779723521079,11.829484902309058,0.010979704038993917,-0.002362029961892381,0.0021410348984770514,-0.002634516865949962
F2,N1,MAGDIFF,0.2,47,0.4070740541137882,0.1445716970794056,0.1441588501002212,0.2,0.31179662064232705,1.5790721568007586,0.004807697288964058,-3.244135164928041e-05,0.0007812488642445836,0.0017606721665985679
F2,N1,MEMLESS,0.2,48,0.6488371254371631,0.22667732588217282,0.22637494637664687,0.2,0.4827546572160819,1.2383018283235203,0.008913751435023477,0.008913751435023477,-0.005075650297531252,0.004306157485568111
F2,N1,BLOCK,0.2,48,0.23510477359834492,0.08560155283060068,0.08532971096377266,0.1998998998998999,0.2328447395554971,50.42929292929293,0.005639073825553558,-0.0019034889972677545,-0.0006554580746773796,-0.0009387293956093196
F2,N1,AR,0.2,48,0.518565187066511,0.18708141190982747,0.18679562367973815,0.2,0.35797375535331716,1.2426145904596058,0.012068203812947745,0.010727835786611031,0.0005338167192116592,-0.0008293512891474373
F2,N1,ENERGY,0.2,48,0.25902274975308287,0.09353438995148076,0.09329541222512644,0.2,0.2514341827512154,11.423670668953688,0.009747420847627144,-0.002565566970609656,0.001176523595730519,0.000336584257765292
F2,N1,MAGDIFF,0.2,48,0.39959855142458706,0.13681043490449563,0.13718531109014637,0.2,0.3076933182080511,1.56020615336561,0.008998297273965578,-0.007451424664251955,-0.0034665325012179795,-0.0021791074342669098
F2,N1,MEMLESS,0.2,49,0.6500242871101304,0.2268586729237331,0.22524199330123607,0.2,0.4800438646573801,1.2604087812263436,0.007211246333001404,-0.004351395723476022,-0.0006899900649616566,-0.004372620414068164
F2,N1,BLOCK,0.2,49,0.23872486325033415,0.0843718369480434,0.08485187544048725,0.2002002002002002,0.23258409453945042,49.87531172069826,0.00835321935478994,0.0023248510113257083,-0.004000146604907933,0.0054432119751291795
F2,N1,AR,0.2,49,0.5144801048321591,0.18193705083873882,0.18121176844073503,0.2,0.35126501319148934,1.2594553706505296,0.007825988326026942,-0.004223817548327271,0.0022407382726809546,-0.007825988326026942
F2,N1,ENERGY,0.2,49,0.25963360580414696,0.09878589073700364,0.09810524810713835,0.2,0.24947582510141017,11.224719101123595,0.0075520733751693984,0.002235804979580047,-0.002682440281236234,0.0015789882599049655
F2,N1,MAGDIFF,0.2,49,0.39890055154303444,0.14643114219658057,0.1455077882199517,0.2,0.3054285165762361,1.5615474794841735,0.009627481051777733,-0.0006758029519072317,-0.002782971564504516,-0.003100115616086103
F2,N1,MEMLESS,0.3,0,0.7849732236980794,0.2750599527890813,0.2761725727361328,0.3,0.4285648832011372,1.4299346342859869,0.008125832644696417,-0.0058693422516582555,0.004790109436923325,0.0010606089754238534
F2,N1,BLOCK,0.3,0,0.3482391501385251,0.11579600494986379,0.11643330738127941,0.3003003003003003,0.23213394278125427,50.25125628140704,0.007979176330530574,-0.005575916900636933,-0.0032239809969678026,0.007979176330530574
F2,N1,AR,0.3,0,0.576843493180659,0.2076535154811066,0.2079707909362322,0.3,0.28225625166262064,1.4254458977407847,0.005688879451726059,0.0014223474517368526,0.0035015122779582996,-0.0004746487916204587
F2,N1,ENERGY,0.3,0,0.36937945597785315,0.12819735682881495,0.1290723621958933,0.3,0.24434913686040197,14.612384202827888,0.008754142831237514,-0.005252288139131584,-0.00026540416517786516,0.007861234716157135
F2,N1,MAGDIFF,0.3,0,0.5238520949167037,0.18923101445161195,0.18959183848476188,0.3,0.29084405116504336,1.725984796129924,0.0066770264026943076,0.00608218485841863,0.0059336008514921,0.0066770264026943076
F2,N1,MEMLESS,0.3,1,0.7835387470569626,0.2749666618020769,0.27492925259718703,0.3,0.4248575477188383,1.4326003824091778,0.006822830220754961,-0.001947699778067989,0.006143203464505236,0.002152121049408378
F2,N1,BLOCK,0.3,1,0.34376102954828136,0.11560371000062193,0.11575054293350538,0.3003003003003003,0.2289147630696846,50.08347245409015,0.008662933337472006,-0.0033753497551825802,0.0005371756110217712,-0.0042313796061999465
F2,N1,AR,0.3,1,0.5703804602386888,0.20278988318663355,0.20211751776316678,0.3,0.27703576077963615,1.4385830173282772,0.005792592251015143,0.005600673049578596,0.003237529653021751,0.0031633194399100554
F2,N1,ENERGY,0.3,1,0.3738837997421585,0.12436620224440988,0.12452002158167834,0.3,0.2444575787131712,13.167838312829526,0.006981937529864171,-0.000694421425583084,0.001906365028434929,9.377049252530196e-05
F2,N1,MAGDIFF,0.3,1,0.5196532512369645,0.1867605050323743,0.1861694589045001,0.3,0.28715173645801656,1.712082262210797,0.008792272008779497,0.004881266284977567,-0.004265479951731239,-0.004094560585895965
F2,N1,MEMLESS,0.3,2,0.7842222875741955,0.2916140187221862,0.2894615904909434,0.3,0.42635736970923627,1.4318474989250394,0.008917419314078771,-0.0035552967758128735,-0.0003198661052019105,0.008917419314078771
F2,N1,BLOCK,0.3,2,0.3475127025279716,0.1348840860420939,0.13193215657743926,0.3003003003003003,0.23116332082390037,50.505050505050505,0.008314484903337407,0.0035073902409857157,-0.005766266727068908,0.0003775739035463413
F2,N1,AR,0.3,2,0.5727595994194123,0.21188719593659266,0.21059141642137824,0.3,0.2787231914752024,1.4282990992708382,0.006120083694778631,0.0023061343950558973,0.004930570424273862,-0.0007807793419035154
F2,N1,ENERGY,0.3,2,0.3731517184145808,0.1445724789792978,0.1423954456235496,0.3,0.24490622109964927,13.397407241841753,0.008605867262206508,0.0011384999121913874,0.0010697865155037693,-0.0012195962924254108
F2,N1,MAGDIFF,0.3,2,0.5219131433017792,0.188095853264796,0.18757131671176172,0.3,0.28889717575062857,1.7171832922706698,0.006920576508877623,0.006413393325187494,0.006920576508877623,0.002232927803989759
F2,N1,MEMLESS,0.3,3,0.7834933918188238,0.28624675724067616,0.28525953779712443,0.3,0.42524201440457426,1.4217942027610417,0.009656277331513134,0.006004993650210366,-0.008981576672294364,0.001139714863828956
F2,N1,BLOCK,0.3,3,0.34928844460413444,0.12160371475047123,0.12108769930515392,0.3003003003003003,0.23036293994009624,50.08347245409015,0.006467474637064825,-0.0005703992069073931,0.002615978429034985,0.003870413631174664
F2,N1,AR,0.3,3,0.5700880491134063,0.20540481474769345,0.2041116214902447,0.3,0.2767117779269751,1.4315739192739432,0.010153847383236473,0.008912571166798144,-0.007457548877863639,0.00746473962403675
F2,N1,ENERGY,0.3,3,0.36923458854258634,0.12310288333141726,0.12284353119575403,0.3,0.2428401114502432,12.996530789245446,0.01076469518813659,-0.003671199240550264,0.0013756439822671643,0.00021851860712980036
F2,N1,MAGDIFF,0.3,3,0.5213675632212897,0.1885219852441049,0.18782647532078156,0.3,0.28764265905168734,1.7357813042974632,0.012166782529793701,0.001419942622545785,-0.012166782529793701,0.008066961473648484
F2,N1,MEMLESS,0.3,4,0.7840542426512848,0.27853981786586124,0.2795773302924561,0.3,0.42699359171903883,1.4253103153088886,0.009541324450523124,0.002535062481402632,0.0006182091662304441,-0.009541324450523124
F2,N1,BLOCK,0.3,4,0.3504728708793515,0.12804478598661828,0.12895928699276513,0.3003003003003003,0.23236432360635098,50.25125628140704,0.011305969421807224,-0.0004010935047496277,-0.00025484647394577074,-0.011305969421807224
F2,N1,AR,0.3,4,0.5726751873758811,0.19661825174038589,0.19767093413716552,0.3,0.2790715981498401,1.4312320916905443,0.009423397953365798,0.008462076191574065,0.002781727445658398,0.0025193300562783875
F2,N1,ENERGY,0.3,4,0.37201989808179414,0.13155281992154344,0.13219341098623982,0.3,0.245193620042491,14.387902064330293,0.006548782951675982,0.0021599180210946185,-0.0019792980385833934,-0.006341879895049757
F2,N1,MAGDIFF,0.3,4,0.5180988633441962,0.1815420612003233,0.1829719297248537,0.3,0.2878241855050355,1.7163965408624935,0.010062197905398142,0.0009453675264735225,0.00300267647989272,-0.004522065747715796
F2,N1,MEMLESS,0.3,5,0.7848173307379647,0.2766154199364924,0.2761979575428782,0.3,0.4254269633229712,1.4330113799368844,0.007950280848065414,0.0005633998011760908,0.0032245047412692777,0.0018882850718229722
F2,N1,BLOCK,0.3,5,0.3440126116729521,0.12497954816152247,0.12448486379694228,0.3003003003003003,0.22812183851325124,49.91680532445923,0.006997864172726169,-0.006997864172726169,0.006611060081418589,-0.004549007805891267
F2,N1,AR,0.3,5,0.5743135836090822,0.20223076397876139,0.20161698738975856,0.3,0.27897320844690016,1.4322580645161291,0.007586427392868164,-0.004662461198545901,-0.004917156028969667,0.001898369645344175
F2,N1,ENERGY,0.3,5,0.37209777379883674,0.13817191523286532,0.1375867425927807,0.3,0.24403011950383682,13.728813559322035,0.00819533544326326,-0.004379480844949549,0.007091751298902881,-0.0016777359166188853
F2,N1,MAGDIFF,0.3,5,0.5238702876506,0.1937857872601002,0.1930907731364761,0.3,0.28922636671092145,1.7223148094937073,0.010631697507223833,0.002710643931368784,0.0006397865129269552,0.0019872444023804
F2,N1,MEMLESS,0.3,6,0.7822226857087368,0.26585992331840436,0.26615156542975743,0.3,0.4265850376624129,1.4321896205677147,0.008442679383550058,0.007689592324753685,-0.003099546313805485,-0.004234942205453616
F2,N1,BLOCK,0.3,6,0.34635484590106574,0.11603727401723364,0.11660178996537383,0.2994194194194194,0.2311046750378848,50.020066889632105,0.004362596683894002,-0.004362596683894002,-0.0035932045219093777,-0.002620263912181719
F2,N1,AR,0.3,6,0.5734943106127709,0.19484358065865615,0.1948216142823841,0.3,0.28066532359096724,1.4305489260143198,0.0063346056920703265,-4.185163399579644e-05,-0.004213477019873226,-0.0044961280844880965
F2,N1,ENERGY,0.3,6,0.3730887668816192,0.1310669060242068,0.13065553835700225,0.3,0.2449272900142519,13.635122838944495,0.00453455759172422,-0.0009426598863178101,-0.0022026975340200686,2.7925132237936666e-05
F2,N1,MAGDIFF,0.3,6,0.5171888365349074,0.1797959533739209,0.18019696871782445,0.3,0.28818658870583425,1.7173800928313563,0.009179336536931346,-0.002878592650546451,0.004744613105573939,-0.0037069258423988363
F2,N1,MEMLESS,0.3,7,0.7856294788346775,0.2704020303683631,0.272099450867624,0.3,0.4237442062038098,1.427686737804878,0.008762062966175294,-0.0055375814956005395,-0.0004870215894242627,-0.0038560929712454705
F2,N1,BLOCK,0.3,7,0.34654482477503323,0.1195734961954946,0.12077129590667388,0.3003003003003003,0.2287373734957145,49.91680532445923,0.0088356343543669,-0.005137857852176475,0.001381415133950587,-0.0088356343543669
F2,N1,AR,0.3,7,0.5692245711570766,0.19871877376158606,0.20054874329519193,0.3,0.27400807425202517,1.4148137657555586,0.006883092876101879,0.0018364161343177596,0.0006489076966053631,0.003321659709401623
F2,N1,ENERGY,0.3,7,0.36966563427725774,0.12024991635752652,0.12079343777656988,0.3,0.24244996053820067,13.972027972027972,0.011397945075130804,0.001531209934464953,0.002580170130359174,-0.008835698299009166
F2,N1,MAGDIFF,0.3,7,0.5243907156367257,0.19073637570158022,0.19149481041180627,0.3,0.2877497562920051,1.7127671733912446,0.00735765777063136,-0.0037054488325483125,-0.001760471822145519,-0.003416247443712413
F2,N1,MEMLESS,0.3,8,0.7814606752902254,0.2684286252560731,0.2699678689364652,0.3,0.4255022853567236,1.4364455521472392,0.012186588327827156,-0.012186588327827156,-0.0008143043336440969,-0.002166337920717802
F2,N1,BLOCK,0.3,8,0.342084375968746,0.11756303032099143,0.1173934808415812,0.30028028028028025,0.22928480469548831,50.33221476510067,0.009281454122481247,-0.002250988532830315,0.009281454122481247,0.005916270490975988
F2,N1,AR,0.3,8,0.5687153567677186,0.20022071993932905,0.2014469518098221,0.3,0.27768979857876824,1.426939008713041,0.0045692739266312435,-0.0045692739266312435,0.001357615947324202,0.0015647871460830543
F2,N1,ENERGY,0.3,8,0.37241699607854595,0.13838749837743464,0.13905683498794646,0.3,0.24450865847220968,12.86266094420601,0.01160869124606091,0.0006499942494600298,0.0014050548991286012,0.002372259130343783
F2,N1,MAGDIFF,0.3,8,0.5173719749782668,0.18379750526833577,0.18404424716070633,0.3,0.2873250062343723,1.7086659064994298,0.005277941514318642,0.0044552573626973025,0.0021746554837926567,0.0019854735495372262
F2,N1,MEMLESS,0.3,9,0.7801043650220623,0.27921716274437813,0.2793561873327252,0.3,0.4236689629411242,1.419571807502842,0.00725147967276036,0.00725147967276036,0.0006272844716722404,-0.002732601301833752
F2,N1,BLOCK,0.3,9,0.3416808756858835,0.11912407818305729,0.11847154979722177,0.3003003003003003,0.2287616047915734,50.08347245409015,0.006935284370749253,-0.0017538177880579223,0.004786679091057291,0.0013237361309715529
F2,N1,AR,0.3,9,0.5675282175963794,0.20388606887794883,0.2035592979836367,0.3,0.27676651907686506,1.4359637774902976,0.005451835847937699,0.005123339017435068,-0.005451835847937699,0.002547118446855936
F2,N1,ENERGY,0.3,9,0.3701680072158081,0.12626863229914442,0.12574953472239597,0.3,0.2436720273484561,13.225948808473081,0.007814240799193604,-0.0006333637464465607,0.0059285499159685996,0.0009493680869795986
F2,N1,MAGDIFF,0.3,9,0.5139804605823756,0.1805239911460639,0.18051071002854086,0.3,0.2853835267878642,1.7253886010362693,0.00560012961183013,-0.0037095150364596647,-0.0030083871980669586,-0.0009662172995039631
F2,N1,MEMLESS,0.3,10,0.7820001486611556,0.2640111683531341,0.26605133843470014,0.3,0.42624383826227547,1.429252706376079,0.007431490470922848,-0.0038361700693460444,0.0010055491759142592,0.005885529312147516
F2,N1,BLOCK,0.3,10,0.3493424443813077,0.11837164602159975,0.1186601907859133,0.3003003003003003,0.2320382368800922,50.08347245409015,0.01008296708511049,-0.0021586749397530984,-0.0045670168208764034,0.0015841709713775092
F2,N1,AR,0.3,10,0.5720992195767156,0.19587578352037166,0.1975344728381077,0.3,0.2798659140596448,1.4217267552182162,0.0070953786203334255,-0.006404287481479123,-0.0070953786203334255,0.006552728244914401
F2,N1,ENERGY,0.3,10,0.36967215382920593,0.13077822697463076,0.13025529873133115,0.3,0.24427825448415766,13.875,0.006211396057015015,-0.0003547011771250903,-0.002816927182893773,0.0035608856691777316
F2,N1,MAGDIFF,0.3,10,0.5195642659905501,0.1805060484647297,0.18136646074954674,0.3,0.2888627747022895,1.7144328127681483,0.005863062191765284,0.0024891269567132177,-0.0024717738925710514,-0.005863062191765284
F2,N1,MEMLESS,0.3,11,0.7865883657906299,0.27787745265799935,0.27830906688429313,0.3,0.4286601444645247,1.4328743545611016,0.012405303559680263,-0.0035647228105242885,-0.0019597027075551206,0.00686162608618829
F2,N1,BLOCK,0.3,11,0.3473544705775694,0.12302331578600627,0.1237149333986543,0.3003003003003003,0.2308906992884153,50.25125628140704,0.013513282046980449,-0.005396772971062957,-0.004690528368037573,0.001556920655259421
F2,N1,AR,0.3,11,0.576725311806882,0.20589080734099718,0.20649644331632036,0.3,0.28153869250393504,1.4211874051593323,0.0057046794968005155,-0.002492498325395393,0.004366567056204192,-0.0024089751087519205
F2,N1,ENERGY,0.3,11,0.3733313004848675,0.13135162284142993,0.1316979517149349,0.3,0.2451874123496068,13.325922632281014,0.012777540989136783,-0.0012541739639615635,-0.0064523498956552214,-0.003729351764544392
F2,N1,MAGDIFF,0.3,11,0.5234830143278381,0.19403076901499422,0.193819902376151,0.3,0.29060068567415315,1.7101283880171183,0.007497060220261508,7.717375937608541e-05,0.001917362918779458,-0.006718888068419255
F2,N1,MEMLESS,0.3,12,0.7814074279485127,0.2747895889839671,0.27642769562553166,0.3,0.4259299085364987,1.4272787884560434,0.007649450534411471,-0.004638363921503489,-0.007649450534411471,0.0017709090389306456
F2,N1,BLOCK,0.3,12,0.3501724507638957,0.11765859778484264,0.1178656197467867,0.3003003003003003,0.23239082703290076,50.93378607809847,0.012568912512733848,-0.0011081508724155968,-0.006191702276257962,0.00965814525762804
F2,N1,AR,0.3,12,0.5703611841558762,0.20380099714427813,0.2049752298128826,0.3,0.27845051113070524,1.424632789846461,0.00804018370601994,-0.0010165691985891492,0.0027149707458491556,-0.004406201138849179
F2,N1,ENERGY,0.3,12,0.3727830793491855,0.1327210344309615,0.13223763999913896,0.3,0.24546623231838283,13.978544776119403,0.010630444456419445,-0.00284145988885464,-0.00772514622917107,0.010630444456419445
F2,N1,MAGDIFF,0.3,12,0.5179884053755929,0.18346835582522802,0.18495629266237446,0.3,0.2882629989138153,1.7116911302758582,0.005855197615848173,-0.0008114609361356917,-0.004847733498058823,0.0026115903828103915
F2,N1,MEMLESS,0.3,13,0.7824237296837321,0.2653270814688575,0.2671514606400436,0.3,0.42615959038972817,1.4211874051593323,0.008003455662190816,0.005533481047750785,8.272340271084193e-05,0.00463635556481159
F2,N1,BLOCK,0.3,13,0.34720028605454817,0.11560070013886921,0.11673731483758709,0.3003003003003003,0.2308336134414491,50.25125628140704,0.01131235167487691,0.0007000610288545937,-0.0018428600465370142,0.0025300893252278413
F2,N1,AR,0.3,13,0.5685659235417453,0.1919008691230647,0.19279063989064288,0.3,0.2773907862941641,1.430617213232135,0.00430850095823254,-0.00430850095823254,0.002450529997243999,0.0037651936603761414
F2,N1,ENERGY,0.3,13,0.3676299326231987,0.11984142410008412,0.1218860998987031,0.3,0.2430377150411263,14.285033365109628,0.006542368827220428,-0.0023422903477745135,8.526984977303965e-05,0.006542368827220428
F2,N1,MAGDIFF,0.3,13,0.517699533284993,0.17615340647415512,0.17679077549247485,0.3,0.28773867534245334,1.7195478799701647,0.006534406163235833,0.002822388572015988,-0.0006780487513890065,-0.0022693025045343903
F2,N1,MEMLESS,0.3,14,0.7822183163885618,0.27214137064467525,0.2715784733039258,0.3,0.4241521096315737,1.4312320916905443,0.01038469621335142,-0.002413758593860476,0.002819304958665227,-0.005841995589054383
F2,N1,BLOCK,0.3,14,0.34870760960791947,0.12655827125461433,0.12651230932856083,0.3003003003003003,0.2296714034175669,50.76142131979695,0.007546546105697355,0.0031815504236934198,0.007546546105697355,-0.0018527651402538174
F2,N1,AR,0.3,14,0.5666843549732111,0.19644770966687936,0.196174118540696,0.3,0.27512271873112826,1.4416971329613237,0.010535467396967313,-0.0017267775973648749,0.0018316405156857914,-0.010535467396967313
F2,N1,ENERGY,0.3,14,0.3733578258616223,0.13542943078027808,0.13490946780888968,0.3,0.2447247975915757,13.69744058500914,0.010382764782608854,0.00022853438144581083,0.010382764782608854,0.002162776971196285
F2,N1,MAGDIFF,0.3,14,0.5185615594622953,0.18224963745066053,0.18133376475401833,0.3,0.28743120456518323,1.7230079337702655,0.008203277305316432,0.008150417631392775,0.006245422803861765,0.007318726230968856
F2,N1,MEMLESS,0.3,15,0.784050383804611,0.2816345547998596,0.2816503856159769,0.3,0.42555348391062314,1.4253103153088886,0.013061307160064374,0.0034243031316294,-0.00206611832691521,0.0028832219193313177
F2,N1,BLOCK,0.3,15,0.34647199382423693,0.12745813630251474,0.12716592088200018,0.2996796796796797,0.2304899905520592,50.23154362416108,0.009712871191351294,0.007381520012644821,0.0027800531884721396,0.009712871191351294
F2,N1,AR,0.3,15,0.5709227976963303,0.20428107516719718,0.20451471927834886,0.3,0.2775003484715714,1.4319843279659803,0.009464195607030311,0.001696764555532235,-0.003957440280045944,-0.0031128746457702236
F2,N1,ENERGY,0.3,15,0.37191078849681275,0.14513933487526282,0.1435737057487267,0.3,0.2444661463864255,13.42741935483871,0.01073643775263915,0.01073643775263915,0.0018298778337266163,0.0014392529662668803
F2,N1,MAGDIFF,0.3,15,0.5192586259240938,0.18185153964497497,0.18114713445486474,0.3,0.2872895907365375,1.735680778363352,0.009756014968788548,0.0038553634147500794,-0.0034963623332259176,0.009756014968788548
F2,N1,MEMLESS,0.3,16,0.7848651817023764,0.27350837439554304,0.2745917649548553,0.3,0.4227276564352846,1.4358261869400661,0.008199961639272474,-0.0018196475013547277,0.0036547365829504605,0.001057632870089282
F2,N1,BLOCK,0.3,16,0.3487153308463045,0.11177651478035204,0.11354099565722399,0.2996596596596597,0.22958475240174292,50.397306397306394,0.010058683193561228,-0.00206973821788335,0.009192752762808724,-0.002256126122961831
F2,N1,AR,0.3,16,0.5666689232565998,0.19718854792644985,0.1976210807057207,0.3,0.2724503247875172,1.4223340135731575,0.006054646542160701,-0.002973129080987329,-0.0020913201401220956,-0.00028193380466425607
F2,N1,ENERGY,0.3,16,0.3701233879694522,0.12245504301705619,0.12549571252612213,0.3,0.24148534617113818,14.037470725995316,0.01110705855384582,0.0009960167651160694,0.01110705855384582,0.004126461266065887
F2,N1,MAGDIFF,0.3,16,0.5190466322089347,0.171434739363371,0.17290609139400895,0.3,0.28529526419193224,1.7226117944591333,0.010065835507193708,-0.004507601038080267,-0.0025694073707713894,-0.007123508111033946
F2,N1,MEMLESS,0.3,17,0.7821209096671439,0.28412063438137264,0.28183507367888533,0.3,0.42519318304461806,1.4144131388928218,0.009378243935991466,-0.006019900621375179,0.00035898281673369704,0.004580155630609973
F2,N1,BLOCK,0.3,17,0.3397969370667389,0.12541936191087044,0.12425909123603293,0.3003003003003003,0.22778510840181018,50.93378607809847,0.006618253518746732,0.003753177490992021,-0.0005834151915825677,-0.00017648566663569824
F2,N1,AR,0.3,17,0.5713755043090404,0.20692831529967604,0.20470997901505358,0.3,0.27869959506736686,1.4249037227214378,0.007232577477445266,-0.0016243783056391346,-0.0014172917536268079,-0.003042238615656398
F2,N1,ENERGY,0.3,17,0.36817437681757953,0.14064287113178664,0.13886576382947996,0.3,0.2434146049621481,13.373493975903614,0.00868189384860506,0.0009628159399089273,0.0006915032348893139,0.003452656167279977
F2,N1,MAGDIFF,0.3,17,0.5165575777933374,0.19167669159038864,0.18949572597396036,0.3,0.2870181459989812,1.7108117364996005,0.008120285448878689,0.003600774608865954,-0.0013350860119080493,0.0007838495807721315
F2,N1,MEMLESS,0.3,18,0.783918662824316,0.27446378205553085,0.2761279392208264,0.3,0.4268745128054142,1.4363767074047449,0.004691288790832055,-0.0005292978247546761,0.004276053373116878,-0.0018147086178912444
F2,N1,BLOCK,0.3,18,0.3454128082056482,0.12949001736289173,0.12870197946836262,0.3003003003003003,0.23046796304078596,50.08347245409015,0.008857748576300305,0.004448312617346188,-0.0002932876941178342,-0.005722288821569207
F2,N1,AR,0.3,18,0.5726007433722661,0.20068363951396334,0.20252731065692367,0.3,0.2791874834402923,1.4347950976637305,0.007034257024979509,-0.0018838537377146355,-0.003273976001698387,-0.0014075550313094299
F2,N1,ENERGY,0.3,18,0.37154147346914795,0.13871852745160668,0.1386091419387937,0.3,0.24456678593737496,14.050632911392405,0.007557545630254757,-7.19093538084893e-05,0.0024916429093173828,-0.0005130021721629113
F2,N1,MAGDIFF,0.3,18,0.521104287760813,0.1840204905310821,0.18578778856518025,0.3,0.2889583054039379,1.7232060717571298,0.009844917522603722,0.003251846630617247,-0.00019314728283138837,0.006903993601835441
F2,N1,MEMLESS,0.3,19,0.7842196813904433,0.2764478622684242,0.2763282146251813,0.3,0.42519037054987163,1.4314371686488037,0.009519950500056629,-0.0029309550596580886,0.004298996031514732,-0.008344230852056345
F2,N1,BLOCK,0.3,19,0.3432934303298391,0.11841103452175472,0.11796771701556043,0.3003003003003003,0.22827370127899418,50.25125628140704,0.011844957313654866,-0.004933988089589355,0.011844957313654866,-0.006497911242596195
F2,N1,AR,0.3,19,0.5704300378360985,0.20115916371588474,0.20157754344692294,0.3,0.2765590427621852,1.4401037912642352,0.011931059665296258,0.0022756093456448695,6.815523987965402e-05,-0.004677063017465049
F2,N1,ENERGY,0.3,19,0.3700302327543964,0.12418256103046807,0.12437093085940334,0.3,0.24282370609613346,13.579519710013592,0.007610317908198157,-0.006087114211581583,0.007610317908198157,-0.001594180948993544
F2,N1,MAGDIFF,0.3,19,0.5218117692579113,0.18542976287841276,0.18553972870808305,0.3,0.28813820791588113,1.7218200620475699,0.008986595101184946,0.00046239416357453074,-0.007259441493188222,0.003457333849158225
F2,N1,MEMLESS,0.3,20,0.7828918993683349,0.2859904938325769,0.2850585531636018,0.3,0.42619665854119,1.4190340909090908,0.00612130478913595,-0.0007776316254452101,0.003620253767955933,0.0020240591408794365
F2,N1,BLOCK,0.3,20,0.34778952185357226,0.12342788410018943,0.12343550829016742,0.3003003003003003,0.23080773395369794,50.5902192242833,0.00956625125084874,0.00608563337319377,-0.0006786006704504014,-0.003793109981621325
F2,N1,AR,0.3,20,0.5707627451068381,0.205002382277539,0.20418153183812265,0.3,0.2783083395388103,1.4357574015521701,0.007195507386486163,-0.006243070640479276,0.0025694352071223337,-0.004199626705863833
F2,N1,ENERGY,0.3,20,0.37096456805443195,0.14002797633123554,0.13883172468215707,0.3,0.24429387678460623,14.011220196353436,0.006587976708544878,0.0056970758295300915,-2.556725858330214e-05,-0.0008896821439347128
F2,N1,MAGDIFF,0.3,20,0.5209023343148708,0.18592306152964225,0.18425843260260402,0.3,0.28847767089044785,1.7195478799701647,0.007495789368225196,-0.004809535476399696,0.007495789368225196,-0.0028920403360813847
F2,N1,MEMLESS,0.3,21,0.7818452793590943,0.28273943366715903,0.2816259960817938,0.3,0.4250681796974723,1.4376169232983163,0.010130271982320785,-0.0016841547378796185,-0.010130271982320785,0.004560950582933911
F2,N1,BLOCK,0.3,21,0.3493946839379344,0.12655897288842305,0.12515892417541316,0.3003003003003003,0.23189589322411572,50.42016806722689,0.010598587673383794,-0.002074505900778832,-0.002223895357100704,0.0033117926775532176
F2,N1,AR,0.3,21,0.5668446937775304,0.20997853903271968,0.20803238440406818,0.3,0.27568791467067355,1.4372032801035821,0.01320251231969352,0.0004542226200333311,-0.00490934152252841,0.012009186655733936
F2,N1,ENERGY,0.3,21,0.37042445984546873,0.13202108333643836,0.13108279304614753,0.3,0.24380170562676262,13.42140618002687,0.0065577606828397,0.0016188586948700737,0.0007765243599437172,-0.00020476452634617275
F2,N1,MAGDIFF,0.3,21,0.515074561328525,0.18340803057958327,0.18292414231984735,0.3,0.28597325286917585,1.7193505822959096,0.010184192864436968,0.008409987378816814,-0.001801623837625742,0.004864848357361661
F2,N1,MEMLESS,0.3,22,0.783377996929242,0.27968917578955194,0.2806907749811726,0.3,0.4264742129833391,1.4319843279659803,0.010277580375497438,0.007528968044790813,0.0010216151846910784,-0.00861624175336846
F2,N1,BLOCK,0.3,22,0.3445268505644445,0.12715376849398569,0.12762650957743849,0.3001201201201201,0.22933278784419245,50.645270270270274,0.007718763296805694,0.003972249909512624,0.002183719880845939,0.004772957244112114
F2,N1,AR,0.3,22,0.5737230990781055,0.2042907579314564,0.20436028187495686,0.3,0.28012242313789754,1.4300710979624947,0.007312184277680762,0.0008378082387116953,-0.00022375387116808782,-0.002709579398450648
F2,N1,ENERGY,0.3,22,0.3714587631218239,0.13604850037720118,0.1363491402833593,0.3,0.2439909272274333,13.296362023070097,0.0048543717573024895,2.0409092839797777e-05,-0.0007326151539067168,0.0048543717573024895
F2,N1,MAGDIFF,0.3,22,0.5179128118881753,0.1847398057940744,0.1849493508475658,0.3,0.28786486773216297,1.7159051872208864,0.008279554600922105,-0.008279554600922105,0.0006870358452367548,-0.001409372687731411
F2,N1,MEMLESS,0.3,23,0.7811621269324162,0.28521511159275936,0.28570284977843186,0.3,0.4271100196105306,1.4180940664332355,0.006321012026725102,-0.005558596123851809,0.005973444559607279,0.00257789495524834
F2,N1,BLOCK,0.3,23,0.34260213902319836,0.12057292724235152,0.12097524461306321,0.3003003003003003,0.22997442927767667,50.76142131979695,0.003203406149795118,-0.000856364125341725,0.0014570167845271245,-0.0006435415177299507
F2,N1,AR,0.3,23,0.5737062475702677,0.2098054755642856,0.2105337061186303,0.3,0.28157517829581824,1.4213222043061746,0.010173687523578145,-0.008118890597716614,0.0050805150245296915,0.007731722990827727
F2,N1,ENERGY,0.3,23,0.36991567322713137,0.13328175536236417,0.1324080373477216,0.3,0.24567412320020665,13.053135888501743,0.00818966890668067,-0.003317778462542039,0.0031638717320390647,-0.007584841101290665
F2,N1,MAGDIFF,0.3,23,0.5192294256118161,0.1956437833626832,0.19500154046983834,0.3,0.2896877273838322,1.725984796129924,0.007995429167405584,-0.001611799374253086,-0.002660897606377438,7.017933247670684e-05
F2,N1,MEMLESS,0.3,24,0.7850624091122552,0.28363737126317545,0.281376402825999,0.3,0.42365214067493034,1.4178257167187056,0.009293960404174637,0.003038010355547552,0.00019130097926248945,0.009293960404174637
F2,N1,BLOCK,0.3,24,0.3437335118209207,0.12186182561259871,0.12104411236209707,0.3003003003003003,0.2266773980091852,50.76142131979695,0.006927135298791493,-0.001179977751695799,-0.00027088137422780705,0.005387277944696237
F2,N1,AR,0.3,24,0.5674961305570954,0.207216697770284,0.2043092702076008,0.3,0.27363319503196903,1.4307538072277652,0.00812000006773908,-0.0028195429515087034,-0.006471356373239548,0.0004257251099518157
F2,N1,ENERGY,0.3,24,0.3702973580413336,0.1351369404300542,0.13404522384119352,0.3,0.24114511595478375,14.683978441940225,0.009832235353593007,-6.814212352337913e-05,-0.004553127366631004,0.0038177562042350428
F2,N1,MAGDIFF,0.3,24,0.5203946696840543,0.18908290098905012,0.1876783220016465,0.3,0.2857849573273949,1.7217211466651348,0.012001543215788089,-0.0016560292560098848,-0.012001543215788089,0.003149056066882799
F2,N1,MEMLESS,0.3,25,0.7824532399245213,0.2733827884737511,0.2726775215878102,0.3,0.4251040365585953,1.4319843279659803,0.010460425993948114,0.004692130417154539,0.006827850701139324,-0.007889463852373844
F2,N1,BLOCK,0.3,25,0.3473014156741927,0.1242676671740548,0.12422116481316284,0.3003003003003003,0.22997039829577182,49.91680532445923,0.007350795243873252,0.007350795243873252,0.005930599115419659,-0.004010855509934551
F2,N1,AR,0.3,25,0.5663634667593803,0.19572301298019087,0.1955026423410117,0.3,0.2756877982117202,1.4381688180814818,0.006414759292977946,0.005130862888224837,-0.0022074079901170432,0.0041990569593253904
F2,N1,ENERGY,0.3,25,0.3759042136173592,0.12390811961147402,0.12414803427670891,0.3,0.24483283420139576,13.373493975903614,0.005418940998572855,0.005208488560100463,0.0003857687814715211,-0.0030629816390456027
F2,N1,MAGDIFF,0.3,25,0.5139286443662625,0.1792870482681052,0.17877174299708706,0.3,0.28564197812490605,1.721325598759405,0.008622575909671313,-0.006290398144909071,-0.0007131896541115956,-0.001745966718809255
F2,N1,MEMLESS,0.3,26,0.7819434159748864,0.2691035592918299,0.2701595007079348,0.3,0.42704381148959797,1.4211200151737873,0.013092588570680287,-0.005735129432987952,0.002343637129855868,-0.002666307796174372
F2,N1,BLOCK,0.3,26,0.3507653392177781,0.1308274313845962,0.1299411098675372,0.2998198198198198,0.23275707017971078,50.42424242424242,0.00846358242693913,0.0046067386872352695,0.0072352982244912175,-0.004663172174700834
F2,N1,AR,0.3,26,0.5697897761043723,0.20096493626084294,0.2013590139470395,0.3,0.27885133680067825,1.4300710979624947,0.006565670865890938,-0.0018051026461956077,-0.006565670865890938,-0.0011150224142807332
F2,N1,ENERGY,0.3,26,0.3724121823419728,0.14458988228723235,0.14339375302951995,0.3,0.24563826234927888,14.0177736202058,0.006886505640005522,3.05224478359807e-05,0.005773968491163321,-0.0037710040963616852
F2,N1,MAGDIFF,0.3,26,0.5179520283014942,0.1789191665163426,0.17999971200510792,0.3,0.28873202968737344,1.7077896176420309,0.008015994931550516,-0.0010859191875915296,0.0023968742828014314,0.005109623745382235
F2,N1,MEMLESS,0.3,27,0.7837051888293048,0.2773982910789117,0.2784417188510585,0.3,0.4255723100313632,1.4268710721767282,0.006923077234459818,-0.0019211346965435456,0.004005323091168478,0.0015213769398530947
F2,N1,BLOCK,0.3,27,0.346624726818516,0.12269107640232348,0.12259485438160908,0.3003003003003003,0.22938288492649686,50.25125628140704,0.008685073823681992,-0.0007614381876210215,0.0015066223081355399,0.0024588245901977497
F2,N1,AR,0.3,27,0.5710281421274592,0.1977630529193698,0.1992001642537646,0.3,0.2779163591277184,1.4378238341968912,0.00717088204091176,-0.0070060447471891425,-0.00717088204091176,-0.005873107688834822
F2,N1,ENERGY,0.3,27,0.3714640496080171,0.13307779265308184,0.13325946100752536,0.3,0.24381704903371926,13.214285714285714,0.007228751002898501,0.00031326314166648945,-0.003577642870870536,0.00055163944387848
F2,N1,MAGDIFF,0.3,27,0.5185212487991576,0.1759714988489135,0.17770030144852447,0.3,0.2870948512877286,1.7234042553191489,0.009544039165139358,0.002315770058223758,0.009544039165139358,-0.0026902274747129915
F2,N1,MEMLESS,0.3,28,0.7857539339199475,0.29170757418026105,0.28911863562537704,0.3,0.4292933071692055,1.4240912330719886,0.005559339059257207,-0.005559339059257207,-0.001817772451001054,-0.000905355292245598
F2,N1,BLOCK,0.3,28,0.34699671791274467,0.12914397645129455,0.12719696262639338,0.3003003003003003,0.23225763681752706,50.5902192242833,0.00659585819010803,0.004831867209423384,-0.0044359168688603645,-0.0006843215353437574
F2,N1,AR,0.3,28,0.578467185842811,0.21125473539055062,0.20978522829722238,0.3,0.2833604698230655,1.4289119862687136,0.011055053034915954,-0.00613800189393665,-0.011055053034915954,-0.0054610281156035785
F2,N1,ENERGY,0.3,28,0.3688447220721836,0.13766213919656578,0.1368919991789757,0.3,0.2437806902745736,13.703703703703704,0.009193261727714385,0.0035167605503432665,-0.009193261727714385,0.0037100644233290913
F2,N1,MAGDIFF,0.3,28,0.5236924048757513,0.19176200860404646,0.1900493813539788,0.3,0.29105733287922025,1.7228098413428374,0.007284229618309324,-0.005548432718045753,-0.004078569603386235,-0.0045337615426675444
F2,N1,MEMLESS,0.3,29,0.7835242613110049,0.2860565688554529,0.28663112703314786,0.3,0.428009887628682,1.423820609055062,0.009214103923193898,-0.000967141379531651,0.001169702592305486,-0.00021435807820354785
F2,N1,BLOCK,0.3,29,0.34593416973797964,0.12075418337432015,0.12168232235642393,0.2996796796796797,0.2316295930566505,50.570945945945944,0.004778829463716583,-0.001629515413678365,-0.0016615421485415974,0.0025175881461986104
F2,N1,AR,0.3,29,0.5728741582299969,0.2082832204621054,0.20841431669930616,0.3,0.28027001405177876,1.4395504106825496,0.014304767911388495,0.002778206066243985,0.0015531744375310306,-0.0012084819893272785
F2,N1,ENERGY,0.3,29,0.372315218150422,0.13164798958124282,0.13206598260899244,0.3,0.24542363852644136,13.972027972027972,0.006207633787206991,-0.0032299240202607942,0.001973506911703928,0.00528342677456402
F2,N1,MAGDIFF,0.3,29,0.517344968844257,0.1877952934697938,0.18920900193397164,0.3,0.2879693719800198,1.7292712480526224,0.007584949310991099,0.0016917146961682747,0.0025668123728736013,-0.00699254700591534
F2,N1,MEMLESS,0.3,30,0.7854135932226483,0.29665727268315867,0.2929486934194237,0.3,0.4243994489016576,1.4240235674237385,0.010165920246874856,0.003709629623516997,-0.004779931590412319,0.0036719369007517716
F2,N1,BLOCK,0.3,30,0.34600459540852996,0.12545375168035897,0.12423242653004747,0.29943943943943946,0.22900310757791414,50.02341137123746,0.005757343301653313,0.005757343301653313,-0.00023849300803266107,0.004904662877868883
F2,N1,AR,0.3,30,0.5704860941232336,0.21155677288257846,0.2096517923738124,0.3,0.27577854419174735,1.4296617850498496,0.013618686617226716,0.003584361777746577,0.001009075665758619,0.013618686617226716
F2,N1,ENERGY,0.3,30,0.3726825741887684,0.13625729099447195,0.1355959982638713,0.3,0.24360433516346347,12.835117773019272,0.007967127994687394,0.0010650046674423766,-0.007517486324686541,0.007967127994687394
F2,N1,MAGDIFF,0.3,30,0.5210668889782433,0.1887158105762481,0.18643900031633362,0.3,0.28747056310987945,1.7350778671915708,0.013576511309829791,-0.001260589068582157,-0.005444978074596787,0.013576511309829791
F2,N1,MEMLESS,0.3,31,0.7819235310973013,0.28704847447593684,0.28504356940515047,0.3,0.4257426925967574,1.4325319057406434,0.0066661416395029215,0.0026119401143144877,-0.005436140964332914,-0.005234094834698601
F2,N1,BLOCK,0.3,31,0.34431776439991135,0.11808587713886887,0.11629789129130827,0.2998798798798799,0.22956215520132814,50.43434343434343,0.004677593130514641,0.003134068560697892,-0.004089953597713561,0.0010560225780774438
F2,N1,AR,0.3,31,0.5704101929717932,0.21173604899699552,0.20972595495593932,0.3,0.2783127348083916,1.420917883557747,0.01236918326482142,-0.002399576009429248,0.01236918326482142,-0.0007310194770962441
F2,N1,ENERGY,0.3,31,0.3711564417347251,0.13212155498371714,0.13128471701537173,0.3,0.24428923291789578,13.754015603487838,0.00554552752679431,0.0031342553534375495,-0.0010507374321093487,-0.0025650409116787704
F2,N1,MAGDIFF,0.3,31,0.5175671999727839,0.18580607575818922,0.1841874157931113,0.3,0.28818231044791104,1.7255872869645326,0.007141345299883849,0.002863595857743757,-0.0029402582010368845,-0.0038303949541410075
F2,N1,MEMLESS,0.3,32,0.779967124943336,0.28352346093905645,0.2835554380834736,0.3,0.42653165342541327,1.4278907999428272,0.0074429095069765356,0.0035025425287940914,0.0005801697384273183,-0.0051315545511506615
F2,N1,BLOCK,0.3,32,0.34849302182316344,0.12364297739174694,0.12364228666464476,0.30018018018018017,0.23246915837855622,50.147157190635454,0.008938798669130747,-0.003691073922758699,0.004548987641587786,-0.0008768001284077374
F2,N1,AR,0.3,32,0.5691841874867327,0.20631490041178735,0.20605772058764524,0.3,0.2795368544019735,1.4321211831605103,0.005557712642872687,0.0018963894112134763,-0.00040763836211903586,-0.005284707858365768
F2,N1,ENERGY,0.3,32,0.3748331103779429,0.1389360826325879,0.1390097318231215,0.3,0.2469309090781591,13.439461883408072,0.0049962188295429475,-0.0029083519384241986,0.0049962188295429475,-0.0020415981702314235
F2,N1,MAGDIFF,0.3,32,0.5137278301983236,0.18478903849671513,0.1844825434188328,0.3,0.2868699490927564,1.7188575361321403,0.005015383359909983,0.002635320179537988,-0.001641036878519987,0.00048450612327404294
F2,N1,MEMLESS,0.3,33,0.7821691956458375,0.29304573285536023,0.29143818440936164,0.3,0.4262133978931594,1.4277547520365872,0.010364252390058108,-0.0004022278507973905,0.010364252390058108,0.006099315161817832
F2,N1,BLOCK,0.3,33,0.3485309312379638,0.12448968655680644,0.12393523840135193,0.2993393393393393,0.23210346531659615,50.0066889632107,0.005508014484698721,-0.005508014484698721,-0.003272661941744352,-0.0011235313238695801
F2,N1,AR,0.3,33,0.5700277710919835,0.21174186612851087,0.2099799435814503,0.3,0.27846915184223936,1.424632789846461,0.011007719109412643,-0.0040230254154158115,0.006843979196017894,-0.0016371050614360204
F2,N1,ENERGY,0.3,33,0.37063616840306074,0.13443301884925024,0.13324261506360027,0.3,0.24417391800660615,13.666210670314637,0.006522325736106543,-0.006522325736106543,0.0016762053763263484,-0.004742866062936569
F2,N1,MAGDIFF,0.3,33,0.5173754177046022,0.19560177031957232,0.19415349075662672,0.3,0.2881747749898381,1.7192519504359798,0.010686448586524957,0.009220751128633159,0.0047545674098422586,-0.00422571966264243
F2,N1,MEMLESS,0.3,34,0.7816484993482409,0.28665143912612134,0.28687046555615753,0.3,0.42566618530637296,1.4343830764812866,0.006563081095425154,-0.0027439910928461868,0.003058265956266885,-0.004944338439635571
F2,N1,BLOCK,0.3,34,0.34749481646709657,0.12124715950584752,0.1219559256324318,0.3003003003003003,0.23088835872266694,50.08347245409015,0.00939429899746266,-2.366578066276916e-05,0.00939429899746266,0.0015058470169814144
F2,N1,AR,0.3,34,0.5683857618941798,0.20680488810299838,0.20677056045857506,0.3,0.27727957165040107,1.4358949789191262,0.008623616563104338,-0.0009755997715754062,0.0011476130934884028,0.00019526025658551116
F2,N1,ENERGY,0.3,34,0.3694812826453853,0.14090498119022027,0.14121448073031662,0.3,0.24283018053727096,13.225948808473081,0.010745988939440674,-0.0005305388634194551,0.010745988939440674,0.0004751265351703427
F2,N1,MAGDIFF,0.3,34,0.5142555964296962,0.19158678836943702,0.19142218792006585,0.3,0.28640897126844456,1.7128650625821569,0.007550406097556805,0.0005818884918423664,-0.0003413549490316663,-0.0035772121031662223
F2,N1,MEMLESS,0.3,35,0.7811056057198289,0.26966002104764075,0.27057522720732136,0.3,0.4261222785972448,1.4318474989250394,0.008129066967578183,0.0009578082175722694,0.006417296928382466,-0.008129066967578183
F2,N1,BLOCK,0.3,35,0.34884291051995836,0.11629711574224562,0.11665052076988267,0.3003003003003003,0.23202799477259084,50.93378607809847,0.0070360959160339015,0.0070360959160339015,-0.00482172097577177,0.0023931415531301408
F2,N1,AR,0.3,35,0.568454831142354,0.19945693064701053,0.1997390086270592,0.3,0.2776390406889064,1.4348637908747068,0.006559813905557421,-0.004669072137185358,-0.001642738737776768,0.00511232357607645
F2,N1,ENERGY,0.3,35,0.3694528567988657,0.13123823106182653,0.1298110587716247,0.3,0.24455470920474612,13.40339892665474,0.00637751729528461,0.004135160308282741,-0.00637751729528461,0.00324098301219381
F2,N1,MAGDIFF,0.3,35,0.5181342101365238,0.18026493520893955,0.18143513013166138,0.3,0.28806440117316096,1.725984796129924,0.005976610629566859,-0.005976610629566859,0.00439076266961286,-0.00197352854816792
F2,N1,MEMLESS,0.3,36,0.7836873628013786,0.2695736942420243,0.2709805839687226,0.3,0.42712116861123073,1.433491175204477,0.008934270316970723,0.00023333965191757995,-0.0015308381443954104,-9.321290736151028e-05
F2,N1,BLOCK,0.3,36,0.3446809753426348,0.12466600539517815,0.12490798607397761,0.3003003003003003,0.2299179262766129,50.25125628140704,0.009098688461288643,-0.008195259805104813,-0.002556001717226426,0.0012991616838871384
F2,N1,AR,0.3,36,0.5743551074714721,0.19900943033742202,0.2002994644690741,0.3,0.2810335890765973,1.4380998080614202,0.0036492679942759566,-0.0014643095259058042,-0.0002994305089711084,0.0014814194060787554
F2,N1,ENERGY,0.3,36,0.37150759402506045,0.1306453278320694,0.13138581579589934,0.3,0.24434397927134732,13.978544776119403,0.008208252893911246,-0.008208252893911246,-0.008063175372318272,0.003041850688435166
F2,N1,MAGDIFF,0.3,36,0.5172612134827387,0.18177584580338635,0.18273608969994876,0.3,0.28776076619285224,1.7122778952179627,0.005767073605536134,0.005182155391315128,0.00019685782958177354,0.0015836137548180765
F2,N1,MEMLESS,0.3,37,0.7842033795221395,0.2735007523370824,0.2730169379244714,0.3,0.4252707278005842,1.427822772748928,0.011491462106402717,-0.0038733373311963925,-0.003286458410607175,-0.002610382295179773
F2,N1,BLOCK,0.3,37,0.3439300649989411,0.12505084984872694,0.12458140865338609,0.3003003003003003,0.22856307346268856,50.08347245409015,0.010027865841424172,0.0004596324369841452,0.0012058285835198324,0.010027865841424172
F2,N1,AR,0.3,37,0.5712697109880943,0.2028130016074295,0.2022262185458801,0.3,0.2773047674914943,1.4323949720403384,0.007581213051391976,-0.001643359681926977,-0.0061972461494300265,0.0072250610939798435
F2,N1,ENERGY,0.3,37,0.36936685436378736,0.1369822805966085,0.1362287162572987,0.3,0.24337240770397495,13.728813559322035,0.00641050754840613,0.00010303232181367843,0.004926859959116554,0.003038110854357909
F2,N1,MAGDIFF,0.3,37,0.5197669891619032,0.19034640509205702,0.18907942986395587,0.3,0.28723261495258656,1.7271784232365146,0.007744634011386329,0.007744634011386329,-0.0011955233738478593,0.006848227663265202
F2,N1,MEMLESS,0.3,38,0.7805763727284726,0.29034326064549165,0.2880669727815884,0.3,0.4243758455877822,1.4181611697345384,0.0069240988536393945,0.005793072327921226,-0.0029307056447317476,0.0028101681697219414
F2,N1,BLOCK,0.3,38,0.34807367253349936,0.1331422654724742,0.1321465473826167,0.3003003003003003,0.23119103363449353,50.93378607809847,0.009639265289178103,0.0010971687672946182,-0.004827718972512613,0.009639265289178103
F2,N1,AR,0.3,38,0.5687581415700171,0.20915472706759103,0.20745640915344488,0.3,0.277269021768439,1.4257849666983824,0.008050122251619737,0.0019239374160266844,-0.0009132471301526855,-0.004139136877829729
F2,N1,ENERGY,0.3,38,0.3728629809502072,0.1387023604935616,0.13739617936864515,0.3,0.24442291653095732,15.09823677581864,0.010164108696913558,0.00040104234310140823,-0.0014755343847637854,0.008883595229804253
F2,N1,MAGDIFF,0.3,38,0.5147493959610578,0.1890482264015696,0.18842371057661703,0.3,0.28575257734139947,1.7407213800313643,0.009229599890415916,-0.0018382870633494846,-0.009229599890415916,0.003554730561067258
F2,N1,MEMLESS,0.3,39,0.782811203386209,0.27578514126064524,0.2760192204328104,0.3,0.42449483619815903,1.4350011970313623,0.006281256717756958,-0.00019112964808593415,-0.0017937144194601334,0.004267138071808739
F2,N1,BLOCK,0.3,39,0.347618444991037,0.12643244568831424,0.12647822644706389,0.3003003003003003,0.230063789854942,50.25125628140704,0.008670319198604943,0.0032413757367078045,0.008670319198604943,0.0022404355079300928
F2,N1,AR,0.3,39,0.5702821393201226,0.2013483800406921,0.20169364748148788,0.3,0.2769491340892387,1.4340399062156084,0.005722762149721278,0.00032170507609848974,0.0010769353693539031,0.005722762149721278
F2,N1,ENERGY,0.3,39,0.3713892125455325,0.12227599322442037,0.12274641098627266,0.3,0.24360828733834008,13.811059907834101,0.008212975212069349,-0.002138686144490245,0.008212975212069349,0.0021600770773439457
F2,N1,MAGDIFF,0.3,39,0.5206316359739344,0.18745257348589278,0.18728455395092522,0.3,0.28789627444092597,1.7195478799701647,0.004206752178358332,0.0029874836023995118,0.003826054906389402,0.0026301217731632067
F2,N1,MEMLESS,0.3,40,0.7812225135294777,0.26876323696242654,0.2708839360029368,0.3,0.42723001032865043,1.4374790157801334,0.007954558946409044,0.0033496216383316346,0.007954558946409044,-0.00334609745856
F2,N1,BLOCK,0.3,40,0.3473699829655527,0.1249315382015852,0.12458296050366029,0.3003003003003003,0.23172264150920793,50.5902192242833,0.010567646126561598,0.0032507070217914027,0.006254130845212385,0.00229575710774336
F2,N1,AR,0.3,40,0.5711756379987248,0.1987148036738241,0.20033421290516085,0.3,0.2803313614959821,1.427414745665841,0.0072638803424087805,-0.002202546186925803,-0.002546857025601701,0.004240359759233671
F2,N1,ENERGY,0.3,40,0.37158861002729277,0.1269810348445314,0.1273435866585118,0.3,0.24542915671362756,13.772977941176471,0.008526733755095535,0.0015740544802628337,0.0028014133715823972,-0.0008124982395815758
F2,N1,MAGDIFF,0.3,40,0.5206123007340557,0.18385533170144946,0.18516816960455745,0.3,0.29007238514603106,1.7261836193986868,0.006286765192955354,0.003860794887299164,0.006286765192955354,0.00039381925566244283
F2,N1,MEMLESS,0.3,41,0.7821022125763409,0.2831878362278639,0.28329458814279296,0.3,0.42734530923247854,1.4299346342859869,0.007060063249943175,0.006165878364705938,0.0027991175082115677,0.00146689607828011
F2,N1,BLOCK,0.3,41,0.34795287788950163,0.13162695934796614,0.13140148218130068,0.2998998998998999,0.23199045974109664,50.608108108108105,0.010611545992189978,-0.002193596592868353,-0.002576415647843914,0.006445865961408532
F2,N1,AR,0.3,41,0.5718843432875559,0.21014649155654047,0.20966776495110453,0.3,0.2801983625231445,1.4303441034696702,0.007540736062571076,-0.002443682379593228,-0.0035765903890514227,0.0063889820075991414
F2,N1,ENERGY,0.3,41,0.37338513962108016,0.12964316881967092,0.13090873217322407,0.3,0.24669445448411467,13.098776223776223,0.008796417138173505,0.00176111021375217,-0.0034739775120273117,0.003737605972038114
F2,N1,MAGDIFF,0.3,41,0.516101260792301,0.18630241146380755,0.1858937055393075,0.3,0.28826333512084795,1.7108117364996005,0.007237654799120699,-0.0051349801384281656,-0.005537526490295516,6.707213302848884e-05
F2,N1,MEMLESS,0.3,42,0.7810390952357249,0.2666315897637506,0.2683208292511798,0.3,0.4257342891511646,1.4248359798421604,0.005167290028778007,-0.0009943627083368726,-0.005130301775700993,0.002336951117608092
F2,N1,BLOCK,0.3,42,0.3445283980600981,0.13063093007833843,0.1299200126082085,0.3003003003003003,0.23071205191881905,50.25125628140704,0.011161463776253074,0.010659925280352176,-0.00196991681324976,-0.0025466916415903536
F2,N1,AR,0.3,42,0.5692589122069767,0.19444514242729355,0.19582511052359056,0.3,0.2782867514412698,1.427822772748928,0.007885210770375982,0.001158487785867767,0.0018503929087472896,0.006286646537042033
F2,N1,ENERGY,0.3,42,0.3706002596478654,0.13013976287978937,0.1295650956122358,0.3,0.24502506549244857,13.13321647677476,0.011391325875096362,0.011391325875096362,-0.002028900666406338,0.0012782186547582739
F2,N1,MAGDIFF,0.3,42,0.5160778866957327,0.1773772949797522,0.17782815419025236,0.3,0.2875751992527806,1.728772496538994,0.012357187947784412,-0.00033474057343140635,0.00112835844887581,0.005005933392219695
F2,N1,MEMLESS,0.3,43,0.7813996322399651,0.2656910262505704,0.26706655956513126,0.3,0.42603749795187146,1.4223340135731575,0.012203033839241284,0.003999599660336338,-0.0027956431811872943,-0.0016265648577890052
F2,N1,BLOCK,0.3,43,0.3437152110693843,0.10739835388644323,0.10841922345743282,0.3003003003003003,0.22954180216113831,50.93378607809847,0.008034085911405302,-0.0009704437186136407,0.0041618413861534784,0.003575525510215906
F2,N1,AR,0.3,43,0.567423468559999,0.19642606567154505,0.19757241611865572,0.3,0.2772453832238221,1.4317106960301915,0.011080421124826378,0.003287323457027107,0.004451884129569092,0.000943361797984431
F2,N1,ENERGY,0.3,43,0.37324087274526324,0.124763778055096,0.12606406959368535,0.3,0.24529464986876806,14.116815826660385,0.006542264196217291,2.681324568005191e-05,0.0031695898455744694,0.00268494926048627
F2,N1,MAGDIFF,0.3,43,0.5162617352220652,0.18296892391291644,0.18352305596426702,0.3,0.2874770262964787,1.721325598759405,0.009364216870663845,-0.0006911845110094909,0.009364216870663845,0.00102053838983238
F2,N1,MEMLESS,0.3,44,0.7836541163330271,0.27388590848829214,0.27601217327734395,0.3,0.4262527264503021,1.4251747586666033,0.007302004853623028,0.006113815559359506,-0.00702083287660871,0.0002590395059150483
F2,N1,BLOCK,0.3,44,0.34634264809751897,0.12044030565722312,0.12155848576018487,0.2994194194194194,0.23007972102608426,50.18791946308725,0.009931918036541459,0.007273087479411764,-0.0028281083627556456,0.0035107280291402933
F2,N1,AR,0.3,44,0.5723208747077059,0.203170086684131,0.20389096691017847,0.3,0.2791356108731375,1.4272787884560434,0.007770626352437032,-0.004545229493600119,0.0005563495008285281,0.005126798751747272
F2,N1,ENERGY,0.3,44,0.372742794862352,0.14451440157334533,0.1443086249991054,0.3,0.24378503832469745,14.237529691211401,0.007214406109603992,0.007214406109603992,0.0016446712831919615,0.004247247609616199
F2,N1,MAGDIFF,0.3,44,0.5185119339725398,0.18312057070193272,0.1845787300284563,0.3,0.2883369488772916,1.7175769385065047,0.008342037955266212,0.00010693183143990747,-0.0009266267816854677,-0.0008594148284461193
F2,N1,MEMLESS,0.3,45,0.7832642246266126,0.2712809019345763,0.27378824636610855,0.3,0.4276946692361165,1.4317106960301915,0.009403348750564765,-0.0027830557528699634,0.0033272388841039577,0.005564665037040477
F2,N1,BLOCK,0.3,45,0.3480776224475329,0.11708130463745071,0.1187527341444265,0.3003003003003003,0.23144588147742168,50.25125628140704,0.00836637983155199,-0.0026014971088708172,0.004856620723388342,-0.005648476588493393
F2,N1,AR,0.3,45,0.5739948648809762,0.19309245949961473,0.19479919430713527,0.3,0.2809999116658907,1.4300710979624947,0.01223734270013353,-0.006247413866825401,-0.003393653610601549,-5.514117232779757e-05
F2,N1,ENERGY,0.3,45,0.3715094274481997,0.12395165381629968,0.12535028273429363,0.3,0.24495915511246816,14.65525672371638,0.0075042694853752435,-0.0021099915325191697,0.0019289996772888177,-0.001348593344521117
F2,N1,MAGDIFF,0.3,45,0.5192461124795021,0.1811073402080871,0.1820008575076114,0.3,0.28969992375361336,1.7077896176420309,0.01000199216394454,-0.0005058618700656383,0.004730216744244587,-0.006866492174751692
F2,N1,MEMLESS,0.3,46,0.7803557428471363,0.26380861893734436,0.2644508504235634,0.3,0.4235398001517751,1.4231444987891162,0.009390510170712104,-1.4944766051712627e-05,-0.005917950142924898,0.004189029183205282
F2,N1,BLOCK,0.3,46,0.3456952309988882,0.12304789751586431,0.12191077021904756,0.2995795795795796,0.22993648030647126,49.88,0.005493357660380209,-0.0013981555467449736,-0.005053059751838926,0.0035313911621682815
F2,N1,AR,0.3,46,0.5679481102919255,0.19943135722245825,0.19995697161486867,0.3,0.276778860338573,1.4420439782514556,0.00967342784682912,0.0033342673527434804,-0.001886984540280824,0.0046992249490359645
F2,N1,ENERGY,0.3,46,0.37044662059353295,0.12633848719524543,0.12630162912386755,0.3,0.2435709680834376,13.185217773867135,0.004255691426769747,-0.0026570174137135368,-0.00044335070043811264,0.004255691426769747
F2,N1,MAGDIFF,0.3,46,0.5144382172461666,0.17431739573700986,0.1747593300300084,0.3,0.2850747177912065,1.7114956313174576,0.014572887759392028,0.003788293139318592,-0.014572887759392028,0.0007700961269867457
F2,N1,MEMLESS,0.3,47,0.782554444935628,0.274802663813871,0.2739274578266696,0.3,0.42747797686175476,1.4184967815221508,0.009208023835019459,-0.00105001488520647,-0.0012854481521660296,-0.003506492096647337
F2,N1,BLOCK,0.3,47,0.35017108589418194,0.12964176623781115,0.12938980594557117,0.3003003003003003,0.23284559502826657,50.93378607809847,0.006321753093433784,-0.002208153910266889,-0.0009236544991405724,-0.004372053114828939
F2,N1,AR,0.3,47,0.5748152742829221,0.20110110930776082,0.20108652376855743,0.3,0.2814231672748054,1.4433635137738394,0.009332082418889626,-0.0029032315891730203,-0.0015890335217736756,0.006566050941555006
F2,N1,ENERGY,0.3,47,0.3706727001724136,0.13467752252529105,0.1349144110021659,0.3,0.2447541506440754,13.628922237380628,0.00628194050200863,-0.0008682718949209468,0.0021708358530562444,-0.00338153915208763
F2,N1,MAGDIFF,0.3,47,0.5211804074311326,0.187223223942045,0.18583115358106717,0.3,0.2896056687085872,1.7342746368844395,0.008125768711680265,-0.004418287311388954,0.00163250993458464,0.0035048396268343627
F2,N1,MEMLESS,0.3,48,0.7829809669359155,0.2712487787746861,0.2708454105624784,0.3,0.4278760199512069,1.4124134030821434,0.011805874021241615,0.004142422395059918,-0.002014014275016879,0.003728308520335822
F2,N1,BLOCK,0.3,48,0.34406658355053515,0.12709714563019558,0.1265815462787426,0.3,0.23095795211379183,50.45454545454545,0.0055007851730810905,-0.0010592265127800501,-0.0009858219564600468,0.0027217127317148695
F2,N1,AR,0.3,48,0.5762546499601033,0.20231377361090985,0.20181653683965728,0.3,0.28302800304180675,1.4297299875966034,0.009965988428634734,0.007914116578357548,-0.0018906891353698684,-0.00016182635699672667
F2,N1,ENERGY,0.3,48,0.3754185313095986,0.13341177024495576,0.13352679585433952,0.3,0.24698691940650105,13.255196815568333,0.005352299235549338,-0.0005501155796764475,-2.0893710453538744e-05,0.0003948995570773354
F2,N1,MAGDIFF,0.3,48,0.5173310072270406,0.18333241544375362,0.1834599166035895,0.3,0.28825162882919697,1.7279750922509225,0.006683394424030046,-0.0021910880090849926,-0.005396760237169521,0.0016660182325755157
F2,N1,MEMLESS,0.3,49,0.7832855657662776,0.27933188954987864,0.2772399891406169,0.3,0.42505967859877,1.4335597436142735,0.010715699315804832,-0.005138816503371565,0.0006398151565090553,0.00122393120880349
F2,N1,BLOCK,0.3,49,0.34997733125035635,0.13096164887551995,0.13055819283611653,0.3003003003003003,0.23083603777827283,50.67567567567568,0.008337764554513112,0.004138959570428271,-0.003507748816744018,0.004931151066779219
F2,N1,AR,0.3,49,0.5700316741940368,0.1989401688249439,0.19759461724475863,0.3,0.2769492034563609,1.4343830764812866,0.010945121737384699,-0.00533206690892712,0.0014384857371829605,-0.005108286755104263
F2,N1,ENERGY,0.3,49,0.37322896432344665,0.13965020903460354,0.13886982002420226,0.3,0.2441661685255334,14.346577309717569,0.015553569971545004,0.003982681613092583,-0.00039310845691025733,0.0033248143695658442
F2,N1,MAGDIFF,0.3,49,0.5148034107906657,0.1855132428122013,0.18441490786602757,0.3,0.2858769507000156,1.7252892752288296,0.010271959276877615,-0.003647450604957057,-0.0018384836369179241,0.0017685839158292189
F2,N1,MEMLESS,0.5,0,0.9296566581983245,0.3197719657294349,0.3220116914586221,0.5,0.35017539675822185,2.0004805959389644,0.007150012329266696,-0.00511389054710594,0.0013276947107334573,0.004387769695431912
F2,N1,BLOCK,0.5,0,0.5618742900537728,0.18999789871575817,0.1908147157202114,0.5005005005005005,0.2295570630124716,51.07252298263534,0.010845944434018071,-0.00566850940684436,-0.00014326847352567638,0.00442070472607257
F2,N1,AR,0.5,0,0.6909265233375815,0.2409120906207996,0.24184192199261825,0.5,0.23333117729029088,2.0027264343851487,0.006942551411242834,-0.0015348207187061912,0.0015054294070113061,0.0050251118876185824
F2,N1,ENERGY,0.5,0,0.5800107356026843,0.20366987002130382,0.2043167068119743,0.5,0.2371252858852276,19.98,0.006598752458905108,-0.00014464015233507378,-0.0024971581138042436,-8.64628376589893e-06
F2,N1,MAGDIFF,0.5,0,0.6979554121827587,0.2482229929390951,0.24914866634311456,0.5,0.2612554612460511,2.258137432188065,0.004848491097707188,0.0035828605711568915,0.004848491097707188,0.00452040602065768
F2,N1,MEMLESS,0.5,1,0.9287535770270329,0.3214414182772112,0.32131628903518794,0.5,0.34737056802068916,1.9951270170953828,0.012074996499475877,0.0026785102695947153,0.0031918245740167276,-0.005059439086139167
F2,N1,BLOCK,0.5,1,0.5608132505290995,0.18904481866531903,0.18887959806093763,0.5005005005005005,0.22779346267697742,51.38746145940391,0.00849074182928626,-0.0009917835958253448,-0.00024055848379233867,-0.006390131005187964
F2,N1,AR,0.5,1,0.686347811379755,0.23783757330155453,0.23755053106745008,0.5,0.23040820608233725,2.0050578034682083,0.008986890339729615,0.0014323514683467825,0.001510109914171513,-0.000413079469212834
F2,N1,ENERGY,0.5,1,0.5798844291587635,0.1986637419302471,0.1988397081920058,0.5,0.23569596924536995,18.568773234200744,0.004855129798443216,0.0005155143714809852,8.384515040586031e-06,-0.004639238390233327
F2,N1,MAGDIFF,0.5,1,0.6997196553979202,0.24949804738717757,0.24896925918054733,0.5,0.2602098321004166,2.249392056201027,0.009043944060563157,-0.0005552061146683996,-0.00219696654142107,-0.003625574922584786
F2,N1,MEMLESS,0.5,2,0.9290275576439433,0.3531691334540674,0.3507421543135529,0.5,0.3484829247640076,2.0,0.011323275360110826,0.002741005808792182,-0.0043192735260898394,0.011323275360110826
F2,N1,BLOCK,0.5,2,0.560074186423413,0.21422011368587857,0.2104680037710653,0.5005005005005005,0.22830434901225288,50.91649694501018,0.009646072510416534,0.00227268453578318,-0.0020610869637117456,0.0026874850016995787
F2,N1,AR,0.5,2,0.6892290774435177,0.2537622194801926,0.2520768249354519,0.5,0.231786788629154,1.9842688594923132,0.0069030825745017245,0.00012283372104970866,0.0069030825745017245,0.0037743269469203734
F2,N1,ENERGY,0.5,2,0.5797060905085006,0.22882464787121098,0.22681893596151498,0.5,0.23635812965315747,19.25597532767926,0.008736389061644593,0.0032591321508875907,-0.006724176259210846,0.00522279838636691
F2,N1,MAGDIFF,0.5,2,0.7006499201079827,0.2559720600119375,0.25496636889677954,0.5,0.26098545177232696,2.241015747678227,0.006445362439238383,0.003121497573616958,0.004349984561086139,0.006445362439238383
F2,N1,MEMLESS,0.5,3,0.9284072644824531,0.3367798727014792,0.33632146552866077,0.5,0.3476408020580238,1.9953661167259218,0.006159173113852788,0.003740871437510718,-3.800224191761616e-05,0.0021832017268651545
F2,N1,BLOCK,0.5,3,0.5625474214512087,0.20133564672572613,0.20060220924384642,0.5005005005005005,0.22847249669162367,50.8130081300813,0.007637846706897812,-0.0029311259496489724,0.0001298408329076929,0.0011825519351525862
F2,N1,AR,0.5,3,0.6859617042452905,0.2464428693906246,0.24556754915524565,0.5,0.2302932979617946,2.00344938231991,0.013023277238398023,0.008946541154882266,-0.013023277238398023,0.008119892215138261
F2,N1,ENERGY,0.5,3,0.5789542371065153,0.21044567442382728,0.2091970955775153,0.5,0.23535780370250378,19.45851188157382,0.0067705172863203045,-0.00021830625083819725,0.0061741816775127325,0.0005839258357367836
F2,N1,MAGDIFF,0.5,3,0.6967188019352049,0.24431078749744717,0.24394830207908264,0.5,0.2591016865167621,2.247570194384449,0.006082752424861196,-0.00018932367412954887,-0.00190485707087799,0.0032931835816415473
F2,N1,MEMLESS,0.5,4,0.9291433046475965,0.32274424074001884,0.32386646869692126,0.5,0.3491146388555597,1.9809637120761452,0.01166780044187261,-0.0014132669920648194,-0.0015940459577717216,-0.01166780044187261
F2,N1,BLOCK,0.5,4,0.5626474483687466,0.20266166098868493,0.20313417369052703,0.5,0.22949277601800958,51.28336755646817,0.007017090405265702,-0.00016187874041688228,-0.0010834101990931583,-0.007017090405265702
F2,N1,AR,0.5,4,0.6879996529810394,0.24665652932285864,0.2477028633828807,0.5,0.23175611036098084,2.0098177282420635,0.00902221759379741,0.00902221759379741,0.001898072239744106,-0.002893356789647034
F2,N1,ENERGY,0.5,4,0.5825947166315303,0.20507889729797435,0.20577285975418613,0.5,0.23737340071159022,19.167306216423636,0.011353372333532162,0.0006683752012733163,0.0018679375433142853,-0.011353372333532162
F2,N1,MAGDIFF,0.5,4,0.6969371300189605,0.2411378926039348,0.2430036860165826,0.5,0.2603945417091669,2.2463572584997302,0.009907606245284185,-0.0047580940431347744,-0.0028747077516009557,-0.009907606245284185
F2,N1,MEMLESS,0.5,5,0.9287638717638839,0.33070279876357955,0.3301717078482814,0.5,0.34736359032290526,2.0129765454985087,0.005938259499848243,0.0020183265885473133,0.0036690086417916004,-0.005938259499848243
F2,N1,BLOCK,0.5,5,0.5603004580427698,0.20267698689475738,0.20214281302474543,0.5005005005005005,0.22724207153039933,50.55611729019211,0.007364801893642965,-0.00211193913082614,0.007247232611247874,-0.0018117504519761872
F2,N1,AR,0.5,5,0.6890613744419148,0.2369733923387779,0.23700620035432404,0.5,0.23120892257182452,2.0166336953449875,0.006217628556512885,0.0010846545441462639,-0.003398132473181198,0.001037664690051077
F2,N1,ENERGY,0.5,5,0.5815675468772346,0.20875250668990686,0.20848899131249865,0.5,0.23604472181309175,18.316831683168317,0.00655016608239706,-0.005694843743992488,0.0051433637719364945,-0.0014781620751775622
F2,N1,MAGDIFF,0.5,5,0.7032486921478551,0.2559815924138138,0.2544135590817204,0.5,0.2610633519124908,2.264689880304679,0.011229840293447847,-0.0030438948447893337,-0.0005368463001562496,-0.00028597774379026444
F2,N1,MEMLESS,0.5,6,0.9283573799305563,0.31472865763047836,0.31468451620872273,0.5,0.34914149146347906,1.9942508084800574,0.012776386312827077,0.0008824643790138504,-0.007801263035416331,0.0015265957149945184
F2,N1,BLOCK,0.5,6,0.5601965788174044,0.18907266072757328,0.1885957054171036,0.4996196196196196,0.2289479154583009,50.93061224489796,0.008565743952839919,-0.005920329374622002,-0.008565743952839919,-0.0015566431621773264
F2,N1,AR,0.5,6,0.6873147518034998,0.239046270465674,0.2387724666080812,0.5,0.23220492873963786,2.013788098693759,0.010980692240864062,0.008114342666614762,-0.004889403240968751,-0.007287190490293332
F2,N1,ENERGY,0.5,6,0.5784076493799941,0.19737078857722468,0.1981034815264108,0.5,0.2363766800271977,19.189396849788704,0.009968308559938471,-0.0016632464432259578,-0.009968308559938471,-0.0011035942535527034
F2,N1,MAGDIFF,0.5,6,0.695472705917628,0.24394601072779598,0.24358436220952254,0.5,0.260546647326598,2.255893776533285,0.008724576219025702,0.0034018270322972322,0.0004389468154117978,-0.0006998634722816142
F2,N1,MEMLESS,0.5,7,0.9300581268389788,0.32435898571730204,0.3268053715503172,0.5,0.34620694620523285,2.0018435395960243,0.0053595942537336,0.0003369153001743059,-0.0006309575944508911,-0.0053595942537336
F2,N1,BLOCK,0.5,7,0.5628387318521881,0.19464264011178198,0.1952727698307543,0.4998398398398398,0.22766073077447196,51.3724279835391,0.005997646348965815,-0.003313003714727679,0.0027132429030729418,-0.0054784732551019875
F2,N1,AR,0.5,7,0.685460566490039,0.23236932563163723,0.23453774241855194,0.5,0.2285739200575307,1.9881388313962745,0.009325016597833772,-0.004947536383178837,-0.009325016597833772,-0.0005486807691746661
F2,N1,ENERGY,0.5,7,0.5784082814390323,0.19629676155355255,0.19794360431453287,0.5,0.2343179461259289,20.795170691090757,0.008092356194993332,-0.005345782123418383,-0.0016820974843676768,-0.005129764282842616
F2,N1,MAGDIFF,0.5,7,0.7012153782164362,0.25642762627446347,0.25801692520802305,0.5,0.25931494380993714,2.2473679474489336,0.006434460318186342,0.0019908348056350833,0.0003473534107987346,0.0005139416151685332
F2,N1,MEMLESS,0.5,8,0.9273922875377032,0.32125600126672615,0.32220323868272466,0.5,0.3482091437002199,2.0234140808555456,0.009139189519362668,-0.005936463985011041,0.003701636214148134,-0.0014849322619706856
F2,N1,BLOCK,0.5,8,0.5617254688244678,0.19157578807936343,0.19278764971339402,0.5005005005005005,0.2287228736063396,50.8130081300813,0.009588060143617282,-0.002692194750580457,0.006033524745555514,0.004600643091308285
F2,N1,AR,0.5,8,0.6875337335612142,0.2409088779095983,0.24230122440103274,0.5,0.2320728543393863,1.9976803711406175,0.007757664003707799,-0.006845942896971493,0.004764215391844465,0.0002644438984330294
F2,N1,ENERGY,0.5,8,0.577535227016293,0.20806343723992882,0.2091392164548009,0.5,0.23604973429013296,19.072164948453608,0.009814358779511595,-0.003323087129330601,0.009814358779511595,-0.000946675661035747
F2,N1,MAGDIFF,0.5,8,0.6971008673744898,0.24491609331556952,0.24432921418072995,0.5,0.2605445250311836,2.2477724777247774,0.00561329694177956,0.0012420385754463134,-0.0013308421265495335,-0.004105836853540714
F2,N1,MEMLESS,0.5,9,0.9271961143919468,0.33148740387016984,0.3320295755335385,0.5,0.34712868885583875,1.9811208503549755,0.008686247991698308,0.005128875113102253,0.008686247991698308,-0.0015909909316923884
F2,N1,BLOCK,0.5,9,0.5599763837066091,0.1958596623811871,0.19531462552149711,0.5003603603603604,0.22804731845051607,50.38911290322581,0.006523971393959939,0.0005142806326869301,0.002219599840443943,-0.002980671017136888
F2,N1,AR,0.5,9,0.6839670869071717,0.24608743723858154,0.24585191380278318,0.5,0.23047781574046805,2.0094943074385485,0.004161197738436969,-0.001050515920758538,-0.0015110218017298927,0.0030701082251538762
F2,N1,ENERGY,0.5,9,0.576176234513704,0.19948869056560511,0.19900732466703172,0.5,0.23538524803781058,19.932162809257782,0.006056078673518373,-0.0007863788628970635,-0.0027302024763433182,-0.0030762578584061983
F2,N1,MAGDIFF,0.5,9,0.691680662548347,0.24421994422025486,0.24451821719654795,0.5,0.25856132670273785,2.245347478198328,0.00863060710356953,-0.00863060710356953,0.005972265145488733,0.0032497645528569326
F2,N1,MEMLESS,0.5,10,0.9275523696797358,0.3160885230622787,0.3171397837385375,0.5,0.3486714872988896,1.991150442477876,0.007589694450675391,-0.0005840406025586393,-0.004731660509629879,0.006380543585523658
F2,N1,BLOCK,0.5,10,0.5640913177406345,0.19241418808019417,0.19401908061450823,0.5005005005005005,0.22983733034587567,50.9683995922528,0.00711959067227707,-0.0023070770749304683,-0.006712510129276919,-0.0007914196534392665
F2,N1,AR,0.5,10,0.6893259380903173,0.2375543732690073,0.23941770528709425,0.5,0.232856638542569,1.9919444887541873,0.00836102555511665,-0.0053727157418852435,-0.0011949932153253054,0.004868842842156208
F2,N1,ENERGY,0.5,10,0.5768413913246256,0.2026165860970509,0.2028541000194395,0.5,0.23655987339075876,19.557556773688333,0.008470786115763178,-0.0032168763637016617,-0.00010642467141268594,0.0009639877959535688
F2,N1,MAGDIFF,0.5,10,0.6974018714200303,0.24148043119286539,0.24248367012214198,0.5,0.26085687458853846,2.256403306681122,0.0085298168925933,0.0009755662221307324,0.006169588632686611,-0.005978947466926224
F2,N1,MEMLESS,0.5,11,0.930352806780071,0.3318932015827893,0.33236440561309927,0.5,0.3497926247236017,2.012246706683318,0.011189553953849416,-0.0013608395685355058,-0.002223181290473494,0.0002882867128423473
F2,N1,BLOCK,0.5,11,0.5632374916259768,0.19867344515385865,0.19907260789321657,0.5002602602602603,0.22934214205244424,51.100204498977504,0.015345274963938628,-0.0032440659608448993,-0.00483726703700194,0.0002508150193078574
F2,N1,AR,0.5,11,0.6923129259466887,0.24853523964965446,0.24841961229997464,0.5,0.23319330911289593,1.9936936217769619,0.008155357708524864,-0.0025442466597443516,0.0011605665027114441,0.0063746293262652975
F2,N1,ENERGY,0.5,11,0.5815323814182448,0.20666411956208897,0.2063933866926691,0.5,0.23686725692403948,18.534322820037104,0.014606286024285157,-0.00823890095282464,-0.00398015722060833,0.0024331593302632537
F2,N1,MAGDIFF,0.5,11,0.7012769230899816,0.2462927999741799,0.24653015270632597,0.5,0.2620013493164595,2.2651006711409396,0.012662851745167458,-0.0034376711423378748,-0.004226637393969346,-0.004961612812067123
F2,N1,MEMLESS,0.5,12,0.9274848677160127,0.322295209024289,0.3245479286937967,0.5,0.34867481824300084,1.9996797309740182,0.00823038751755657,-0.006051869077308016,-0.0067485482622955785,0.004802637336369778
F2,N1,BLOCK,0.5,12,0.5680391022633424,0.1982262268209366,0.19972252897002046,0.5004204204204205,0.23101609533434278,51.221311475409834,0.008705026049812811,0.002542500494522925,-0.007862867028882035,0.007619638374555946
F2,N1,AR,0.5,12,0.688461434481198,0.24706036848099838,0.24824798664822686,0.5,0.23248387421998865,1.9986395646606914,0.007872820156696297,0.0002563177618036005,0.0009550580006165723,-0.0006915327856392682
F2,N1,ENERGY,0.5,12,0.5794917635228315,0.19771648800715202,0.19875058638358978,0.5,0.23701887967491936,19.98,0.012760305473635027,0.0029204437606569745,-0.005981645751069978,0.00890044573810426
F2,N1,MAGDIFF,0.5,12,0.6969716025731089,0.24386244418978775,0.2467917619977486,0.5,0.2607655029840519,2.2576271186440677,0.010341509557739294,0.003707323158203556,-0.005732458555105379,-0.0027688209784115627
F2,N1,MEMLESS,0.5,13,0.928631324081595,0.31955439644299233,0.3216635025232368,0.5,0.34880256725406655,1.997280978847615,0.009962436336070671,0.008170886888739617,-0.0021688901516361456,0.003372212055251088
F2,N1,BLOCK,0.5,13,0.5659624780815163,0.1925868249215762,0.19312227525814907,0.5005005005005005,0.23017407980517665,50.45408678102926,0.011911836639618789,0.0007175262833958027,0.002301243078399969,0.003828173891006934
F2,N1,AR,0.5,13,0.688172615137117,0.23006440399335593,0.23130895367065735,0.5,0.2320099411016169,1.9943304320051105,0.007507330437913491,-0.003577913956770292,0.006163190459573393,-8.968970451567634e-05
F2,N1,ENERGY,0.5,13,0.5788859116344484,0.1936608242005764,0.1946913002348964,0.5,0.23634237200167965,18.849056603773583,0.007887104296697006,0.0006780186527320748,-0.005907507375536137,-0.0009376157397777664
F2,N1,MAGDIFF,0.5,13,0.6956049848705027,0.2373113235600574,0.23816195586328145,0.5,0.2602677313707056,2.2374020156774916,0.006766658452446147,0.0024094604211924945,0.00422935653895897,0.003479620386201135
F2,N1,MEMLESS,0.5,14,0.9282419230503677,0.3204816961056569,0.3187011896402026,0.5,0.3471383757981771,1.9904363419007771,0.009027883994503303,-0.0004994478741955202,0.0011556093417720197,-0.008572086064132858
F2,N1,BLOCK,0.5,14,0.5644769734323806,0.20132451874079904,0.20058261128378366,0.5005005005005005,0.2283225010410009,51.17707267144319,0.007364836921169815,0.0013493479380385412,0.004653623814852919,-0.004388718256253585
F2,N1,AR,0.5,14,0.6847326397802437,0.23941622244671956,0.23846559408201035,0.5,0.23003160274455403,2.0065075921908893,0.0042952041110084814,-0.0027860933386090465,0.0031768314061707704,-0.0034381186656445616
F2,N1,ENERGY,0.5,14,0.5808755537324822,0.21016647143109146,0.20915589160392714,0.5,0.23587019226620448,20.606435643564357,0.00873589922393953,0.00043733262060151215,0.004380441670423939,-0.0007560873743797556
F2,N1,MAGDIFF,0.5,14,0.6959736872828801,0.24254683065804067,0.24204946328594967,0.5,0.2596208076398562,2.254773619825757,0.005574681104722396,-0.0005409188978424741,0.005574681104722396,-0.004485850874160716
F2,N1,MEMLESS,0.5,15,0.9288971634015052,0.33641702438348325,0.3354902793953208,0.5,0.3478046812140203,2.0028870443883076,0.010043764827275955,0.006958578219274766,0.0024595466562209256,0.004106096414204792
F2,N1,BLOCK,0.5,15,0.5612302098810006,0.2060165942183536,0.2066984316766159,0.49987987987987986,0.22827582833523882,50.544534412955464,0.0081990982281582,0.005493635848171054,0.0039105519823162205,0.0081990982281582
F2,N1,AR,0.5,15,0.6876575043806539,0.2456467107881195,0.24544571595025022,0.5,0.23097976145774296,2.013219942767321,0.008251106916147905,0.0032974848720228826,-0.007706963470864176,-0.0001512327163663636
F2,N1,ENERGY,0.5,15,0.579759412574505,0.21729450478801676,0.21583402681149955,0.5,0.2360876713495798,18.920454545454547,0.011398652295931387,0.008135314873396885,0.004414265902860031,0.011398652295931387
F2,N1,MAGDIFF,0.5,15,0.7006859730297266,0.2514816068328523,0.2500647034474455,0.5,0.26036029635548597,2.2661283005171944,0.009843048747161508,0.0060745241715580945,-0.005608641140101557,0.009843048747161508
F2,N1,MEMLESS,0.5,16,0.9292033796585392,0.3214876703574281,0.32347090382921617,0.5,0.34526944702003287,1.9896434973112926,0.009210533582694146,-0.004749855934220227,0.009210533582694146,0.0012931523854326787
F2,N1,BLOCK,0.5,16,0.5632120490040805,0.19282083784139564,0.19481089075168145,0.49985985985985987,0.2270304447656671,51.37448559670782,0.00768215849595654,-0.003166142031429739,0.006737755397770082,0.000387428324902417
F2,N1,AR,0.5,16,0.6830723078606075,0.23949193296561294,0.24020576811231184,0.5,0.22742073019211742,2.003851245637261,0.007447475461439972,-0.004474415431174924,-0.0018998963097457391,-0.0008788298709187514
F2,N1,ENERGY,0.5,16,0.5784756846915194,0.19057252248005557,0.1931915875055544,0.5,0.23367950476360116,19.924212205823693,0.011255377935391064,-0.008946597950646593,0.006652444482154206,0.0020571078271716106
F2,N1,MAGDIFF,0.5,16,0.6951893799315496,0.23667562608091725,0.23811138800259857,0.5,0.25707914596299947,2.233600143093503,0.008402408398482015,-0.0004930966844400234,0.0006931765423277087,-0.008402408398482015
F2,N1,MEMLESS,0.5,17,0.9285359839747018,0.340289848298817,0.3376903866203269,0.5,0.34805345495326967,1.975245175577349,0.008579503840920821,-0.0003812508999539065,0.0028739105519816613,0.001176503562352772
F2,N1,BLOCK,0.5,17,0.5579227664260065,0.20484807708448438,0.20313597032080297,0.4996796796796797,0.22792226706138136,51.46185567010309,0.005460927947368258,0.0031999756192322296,-0.0005216596429551922,0.0028583624707188516
F2,N1,AR,0.5,17,0.6836995029443379,0.24599019611158446,0.24442566854539027,0.5,0.2302647388568692,2.0015226799166532,0.005900366865210781,-0.004465181213892438,0.0016373080661017077,0.002173336394959553
F2,N1,ENERGY,0.5,17,0.5754639333365664,0.21659053424986013,0.21406435451553094,0.5,0.2356181237308124,18.548087634608244,0.006610834248803781,0.0031745171464746622,0.005924463910834491,0.0024734431189581576
F2,N1,MAGDIFF,0.5,17,0.6935368622495036,0.26149132380733514,0.2582682322327259,0.5,0.258983950129528,2.2491894812680115,0.006450978220035531,-0.0012438527067683617,0.0024119900945110016,0.0029604681807599634
F2,N1,MEMLESS,0.5,18,0.9293440014196245,0.32771315013721414,0.3294292808757794,0.5,0.3490738000215167,1.998079923196928,0.004552706704410843,0.0032712167249174815,0.0006289494893377284,0.0009964235850685732
F2,N1,BLOCK,0.5,18,0.5621970723109154,0.20387891440206335,0.20373788271122212,0.5005005005005005,0.2290140883383243,51.07252298263534,0.008924735735838964,0.0015809627473012833,0.0031016214781510168,-0.004056975538630368
F2,N1,AR,0.5,18,0.6873215743109429,0.23894336890764134,0.24112640338814284,0.5,0.23141790542033838,1.9961635295528115,0.002840253654465625,-0.0013959053855254267,-0.002840253654465625,0.001672114757028223
F2,N1,ENERGY,0.5,18,0.579063818047765,0.21432290185352043,0.2142703300855405,0.5,0.23636969992397577,20.03610108303249,0.00725647061766494,0.00725647061766494,-0.004437845734943002,-0.005201992168815711
F2,N1,MAGDIFF,0.5,18,0.6972904890769007,0.24532985799308626,0.2475120953099584,0.5,0.2605645315783851,2.255282644031064,0.00807922031635547,0.001064084427006255,-0.0014732939908199394,0.00807922031635547
F2,N1,MEMLESS,0.5,19,0.9286741537439198,0.3311358250940859,0.3305445193203284,0.5,0.34743402914507304,2.0143565753921844,0.008577557800755857,-0.0020642196657130627,0.005094885576491137,-0.008577557800755857
F2,N1,BLOCK,0.5,19,0.5587819456183893,0.20091345278833592,0.19920355890218724,0.5005005005005005,0.22710733607291705,50.9683995922528,0.012009721100171294,-0.004837798145305234,0.012009721100171294,-0.009515908832096251
F2,N1,AR,0.5,19,0.6876910267667964,0.24628392513359945,0.2458581754511278,0.5,0.23071051173770574,2.0017633150322607,0.007072919391304707,0.00018311867885526282,0.002994331956606616,8.230808420321815e-05
F2,N1,ENERGY,0.5,19,0.5757640848973818,0.19879934081293235,0.19867735654384225,0.5,0.2344541150385435,19.300618238021638,0.010201434422091078,-0.0035187365279186595,0.010201434422091078,-0.005829711721289278
F2,N1,MAGDIFF,0.5,19,0.6993636767310428,0.2509741942972816,0.2513152012875424,0.5,0.26020221304132257,2.248075971015797,0.006349676429006802,0.006349676429006802,-0.00048338213392748653,-0.0010540019895807556
F2,N1,MEMLESS,0.5,20,0.9286068396255622,0.34318643693145257,0.34185755127115974,0.5,0.3486575111899988,1.9965624750179871,0.00950574082669761,-0.0007298795874624565,0.00950574082669761,0.005410031109725161
F2,N1,BLOCK,0.5,20,0.5681631681524804,0.20559993062457202,0.20502674091795262,0.5005005005005005,0.23013638517454899,51.07252298263534,0.00789487472698399,0.003854461733442727,-0.0013173930362618761,-0.003801515458802627
F2,N1,AR,0.5,20,0.6877414126070469,0.2467191310317213,0.24603212100040306,0.5,0.23172035801508067,2.0061852357619085,0.006432330260624587,0.001729799516596688,3.9951403971069565e-05,0.0018621522394326327
F2,N1,ENERGY,0.5,20,0.579459014094425,0.21537440368377078,0.2145203983710449,0.5,0.23644362127614438,20.01201923076923,0.005441901757981948,0.0009935104062650541,0.0010011676943633258,7.212289120377996e-05
F2,N1,MAGDIFF,0.5,20,0.697453247845477,0.25171147314188524,0.2501827159794378,0.5,0.26045954696548185,2.254570074475288,0.006177834684294686,0.00026763863239117307,0.0056971607896136225,-0.005257719457495058
F2,N1,MEMLESS,0.5,21,0.9284405368531591,0.3369083278970408,0.3361255241618404,0.5,0.34808770669504596,2.00473591266656,0.010233555405004455,-0.001773369030286811,-0.005356957794216537,0.005977953478084412
F2,N1,BLOCK,0.5,21,0.5669007461644363,0.20288468593696252,0.20170831753965254,0.5005005005005005,0.23003086359331787,51.282051282051285,0.008558313853257641,-0.0014729591352908005,-0.0022190824810320846,0.0047103049529885945
F2,N1,AR,0.5,21,0.6855145330314244,0.2502050394105646,0.24879075632709824,0.5,0.2305457154214392,1.9960837595907928,0.011833231120219499,-0.0005042465693440128,-0.011833231120219499,0.006655208204005239
F2,N1,ENERGY,0.5,21,0.5797273686001272,0.20415960541698736,0.20333613263114755,0.5,0.23606757573208756,20.05218787635488,0.007354070635952286,-0.0006302470456684817,-0.0020947534188999516,0.0010774329037492702
F2,N1,MAGDIFF,0.5,21,0.6945320391175609,0.25173114103886424,0.2511661114466671,0.5,0.25941776713906006,2.237602472785916,0.0065418140257228015,0.005988314515139364,-0.0021574795970866504,-0.002468938210808436
F2,N1,MEMLESS,0.5,22,0.9284846723693363,0.3356939306625031,0.3366704113761673,0.5,0.34860605507173426,1.9963230886055714,0.009552881850755087,0.009552881850755087,-0.0009315389698244599,0.0016635405845970106
F2,N1,BLOCK,0.5,22,0.5562490760501241,0.20414488521367363,0.20468716279357935,0.5003203203203204,0.22755552342166036,50.691683569979716,0.0055703462282129124,0.003985356412278126,0.003132466967678622,0.001316782315534234
F2,N1,AR,0.5,22,0.6886955586735692,0.24740173585489544,0.2480364165936312,0.5,0.23226076403801382,2.0088477780012064,0.00626005011533908,0.0024565637343961074,0.0013619717390010039,-0.004561886625160516
F2,N1,ENERGY,0.5,22,0.5789554910616755,0.214873090166038,0.21471969769098237,0.5,0.23620464934659136,20.028067361668004,0.0078393054260652,0.0015567279037432447,-0.002025770200161866,0.00437090631033447
F2,N1,MAGDIFF,0.5,22,0.6981445329407907,0.24660920801747688,0.2480737812324378,0.5,0.26082252151807866,2.2473679474489336,0.006546026993165205,0.0012288432639184265,-0.0026842506157518033,-0.002596677431688011
F2,N1,MEMLESS,0.5,23,0.9271014597035673,0.33506475660347734,0.3358179051821364,0.5,0.3495682593836827,1.9927391685949094,0.005974662670495477,-0.005974662670495477,-0.002559762548499355,-5.7878140842753446e-05
F2,N1,BLOCK,0.5,23,0.5604289432887489,0.20351570730919813,0.20334178275859854,0.5005005005005005,0.22948155090064526,52.02913631633715,0.009150536035961132,-0.0006065611571535584,0.0018588813004739022,0.0003844999583810237
F2,N1,AR,0.5,23,0.6884565860000559,0.2513444063798399,0.2518383719930053,0.5,0.23340667404713702,1.9895642475902175,0.009318960499345249,-0.009318960499345249,0.0011591064845464028,0.008362417994303033
F2,N1,ENERGY,0.5,23,0.5736679373181434,0.2066088949368469,0.20653171152230615,0.5,0.23625226502681448,19.805709754163363,0.007733666332093909,-0.0039246353731881125,0.0022372933921508604,-0.0006647703674189961
F2,N1,MAGDIFF,0.5,23,0.6987458532606212,0.2643353038972812,0.2639775376086356,0.5,0.2618771486808062,2.259976472717401,0.007745920313757868,-0.0008063917896028555,-0.004863586207835023,0.006625715013826529
F2,N1,MEMLESS,0.5,24,0.9297625785180266,0.33467422623640286,0.33224594222882353,0.5,0.3461167269419637,2.0045750060197447,0.008524105067258241,-0.0025128291445990227,-0.0015097915511662202,0.008524105067258241
F2,N1,BLOCK,0.5,24,0.5586781607480487,0.1984245914191644,0.19734124042582915,0.5005005005005005,0.22604510118389684,51.17707267144319,0.005719681388991604,-0.0021100699039620727,-0.002262791051457927,0.005719681388991604
F2,N1,AR,0.5,24,0.6839495596602932,0.24787634559344296,0.24501315949818916,0.5,0.2281295242149072,2.0,0.009924079912595281,-0.0008440250249391507,0.00023679182174343407,0.006973151118645867
F2,N1,ENERGY,0.5,24,0.5813775333236866,0.20369405175496147,0.2028651261707945,0.5,0.23438981010236548,19.649881982690793,0.005316511209094307,0.0024447560799560775,-0.0011209677422509229,0.004235508245332201
F2,N1,MAGDIFF,0.5,24,0.6985267839088191,0.25120926477422517,0.24951043185006,0.5,0.25835225820930896,2.2699386503067487,0.00761384864471696,-0.0010465670366137454,-0.00761384864471696,0.005570490805939273
F2,N1,MEMLESS,0.5,25,0.9288852626383872,0.32366237992842517,0.3232724314396495,0.5,0.34791100907463024,2.0104648822700746,0.006891737058388335,0.006891737058388335,-0.0009869486057600874,0.0014105248389276483
F2,N1,BLOCK,0.5,25,0.5612798650395416,0.19270444593434852,0.19315407460263617,0.49971971971971973,0.22817687458810987,51.14959016393443,0.010258241248584932,0.005844716194392117,0.007480818943050498,-0.010258241248584932
F2,N1,AR,0.5,25,0.6850182742786206,0.24217358013017934,0.24173174334413644,0.5,0.23029394226979336,2.0005607177186797,0.0077251181337380246,0.005187352985636689,0.00034628225120232766,-0.0027549926571372695
F2,N1,ENERGY,0.5,25,0.5805841345824105,0.20361740006882154,0.203310389238836,0.5,0.23571827764652467,20.379436964504283,0.008829726495439952,0.0036673559072677117,0.008829726495439952,-0.001401711914517571
F2,N1,MAGDIFF,0.5,25,0.6940001740399094,0.24275660665884882,0.24202618704226248,0.5,0.2589809953291666,2.2570150467669783,0.00908339617665405,0.0005488285401011304,-0.00908339617665405,-0.0003875023268655728
F2,N1,MEMLESS,0.5,26,0.9283093417603675,0.32835196864682675,0.3290380992608864,0.5,0.3495470026144506,2.0002402691013934,0.008174799163814384,-0.0024126020778814684,0.006258287818038318,-0.0014108627090339077
F2,N1,BLOCK,0.5,26,0.5664790744754645,0.20871429774210237,0.20800388177370718,0.50002002002002,0.23071141986337573,51.285420944558524,0.009436712381153104,-0.0009094993268338514,0.005589702015012452,-0.004679108980001253
F2,N1,AR,0.5,26,0.6880149667281206,0.23985504959623244,0.24080165146798066,0.5,0.23252169857187405,2.001683096898293,0.006823710548065389,-0.006823710548065389,-0.0018162868301882808,0.0030954284824719993
F2,N1,ENERGY,0.5,26,0.5777932792452569,0.20726600671324474,0.20702752505071334,0.5,0.23668868785758015,19.88455414012739,0.005775602456621645,0.0002184930861601322,-0.0013532295723725164,-0.005775602456621645
F2,N1,MAGDIFF,0.5,26,0.6932945491766913,0.2444860400391179,0.24534783295089319,0.5,0.26013493658926906,2.233600143093503,0.005972777754373354,-0.0012713380124692612,0.005972777754373354,0.004213578724452456
F2,N1,MEMLESS,0.5,27,0.9293745573479452,0.33710286515398385,0.336764099682816,0.5,0.34803952016752526,2.0061852357619085,0.008170805974086844,-0.0009184143063037274,0.000271268146244936,0.008170805974086844
F2,N1,BLOCK,0.5,27,0.5633909012464753,0.20117209727910984,0.2011159100970847,0.5005005005005005,0.22819560134515726,51.07252298263534,0.004854754814328798,-0.0015844265348922948,-0.0016415329557506238,0.0024339101867378696
F2,N1,AR,0.5,27,0.6875268879994018,0.24306541509374918,0.24448235810197655,0.5,0.23115643212847328,2.0087669910721466,0.008279637692604995,-0.001346885418868934,-0.00016795244585169453,-0.00364523059016134
F2,N1,ENERGY,0.5,27,0.5780943484412093,0.21326576019591303,0.21256420751143698,0.5,0.23543627430838274,20.304878048780488,0.005673371454753338,0.0006453804034167055,-0.0037918486732752407,-0.0030373385366976938
F2,N1,MAGDIFF,0.5,27,0.6976713137610685,0.2462749345026855,0.24701815398623733,0.5,0.25993848946467807,2.251825804706519,0.005971716526253324,0.005765995673725921,0.0016940298112429516,-2.8847296730266494e-05
F2,N1,MEMLESS,0.5,28,0.9297008131340951,0.350931508012042,0.34874820164887266,0.5,0.35050016996448546,1.9956850053937432,0.008287683835968456,0.0010204113797379912,-0.00011435019168277462,-0.0030312949061274646
F2,N1,BLOCK,0.5,28,0.5639433250616539,0.2058281145734568,0.20450226869026372,0.50002002002002,0.2309237187097005,51.18032786885246,0.007792045557531203,0.006802908091002068,-0.007792045557531203,0.0008182216755409352
F2,N1,AR,0.5,28,0.6933817786703882,0.25867881111245994,0.2560564715475422,0.5,0.23443032394343022,2.0008812690273996,0.010266403522626354,-0.008249272309319882,-0.0012835768211334159,-0.004140489853661994
F2,N1,ENERGY,0.5,28,0.578185087485301,0.216663495994444,0.21494553934289265,0.5,0.23704230561155407,18.977963525835865,0.007303044826035882,0.004836236420323132,0.001141453726560683,0.0020331807505577283
F2,N1,MAGDIFF,0.5,28,0.7002745968287398,0.2592865906708341,0.2575672675231925,0.5,0.2624013985534024,2.25793327908869,0.009884507721321194,-0.004055181593003531,-0.001209283988929978,-0.0034428109101847936
F2,N1,MEMLESS,0.5,29,0.9290356325402196,0.34041434691817374,0.34143257582056225,0.5,0.35000857080108116,1.98348091966803,0.005063998306854388,-0.0008132755807951079,-0.001189187762724558,0.0019112449343760595
F2,N1,BLOCK,0.5,29,0.5623171203680555,0.19701672336507225,0.1986244295398536,0.49987987987987986,0.22962688580423354,51.53560371517028,0.0071223822683044394,-0.0024858237486225653,-0.0026119552810517912,0.002508991791450217
F2,N1,AR,0.5,29,0.6895022673429886,0.2509501494573768,0.2512392714276282,0.5,0.2329221339103475,2.0128954261535363,0.005744151403839198,0.0016020017751795775,0.0034026202498837225,0.0002663909607231186
F2,N1,ENERGY,0.5,29,0.5822475004826221,0.20691011266961373,0.2076680082058207,0.5,0.23773256005312962,18.84194643530743,0.005769042399971785,-0.0024882833641100485,0.0005050614336143768,-0.005522329873483935
F2,N1,MAGDIFF,0.5,29,0.698133797862858,0.25577655692481166,0.2572937281201861,0.5,0.2611774237501103,2.2697323578861273,0.007665277397605595,-0.0020683399463506304,0.0013410895188157878,-0.007665277397605595
F2,N1,MEMLESS,0.5,30,0.9292492770453344,0.34457992799221865,0.3409232496847878,0.5,0.3464239552605744,1.9868735083532219,0.00792927055242807,0.0025084966472200616,-0.005051663635176743,0.005040762126759987
F2,N1,BLOCK,0.5,30,0.5599289829580477,0.2053497812692326,0.2031467279777333,0.49985985985985987,0.2267214582101935,50.64503042596349,0.0054666997974400335,0.003900321683897734,0.002854076541872424,0.0054666997974400335
F2,N1,AR,0.5,30,0.6879436979528657,0.2585683685341964,0.25575646641284505,0.5,0.22991528513642465,1.997280978847615,0.007552544515328783,0.007552544515328783,0.0003002744779871014,0.004437672661810812
F2,N1,ENERGY,0.5,30,0.5777594263946156,0.21367031895734867,0.2125399630816483,0.5,0.2346222478932093,19.367972082202403,0.0064007822857213474,0.0012196270624880111,0.00166109170425008,0.0038981603319205873
F2,N1,MAGDIFF,0.5,30,0.700795498877305,0.2531855917845945,0.2504203763584307,0.5,0.25963096139243963,2.2668481960517357,0.007518029938505146,0.0015325092501465244,-0.006274541221186882,0.007518029938505146
F2,N1,MEMLESS,0.5,31,0.9277243567459343,0.34041924430583614,0.3381267326773602,0.5,0.34840539353468036,2.0088477780012064,0.0070540971135932455,-0.0006147003148255222,0.00024438153465017646,0.004348334231109257
F2,N1,BLOCK,0.5,31,0.5604615317013488,0.20113636439766006,0.1987777323976626,0.5000800800800801,0.22906053256663855,50.66734279918864,0.007783679722631325,0.002816449360268125,-0.005121839988725738,0.0029828087373452252
F2,N1,AR,0.5,31,0.688011940991434,0.2562038703391539,0.2534079417866551,0.5,0.2320859020731484,1.988217967599411,0.007358880870543483,-0.004582008751561273,0.0028753745813715754,-0.0020479894132119448
F2,N1,ENERGY,0.5,31,0.5810774471706369,0.2131716783270957,0.21099091621177113,0.5,0.23711533092161494,18.582589285714285,0.005157709488469697,0.0014340871837155613,-0.003937260711287234,0.0021403565287873415
F2,N1,MAGDIFF,0.5,31,0.6955702509240774,0.25717243154409797,0.2543309935777055,0.5,0.2602299962537904,2.250709683233452,0.007226688556730164,-0.003948570061044217,-0.002198599346119976,-0.005384025660218064
F2,N1,MEMLESS,0.5,32,0.9274148333713323,0.33692139749618427,0.3371861228914122,0.5,0.3495798267694607,2.000400480576692,0.006824681112066237,-0.00036765644612943873,0.003932761435315379,-0.0005282485874426717
F2,N1,BLOCK,0.5,32,0.5622254442519489,0.2022557194422701,0.20321772890779255,0.5003403403403404,0.22967603456700503,50.796747967479675,0.009036201223231361,-0.005991895111097259,0.004411416836652088,-0.0044458849803628705
F2,N1,AR,0.5,32,0.6866036508919612,0.25067918647862086,0.24999851657166897,0.5,0.23293757405563834,2.0104648822700746,0.006488912316287112,-0.0010864072496199707,-0.00017554501423162826,-0.006488912316287112
F2,N1,ENERGY,0.5,32,0.5782209773932346,0.21200567400099635,0.21230368916213194,0.5,0.2372452764777252,19.52697419859265,0.008842546962706517,-0.0056368651404350816,0.005974417744526271,0.004900505082872721
F2,N1,MAGDIFF,0.5,32,0.6954203998538783,0.25426175882225655,0.2535868505363498,0.5,0.2608364804052527,2.245347478198328,0.008671890967539824,-0.006539063907983858,-0.002263955073103726,-0.001960203738068548
F2,N1,MEMLESS,0.5,33,0.9275685558431536,0.34108235332955117,0.3389712085925647,0.5,0.34860239251508973,1.998399679935987,0.007995752953168785,-0.007333168117645159,0.007995752953168785,0.000675509500335777
F2,N1,BLOCK,0.5,33,0.561163509963767,0.1979592103757506,0.19713468297223688,0.49953953953953956,0.2291450507577029,51.131147540983605,0.00889233777404838,-0.00889233777404838,-0.002066780657384315,-0.00200315132972026
F2,N1,AR,0.5,33,0.6886720701543345,0.25440761230670633,0.2521339045216516,0.5,0.23255500771369741,2.0077173519836005,0.010723115450626661,-0.004989183337190541,0.010723115450626661,-0.002728141822625347
F2,N1,ENERGY,0.5,33,0.5812177709027299,0.20555668480366807,0.20473812806670463,0.5,0.2367327039930929,18.310117302052785,0.006357196370479112,-0.004820475817407924,0.0006144325822484702,0.0033366479004718354
F2,N1,MAGDIFF,0.5,33,0.6979785253434105,0.2567305310978063,0.2550073928701687,0.5,0.26096829644974434,2.264484540756188,0.010901915531827731,-0.002250877688513859,0.007690160125521409,-0.0033509087673575036
F2,N1,MEMLESS,0.5,34,0.9285146034216324,0.3384691995149276,0.3383182300186765,0.5,0.3486229316964808,1.995525548320083,0.011379258926305348,-0.0028387771222681797,0.011379258926305348,-6.344080369762918e-05
F2,N1,BLOCK,0.5,34,0.5630765980859599,0.21180287725926153,0.21165334889121065,0.5,0.22919763526059542,51.388888888888886,0.013873614647057378,-0.001099768718961061,0.013873614647057378,0.002877984435169741
F2,N1,AR,0.5,34,0.6859077965919759,0.24901502733875894,0.24921394691373833,0.5,0.23122425662604507,1.9978401727861772,0.005273897030444544,0.003379927722615394,-0.005273897030444544,-0.002455504815717422
F2,N1,ENERGY,0.5,34,0.5755249532300076,0.21903932930222056,0.21885060417780083,0.5,0.23489940512818067,18.906131718395155,0.01009404888483606,-0.00219987215733975,0.01009404888483606,0.007165782164072045
F2,N1,MAGDIFF,0.5,34,0.6955079809729797,0.2566532569833426,0.2567242967734306,0.5,0.25984238496552764,2.2487844408427877,0.009786649774647034,-0.0037777348682283543,0.001947701024779696,-0.0025208046026852877
F2,N1,MEMLESS,0.5,35,0.9279205771337458,0.322245661379467,0.3221808088838737,0.5,0.34907690624520243,1.9896434973112926,0.005962949417334394,0.005962949417334394,-0.00025625308010214173,-0.0013002343682249127
F2,N1,BLOCK,0.5,35,0.5619988873308671,0.19834375772890867,0.19820275615218214,0.5001001001001001,0.22953835857225102,51.0838445807771,0.008949595128488974,0.007105320707175721,-0.007756851171608551,7.046202345020764e-05
F2,N1,AR,0.5,35,0.6867025461564111,0.24463044574204307,0.24477380396290482,0.5,0.23195909474564858,2.001923770590357,0.007520985024123238,-0.004803355569190719,0.0023528700067018326,0.0039875308955090154
F2,N1,ENERGY,0.5,35,0.5783644442813226,0.20267256054709948,0.20164194077619452,0.5,0.23696257121192613,19.54225352112676,0.011282483744562114,0.004692897336620456,-0.011282483744562114,0.003954253679472722
F2,N1,MAGDIFF,0.5,35,0.6964329170225659,0.23932019359957785,0.24064427648016692,0.5,0.2605030198291705,2.2506082725060828,0.010889793855447074,-0.0019213870830847104,0.002718774121983401,-0.010889793855447074
F2,N1,MEMLESS,0.5,36,0.9289175586426879,0.31771921919269297,0.3189953572439445,0.5,0.3491380082518875,1.9973608445297504,0.010857049922418462,-0.010857049922418462,-0.0017872334309111033,0.0007673073882269928
F2,N1,BLOCK,0.5,36,0.560755820369098,0.19877721749044402,0.19975505122713252,0.5005005005005005,0.2288133566671507,50.8646998982706,0.010691078620074587,-0.010691078620074587,-0.0043807587137418115,0.0018063887450655057
F2,N1,AR,0.5,36,0.6894378576051895,0.23356179080679634,0.2356532865536397,0.5,0.23261216634733428,2.010222150676111,0.005288082844573919,-0.002987804945774162,-0.002744975854414078,0.0043504822041471256
F2,N1,ENERGY,0.5,36,0.5785319433737236,0.20340373747165835,0.20469929140110887,0.5,0.23625884692438825,18.949165402124432,0.006569604163476883,-0.006569604163476883,-0.005002447533381564,0.0020458991174958185
F2,N1,MAGDIFF,0.5,36,0.6948093319143073,0.2405964956934019,0.24235871368326015,0.5,0.2600385003373627,2.2436329335669045,0.007594523839283628,-0.0003054219007216032,0.0024511571884142432,-0.003005795618289127
F2,N1,MEMLESS,0.5,37,0.9292173904077282,0.32627703196529567,0.3262810221896429,0.5,0.347572182808837,2.001683096898293,0.008682373809143794,-0.0018024972499545019,-0.0002875440481956341,0.004792092351058569
F2,N1,BLOCK,0.5,37,0.5625123013321217,0.20198773018302124,0.2025394169883057,0.5005005005005005,0.22779944756078938,50.45408678102926,0.012253139433840174,-0.0006864749804077298,-0.0030253281978116415,0.012253139433840174
F2,N1,AR,0.5,37,0.6860853616185872,0.24912921495878615,0.2476955235553253,0.5,0.2301486754905594,2.0008812690273996,0.008478071027144476,0.0001631645074250872,0.0034304616378171807,0.000611893071808653
F2,N1,ENERGY,0.5,37,0.5763024545487996,0.21157792830818922,0.21022033274025384,0.5,0.23477239391322358,20.76923076923077,0.009289425732268788,0.002420689644521157,0.0024222124451285113,0.006571826630067035
F2,N1,MAGDIFF,0.5,37,0.7020972084044826,0.24717388985023225,0.24679339003528108,0.5,0.2606544802272861,2.262330721500068,0.006931592330357129,0.0034856915733034086,-0.0032494304417074295,-0.002856634052833153
F2,N1,MEMLESS,0.5,38,0.9274779354652626,0.3462799238472491,0.34427902404460264,0.5,0.34765213552240076,2.004896845147307,0.012446558225490937,0.004874298509245517,-0.0003623838836044112,0.012446558225490937
F2,N1,BLOCK,0.5,38,0.5604212485067429,0.20521313451746653,0.20421190977275758,0.5005005005005005,0.22838027339423275,51.38746145940391,0.008098114523588997,-0.0004551321526598521,-0.0005113698314185162,0.006869168771945535
F2,N1,AR,0.5,38,0.6840552353499126,0.25507204000125866,0.25252450112411906,0.5,0.23052252101700965,1.9965624750179871,0.0075238219231837525,0.0014911321913075048,0.0055079750042166965,-0.003877994383565928
F2,N1,ENERGY,0.5,38,0.5816478717605689,0.2112662039648811,0.2102933117548546,0.5,0.23663075572257594,19.735282497036746,0.010907544258137539,0.0024607077007905917,-0.0056521580281899885,0.006641963127516221
F2,N1,MAGDIFF,0.5,38,0.6951673970712952,0.25644169939482936,0.255467637199526,0.5,0.2596242883917211,2.2477724777247774,0.007585111741629479,-0.0010601296622493052,-0.007585111741629479,0.0005747295043567739
F2,N1,MEMLESS,0.5,39,0.9278711121635187,0.33068453608467563,0.32996558865188125,0.5,0.34712097300079586,1.9894850041821006,0.00783938238082994,-0.002501128133006738,-0.0002497537887071096,0.006136983741645013
F2,N1,BLOCK,0.5,39,0.5637159493493081,0.20209529285148925,0.20213746895871249,0.4997997997997998,0.22872286285247062,50.94897959183673,0.010435459110306402,0.001058762999712174,0.010350308072395249,0.0009646600005892501
F2,N1,AR,0.5,39,0.6870185522487441,0.2396630282016179,0.24037080001020517,0.5,0.2307812515414634,1.9996797309740182,0.006870569484729041,0.0017787515113660084,0.0018319811717249794,-0.0026549309751300104
F2,N1,ENERGY,0.5,39,0.5804249897519186,0.2111950249620465,0.20948485775286585,0.5,0.23552737841345117,19.15260736196319,0.017468514856457697,-0.00039729094576047337,0.004363316994212473,0.004598569247673585
F2,N1,MAGDIFF,0.5,39,0.6988096310109253,0.25211766321660245,0.2510623000100274,0.5,0.2598564282183521,2.2649979594612977,0.009497298125196266,-0.009497298125196266,0.0011132291083278236,0.00807426925642681
F2,N1,MEMLESS,0.5,40,0.9277510783378542,0.32158440151787054,0.32337001467671056,0.5,0.34979369179385367,2.012165646148888,0.008861116869541396,0.0012167796825035342,0.0059513138727719786,0.0006721404419772695
F2,N1,BLOCK,0.5,40,0.5612079225203321,0.19898142858466877,0.1994697944434446,0.5005005005005005,0.22931197225230804,50.8646998982706,0.007674613014163796,0.0015251640637863756,0.007356690097629034,0.0016401209272081186
F2,N1,AR,0.5,40,0.6882519329576089,0.23742712477810218,0.2388947706613862,0.5,0.23319428002764345,1.9991195069238774,0.00511730113661895,-0.0037581895635563976,0.001976662932598769,0.0008463645249618583
F2,N1,ENERGY,0.5,40,0.5788980783936162,0.20237073145282847,0.2023263796997717,0.5,0.2374390548502898,19.079449961802904,0.008714932645536739,-0.0010530473893175815,-0.000670296478235413,-0.003915674413763772
F2,N1,MAGDIFF,0.5,40,0.6961307603643067,0.23756204019494237,0.23937248269910782,0.5,0.261103240096023,2.242625600502851,0.00885295019453634,0.003552008183428694,0.001150650678350725,0.002163586923650405
F2,N1,MEMLESS,0.5,41,0.9284517145727827,0.34130110442127054,0.3409898379181935,0.5,0.3498188775185305,2.0033690289977137,0.006591003206336457,0.0024396988254147527,0.0008631621075704013,0.004178747688886526
F2,N1,BLOCK,0.5,41,0.5629730928071969,0.20984080580799702,0.20951088057128314,0.5001001001001001,0.2300930298558409,50.618034447821685,0.010556295652805097,-5.5860673752920314e-05,-0.004842731384433902,0.003348886731493586
F2,N1,AR,0.5,41,0.6877964037510875,0.25357998173813373,0.25352510637557435,0.5,0.23259549104526284,2.007233273056058,0.009381266307854214,0.002689000646104996,0.0052525262638385035,0.004829735477557699
F2,N1,ENERGY,0.5,41,0.5769953429132129,0.21016814229423597,0.21117447335685116,0.5,0.2370366492063879,20.32139951179821,0.007082895965459886,0.005358434887272939,-0.0007141557938937313,0.002115742748812766
F2,N1,MAGDIFF,0.5,41,0.6937429469139734,0.2553725679982571,0.2550649301035139,0.5,0.26040875330816127,2.2481771536591952,0.011853375360000865,-0.001918958132157233,-0.004782531016739219,0.011853375360000865
F2,N1,MEMLESS,0.5,42,0.927649298206022,0.3260194411843106,0.3271953619911828,0.5,0.34863671237977084,1.9845053635280094,0.01375881963765138,0.01375881963765138,-0.0034658299772087633,-0.0013164970880796363
F2,N1,BLOCK,0.5,42,0.5590990200548019,0.20141215541906216,0.20083984106173192,0.5005005005005005,0.2289141850445075,51.282051282051285,0.013225740819931385,0.008500607453491222,0.0003356055979931193,-0.0012011298426785758
F2,N1,AR,0.5,42,0.6867394916291341,0.22875405607916532,0.23060429829228157,0.5,0.23198394242610174,2.0011217499298906,0.007725030161868241,0.0011099412170488489,-0.0008112951740724556,0.007725030161868241
F2,N1,ENERGY,0.5,42,0.5729968785397203,0.2034077823570759,0.20282307259432444,0.5,0.23535500811665458,19.383003492433062,0.010272946000385218,0.00874077654316205,-0.0024881809253016482,-0.001686570413736738
F2,N1,MAGDIFF,0.5,42,0.6948182417735504,0.237092199603882,0.23795496145135805,0.5,0.26012341820786344,2.2481771536591952,0.01296788814787398,-0.0014623265803654455,-0.0036860950672529904,-0.0008203580667527939
F2,N1,MEMLESS,0.5,43,0.9279550654671572,0.3169263174627809,0.3177075988587576,0.5,0.3488516822812042,2.0024855676715845,0.008288050909695569,-0.003032499569887505,0.00047384239951869903,-0.0031341507884597875
F2,N1,BLOCK,0.5,43,0.561946756057855,0.18638716101684868,0.1868687905301157,0.5005005005005005,0.22931802133945814,51.17707267144319,0.011206606735042672,-0.00350845164449409,0.004412040737234267,0.005206851275709503
F2,N1,AR,0.5,43,0.6878183839493027,0.23213304686026612,0.2333303628412153,0.5,0.23233709418349596,1.984111221449851,0.008750835023909165,0.004765219287882615,0.0036382247752387675,-0.0029246461343261183
F2,N1,ENERGY,0.5,43,0.5819195128510641,0.19604937076761955,0.19822856019579932,0.5,0.23759883772836346,19.696372239747635,0.0069715987133293165,0.0001901898240176087,-0.0020395126656241377,0.002375211218122178
F2,N1,MAGDIFF,0.5,43,0.6940191876783816,0.23557776046732168,0.2365531412430327,0.5,0.2600405282270716,2.243834508782175,0.006577102199473308,-0.005819436246133144,-0.001187791729757733,-0.0006470208392328232
F2,N1,MEMLESS,0.5,44,0.9293495573403924,0.3238159823726359,0.32640354694552587,0.5,0.348595942964183,2.0106267359014613,0.009780032798186247,0.004854002561420123,-0.0012692664218226849,0.00014822890888517855
F2,N1,BLOCK,0.5,44,0.5626339248179606,0.20533701794008563,0.2063205171732933,0.4998398398398398,0.22883353317760272,50.901121304791026,0.009938606174667174,0.0044932526495100236,-0.006023971397887377,0.005741012678883178
F2,N1,AR,0.5,44,0.6874922648207762,0.2389248778537001,0.2407850402313906,0.5,0.2314182856812552,2.000400480576692,0.009253610321521943,-0.002219062426678758,0.0012820690122576977,0.0007202201511015868
F2,N1,ENERGY,0.5,44,0.57920687593647,0.20844702643147967,0.21014131339095538,0.5,0.23578165815242463,19.115958668197475,0.01667075135795527,0.01667075135795527,-0.00727427356261838,0.006736640060826953
F2,N1,MAGDIFF,0.5,44,0.6933212687505945,0.24002189018119774,0.2422076300410114,0.5,0.2593572676070099,2.2396090212079094,0.011865103982617508,-0.004962258572336523,0.005113170272515327,-0.0007749828470788088
F2,N1,MEMLESS,0.5,45,0.9285698532908204,0.32435008062657206,0.326684193196618,0.5,0.34974146957841606,1.9969615799784113,0.005230153401852833,0.002789142402686742,0.002479204685888708,0.00474810938111506
F2,N1,BLOCK,0.5,45,0.5678480677486852,0.19882198071426377,0.20068693848160413,0.5005005005005005,0.2309862794081567,51.07252298263534,0.008643389317400597,-0.0011319267004312639,0.008006000013986166,0.00019934767368452857
F2,N1,AR,0.5,45,0.6898077589927961,0.23269805556356632,0.23504728821018475,0.5,0.23316092937483465,1.9938527862046942,0.013168194249128887,-0.006123019507774036,0.0003255999630111534,0.0064703808080607255
F2,N1,ENERGY,0.5,45,0.5794876410885527,0.19545561717667798,0.19756514304655998,0.5,0.23713281403573225,19.519343493552167,0.010085922753999443,0.004386988591714195,0.004990070238724383,0.0011663136869216678
F2,N1,MAGDIFF,0.5,45,0.6977274674605582,0.2421065484279138,0.24378557290876846,0.5,0.2616830584078304,2.236400268636669,0.006172117839366877,-0.004028404404681151,0.006168216678388417,-0.004438093923499086
F2,N1,MEMLESS,0.5,46,0.9274885086824385,0.30799061132931066,0.30877974974835654,0.5,0.3469808837625015,2.0049773210773494,0.00942642386009232,0.001526777954032094,-0.004094109141018604,0.0012129436559795684
F2,N1,BLOCK,0.5,46,0.5631903671468794,0.19526903438668564,0.19471581899238616,0.5001001001001001,0.22873301203297136,50.97959183673469,0.006679927433249231,-0.0004831947561353924,-0.004695934186685202,0.006679927433249231
F2,N1,AR,0.5,46,0.6830549348326869,0.23498900187417615,0.23551536766497524,0.5,0.22989025793147486,2.0124899274778403,0.013583811119946604,-0.000586154809516628,-0.0029762411739615584,0.006710362982975557
F2,N1,ENERGY,0.5,46,0.5777088101478082,0.19523169877317043,0.19504376855570954,0.5,0.23532655559170246,19.174664107485604,0.01084160098733616,-0.0035979630294914163,-0.01084160098733616,0.0053321544327616975
F2,N1,MAGDIFF,0.5,46,0.693134852653122,0.22815182633168568,0.22905097705526797,0.5,0.2584593875388842,2.2353994182143655,0.01260868352490349,-0.0006395783423418169,-0.01260868352490349,-0.006160856367877236
F2,N1,MEMLESS,0.5,47,0.9278519965481031,0.3349900892665539,0.3335441771581985,0.5,0.34969869036747947,1.9869525438561597,0.007820327764856734,-0.002636420440996234,0.007820327764856734,-0.0011893091492421873
F2,N1,BLOCK,0.5,47,0.5658295008616643,0.19763595428380282,0.196935624170734,0.5003003003003003,0.23104754074952805,51.63223140495868,0.006689572807868597,0.0006037175948264635,0.00219847084678054,-0.005850346024131239
F2,N1,AR,0.5,47,0.6904432380522775,0.2451023168891021,0.2441251078147394,0.5,0.2337280755187933,2.010383965225791,0.009085642676472574,-0.004734828114473743,-0.005588963796027931,-0.004854690508636824
F2,N1,ENERGY,0.5,47,0.5807523725225072,0.20827869035547486,0.20808250087043925,0.5,0.23755386457278438,19.086740542606037,0.0035165997273182343,0.0007183797628731972,-0.002080210840089426,-0.00216243120462887
F2,N1,MAGDIFF,0.5,47,0.6992762689410658,0.2539716661294308,0.251323762115672,0.5,0.26177604012572886,2.267259770323635,0.008501872168274874,-0.005959565424141858,-0.004353857451000381,0.0044328986925455
F2,N1,MEMLESS,0.5,48,0.9287267375357221,0.31791747304030116,0.3181437703232912,0.5,0.3499552933822263,1.977434679334917,0.008863554770978645,0.0024474713396064793,-0.0038062905718925454,0.0034565975650160305
F2,N1,BLOCK,0.5,48,0.562580566153519,0.1979316743460114,0.1977586325661564,0.49963963963963964,0.23008096169562145,51.03680981595092,0.00680103947736922,-0.0013911590223577588,-0.0005753580537742984,0.00012090217132352077
F2,N1,AR,0.5,48,0.6909323271169711,0.23753869984612236,0.2375358433754818,0.5,0.23405576846446108,2.005701895277867,0.007597852453728012,0.003903169019885371,-0.006707113863236557,0.005228312578187687
F2,N1,ENERGY,0.5,48,0.579945125494055,0.2035459605412328,0.2036543560403482,0.5,0.2373040327716104,18.357221609702314,0.00633369212734322,-0.005263633137215549,-0.00035129659633526206,-0.0032632062112028853
F2,N1,MAGDIFF,0.5,48,0.6970247777669583,0.2462444264712012,0.246595595509088,0.5,0.26119939780201457,2.2651006711409396,0.007116761668842265,-0.00547745343502145,0.003390053821826458,0.005370005406997185
F2,N1,MEMLESS,0.5,49,0.928975649032076,0.33330383954022014,0.3311608817096604,0.5,0.34770112301977085,2.007313936666131,0.010836266521645556,-0.0017443889808443427,0.0014969606575892058,-0.00249747757512825
F2,N1,BLOCK,0.5,49,0.5666333518924123,0.20279822545615536,0.20128404470185768,0.5005005005005005,0.22888554325057855,51.22950819672131,0.011494566393404909,0.00045681469890648,-0.0029543409757853134,0.0004542106740247665
F2,N1,AR,0.5,49,0.6851009069777035,0.24429325417229322,0.24220476798130272,0.5,0.23004071664562356,2.009979477687015,0.010593431718114171,-0.0013934999778397713,0.0008658622694874166,-0.0008413212383554541
F2,N1,ENERGY,0.5,49,0.5806490110725434,0.21366824072319787,0.21254314027179838,0.5,0.2359943077615621,19.352963967454475,0.011517861033590912,-0.001037308951403833,0.001803802474693283,0.004600094289259387
F2,N1,MAGDIFF,0.5,49,0.6944156222073228,0.2518420510051059,0.2501642766814894,0.5,0.2587956571983691,2.262330721500068,0.011366611217069566,-0.006367967117859741,-4.674409080906649e-05,-7.616248067412876e-05
F2,N2,MEMLESS,0.02,0,0.34937684222587073,0.07824759737715796,0.10205996179926839,0.02,1.0862582434676307,1.0888283378746595,0.11621900780757749,0.11621900780757749,0.08600935207694241,0.05359436926457426
F2,N2,BLOCK,0.02,0,0.04910796851796374,0.006603389837746637,0.008176788793488094,0.02002002002002002,0.24604248814916946,48.78048780487805,0.012390447238192142,-0.004677108886232233,-0.003659462834638013,-0.012390447238192142
F2,N2,AR,0.02,0,0.3477629077834065,0.0868839974398025,0.11175120713210919,0.02,1.0821394054170033,1.0411672746221992,0.14958937236612888,0.14958937236612888,0.09651215389401945,0.058906783926658206
F2,N2,ENERGY,0.02,0,0.04836568769210228,0.009402398326128755,0.010515609426781886,0.02,0.2692468737196278,15.73228346456693,0.00829691548603824,0.0003580832700362291,0.003097424945556717,-0.0074903804871414865
F2,N2,MAGDIFF,0.02,0,0.28428431958571804,0.04968115133884435,0.06825863458402831,0.02,0.8592904284526718,1.6099919419822724,0.08028235039176763,0.03442522257722414,0.08028235039176763,0.043011746066884
F2,N2,MEMLESS,0.02,1,0.3556146898597464,0.08335984967253912,0.1065209833654953,0.02,1.1081502044653198,1.0888283378746595,0.1209298505912976,0.1209298505912976,0.08887136858262366,0.05635816546555513
F2,N2,BLOCK,0.02,1,0.05294446905021497,0.00911898593527985,0.010334127068836886,0.02002002002002002,0.25890304291680355,48.78048780487805,0.008361096289929438,-0.004238115815201188,0.00253625195307653,-0.002797235149370751
F2,N2,AR,0.02,1,0.35424824424435264,0.09050105792866164,0.11457119888096542,0.02,1.104651124080977,1.0411672746221992,0.1481151706124702,0.1481151706124702,0.09857488417964794,0.06074664972006366
F2,N2,ENERGY,0.02,1,0.04966310050152882,0.009465577728202612,0.010476573493107232,0.02,0.26463161701245336,19.782178217821784,0.008283108090569044,-0.005253830609490756,0.007453670214973435,-0.0017867504718959719
F2,N2,MAGDIFF,0.02,1,0.2888242802891687,0.05031177837405809,0.06816498839105047,0.02,0.8727006593587857,1.559718969555035,0.08295580075926445,0.037352960577942795,0.08295580075926445,0.044942509024814524
F2,N2,MEMLESS,0.02,2,0.350452570436706,0.07436248975227841,0.0968578936735876,0.02,1.0849687548493547,1.0747713824636902,0.12226840287323802,0.12226840287323802,0.08895838048658715,0.053512806403407054
F2,N2,BLOCK,0.02,2,0.051054929040426446,0.01007734872008069,0.011171427429718644,0.02002002002002002,0.2531065163848916,48.78048780487805,0.004967785192730718,0.0006220729353302116,0.0007504388685761665,-0.004538543614524857
F2,N2,AR,0.02,2,0.3493408116425388,0.07989040374842524,0.10296456280826877,0.02,1.0821213396328089,1.030428055698814,0.14594386297909348,0.14594386297909348,0.09531308027197555,0.055111027777558545
F2,N2,ENERGY,0.02,2,0.04516583448538758,0.010382040603590464,0.011303574075657791,0.02,0.25618061421524024,18.163636363636364,0.008350544676689668,0.0004942663272239218,0.003927924667385407,-0.000941276868578961
F2,N2,MAGDIFF,0.02,2,0.28580727749821266,0.04663126199736772,0.06428470466631131,0.02,0.857849968174757,1.584456780333069,0.08752332314671638,0.038117741170788845,0.08752332314671638,0.04735271121186311
F2,N2,MEMLESS,0.02,3,0.3508636882629888,0.08311362741795114,0.10643905084196731,0.02,1.0819752757408982,1.049921177088807,0.12834350972827846,0.12834350972827846,0.08387546267904517,0.06400381665268123
F2,N2,BLOCK,0.02,3,0.05249017365220466,0.004857791463001693,0.00660560117684594,0.02002002002002002,0.25237339720976343,48.78048780487805,0.009763108260984544,0.009763108260984544,-0.004747525582074086,-0.003437749188159618
F2,N2,AR,0.02,3,0.34966463561948713,0.08862986585478203,0.11282361423158603,0.02,1.0789727265018518,1.023041474654378,0.1492700087020159,0.1492700087020159,0.09220515252787508,0.06787447678973864
F2,N2,ENERGY,0.02,3,0.046723506315847964,0.008762828904367123,0.009743234097427507,0.02,0.2552014684945787,24.072289156626507,0.010965350950826484,0.010965350950826484,-0.0030469294295608854,-0.0018381592461924848
F2,N2,MAGDIFF,0.02,3,0.28504487350627783,0.04829296624974187,0.06566980596278085,0.02,0.8498673873096045,1.6471558120362737,0.07187397426442872,0.026878275184207375,0.07187397426442872,0.05650625233543872
F2,N2,MEMLESS,0.02,4,0.3540089858291928,0.08418963402569297,0.10610629336643282,0.02,1.104895791885197,1.0924002186987425,0.10583630073115392,0.10583630073115392,0.0865679546830412,0.0531909079994237
F2,N2,BLOCK,0.02,4,0.05225297678261496,0.009488965368509142,0.010550043542001453,0.02002002002002002,0.25455954814221277,48.78048780487805,0.005294757924893486,-0.002077084296577678,0.001485451913906427,-0.0033500271108758447
F2,N2,AR,0.02,4,0.3527792668869535,0.09014965747247329,0.11288922934464742,0.02,1.1017499080848292,1.0411672746221992,0.1356066125118608,0.1356066125118608,0.09198875236027977,0.053508802120175114
F2,N2,ENERGY,0.02,4,0.056674072009672775,0.013572847935417659,0.014492334372356055,0.02,0.28813280761372057,13.2317880794702,0.00878035282632087,-0.0007750878956211773,0.00878035282632087,-0.005152377470731667
F2,N2,MAGDIFF,0.02,4,0.28098920712872205,0.05204520810243883,0.06855399547564628,0.02,0.8486117923675891,1.5920318725099603,0.07965921079718774,0.026652899821119663,0.07965921079718774,0.0439838790088839
F2,N2,MEMLESS,0.02,5,0.3579396210701593,0.08087863724038935,0.10523697714863063,0.02,1.1100304483361505,1.0667378537106247,0.12866596935176852,0.12866596935176852,0.09268730166552767,0.0594216771803926
F2,N2,BLOCK,0.02,5,0.05465705041580573,0.008255335030228877,0.010069656247892559,0.02002002002002002,0.26180388823484446,48.78048780487805,0.010461384140103048,-0.007542702845027095,-0.006846776699486662,-0.0038238970835064246
F2,N2,AR,0.02,5,0.3566075837772822,0.08636889769700276,0.11170397232033621,0.02,1.1066099513751606,1.027249357326478,0.15334424523146148,0.15334424523146148,0.09958848032165064,0.06163094865235528
F2,N2,ENERGY,0.02,5,0.054550077995706846,0.010464772532715078,0.012252330787290463,0.02,0.27610767577766876,19.398058252427184,0.009870254952492746,-0.004079981848956716,-0.0017308943974969257,-0.004499309649432169
F2,N2,MAGDIFF,0.02,5,0.2896965556654041,0.05099120132764255,0.06972723888414079,0.02,0.8701120918941944,1.633687653311529,0.08070799708845326,0.026531606397442044,0.08070799708845326,0.048583849847343916
F2,N2,MEMLESS,0.02,6,0.3479636550385992,0.08036252537140495,0.10266968641967758,0.02,1.0848112871458653,1.077088948787062,0.12303360160177686,0.12303360160177686,0.09090052665949684,0.06287337877863348
F2,N2,BLOCK,0.02,6,0.053563409165787994,0.007479593567382578,0.009149772945933473,0.02002002002002002,0.2547680654452222,48.78048780487805,0.011793833909978553,0.004930648489095101,-0.0006072855800510718,0.00517322036064122
F2,N2,AR,0.02,6,0.3468097492496336,0.08656004715577939,0.10974144404084898,0.02,1.0818482219163126,1.0368448365334717,0.14581553081888537,0.14581553081888537,0.09918233725725382,0.06683707135785846
F2,N2,ENERGY,0.02,6,0.05084120562540035,0.010271830223012104,0.011283927834645869,0.02,0.26933595365967067,18.3302752293578,0.010663071919288227,0.010663071919288227,0.0038351060343633798,0.005565247095936089
F2,N2,MAGDIFF,0.02,6,0.2828757810167396,0.048948204334466464,0.06640048457612738,0.02,0.8526351083722293,1.5819477434679334,0.08112248117675144,0.036190795135053785,0.08112248117675144,0.05308158250395939
F2,N2,MEMLESS,0.02,7,0.3484508025261605,0.08107909131848673,0.10347883818348724,0.02,1.0844590795472873,1.077088948787062,0.12248163610161832,0.12248163610161832,0.08671700054732852,0.06067822823488245
F2,N2,BLOCK,0.02,7,0.04605162295830804,0.008618318936963146,0.009869664427338776,0.02002002002002002,0.2386586290873886,48.78048780487805,0.005482011654665879,-0.005482011654665879,-0.0008725378723061871,-0.0049318567967827215
F2,N2,AR,0.02,7,0.3474710322162142,0.08777764620088091,0.11112072519838503,0.02,1.0819827979694236,1.0466212676794133,0.1431052043050154,0.1431052043050154,0.09577882310965893,0.06326576809542808
F2,N2,ENERGY,0.02,7,0.043874958449272,0.011215542205363194,0.011774140672588996,0.02,0.25956873475646897,16.789915966386555,0.006924885981983332,-0.00034813212031688685,0.006924885981983332,0.0003269660004724805
F2,N2,MAGDIFF,0.02,7,0.27669912211310743,0.04788612892803287,0.06497203217120354,0.02,0.8414317514450701,1.5945730247406225,0.06712352142126722,0.03340752076275313,0.06712352142126722,0.047766964204672316
F2,N2,MEMLESS,0.02,8,0.33939483407381477,0.07584693257844496,0.0975650279577989,0.02,1.0594172171910898,1.0829268292682928,0.11787800190278207,0.11787800190278207,0.08487458495449439,0.05631431895314874
F2,N2,BLOCK,0.02,8,0.0522804638818823,0.007210368941184403,0.0086080756222558,0.02002002002002002,0.2586630587500461,48.78048780487805,0.008656461851928721,0.008656461851928721,0.0040652250506597555,0.0008975775796548703
F2,N2,AR,0.02,8,0.33796745156381686,0.08094855522247263,0.10394069172209369,0.02,1.0557913052776735,1.0346970481615743,0.14882306037022008,0.14882306037022008,0.09482663701165726,0.06065371365853649
F2,N2,ENERGY,0.02,8,0.054651355367517265,0.010730695357023395,0.011607787668390343,0.02,0.27916126419300813,12.726114649681529,0.012846974318781769,0.012846974318781769,0.005941837520797265,0.0013433163259790953
F2,N2,MAGDIFF,0.02,8,0.27441169015011296,0.04319527082951374,0.059268693785436276,0.02,0.8310847163537106,1.6074014481094128,0.077414955392752,0.0326890445491769,0.077414955392752,0.0461155317286298
F2,N2,MEMLESS,0.02,9,0.35223578254096605,0.08719678514249928,0.1112426654133705,0.02,1.1203791656553932,1.0684491978609625,0.13812617668336866,0.13812617668336866,0.09849337290100299,0.06717683482188298
F2,N2,BLOCK,0.02,9,0.049947911082028874,0.011386273255193785,0.01242759004725279,0.02002002002002002,0.2573011286280656,48.78048780487805,0.005951049941786679,-0.0017448727921482617,-0.0054841300981257075,-0.005951049941786679
F2,N2,AR,0.02,9,0.35118891818690445,0.09319980131837459,0.11814098684668498,0.02,1.1177320162452926,1.0352331606217617,0.16141168141774836,0.16141168141774836,0.10369741333350882,0.07013520668715544
F2,N2,ENERGY,0.02,9,0.0497318674799727,0.01041131530789334,0.01143673170630557,0.02,0.2685981628752399,21.483870967741936,0.004452417706871543,-0.001710887874348852,-0.0027598347235801178,-0.004452417706871543
F2,N2,MAGDIFF,0.02,9,0.2823148104473453,0.053537405195135945,0.0717455071162186,0.02,0.8777873514523078,1.5769534333070245,0.0753787907809252,0.037088585391419335,0.0753787907809252,0.05676207165815607
F2,N2,MEMLESS,0.02,10,0.35328576015923113,0.07804796526150008,0.1011161479013627,0.02,1.1056591398353977,1.0900163666121112,0.12429432682689502,0.12429432682689502,0.08410473830033881,0.054217533983723504
F2,N2,BLOCK,0.02,10,0.052014567549455326,0.008508933752979245,0.010244634775425279,0.02002002002002002,0.2524885260115862,48.78048780487805,0.006878899130068554,0.001643666933972512,0.005501958959361083,-0.005340809844383477
F2,N2,AR,0.02,10,0.35172440029802765,0.08704990176186979,0.11125955654369998,0.02,1.1016796988488256,1.037922077922078,0.16181901269216178,0.16181901269216178,0.09307212674419757,0.057740369630261204
F2,N2,ENERGY,0.02,10,0.05395591675352642,0.00939145574355546,0.011119211247815359,0.02,0.26995148480039,18.3302752293578,0.006695840005476922,0.004025040498252996,0.006016242191825934,-0.0036529844833630134
F2,N2,MAGDIFF,0.02,10,0.2844854853707826,0.04764559484300754,0.06502464002387805,0.02,0.8652997116623267,1.6074014481094128,0.07366699909588278,0.035590604572329966,0.07366699909588278,0.049400105300525486
F2,N2,MEMLESS,0.02,11,0.34918481064694623,0.08130874483179881,0.10420776576310839,0.02,1.0971559620985951,1.077088948787062,0.12560317527917142,0.12560317527917142,0.09566054079150299,0.05823848620471658
F2,N2,BLOCK,0.02,11,0.05081326995184437,0.009185894269795797,0.010345432702156548,0.02002002002002002,0.25232095841462326,48.78048780487805,0.009058485338151876,-0.008390069475839942,-0.0006266071891102004,-0.003970822775453706
F2,N2,AR,0.02,11,0.34809827764824225,0.08779727422262101,0.1116294043095079,0.02,1.0944614750382355,1.0411672746221992,0.15143453124058834,0.15143453124058834,0.10418702224643021,0.06214114756456395
F2,N2,ENERGY,0.02,11,0.04528793388803372,0.010603481449113106,0.01143413970560927,0.02,0.2566323107463843,19.398058252427184,0.010454149320460637,-0.009518826967943083,0.004914123416064139,-0.003085478801564467
F2,N2,MAGDIFF,0.02,11,0.277108044112409,0.05087710155043297,0.06797867047930924,0.02,0.8481142352250846,1.584456780333069,0.07604177796763241,0.03861765000123641,0.07604177796763241,0.04453105021510441
F2,N2,MEMLESS,0.02,12,0.3477107333160233,0.07819394064883306,0.10170913399161885,0.02,1.0874427806026166,1.0829268292682928,0.11790811008218843,0.11790811008218843,0.09056684524747662,0.057259269054526205
F2,N2,BLOCK,0.02,12,0.0494498524507426,0.005839950996811061,0.0073058884496981155,0.02002002002002002,0.24604140390947588,48.78048780487805,0.008108487999758886,0.0022029765316111424,-0.004249903256007621,-0.0031387774244934657
F2,N2,AR,0.02,12,0.346329594089161,0.086307657176377,0.11074409616391978,0.02,1.0839524796040658,1.035769828926905,0.14962709626620457,0.14962709626620457,0.09656367957891601,0.06191300625350002
F2,N2,ENERGY,0.02,12,0.04668531177647874,0.007586900536338093,0.008916607494909296,0.02,0.25855638952164983,19.398058252427184,0.00722395596387294,0.003341655978090657,0.0007063731527501913,-0.0018245317155592502
F2,N2,MAGDIFF,0.02,12,0.2798233935007087,0.04811848917315638,0.06581818801390261,0.02,0.8500783638032543,1.574468085106383,0.07738158017823965,0.036621673425772605,0.07738158017823965,0.04483090552579518
F2,N2,MEMLESS,0.02,13,0.34563165277928537,0.07734014578260719,0.0995033125470919,0.02,1.0791262829498594,1.0876428960261295,0.12349809127209992,0.12349809127209992,0.0898986620798518,0.056397650255183486
F2,N2,BLOCK,0.02,13,0.050016584485244125,0.008419430887214488,0.00952990786572641,0.02002002002002002,0.25491146836840983,48.78048780487805,0.013671953652368802,0.006624665760031104,0.0014041953233598602,-0.013671953652368802
F2,N2,AR,0.02,13,0.34465703377990536,0.08011188479268609,0.10272287108744506,0.02,1.0766883010751556,1.054353562005277,0.13811893862619026,0.13811893862619026,0.09441485766838228,0.05882247531409725
F2,N2,ENERGY,0.02,13,0.0479994774620519,0.012262346605058996,0.012842587643823537,0.02,0.2664328659084761,16.24390243902439,0.014188320100839273,0.014188320100839273,0.0017457140783956198,-0.009742334963621264
F2,N2,MAGDIFF,0.02,13,0.27466201377157173,0.04640999739963991,0.06298244887750813,0.02,0.8350944690795289,1.5794466403162055,0.07863713833983538,0.03932352090398526,0.07863713833983538,0.049172723959302195
F2,N2,MEMLESS,0.02,14,0.34981572060879834,0.0878983834975805,0.11282255557739522,0.02,1.0957808088049381,1.0690208667736758,0.1368585616254569,0.1368585616254569,0.09199372796206402,0.0626395781604615
F2,N2,BLOCK,0.02,14,0.05216143090225173,0.00639510699607676,0.008128423097637054,0.02002002002002002,0.2587111429232085,48.78048780487805,0.009985471184204165,-0.000327516814356829,0.00035529835372716484,0.005582074574236935
F2,N2,AR,0.02,14,0.3485356229554814,0.09704364443971827,0.12311684413262855,0.02,1.0925109354928626,1.0346970481615743,0.16705373736663484,0.16705373736663484,0.10191695339207836,0.06927201254958668
F2,N2,ENERGY,0.02,14,0.04551564884545361,0.010529886446082798,0.011683134862791548,0.02,0.26206419784067897,15.136363636363637,0.01073227715071934,0.0022382380844613607,0.004479843052732022,0.005901997352387012
F2,N2,MAGDIFF,0.02,14,0.28469735542512004,0.05335411498354223,0.0717825166335928,0.02,0.8680973109937143,1.5945730247406225,0.0850048997764312,0.03146744777277553,0.0850048997764312,0.05208598860019997
F2,N2,MEMLESS,0.02,15,0.3618313341966049,0.08973331441290855,0.11350215725052636,0.02,1.1374207232136326,1.0724637681159421,0.12988969293085767,0.12988969293085767,0.09818910468723728,0.07403165630075273
F2,N2,BLOCK,0.02,15,0.04800988608012467,0.010732546461302561,0.012079112430725977,0.02002002002002002,0.2507113465097328,48.78048780487805,0.01001369724935981,-0.002282608329861316,-0.01001369724935981,-0.004814187187412098
F2,N2,AR,0.02,15,0.36041120928367565,0.09713538935982946,0.12214299116750844,0.02,1.1338303576931708,1.0293663060278206,0.16284488944032996,0.16284488944032996,0.10485805593355665,0.07739511966805261
F2,N2,ENERGY,0.02,15,0.04693344766378431,0.010552121123019856,0.011536572207991482,0.02,0.26873094696648026,19.58823529411765,0.007516893508433431,-0.0007581843271230613,-0.0040343193443663685,-0.004982378879139903
F2,N2,MAGDIFF,0.02,15,0.28912293725226806,0.056293561457765734,0.0741141188159553,0.02,0.8851086175209275,1.5719905586152636,0.07658816203026286,0.029176118718041277,0.07658816203026286,0.055341732847133666
F2,N2,MEMLESS,0.02,16,0.3513396477477351,0.07774219680846874,0.09995241600546048,0.02,1.0943477569535343,1.079416531604538,0.11999118736565362,0.11999118736565362,0.09499846526279902,0.05581570874793582
F2,N2,BLOCK,0.02,16,0.047487728136587165,0.00949954404527506,0.010421421677864522,0.02002002002002002,0.24017771011398809,48.78048780487805,0.007707445792225051,-0.00383013023199196,0.006255280939051097,-0.00034813485102245536
F2,N2,AR,0.02,16,0.35004091229162954,0.08489730921834583,0.1079744247070508,0.02,1.0910178203582204,1.0336264873254009,0.1517503442261912,0.1517503442261912,0.10041953597022232,0.05761895967128188
F2,N2,ENERGY,0.02,16,0.051337288752059146,0.01127614404210496,0.012117365544649828,0.02,0.2709898314574334,18.672897196261683,0.01046448240983213,0.001594357127283757,0.01046448240983213,-0.0026618161691730874
F2,N2,MAGDIFF,0.02,16,0.28214472587621814,0.049698670100333284,0.06642192459419963,0.02,0.8513697437545449,1.628361858190709,0.0740194217390301,0.04016835567616932,0.0740194217390301,0.04398142210007838
F2,N2,MEMLESS,0.02,17,0.3491736362185731,0.08039880678359314,0.10271822825469452,0.02,1.0953387124447005,1.0805840995132503,0.12529050612423334,0.12529050612423334,0.08666163119857204,0.05522211684420662
F2,N2,BLOCK,0.02,17,0.0446090553944173,0.007711130867693178,0.008941588375436234,0.02002002002002002,0.24335617030431939,48.78048780487805,0.00983742884073085,-0.0029894761077318612,-7.872334952152571e-05,-0.003047899197782365
F2,N2,AR,0.02,17,0.348149143713998,0.08540492788897293,0.10857853010905098,0.02,1.0927130740073612,1.0444328280188186,0.14692739133608565,0.14692739133608565,0.09713362380525227,0.0572913771238652
F2,N2,ENERGY,0.02,17,0.04107974852089393,0.011729501234509124,0.012325283457430048,0.02,0.25902180262287394,13.409395973154362,0.006687357915272654,0.0030087972347498495,0.0010400126157357218,0.0024250936359632323
F2,N2,MAGDIFF,0.02,17,0.28228664771866163,0.05033367207408074,0.06688283695955037,0.02,0.8602987251795334,1.5819477434679334,0.07470786714583581,0.03403521099963569,0.07470786714583581,0.043999100292029025
F2,N2,MEMLESS,0.02,18,0.3423614756742023,0.0732953655100432,0.09575780462115178,0.02,1.0664995917467595,1.1069252077562326,0.10812602507886002,0.10812602507886002,0.08122045418965067,0.05524317875399831
F2,N2,BLOCK,0.02,18,0.05105499173753331,0.008162336302539833,0.009346918668144164,0.02002002002002002,0.25209384626909637,48.78048780487805,0.01038764450545231,0.0062001279454071585,0.0021012287706411617,-0.00018869611725960952
F2,N2,AR,0.02,18,0.3408316238732262,0.08176115219312874,0.10528823457020385,0.02,1.0626264847354174,1.047718930256948,0.1409448722106908,0.1409448722106908,0.090251634196449,0.05898883380150613
F2,N2,ENERGY,0.02,18,0.043853689005527725,0.011037593424965922,0.011443100775829239,0.02,0.25620187965992314,19.398058252427184,0.008504448746941227,0.008504448746941227,0.007114020249287184,0.00484641963887841
F2,N2,MAGDIFF,0.02,18,0.2778702407766652,0.04687739987020023,0.06442845203152373,0.02,0.8404337038542836,1.5894988066825775,0.08297211812602054,0.03639971395080935,0.08297211812602054,0.04511493243586471
F2,N2,MEMLESS,0.02,19,0.3460614788423086,0.07971937964336512,0.10203703711927782,0.02,1.0723082343701387,1.0805840995132503,0.11524713889944897,0.11524713889944897,0.08372917820874688,0.05850693120253097
F2,N2,BLOCK,0.02,19,0.05161395719789418,0.008994089561404614,0.009962228043769719,0.02002002002002002,0.2558915157802954,48.78048780487805,0.007393115192953995,0.0032696488461528214,-0.00131408203331949,-0.0015838129608501115
F2,N2,AR,0.02,19,0.34477718742993896,0.08650191841017216,0.1098693507842024,0.02,1.0690777135846654,1.0368448365334717,0.13812686476335198,0.13812686476335198,0.09433652517795482,0.061308214440706756
F2,N2,ENERGY,0.02,19,0.055065685386688934,0.009789177496928245,0.011232186965137109,0.02,0.2768924869061673,16.24390243902439,0.008832150026140411,0.008832150026140411,0.004251988373702405,0.0013744958107566548
F2,N2,MAGDIFF,0.02,19,0.27851211761678324,0.05035423833686557,0.06797253254711712,0.02,0.836593960789957,1.584456780333069,0.0741110246943226,0.0374226777658742,0.0741110246943226,0.045661535544008876
F2,N2,MEMLESS,0.02,20,0.34366911639175146,0.07425394536488983,0.09685960729094503,0.02,1.0699574809335974,1.0841020075963104,0.12046017984630142,0.12046017984630142,0.08948759866130898,0.05873691193183214
F2,N2,BLOCK,0.02,20,0.05159638859791369,0.006886106470594025,0.00853355958123932,0.02002002002002002,0.2540371497577582,48.78048780487805,0.008489585138229361,0.007028691519255371,0.004763192575491455,0.0032542640674116303
F2,N2,AR,0.02,20,0.34231825926840453,0.08098104882584559,0.10469202218294489,0.02,1.0665256004984247,1.0433420365535249,0.1456973495312845,0.1456973495312845,0.1033835080938943,0.06380180340486633
F2,N2,ENERGY,0.02,20,0.04464242333099869,0.01305694762931757,0.013392278282149433,0.02,0.262381453015264,15.022556390977444,0.008986249060973513,0.00871718918636168,0.008986249060973513,0.007246573890278559
F2,N2,MAGDIFF,0.02,20,0.2758169063023777,0.04758992384949298,0.06562875908849555,0.02,0.8359210847258501,1.5819477434679334,0.08541556789077417,0.03616921137712496,0.08541556789077417,0.05427487586908368
F2,N2,MEMLESS,0.02,21,0.34218928660092723,0.07590003074924373,0.09784076679766221,0.02,1.0629428885684176,1.0805840995132503,0.11167604819464895,0.11167604819464895,0.09267040608969966,0.05723034814338612
F2,N2,BLOCK,0.02,21,0.047811746706539995,0.007364403896926788,0.00859058249146013,0.02002002002002002,0.24156229160023862,48.78048780487805,0.0098607465185748,0.008577298673434711,0.00914340382566363,0.0008082981514145538
F2,N2,AR,0.02,21,0.3406426001282977,0.08289062650644699,0.10574795656934873,0.02,1.0591039273268559,1.030428055698814,0.14449161911381286,0.14449161911381286,0.09715293850591936,0.06315024975164643
F2,N2,ENERGY,0.02,21,0.0591362678240577,0.008315845434741384,0.010375003833133976,0.02,0.28035999539692175,17.076923076923077,0.012984731007431326,0.008597846579932074,0.010650152363139265,0.0013464796105379197
F2,N2,MAGDIFF,0.02,21,0.27531154121276574,0.0465178783324139,0.06365653461313939,0.02,0.8298573015912001,1.584456780333069,0.07983558688380708,0.03989200589841617,0.07983558688380708,0.04701728420898905
F2,N2,MEMLESS,0.02,22,0.35961000324592773,0.08790021824716496,0.11155749989268332,0.02,1.1125634840009733,1.0841020075963104,0.12447017938805327,0.12447017938805327,0.09898602749476457,0.05164956995582138
F2,N2,BLOCK,0.02,22,0.05153464785296101,0.0076285814337234414,0.008978968393701834,0.02002002002002002,0.25793688576861357,48.78048780487805,0.006194066462487622,-0.002907055217811774,0.001410562005905287,-0.006100038731546523
F2,N2,AR,0.02,22,0.35856514551487884,0.09404357606091748,0.11892992130944299,0.02,1.1098595149148125,1.0411672746221992,0.1521023820865021,0.1521023820865021,0.10528453858269866,0.05630406475231755
F2,N2,ENERGY,0.02,22,0.048573541864135754,0.009899116507833275,0.011080669353665279,0.02,0.27395519644444194,21.03157894736842,0.004817995312098166,0.0045578704167915365,0.004413234557178985,-0.000992873629669069
F2,N2,MAGDIFF,0.02,22,0.2929338671202309,0.05344700583871807,0.07220418290671946,0.02,0.879519765610096,1.6099919419822724,0.0934482158869697,0.024711868994128625,0.0934482158869697,0.051281158379135196
F2,N2,MEMLESS,0.02,23,0.34071781666507167,0.07598387330298703,0.09918303495691348,0.02,1.085182546104623,1.0888283378746595,0.11021835489734948,0.11021835489734948,0.09390680280591071,0.05404081114230006
F2,N2,BLOCK,0.02,23,0.04849029348127412,0.007034016654162728,0.008215290246151714,0.02002002002002002,0.2562266005438453,48.78048780487805,0.0077353552169076335,-0.0077353552169076335,0.0014409236002537965,-0.001901819649580973
F2,N2,AR,0.02,23,0.3394372504193167,0.08305125090031523,0.10745622620421527,0.02,1.0819841265032804,1.0433420365535249,0.1395708289872209,0.1395708289872209,0.09913602507201237,0.056422972143152346
F2,N2,ENERGY,0.02,23,0.04412142768277012,0.013011335215357508,0.013443189887325825,0.02,0.2587386154519689,21.483870967741936,0.007496612731211359,0.000925930389500063,0.006023122877336411,0.002241723167686709
F2,N2,MAGDIFF,0.02,23,0.2673630238574587,0.04516659118585964,0.06251482057908166,0.02,0.8364825197584983,1.5079245283018867,0.07871371925783455,0.04092820212016266,0.07871371925783455,0.04537744095340691
F2,N2,MEMLESS,0.02,24,0.3518091233750756,0.07905800043201894,0.10243579520265449,0.02,1.103750529247461,1.0805840995132503,0.1277358866343157,0.1277358866343157,0.08933911397033248,0.05120499420246692
F2,N2,BLOCK,0.02,24,0.0508646615205253,0.0061372865735368765,0.007418150206999392,0.02002002002002002,0.2514909049214972,48.78048780487805,0.008761693868600989,0.0024550471561366177,-0.0013701194105977049,-0.005097436200780531
F2,N2,AR,0.02,24,0.350621319528481,0.08510017368665568,0.10974765115089267,0.02,1.1007424537363293,1.0433420365535249,0.15310276699456946,0.15310276699456946,0.0983275470929732,0.05762083565917545
F2,N2,ENERGY,0.02,24,0.05229146971776795,0.009621206326661427,0.01070317917468502,0.02,0.26933340121802696,18.3302752293578,0.00911703283157371,0.00911703283157371,-0.00173475396746177,-0.006323658138297969
F2,N2,MAGDIFF,0.02,24,0.2833644429194824,0.05066341551519876,0.06879612920754809,0.02,0.8673604713190023,1.6204379562043796,0.0751460508631996,0.046718874959154603,0.0751460508631996,0.04964977652935313
F2,N2,MEMLESS,0.02,25,0.35356048512587224,0.0844799353572626,0.10952383136864247,0.02,1.111636615937886,1.0829268292682928,0.13312187058675337,0.13312187058675337,0.09557497755808263,0.06785276372309174
F2,N2,BLOCK,0.02,25,0.04747351550589322,0.006977846163673598,0.008085234119251439,0.02002002002002002,0.24708393841029727,48.78048780487805,0.00519557571830108,0.004342371981413437,0.0020511327682117267,0.0044450463327709916
F2,N2,AR,0.02,25,0.35233007252891096,0.09195742377599196,0.11773581250829473,0.02,1.1085239581760462,1.037922077922078,0.16231600616556063,0.16231600616556063,0.10616316928511814,0.07156646952893218
F2,N2,ENERGY,0.02,25,0.051676437651254216,0.012150108600225362,0.01292498245009882,0.02,0.28147643379586007,15.022556390977444,0.00982985753680502,0.005037185747113223,0.004849994661126074,0.007232955607207101
F2,N2,MAGDIFF,0.02,25,0.28478204830947007,0.0548795394422453,0.07417254090471168,0.02,0.8704392050124866,1.5794466403162055,0.08101972049876581,0.056008076195606216,0.08101972049876581,0.06412744198979928
F2,N2,MEMLESS,0.02,26,0.35619264999420747,0.08627073393658549,0.10943672925643289,0.02,1.1167101584157724,1.059946949602122,0.13241728664270616,0.13241728664270616,0.08524210271764487,0.056538559687838906
F2,N2,BLOCK,0.02,26,0.05083294631249818,0.010992922801365004,0.012419550497708678,0.02002002002002002,0.2543698896044166,48.78048780487805,0.013548472013363882,0.0009604001757250702,-0.012497027237775734,0.00015793350632808611
F2,N2,AR,0.02,26,0.3550669333488645,0.09169062915827214,0.11545078483414835,0.02,1.1137940346752635,1.030428055698814,0.1560210007554211,0.1560210007554211,0.09290881271610059,0.059353368558890535
F2,N2,ENERGY,0.02,26,0.05680159821845471,0.010561220077234632,0.012426210658351358,0.02,0.28220849663352027,19.02857142857143,0.009801458643395846,-0.0016229635663991071,-0.009801458643395846,0.001081908566054993
F2,N2,MAGDIFF,0.02,26,0.2878405419915146,0.051782196240598,0.06878745537155094,0.02,0.8755217944613285,1.6151980598221503,0.07070911417654901,0.027341216977378603,0.07070911417654901,0.043630716542046366
F2,N2,MEMLESS,0.02,27,0.3498627942525725,0.08070365811046035,0.10513215935609825,0.02,1.0904273691245465,1.0829268292682928,0.11616144178923948,0.11616144178923948,0.09404670887007864,0.061758175293438314
F2,N2,BLOCK,0.02,27,0.05188058269872837,0.00730070772818521,0.008873043799850404,0.02002002002002002,0.25512917002985985,48.78048780487805,0.006351564275507967,-0.0008487729842793588,-0.0031819855408715693,-0.0006992620091272137
F2,N2,AR,0.02,27,0.3485265428264158,0.08716753233907995,0.11229746332037664,0.02,1.0870484401621265,1.049921177088807,0.14158044413229998,0.14158044413229998,0.10069196551255437,0.062960034578855
F2,N2,ENERGY,0.02,27,0.052690950137806176,0.008149698042268144,0.009893211254309059,0.02,0.2720166600927802,18.3302752293578,0.003652486498660554,8.308492497934965e-06,-0.0006948392599282952,0.0007562838520974895
F2,N2,MAGDIFF,0.02,27,0.28208024364598344,0.048561852841153996,0.06681757518172522,0.02,0.851462690408972,1.6151980598221503,0.08172552144117959,0.029125313954798854,0.08172552144117959,0.05281631595692748
F2,N2,MEMLESS,0.02,28,0.3512956312699204,0.08229996196284832,0.10681350220335845,0.02,1.1029516603356224,1.081754195993503,0.12410009034909107,0.12410009034909107,0.08759442568944277,0.06024263192337893
F2,N2,BLOCK,0.02,28,0.05273468064296741,0.005279142155223529,0.006982158888284203,0.02002002002002002,0.2611711325126429,50.0,0.006711855250437067,-0.00582754989889518,-0.006711855250437067,-0.005463556596413306
F2,N2,AR,0.02,28,0.34998553726969456,0.08975990105873961,0.1154217222590658,0.02,1.0996639445777587,1.035769828926905,0.15417067060601372,0.15417067060601372,0.09331513434044503,0.06001782397634939
F2,N2,ENERGY,0.02,28,0.05311492695967928,0.007402935590087895,0.008895114589575656,0.02,0.2808738098575592,16.789915966386555,0.006002861212388213,-0.0038665554601916203,-0.0016773583703038428,-0.006002861212388213
F2,N2,MAGDIFF,0.02,28,0.2826591911667634,0.04910861111602763,0.06800273093289098,0.02,0.865138694698609,1.542857142857143,0.07386170613877649,0.03322959060267677,0.07386170613877649,0.043387975412070824
F2,N2,MEMLESS,0.02,29,0.3565351814642194,0.07978121011254524,0.10390586713098521,0.02,1.1190028201292463,1.089422028353326,0.12169057904561226,0.12169057904561226,0.08825976792655536,0.06441803410181271
F2,N2,BLOCK,0.02,29,0.05427698724512744,0.007999995637585994,0.00976363518419984,0.02002002002002002,0.2654607424059312,48.78048780487805,0.008125518301942374,-0.004935512471560574,-0.0019187131391897262,-0.0037581826557912756
F2,N2,AR,0.02,29,0.35530256830706847,0.08646183160145379,0.1118458565582148,0.02,1.1158448248609474,1.040625,0.1520613588982973,0.1520613588982973,0.10000357903947092,0.06843443939404605
F2,N2,ENERGY,0.02,29,0.04945656220765337,0.009520325689094555,0.010608934366910069,0.02,0.2637546747227492,19.02857142857143,0.006571802450072047,-0.000936018139093674,-8.372624340738449e-05,-0.004583652227256091
F2,N2,MAGDIFF,0.02,29,0.28628806942418805,0.049097197208881366,0.06740261922242531,0.02,0.8788443521542528,1.5933014354066986,0.08327038797071562,0.0314619423925346,0.08327038797071562,0.05302885317009817
F2,N2,MEMLESS,0.02,30,0.3494656957473676,0.0846446989433356,0.10707464466174292,0.02,1.0899789654059255,1.0656,0.12211775275912178,0.12211775275912178,0.09259517488717596,0.0613707624586731
F2,N2,BLOCK,0.02,30,0.048740892473371905,0.0063037786020799375,0.007575468538406847,0.02002002002002002,0.24561442989231994,48.78048780487805,0.008876783241433194,0.004090701314600939,0.0065533033206959315,0.004285480464573413
F2,N2,AR,0.02,30,0.3484081120605426,0.09034993363082694,0.11376569284815416,0.02,1.0872885854487404,1.0336264873254009,0.144418779995182,0.144418779995182,0.09925345184187223,0.0662836127429784
F2,N2,ENERGY,0.02,30,0.05007313872866338,0.009151301665746195,0.01055668888949989,0.02,0.26895610991915064,17.076923076923077,0.011119156490347528,0.0026576375931747116,0.010114185473976784,0.007132255667782253
F2,N2,MAGDIFF,0.02,30,0.28468006236585386,0.049098210513625284,0.06657734061752359,0.02,0.8561028904729406,1.5971223021582734,0.08626488023904659,0.030386315081783268,0.08626488023904659,0.05911047717924816
F2,N2,MEMLESS,0.02,31,0.34432288341737444,0.07925892025559043,0.10256192147554802,0.02,1.083895869959688,1.079416531604538,0.12038995483119318,0.12038995483119318,0.09576786197351177,0.0555306410907169
F2,N2,BLOCK,0.02,31,0.046642630658407756,0.006206640422647777,0.007302931715178391,0.02002002002002002,0.24076356319106487,48.78048780487805,0.00866117079036447,0.006695038221028426,0.001718753016632857,0.00866117079036447
F2,N2,AR,0.02,31,0.34307794527519286,0.08809593473246359,0.11194037885385405,0.02,1.0807469373672125,1.0368448365334717,0.1511690811985623,0.1511690811985623,0.10249781702192366,0.05985689508759483
F2,N2,ENERGY,0.02,31,0.048780742409255784,0.009688912184237619,0.010528799855564711,0.02,0.2687008920559445,13.591836734693878,0.009248027757351068,0.009248027757351068,0.0072749938780664715,0.008328450506690717
F2,N2,MAGDIFF,0.02,31,0.27488743990005515,0.049221658256553474,0.06624531284720839,0.02,0.8415992786867756,1.5646045418950665,0.08405106635390627,0.03703581369199942,0.08405106635390627,0.04300893807754803
F2,N2,MEMLESS,0.02,32,0.3659717491177019,0.08877758234089765,0.11517625127742422,0.02,1.1373710017531196,1.081754195993503,0.13314341676249944,0.13314341676249944,0.09753245621329738,0.06630979199247004
F2,N2,BLOCK,0.02,32,0.05298567340079497,0.008952343063408516,0.009973834889836901,0.02002002002002002,0.26624347965608947,48.78048780487805,0.01838804672203902,-0.01838804672203902,-0.006550463397935135,-0.004699885143078405
F2,N2,AR,0.02,32,0.36462264752128326,0.096617512580235,0.12427545430226151,0.02,1.1339745789475089,1.035769828926905,0.16397321970138232,0.16397321970138232,0.10618038867694259,0.06944742500169615
F2,N2,ENERGY,0.02,32,0.046096935774389336,0.010368287450308752,0.010950633100956708,0.02,0.26761458475429434,19.02857142857143,0.015981383603456488,-0.015981383603456488,-0.0009120565285222631,-0.0005823106280902756
F2,N2,MAGDIFF,0.02,32,0.2944786756022883,0.05408951382554632,0.07442357759625251,0.02,0.8943202532526338,1.599679743795036,0.07792093912563029,0.026512619913709318,0.07792093912563029,0.05253901636589477
F2,N2,MEMLESS,0.02,33,0.3459835993108788,0.08124865504805338,0.10587500899998363,0.02,1.0887108366241616,1.071313672922252,0.1401892796831589,0.1401892796831589,0.0933424433328363,0.06585593828638442
F2,N2,BLOCK,0.02,33,0.05150501532956675,0.008285482129213873,0.009439903736385155,0.02002002002002002,0.2584587745744874,48.78048780487805,0.008071762170420375,0.0019329774348504452,-0.001675201375799322,-0.0040090614470535855
F2,N2,AR,0.02,33,0.34493964564848595,0.0874671638955233,0.11302209522623402,0.02,1.0860843326239586,1.035769828926905,0.1587535621933428,0.1587535621933428,0.1003482940262418,0.06992463647463576
F2,N2,ENERGY,0.02,33,0.04660453265768203,0.01128283981688484,0.011916521201761208,0.02,0.2612977015690346,14.583941605839415,0.008573986481142784,0.008573986481142784,0.002445286368995233,-0.002788453702008142
F2,N2,MAGDIFF,0.02,33,0.2755309273578843,0.0482257033610598,0.06587505620357761,0.02,0.8483778319035954,1.5670588235294118,0.07856088317209892,0.03808585066014533,0.07856088317209892,0.05540390001335625
F2,N2,MEMLESS,0.02,34,0.3451698836095294,0.07688236483875367,0.09967369472564765,0.02,1.0754287518158463,1.0805840995132503,0.12409944766474727,0.12409944766474727,0.09267355477216582,0.06487506180526362
F2,N2,BLOCK,0.02,34,0.05469798621446893,0.006797940818914022,0.008781062753732558,0.02002002002002002,0.2616032725392358,48.78048780487805,0.0039676202465693255,0.00016114348844153476,-0.00016461480178106208,-0.0002674157739163725
F2,N2,AR,0.02,34,0.34402072599907535,0.08385521296512084,0.10740158498138117,0.02,1.0725186786102094,1.0444328280188186,0.14759998368266083,0.14759998368266083,0.10335272394903654,0.06685352319690238
F2,N2,ENERGY,0.02,34,0.054155259375081526,0.011010802648490498,0.012576624455896059,0.02,0.27094161575960307,21.483870967741936,0.005368993246044607,0.00318441228509002,0.0032322399666456854,0.00246422868548662
F2,N2,MAGDIFF,0.02,34,0.27707133744446805,0.047188997531109875,0.06506928332274671,0.02,0.8356662991812411,1.6074014481094128,0.07877380549464787,0.04332053546373741,0.07877380549464787,0.05276500281607067
F2,N2,MEMLESS,0.02,35,0.34285694535484024,0.08049871980792132,0.10344499855446163,0.02,1.0806815587873735,1.071313672922252,0.12821117701690932,0.12821117701690932,0.08481757727802416,0.05288056318901189
F2,N2,BLOCK,0.02,35,0.04595470397488462,0.007232217125551152,0.00848193554999119,0.02002002002002002,0.236621807291763,48.78048780487805,0.0075960140163702965,0.0075960140163702965,-0.0017413664765725295,0.00015771166942083587
F2,N2,AR,0.02,35,0.341522983587422,0.08789384694058201,0.11178154511357608,0.02,1.07738925046198,1.0336264873254009,0.15642457833288853,0.15642457833288853,0.09566406446804303,0.056553160635418154
F2,N2,ENERGY,0.02,35,0.04606052666610588,0.011699099440393573,0.012737482635466355,0.02,0.2590585807183315,15.251908396946565,0.006700910468000131,0.006700910468000131,0.002165941529734895,0.002916038513164334
F2,N2,MAGDIFF,0.02,35,0.273398719630315,0.04831977776935918,0.06538274929438707,0.02,0.8421304648644685,1.5971223021582734,0.07353952048126555,0.03341516064349129,0.07353952048126555,0.046586267632172114
F2,N2,MEMLESS,0.02,36,0.35897539572491577,0.0777575833815527,0.10000124061423066,0.02,1.1001913336209566,1.0984057174271578,0.11596918689275923,0.11596918689275923,0.08351269783353849,0.05023879798082969
F2,N2,BLOCK,0.02,36,0.04822559063076117,0.005698125739153945,0.0070640268271422195,0.02002002002002002,0.24130342781414002,48.78048780487805,0.005821879617127903,-0.005821879617127903,0.0018477304217988245,-0.0032528570425449763
F2,N2,AR,0.02,36,0.35775882214238147,0.08329326908467058,0.1065417722273538,0.02,1.0970037060641469,1.0488188976377952,0.1436844623139591,0.1436844623139591,0.09029667139708526,0.05238149743448435
F2,N2,ENERGY,0.02,36,0.053923701669834484,0.0078075407616684245,0.009383154035547974,0.02,0.2752429306549857,16.512396694214875,0.006589736264207416,0.001985551411943527,0.0026448386335251347,0.003058096854091584
F2,N2,MAGDIFF,0.02,36,0.2947487413661049,0.05139446531800858,0.06925842802074066,0.02,0.8750752234243685,1.5670588235294118,0.0749003739527768,0.04278772834792734,0.0749003739527768,0.046639428773329945
F2,N2,MEMLESS,0.02,37,0.34822903843557934,0.07823624718450636,0.10107864725197341,0.02,1.092019756994779,1.1008264462809918,0.1233822964160887,0.1233822964160887,0.08549467459618913,0.06538916839716664
F2,N2,BLOCK,0.02,37,0.04925544730518506,0.008126385196574978,0.009648045921229578,0.02002002002002002,0.2467025534594107,48.78048780487805,0.006732415539803725,-0.00022814951722623607,-0.006732415539803725,-0.0006067295649393279
F2,N2,AR,0.02,37,0.3467283451837305,0.08735901999726839,0.11110298522861477,0.02,1.088177770492453,1.047718930256948,0.15934134544117215,0.15934134544117215,0.09671313086166572,0.06824538211644694
F2,N2,ENERGY,0.02,37,0.046540418953605354,0.010716577499381943,0.011565388744777286,0.02,0.2591875586104117,20.181818181818183,0.0058977568369421585,0.0058977568369421585,-0.003231590206094267,0.003183646374779935
F2,N2,MAGDIFF,0.02,37,0.2785277022289269,0.0472243728902927,0.06525271846860774,0.02,0.8485041523572879,1.5971223021582734,0.07134207749836763,0.03567604687245322,0.07134207749836763,0.05033262099134528
F2,N2,MEMLESS,0.02,38,0.34033204482996815,0.06983796345353754,0.09249245691828382,0.02,1.0693858735060089,1.0947945205479452,0.1197432317974688,0.1197432317974688,0.0780475914241477,0.056943096667861
F2,N2,BLOCK,0.02,38,0.04821982080179702,0.007758465299202516,0.008896650743425131,0.02002002002002002,0.248601358525784,48.78048780487805,0.0076244745395259595,0.002259492495475891,-0.00475769166533582,-0.0017110254777111874
F2,N2,AR,0.02,38,0.3385499743023707,0.0786945868151474,0.10248392326511674,0.02,1.0648826760268535,1.0336264873254009,0.15550712834469138,0.15550712834469138,0.08920411916512272,0.05789604173684029
F2,N2,ENERGY,0.02,38,0.04499710422232152,0.0073397852167567945,0.00858786421792,0.02,0.2569829874545548,17.37391304347826,0.006646231832354343,0.0035709172310788634,-0.0007115562391415877,0.003800416071420481
F2,N2,MAGDIFF,0.02,38,0.27703760606816663,0.044086645253461565,0.06110003984335839,0.02,0.8498338557037594,1.5572876071706936,0.06683010564797395,0.039857480910542545,0.06683010564797395,0.04625741846706025
F2,N2,MEMLESS,0.02,39,0.34985168316349385,0.08130609968898088,0.10515842170836981,0.02,1.0971875305601568,1.0805840995132503,0.12157528644820466,0.12157528644820466,0.08564250876211085,0.055300668283162685
F2,N2,BLOCK,0.02,39,0.048350799043826956,0.006707733506356547,0.008097885204977227,0.02002002002002002,0.24997032739816155,48.78048780487805,0.008101742036609618,0.005087788720783211,-0.0020521674627631036,-0.0010361820097591406
F2,N2,AR,0.02,39,0.34845029539309896,0.09046984852412827,0.11563562785678584,0.02,1.0936259596780256,1.037922077922078,0.1500441241263406,0.1500441241263406,0.097456388953541,0.0627900747612685
F2,N2,ENERGY,0.02,39,0.049227572387946006,0.007831479383536566,0.009224802140562814,0.02,0.2678270150531754,16.24390243902439,0.006142520305866841,0.006005584700447128,0.0013572001733903893,-0.0042373599094725645
F2,N2,MAGDIFF,0.02,39,0.2826884864395384,0.05042978618461806,0.06895780720712424,0.02,0.862017652031979,1.6048192771084338,0.07927552826713259,0.03582656444593562,0.07927552826713259,0.05141374954379334
F2,N2,MEMLESS,0.02,40,0.35036558488181974,0.07908152129769895,0.10143521078457622,0.02,1.0925747296310224,1.071313672922252,0.1225321071578094,0.1225321071578094,0.08748230506840222,0.05530771729217456
F2,N2,BLOCK,0.02,40,0.04834056695763925,0.008485242928515074,0.009643557251581194,0.02002002002002002,0.2439217762023855,48.78048780487805,0.009416357507476297,0.00014896008041163908,0.0070395791250268585,-0.00616945140585782
F2,N2,AR,0.02,40,0.34935281725497735,0.08362371359008754,0.10692583221872048,0.02,1.0900045135809258,1.0336264873254009,0.14712655619060794,0.14712655619060794,0.09238418189193594,0.0580960905751238
F2,N2,ENERGY,0.02,40,0.04829307767985926,0.010388477547323305,0.010958942635987713,0.02,0.2645090284878389,24.072289156626507,0.008507518742720672,0.003205913957498845,0.008092960271960731,0.00039402147474057464
F2,N2,MAGDIFF,0.02,40,0.27954564236212737,0.050252740517712696,0.06743965022265525,0.02,0.8508528896367453,1.5945730247406225,0.07804422343929775,0.03458554274953322,0.07804422343929775,0.049292591536289294
F2,N2,MEMLESS,0.02,41,0.34644886190134117,0.08352640390963693,0.10630707920517989,0.02,1.0728148147592411,1.0971993410214167,0.10956977963605796,0.10956977963605796,0.0867730613484817,0.055549086055022664
F2,N2,BLOCK,0.02,41,0.05146328417176246,0.008478903502984664,0.0100005424113925,0.02002002002002002,0.2483961345970097,48.78048780487805,0.0058174460708725825,-0.0026047377388937927,-0.0013326828963020575,0.0005680955323130783
F2,N2,AR,0.02,41,0.34504613829164826,0.09197432863605749,0.11571687302018652,0.02,1.0693113872591509,1.0466212676794133,0.13417824139094367,0.13417824139094367,0.09316524665939782,0.06059460947198521
F2,N2,ENERGY,0.02,41,0.05486115086554426,0.010733792375309706,0.01207256912055682,0.02,0.27035221413540395,19.782178217821784,0.0060887998148470976,9.03422370075891e-05,-0.0013977603418204008,0.004969848177061204
F2,N2,MAGDIFF,0.02,41,0.2799140766965638,0.04947572193227831,0.06772603599135645,0.02,0.8389253720561107,1.5819477434679334,0.07979838208823345,0.03531787514338056,0.07979838208823345,0.04871552625480077
F2,N2,MEMLESS,0.02,42,0.34169387395512246,0.0844767410250496,0.10656423811276841,0.02,1.0740120674743692,1.0724637681159421,0.12882861516496694,0.12882861516496694,0.09078197814897153,0.054062664720318114
F2,N2,BLOCK,0.02,42,0.04920104023175505,0.008703515489020361,0.009706231370052295,0.02002002002002002,0.25670228270272727,48.78048780487805,0.00572905508680977,0.0012920336542971774,-0.0007275222599425024,0.00041648727975442324
F2,N2,AR,0.02,42,0.3407971993145846,0.08829728208517765,0.1111324626245607,0.02,1.0717312917972677,1.0368448365334717,0.1489468183767208,0.1489468183767208,0.09500343493703661,0.05623373439752683
F2,N2,ENERGY,0.02,42,0.04896522492115812,0.00941853563784742,0.010325465846876627,0.02,0.26514399869976163,16.24390243902439,0.009446004009119973,-0.0013375603491700993,0.00037630872922620053,0.0032392144458828036
F2,N2,MAGDIFF,0.02,42,0.26992391506771846,0.047625713971076816,0.06423494420620161,0.02,0.8283773521258166,1.6048192771084338,0.0747308820235729,0.03166967562185497,0.0747308820235729,0.03886430481961616
F2,N2,MEMLESS,0.02,43,0.35288413720735895,0.07791905141499532,0.10181890077768833,0.02,1.0905883044656857,1.0947945205479452,0.11848422913662952,0.11848422913662952,0.09006080990566227,0.06698739131780519
F2,N2,BLOCK,0.02,43,0.05452297413877283,0.008325218729527475,0.009577903139143286,0.02002002002002002,0.2564188497491693,48.78048780487805,0.008294918371247085,0.001593315765800708,0.0013269589953526654,-0.0018180639187226843
F2,N2,AR,0.02,43,0.3512767769580099,0.08620808105373608,0.11137847454239677,0.02,1.0865792974909532,1.0422535211267605,0.15378035598432888,0.15378035598432888,0.09596706854225272,0.06865399794897946
F2,N2,ENERGY,0.02,43,0.04506382692456967,0.012564650090432533,0.012877984692857426,0.02,0.2545477022602922,22.96551724137931,0.009719787708577019,0.009719787708577019,0.0056716972472679325,0.0046204000328464705
F2,N2,MAGDIFF,0.02,43,0.2820121066245128,0.04577444168918299,0.06421226324011628,0.02,0.8478121299587883,1.5670588235294118,0.07927428475162955,0.040142377013678864,0.07927428475162955,0.05388852679347388
F2,N2,MEMLESS,0.02,44,0.34663089796617097,0.0767152242440687,0.0987438406787253,0.02,1.0871946935611787,1.0876428960261295,0.11697947119088163,0.11697947119088163,0.09342688973888742,0.05654621389585228
F2,N2,BLOCK,0.02,44,0.04745527791406984,0.00992194197752408,0.010885039025532377,0.02002002002002002,0.2509281161820931,48.78048780487805,0.007223065140312676,-0.002865427736200514,0.00480106043484882,-0.003138046581445176
F2,N2,AR,0.02,44,0.34534995289820297,0.08509572995041222,0.10848050583035489,0.02,1.0839454602585417,1.0390015600624025,0.14634657985787627,0.14634657985787627,0.10153004357685197,0.06122061190209537
F2,N2,ENERGY,0.02,44,0.03983213237439946,0.015860957544871213,0.015662722111641752,0.02,0.25458014206484625,18.672897196261683,0.007912239662398571,0.00207092589896851,0.0065658962673990654,3.41256130440229e-05
F2,N2,MAGDIFF,0.02,44,0.2750838946500071,0.04925584768497407,0.06585077053189829,0.02,0.8397023882932692,1.5794466403162055,0.08119899291537717,0.03422099237087991,0.08119899291537717,0.05341583948553546
F2,N2,MEMLESS,0.02,45,0.3500324284580964,0.0776099575908883,0.10017582580015856,0.02,1.0922783581889433,1.1008264462809918,0.11745889467535382,0.11745889467535382,0.08977692491041597,0.06026480135505301
F2,N2,BLOCK,0.02,45,0.053424495780524925,0.008609237686641916,0.00993936146297226,0.02002002002002002,0.2623886591524349,48.78048780487805,0.007909241336007938,-0.0027187352330690705,0.007909241336007938,0.0016505880134814678
F2,N2,AR,0.02,45,0.34809552268021443,0.08881620208618639,0.11280078232414027,0.02,1.087405108566595,1.0444328280188186,0.1562946337484687,0.1562946337484687,0.10067936164673212,0.06314725741981042
F2,N2,ENERGY,0.02,45,0.04906952739705452,0.0123017763942488,0.01299732735156928,0.02,0.2654056079521441,18.0,0.009172751939203132,0.001053562974167875,0.009172751939203132,0.0028463811619708493
F2,N2,MAGDIFF,0.02,45,0.28382833015576886,0.047564046666111956,0.06492408465730251,0.02,0.8565268156161195,1.5769534333070245,0.07662556490878368,0.03540056540137201,0.07662556490878368,0.05019073695476562
F2,N2,MEMLESS,0.02,46,0.35036578430691906,0.07859360300821153,0.10282525698492602,0.02,1.1000557264511959,1.0724637681159421,0.1276589755225986,0.1276589755225986,0.0892356774976793,0.06347144812548938
F2,N2,BLOCK,0.02,46,0.050385406902368764,0.008200182849921439,0.009449992535635585,0.02002002002002002,0.2503516092353844,48.78048780487805,0.012113115167157868,-0.002381315660880186,0.0010761560938443537,0.005383396015387764
F2,N2,AR,0.02,46,0.34920019767911104,0.08689802100567243,0.11230539965554968,0.02,1.0971023216605402,1.0293663060278206,0.15757219812221068,0.15757219812221068,0.10049179436825596,0.06415923268527635
F2,N2,ENERGY,0.02,46,0.05200291757311589,0.008220630283466507,0.009429986798336386,0.02,0.27147075999215786,17.526315789473685,0.010377997898552966,0.0008581425587393106,0.0038672107784633197,0.0025129207915010345
F2,N2,MAGDIFF,0.02,46,0.28443722919028747,0.05002067622238905,0.06900436876779145,0.02,0.865921599949897,1.5945730247406225,0.07730443612210024,0.0459979714026901,0.07730443612210024,0.05168158365842365
F2,N2,MEMLESS,0.02,47,0.35256054995549424,0.08068002694464678,0.10359580972961135,0.02,1.1053618814347277,1.0805840995132503,0.12499492411756759,0.12499492411756759,0.08913201734989382,0.05770578822251782
F2,N2,BLOCK,0.02,47,0.05123392793343343,0.006582077437612507,0.008010087094100296,0.02002002002002002,0.25797433322873703,48.78048780487805,0.004138277207866676,-0.004033465460005299,-0.0036055584217561535,0.0012045133960265275
F2,N2,AR,0.02,47,0.351153686187534,0.08784597494313971,0.11209134016011758,0.02,1.1018132231093674,1.0325581395348837,0.1600894446342922,0.1600894446342922,0.09631061437636515,0.062048551493656644
F2,N2,ENERGY,0.02,47,0.04419871487762373,0.011620172119658836,0.01201659168896963,0.02,0.2640207494607596,17.37391304347826,0.005802389966732287,-0.001078509144902709,-1.5165186919445428e-05,0.0011546394338958082
F2,N2,MAGDIFF,0.02,47,0.28071989064552605,0.049687586540177756,0.0670753794085618,0.02,0.8554750744519808,1.5794466403162055,0.07689729029586016,0.04529674845685925,0.07689729029586016,0.04102830092816857
F2,N2,MEMLESS,0.02,48,0.3535274110374782,0.07991570834269811,0.10157723819167921,0.02,1.0963484856713237,1.0947945205479452,0.10537725411344648,0.10537725411344648,0.08942017723294435,0.05956503925402478
F2,N2,BLOCK,0.02,48,0.05120716439351472,0.005520753902885381,0.006992483296315939,0.02002002002002002,0.25094597253752216,48.78048780487805,0.006981929472080843,-0.0051627354870786525,-0.005862516407629542,0.005587991167008008
F2,N2,AR,0.02,48,0.35211466803020797,0.08887897978075464,0.11175971022776209,0.02,1.0927923824627535,1.0466212676794133,0.1351661852471424,0.1351661852471424,0.10294650584799714,0.061501721517103786
F2,N2,ENERGY,0.02,48,0.04625266766123264,0.01034460224782266,0.01115072574558355,0.02,0.26338842661522166,16.24390243902439,0.011024971859324354,-0.003913235303469825,-0.0013564208197870417,0.011024971859324354
F2,N2,MAGDIFF,0.02,48,0.280634876802092,0.051440040082381705,0.06856762908750262,0.02,0.8442617967204309,1.6099919419822724,0.07942392656656166,0.037857476825476875,0.07942392656656166,0.053342693609278374
F2,N2,MEMLESS,0.02,49,0.3453685709950702,0.07809427099846387,0.09923561306581732,0.02,1.0742396521062354,1.081754195993503,0.11020144161417719,0.11020144161417719,0.08917008446370492,0.06202031730084164
F2,N2,BLOCK,0.02,49,0.05068054536937561,0.007654765823467732,0.00908750314065424,0.02002002002002002,0.24831862783523911,48.78048780487805,0.0054765325454722525,0.0005472361612788698,0.0022195287813483247,0.0036881164933184403
F2,N2,AR,0.02,49,0.34424219871488615,0.08377163694644942,0.10581107079357849,0.02,1.0714002372682652,1.0444328280188186,0.13781929453674321,0.13781929453674321,0.09524335025855915,0.06341251731035921
F2,N2,ENERGY,0.02,49,0.04824477293728935,0.009112740909122063,0.010120318267416759,0.02,0.2598297467872415,21.03157894736842,0.005529200383966626,0.001640220819873832,0.005529200383966626,0.003817332494749834
F2,N2,MAGDIFF,0.02,49,0.28157376210102886,0.047381708051423166,0.063853980641469,0.02,0.8483587129019058,1.6048192771084338,0.07854270618445952,0.028555839135789688,0.07854270618445952,0.05292181529079025
F2,N2,MEMLESS,0.05,0,0.479295892050517,0.0916374006248359,0.11244353220218292,0.05001001001001001,0.7741075971647583,1.1749764816556914,0.037871392200705366,0.0294140928295617,0.037871392200705366,0.03565761386039704
F2,N2,BLOCK,0.05,0,0.10994838635095398,0.014471043546996451,0.01768861625466185,0.05005005005005005,0.2398485735196079,49.504950495049506,0.011607888370245519,-0.004383112503305619,-0.004204220858547479,-0.011607888370245519
F2,N2,AR,0.05,0,0.4761509728440083,0.10330503984771473,0.1255684738455593,0.05001001001001001,0.768551826423162,1.107760532150776,0.06743638463049485,0.06743638463049485,0.05338682565679157,0.04044948211754129
F2,N2,ENERGY,0.05,0,0.10730091889484172,0.022842697838135792,0.02494807220274236,0.05001001001001001,0.25517630620552273,19.14176245210728,0.012258434994700484,0.003635978137473873,-0.001211567808723241,-0.012258434994700484
F2,N2,MAGDIFF,0.05,0,0.3909268215473736,0.062043228171308015,0.08295400466042421,0.05001001001001001,0.5921859247535518,1.5915896782414782,0.07877402703673053,-0.003874829069065181,0.07877402703673053,0.04419432602691476
F2,N2,MEMLESS,0.05,1,0.4872692108063505,0.10118352295113134,0.12182762959804738,0.05001001001001001,0.7880348561155499,1.1802504134183793,0.0412859087228325,0.03167465404874774,0.0412859087228325,0.028062855687606185
F2,N2,BLOCK,0.05,1,0.11446862538365742,0.019495813000451723,0.022226094020250695,0.05005005005005005,0.24791264706410865,49.504950495049506,0.008316509910143845,-0.005327193358279705,0.005907366823616789,-0.004272668477323212
F2,N2,AR,0.05,1,0.48306076360637135,0.11417523756795203,0.1363466063900295,0.05001001001001001,0.7802549093333625,1.1094825671774373,0.07832510656497237,0.07832510656497237,0.06284130279772004,0.03433540483416925
F2,N2,ENERGY,0.05,1,0.11087611406455018,0.02329955514664861,0.025516491800353147,0.05001001001001001,0.256283843032603,21.627705627705627,0.00912644579802317,0.0007080644024370458,0.007568375548528607,0.003354301150580053
F2,N2,MAGDIFF,0.05,1,0.39801134241909786,0.06251528881837301,0.08300205673716624,0.05001001001001001,0.6028672553648845,1.6163054027822712,0.07974259949283549,-0.004665843878026431,0.07974259949283549,0.04553452661650916
F2,N2,MEMLESS,0.05,2,0.4809496430778339,0.08986221421345644,0.10984336834026528,0.05001001001001001,0.7732291982589128,1.1702974935582104,0.038753001842733246,0.038753001842733246,0.03190652900034932,0.023874605795915833
F2,N2,BLOCK,0.05,2,0.11530943769356698,0.019836727797528167,0.02272100595848469,0.05005005005005005,0.24860125309129102,49.504950495049506,0.004257201321856026,-0.0016495264595782102,0.0012819658940083926,-0.003908346460408875
F2,N2,AR,0.05,2,0.47716730829827875,0.09893472373540776,0.12052220318624503,0.05001001001001001,0.7665389431373257,1.0972984845157039,0.07578145466844535,0.07578145466844535,0.05062674530591988,0.033008235101533924
F2,N2,ENERGY,0.05,2,0.11077393007355527,0.021076640540360805,0.02377299032830713,0.05001001001001001,0.2542991377146453,19.825396825396826,0.008536293020109654,-0.0033183244325060484,0.0005993320046044325,-0.002106181715142974
F2,N2,MAGDIFF,0.05,2,0.39341735916025794,0.060503510035594815,0.07956562668897284,0.05001001001001001,0.592021052265253,1.6048827497590747,0.08336487395765675,-0.0030918252158565083,0.08336487395765675,0.04111288769108369
F2,N2,MEMLESS,0.05,3,0.48081102815963167,0.0995447600279783,0.12061278986425579,0.05001001001001001,0.7713333150680062,1.165383718217868,0.04391100356162499,0.03134499615363603,0.04391100356162499,0.03091041916257667
F2,N2,BLOCK,0.05,3,0.11746820072894654,0.01603961752319137,0.01927679467195061,0.05005005005005005,0.24702627334338048,49.504950495049506,0.008520789098560275,0.008520789098560275,-0.0029356374370561556,-0.002671619898797396
F2,N2,AR,0.05,3,0.4769975822559363,0.11130225630849064,0.1343057979548457,0.05001001001001001,0.7643890814006249,1.093934749288373,0.07680499183971916,0.07680499183971916,0.06554480357586889,0.03484849870426794
F2,N2,ENERGY,0.05,3,0.1057069214372257,0.020573994529257955,0.022660249537635832,0.05001001001001001,0.24593262095323498,22.008810572687224,0.010422831630096673,0.010422831630096673,0.0036445037373248703,-9.793659545599752e-05
F2,N2,MAGDIFF,0.05,3,0.39492559051816534,0.06514304602673227,0.08594414721849612,0.05001001001001001,0.5911283595508372,1.6278918214402085,0.07532982487855754,0.002038084220241477,0.07532982487855754,0.05743281931334485
F2,N2,MEMLESS,0.05,4,0.4871456010023973,0.10850609855261768,0.1285826246607763,0.05001001001001001,0.788673692370363,1.1664720989960309,0.040771912585350505,0.03208440428412944,0.040771912585350505,0.03203442893696306
F2,N2,BLOCK,0.05,4,0.11646436300061458,0.022815208708838644,0.025392427600317194,0.05005005005005005,0.2524911162900077,49.504950495049506,0.005794766604205179,0.0010145119888543678,0.0035702552584337484,-0.005794766604205179
F2,N2,AR,0.05,4,0.48391079778348134,0.12084064449667208,0.14192151325882588,0.05001001001001001,0.7830539052878187,1.1080062098026169,0.07082265150993089,0.07082265150993089,0.0536993348796058,0.03323647821151878
F2,N2,ENERGY,0.05,4,0.11129688784270557,0.02597232067028961,0.027837587427171778,0.05001001001001001,0.2615331931524063,18.435424354243544,0.00465059217432143,0.0022598557519032366,0.00360756534679503,0.0017336219525720081
F2,N2,MAGDIFF,0.05,4,0.3944728414103694,0.06931416508861428,0.08889800988389086,0.05001001001001001,0.5978619314436664,1.6028232274623035,0.07805337402313886,-0.009519604876835787,0.07805337402313886,0.05339189841836987
F2,N2,MEMLESS,0.05,5,0.48884199316502047,0.09904251660148203,0.12126504567617778,0.05001001001001001,0.787733008018634,1.1808083195462065,0.05046224467024977,0.03399328746417812,0.05046224467024977,0.02964996454653061
F2,N2,BLOCK,0.05,5,0.12096280390068416,0.015862735370017686,0.01966292970539825,0.05005005005005005,0.2575676110562776,49.504950495049506,0.00976247299771873,-0.0073210767388793944,-0.00828149022946833,-0.0032704017465004036
F2,N2,AR,0.05,5,0.4848875494483392,0.11268731130231494,0.13661592551894933,0.05001001001001001,0.7808065663459791,1.1011681728014107,0.08512061362406273,0.08512061362406273,0.0612384909311726,0.040660094236764095
F2,N2,ENERGY,0.05,5,0.12334553396725888,0.02164811392847417,0.02493125724210369,0.05001001001001001,0.26835913985595766,18.03610108303249,0.01018242205162219,-0.0012868209136434623,-0.0007007185914881587,-0.0027068213235853034
F2,N2,MAGDIFF,0.05,5,0.40035443028173867,0.0653465477450264,0.08651924573538336,0.05001001001001001,0.6031398518434398,1.6226047417992855,0.08004021158744372,-0.007222096480753599,0.08004021158744372,0.04181517982628383
F2,N2,MEMLESS,0.05,6,0.4789520129261866,0.09785360313400404,0.11736469478290226,0.05001001001001001,0.7751856231822777,1.1610504299326052,0.03848303010062684,0.032784935144956735,0.03848303010062684,0.03822965871966254
F2,N2,BLOCK,0.05,6,0.1168049123901169,0.01705627871258797,0.020201367112055186,0.05005005005005005,0.24918806549003117,49.504950495049506,0.009890830176135791,0.005112410980696356,-0.000670153667732142,0.002360428672438194
F2,N2,AR,0.05,6,0.4755368014568766,0.10981096642750518,0.13034015537848315,0.05001001001001001,0.7690835348142948,1.0997138454765574,0.071638412724961,0.071638412724961,0.050957683995890075,0.041884906412719365
F2,N2,ENERGY,0.05,6,0.11326608065917111,0.02474596354908476,0.027149529043279913,0.05001001001001001,0.25996307489102005,21.627705627705627,0.011043085748567542,0.011043085748567542,0.005726348979381613,0.007262060416892255
F2,N2,MAGDIFF,0.05,6,0.3889990685115024,0.06452621199057895,0.08447808607798828,0.05001001001001001,0.587984185508592,1.5926043991074275,0.0779858518803117,0.007327257123207463,0.0779858518803117,0.050177770972590255
F2,N2,MEMLESS,0.05,7,0.479161061649636,0.09438405132921973,0.11455382427720912,0.05001001001001001,0.7735051312759013,1.1796930342384888,0.041232747027658015,0.037728603663558256,0.041232747027658015,0.030538731920359413
F2,N2,BLOCK,0.05,7,0.1089700336621011,0.0218621682320278,0.024443667870303505,0.05005005005005005,0.24389773670667683,50.505050505050505,0.0057337589486200526,-0.0036307345242650004,-0.0004488359182667443,-0.0057337589486200526
F2,N2,AR,0.05,7,0.47586474294982445,0.1053151276900696,0.12669078466735173,0.05001001001001001,0.7678822152039796,1.1075149634227444,0.07825002504852192,0.07825002504852192,0.05151014118427465,0.038812616242293464
F2,N2,ENERGY,0.05,7,0.10800803021747217,0.023951911112937735,0.026035469561640635,0.05001001001001001,0.2544840414124758,20.730290456431536,0.005882636308728937,0.003980949938234668,0.004297361024690759,-0.0014506755759575152
F2,N2,MAGDIFF,0.05,7,0.38818513933476995,0.062349560473977245,0.08204081063883366,0.05001001001001001,0.5907108639941856,1.6038523274478331,0.07356737475799584,-0.0007790276428368991,0.07356737475799584,0.04472979147494367
F2,N2,MEMLESS,0.05,8,0.47093921646783754,0.09133786849041206,0.11051446704466071,0.05001001001001001,0.7624178286976064,1.174148061104583,0.03337225777394225,0.03237613473930845,0.03337225777394225,0.028075657152179353
F2,N2,BLOCK,0.05,8,0.11587510154901738,0.01984296852854124,0.022264353266125414,0.05005005005005005,0.25159033851245893,49.504950495049506,0.00913811686965085,0.00913811686965085,0.005599280940687505,0.0005207126539078763
F2,N2,AR,0.05,8,0.46672393754639213,0.10369417178539644,0.12418508928137492,0.05001001001001001,0.7550350506084492,1.095373821530366,0.07782982398848746,0.07782982398848746,0.05336714916261419,0.03626966192678445
F2,N2,ENERGY,0.05,8,0.1070823766562289,0.022559310408330313,0.024177173999167134,0.05001001001001001,0.25338068377113016,19.74703557312253,0.01249535488763332,0.01249535488763332,0.009684586943977029,0.0052682845267152814
F2,N2,MAGDIFF,0.05,8,0.3762677615113268,0.05895439348243428,0.07852163817556133,0.05001001001001001,0.5700508242928619,1.5627150453550203,0.07550117214877641,0.013292575476961027,0.07550117214877641,0.04631383880174982
F2,N2,MEMLESS,0.05,9,0.48542740380039295,0.10180914047382271,0.12477957972203346,0.05001001001001001,0.7982742655922912,1.1883920076117982,0.05546299355754313,0.0338866540662182,0.05546299355754313,0.038655301874811504
F2,N2,BLOCK,0.05,9,0.11047246203107518,0.021866267298134512,0.024632629976948036,0.05005005005005005,0.24912873263941232,49.504950495049506,0.004677996406127293,-0.003181136489141509,-0.004677996406127293,-0.002972165486852924
F2,N2,AR,0.05,9,0.48180427815628585,0.11770901866211471,0.1419715541263443,0.05001001001001001,0.7918618678435392,1.1057990261177513,0.08919980748302547,0.08919980748302547,0.07268801928479407,0.048795668787803635
F2,N2,ENERGY,0.05,9,0.10825769983810941,0.02364044852768811,0.025999767328680774,0.05001001001001001,0.25850475640906845,17.906810035842295,0.004739557786509361,0.0003333725651725213,-0.003774737095358193,-0.0013258532516873284
F2,N2,MAGDIFF,0.05,9,0.3972173663792389,0.06881294104876363,0.08989667570085849,0.05001001001001001,0.614844663144623,1.6095360824742269,0.07890090064368002,-0.00019580483041634858,0.07890090064368002,0.06052786992396726
F2,N2,MEMLESS,0.05,10,0.4860561162506758,0.09780361916827392,0.11834430789821224,0.05001001001001001,0.7888420272144491,1.16974947319129,0.038524107803738335,0.03250872777713695,0.038524107803738335,0.030723850666109564
F2,N2,BLOCK,0.05,10,0.11000901693509457,0.019389754511790494,0.02248473038068374,0.05005005005005005,0.24363353179737843,49.504950495049506,0.010446836190434862,8.446811207177926e-05,0.00771256677764019,-0.006005283850383668
F2,N2,AR,0.05,10,0.4824512452922735,0.10848157144469674,0.13027012642917218,0.05001001001001001,0.7824271198748849,1.1036006185111553,0.07696058059177822,0.07696058059177822,0.0549988121367895,0.03278345609067177
F2,N2,ENERGY,0.05,10,0.10518728359515613,0.021771356911227044,0.02414746417962027,0.05001001001001001,0.25144697257907567,18.852830188679246,0.009225224767132443,0.006454781663521181,0.009225224767132443,0.0013973468404679986
F2,N2,MAGDIFF,0.05,10,0.39469540512046125,0.06070456800131856,0.08098257673237362,0.05001001001001001,0.5996728918605168,1.6428806313712594,0.07566771099581865,-0.00015869546897930104,0.07566771099581865,0.043241276506446095
F2,N2,MEMLESS,0.05,11,0.4833709047897566,0.09609529235229569,0.11712626903829237,0.05001001001001001,0.7853268984099655,1.1588958478311298,0.04139636198459331,0.03904756115541941,0.04139636198459331,0.03194064363229954
F2,N2,BLOCK,0.05,11,0.1076665127428094,0.021817574644617282,0.02404904083828749,0.05005005005005005,0.2408265520722508,49.504950495049506,0.008366057106478898,-0.007240672225445882,-0.00040612634158064613,-0.005325353559271297
F2,N2,AR,0.05,11,0.48038142283063096,0.10835911129833917,0.1308151840505636,0.05001001001001001,0.7801751163546911,1.0920218579234973,0.08153627015604581,0.08153627015604581,0.05869495176179933,0.04090223962747958
F2,N2,ENERGY,0.05,11,0.11177301367170768,0.025176872987891424,0.02780283611874298,0.05001001001001001,0.2578806509010623,18.3003663003663,0.010350908463221635,-0.005870345487171201,0.004059713250928665,-0.004111283669416851
F2,N2,MAGDIFF,0.05,11,0.3921870734207527,0.0654095602645928,0.08564619378960144,0.05001001001001001,0.5992710681467552,1.6110931957433086,0.08320599987628666,0.010645907622425689,0.08320599987628666,0.049484582204993244
F2,N2,MEMLESS,0.05,12,0.4799986825372821,0.09727970511480027,0.11818119427702815,0.05001001001001001,0.7777556924453767,1.1791361812603256,0.04448442786342709,0.02606996504370272,0.04448442786342709,0.02978587515387411
F2,N2,BLOCK,0.05,12,0.10829488697266658,0.01586676919433437,0.018637748976999546,0.05005005005005005,0.2403086456186936,49.504950495049506,0.005921207130835492,-0.0010087238318248633,-0.003264163435390165,-0.0043951184842465595
F2,N2,AR,0.05,12,0.476355743755871,0.11380595656663159,0.13583298573299932,0.05001001001001001,0.7713023207334256,1.1080062098026169,0.07050832510364748,0.07050832510364748,0.05855253170568512,0.03810352985201312
F2,N2,ENERGY,0.05,12,0.10831251906779255,0.020355506132358647,0.022544966646317624,0.05001001001001001,0.25466856752196126,17.529824561403508,0.011482229840018126,0.0032242387489008844,-0.00020732755009426562,-0.0015847939548479131
F2,N2,MAGDIFF,0.05,12,0.38895660992401865,0.06042846821547346,0.08070055476998192,0.05001001001001001,0.5881562883302692,1.625772860397006,0.07699459763672288,0.0041739361442744444,0.07699459763672288,0.04709052394035959
F2,N2,MEMLESS,0.05,13,0.4787548628618368,0.08972606181474692,0.10985220258091759,0.05001001001001001,0.7738361774926,1.1730453158018315,0.0457337645696374,0.034841091991380815,0.0457337645696374,0.028800968075748466
F2,N2,BLOCK,0.05,13,0.11140235455476338,0.017206561524107156,0.019694018955861665,0.05005005005005005,0.24470111349631748,49.504950495049506,0.016772534342915084,0.005245676284781881,0.0035224054040224905,-0.016772534342915084
F2,N2,AR,0.05,13,0.47491927500785697,0.10099728637039569,0.12226827104076653,0.05001001001001001,0.7666744487723304,1.108497892167739,0.07464681796058341,0.07464681796058341,0.05755551845424452,0.033219992389931265
F2,N2,ENERGY,0.05,13,0.10566319669435036,0.024278903520741815,0.02566456787101849,0.05001001001001001,0.2501535184840071,21.721739130434784,0.013896795952370505,0.013896795952370505,0.00430609772369653,-0.012015369551115004
F2,N2,MAGDIFF,0.05,13,0.38424932179707244,0.062068473447210185,0.08101204723719149,0.05001001001001001,0.5820911430407671,1.6173518938167692,0.07742088287110721,0.009468499585529358,0.07742088287110721,0.05482850432014604
F2,N2,MEMLESS,0.05,14,0.4833184022171947,0.09734753194059756,0.11904301775820805,0.05001001001001001,0.7848432630966161,1.181925715637568,0.038954735239326514,0.03221310768459297,0.038954735239326514,0.02962274275820412
F2,N2,BLOCK,0.05,14,0.11227635113190691,0.018673208292090612,0.021581903444777943,0.05005005005005005,0.2491136622986105,49.504950495049506,0.00968502939488684,0.000480302592504623,-0.0022337141960690316,0.004812907512775828
F2,N2,AR,0.05,14,0.47971406916673265,0.11174012197766772,0.13495975923256703,0.05001001001001001,0.7787258878050382,1.107024152448482,0.07948107049542788,0.07948107049542788,0.0545894612491684,0.03422308717054561
F2,N2,ENERGY,0.05,14,0.10730683060087683,0.02333817007960924,0.025507855454782673,0.05001001001001001,0.2577740141965786,19.215384615384615,0.011702744380231457,0.002944539427248273,0.00821081771530621,0.011590697065680108
F2,N2,MAGDIFF,0.05,14,0.3907950235438145,0.06425223764920235,0.08548282482388939,0.05001001001001001,0.5956565692735287,1.625772860397006,0.07757122009965094,-0.001457747063831938,0.07757122009965094,0.04892054438512084
F2,N2,MEMLESS,0.05,15,0.4964559984252271,0.10086020636941315,0.12224123042487918,0.05001001001001001,0.8087602653052487,1.1675625146062163,0.039742820187900936,0.02973872500609371,0.039742820187900936,0.031475602795108575
F2,N2,BLOCK,0.05,15,0.11266925911026528,0.022727219890334466,0.025815056089571766,0.05005005005005005,0.2518680115826068,49.504950495049506,0.009579844683263384,-0.004206307321459394,-0.009579844683263384,-0.006268978300708399
F2,N2,AR,0.05,15,0.49278556866342005,0.11493271875423686,0.13772980445493913,0.05001001001001001,0.802150364489615,1.0958543540250054,0.07900562532636249,0.07900562532636249,0.05418402525633778,0.04040501052241043
F2,N2,ENERGY,0.05,15,0.10871407213568211,0.025291473809944093,0.027818811920889776,0.05001001001001001,0.2612863291918226,18.781954887218046,0.00811400170033303,-0.0014885258803667898,-0.003688976087152576,0.0009722915496283099
F2,N2,MAGDIFF,0.05,15,0.40929777163175746,0.07098327588666323,0.09233038105278342,0.05001001001001001,0.6256701637741312,1.6364231903046185,0.08155751651885243,-0.0025166573287635856,0.08155751651885243,0.06111910542864932
F2,N2,MEMLESS,0.05,16,0.4816412275481462,0.09333366726065216,0.11304533654897453,0.05001001001001001,0.7786171592592441,1.1686549707602338,0.04243717796875038,0.023972530945745762,0.04243717796875038,0.037442260351989685
F2,N2,BLOCK,0.05,16,0.10704521433668349,0.021052194939554444,0.023399386900169343,0.05005005005005005,0.24120686118819432,49.504950495049506,0.0058674872467261744,-0.003348357163989266,0.004671825824800662,0.000581750424248498
F2,N2,AR,0.05,16,0.4779187876533266,0.1061951214361904,0.12679802142175028,0.05001001001001001,0.7717506335727975,1.1050652510506525,0.07232779573980921,0.07232779573980921,0.05624785846219791,0.04104278730854652
F2,N2,ENERGY,0.05,16,0.1102215288284221,0.02592133958035954,0.027993003328513188,0.05001001001001001,0.25637043292936684,17.22758620689655,0.00675094480889797,0.0006897706469820694,0.00554336967559879,0.0007124628172058761
F2,N2,MAGDIFF,0.05,16,0.395696165980409,0.06268633227842003,0.08202528670892836,0.05001001001001001,0.5979110082214979,1.6353518821603927,0.075545720776331,0.002511285267488056,0.075545720776331,0.05106237358244649
F2,N2,MEMLESS,0.05,17,0.48199171276704367,0.10219991574161526,0.1221030493317912,0.05001001001001001,0.7832256676942367,1.1713950762016412,0.05168367261821677,0.03286466708056092,0.05168367261821677,0.030478079648164385
F2,N2,BLOCK,0.05,17,0.10133094584514193,0.019659840663226985,0.021935718400282862,0.05005005005005005,0.23620803607573868,49.504950495049506,0.0069293091413355455,-0.004199744150883333,0.00041725111169057497,-0.0018736519772926243
F2,N2,AR,0.05,17,0.47840867929133407,0.11591311145248877,0.1369927168628361,0.05001001001001001,0.7770113162401963,1.1050652510506525,0.07803186055311197,0.07803186055311197,0.06297102121813955,0.038105138980457996
F2,N2,ENERGY,0.05,17,0.10342648968790571,0.02469259071681458,0.02693467678213803,0.05001001001001001,0.2535623483578647,18.3003663003663,0.00831469888616916,0.00757163553727918,0.0037173711811199737,0.002772338118831597
F2,N2,MAGDIFF,0.05,17,0.3891415633036901,0.06469927571395677,0.0843374242850084,0.05001001001001001,0.5909360765078062,1.584522676815731,0.07882065844782034,0.003822264052904972,0.07882065844782034,0.04684681364369835
F2,N2,MEMLESS,0.05,18,0.47446269589665435,0.09408013902857518,0.11301524641887631,0.05001001001001001,0.7664551923869831,1.1875445685761825,0.03858460926281946,0.033409753928378465,0.026503343520596252,0.03858460926281946
F2,N2,BLOCK,0.05,18,0.10973653911425908,0.020074193950528327,0.02244586001412572,0.05005005005005005,0.23881221308852618,49.504950495049506,0.008502254788342252,0.006709181436339798,-0.0003685685384818477,0.0019525842831417425
F2,N2,AR,0.05,18,0.47099182309493415,0.1046869795684646,0.12522911720736918,0.05001001001001001,0.7604827491770348,1.1204305898183449,0.06803284413278393,0.06803284413278393,0.044236047599119185,0.04153371827726821
F2,N2,ENERGY,0.05,18,0.10572540666613225,0.025220911358417017,0.026407238165903145,0.05001001001001001,0.24897383607585236,19.74703557312253,0.00963689064037312,0.00963689064037312,0.007007789767419013,0.0075198475579160975
F2,N2,MAGDIFF,0.05,18,0.3837523651464284,0.05994113841637563,0.07941129710437031,0.05001001001001001,0.5830449393503934,1.5997438360550753,0.07166966916905083,0.0007025014022484867,0.07166966916905083,0.04325601007828393
F2,N2,MEMLESS,0.05,19,0.47818692495237064,0.09529804738455952,0.11560142043040006,0.05001001001001001,0.768389622125606,1.1664720989960309,0.0372470651933234,0.028832157017497053,0.0372470651933234,0.030237235534162157
F2,N2,BLOCK,0.05,19,0.1130002091732291,0.01615318342819394,0.018860859073939005,0.05005005005005005,0.24448852171527025,49.504950495049506,0.007141930445285038,0.003030308946929469,-0.004328010401094769,-0.0014226763031803661
F2,N2,AR,0.05,19,0.4742451709347902,0.10915529622273973,0.1308664819329426,0.05001001001001001,0.7609483705825821,1.1040883977900553,0.07059584367902488,0.07059584367902488,0.049135659971594206,0.03628458162402265
F2,N2,ENERGY,0.05,19,0.11216598927300175,0.02108584049566639,0.023482811164661686,0.05001001001001001,0.25468922348014916,21.627705627705627,0.013211622647535263,0.013211622647535263,0.008075332365735556,0.0033538869767460616
F2,N2,MAGDIFF,0.05,19,0.38403467186463003,0.06388640196379211,0.08389507781617025,0.05001001001001001,0.5802747457814903,1.5900700190961172,0.07437449458614084,0.0011187055963162212,0.07437449458614084,0.04838899786829818
F2,N2,MEMLESS,0.05,20,0.4768298730450714,0.0921115616150294,0.11147175253119188,0.05001001001001001,0.7692038687588983,1.1903740767214677,0.03526289536137466,0.030597034707902968,0.03526289536137466,0.03387594234814348
F2,N2,BLOCK,0.05,20,0.11319068423933158,0.01836722793685104,0.02107454326564395,0.05005005005005005,0.24562614548472325,49.504950495049506,0.0067488799392537826,0.00220618842654134,0.0067488799392537826,0.0012268340628398139
F2,N2,AR,0.05,20,0.4727000961004645,0.10356537960316894,0.1251750157621406,0.05001001001001001,0.7615367247020911,1.1184239982090889,0.07726740928906425,0.07726740928906425,0.0477375532916711,0.040636218932714796
F2,N2,ENERGY,0.05,20,0.10720109492451657,0.026087611679695075,0.027575718640425413,0.05001001001001001,0.253871003507336,18.03610108303249,0.012776828849821625,0.009969003191302905,0.012776828849821625,0.010050972431784854
F2,N2,MAGDIFF,0.05,20,0.37992078602489987,0.05782986658157868,0.07772593214158358,0.05001001001001001,0.5765386287625873,1.5775181559835807,0.0749986489316158,0.00243009664414123,0.0749986489316158,0.052480920851320924
F2,N2,MEMLESS,0.05,21,0.4733493415353224,0.09731653861628015,0.11588911309747983,0.05001001001001001,0.7618548563356682,1.1637549499184718,0.048431275485728065,0.027933560781287937,0.048431275485728065,0.03516752242543424
F2,N2,BLOCK,0.05,21,0.1111064328236677,0.01772652204872302,0.0207495795538568,0.05005005005005005,0.24235297154557256,49.504950495049506,0.011118193490285392,0.008453905270289412,0.010409687498277257,-0.0005625189078781503
F2,N2,AR,0.05,21,0.4698385882486581,0.10979422445220732,0.12929777110128757,0.05001001001001001,0.7557385261708209,1.1011681728014107,0.06859612375961198,0.06859612375961198,0.06582123050179582,0.041213364680941944
F2,N2,ENERGY,0.05,21,0.10835172583516632,0.021601110040176147,0.024613375801110622,0.05001001001001001,0.2519965794118118,16.993197278911566,0.01453301344731414,0.01453301344731414,0.011896037210641782,0.006053013961068597
F2,N2,MAGDIFF,0.05,21,0.38131808450228133,0.063667565113675,0.08245268381271018,0.05001001001001001,0.5753109193860683,1.5946377274178105,0.07778810958253234,0.00021078853319874595,0.07778810958253234,0.05217022677582499
F2,N2,MEMLESS,0.05,22,0.4895945716027219,0.1045587073572447,0.12537551230672264,0.05001001001001001,0.7880490927135846,1.1708460276540895,0.04607086657976591,0.03350138243177412,0.04607086657976591,0.02730253546458207
F2,N2,BLOCK,0.05,22,0.1131484951868573,0.01854382328392344,0.02137980509095403,0.05005005005005005,0.24559235328006726,49.504950495049506,0.008156133464055875,-0.003642743482334944,-0.0005884375678844045,-0.004770866805506471
F2,N2,AR,0.05,22,0.48513201087527613,0.120499603949271,0.14293855663711635,0.05001001001001001,0.7798910467871478,1.0997138454765574,0.08544581734485855,0.08544581734485855,0.058739414593764167,0.0349092231075651
F2,N2,ENERGY,0.05,22,0.11452607667797422,0.018518407819486896,0.021381497399289594,0.05001001001001001,0.26247010652460734,22.40358744394619,0.007963026854183581,0.0019859809522229403,0.004861368848252906,-0.005026505351787918
F2,N2,MAGDIFF,0.05,22,0.4029823259738817,0.07029789833360567,0.09171487399484894,0.05001001001001001,0.6057729771451004,1.6194489465153972,0.09032414526483218,-0.004734597147205294,0.09032414526483218,0.050780572667564805
F2,N2,MEMLESS,0.05,23,0.47649115988178337,0.09388989048426985,0.11485750894479799,0.05001001001001001,0.782040890721027,1.1648402891116811,0.0499146037214339,0.031918908460000506,0.0499146037214339,0.03370940653416241
F2,N2,BLOCK,0.05,23,0.108859032001776,0.01752980256467382,0.020095489680302742,0.05005005005005005,0.2466624523534353,49.504950495049506,0.006976099517198365,-0.005349700023394156,0.0013426688778644421,-0.0006469449599532188
F2,N2,AR,0.05,23,0.4730936341359637,0.10585506103414066,0.12797364380998316,0.05001001001001001,0.7759125901316429,1.1016538037486219,0.07039043873690173,0.07039043873690173,0.06440956804415572,0.04257730755387829
F2,N2,ENERGY,0.05,23,0.10852315970267276,0.022013566207387605,0.02396496354711525,0.05001001001001001,0.2575462250668391,15.372307692307693,0.006676397512013291,-0.001103525096709887,0.005517980013910212,-0.0033206265903544863
F2,N2,MAGDIFF,0.05,23,0.3841398645078068,0.06189225914863303,0.08219448273662958,0.05001001001001001,0.5944723631852686,1.6095360824742269,0.07994348316966784,-0.0029527115583054494,0.07994348316966784,0.05166881091604889
F2,N2,MEMLESS,0.05,24,0.48542935041250684,0.09635596748108466,0.11806050290403698,0.05001001001001001,0.7888489546910199,1.1730453158018315,0.044584829679635715,0.04377938654644815,0.044584829679635715,0.02711923750152302
F2,N2,BLOCK,0.05,24,0.1083928851113416,0.016900732329427445,0.019448513387119108,0.05005005005005005,0.24097710554219276,49.504950495049506,0.010978434095490007,0.0030513745214204415,-0.0024785822831594824,-0.0048079470054587055
F2,N2,AR,0.05,24,0.48174137017458063,0.11100399400531794,0.13391485470291933,0.05001001001001001,0.7824727110988232,1.0934558984460494,0.08780170018234491,0.08780170018234491,0.058992375767656424,0.03579173152111193
F2,N2,ENERGY,0.05,24,0.10382516315752695,0.026941673703912386,0.02863151003783004,0.05001001001001001,0.2494480291606774,21.44206008583691,0.019045251234289993,0.019045251234289993,0.0005132724151666841,0.0021344422338818087
F2,N2,MAGDIFF,0.05,24,0.39692994555784206,0.06205222561949417,0.08290215548471963,0.05001001001001001,0.6067107945308113,1.6183997408487205,0.07307070401557199,0.0098163105804709,0.07307070401557199,0.05156793485300094
F2,N2,MEMLESS,0.05,25,0.4867051396696118,0.09681444271948723,0.11777813734106603,0.05001001001001001,0.7927184647519283,1.1847284799620583,0.0390735061535489,0.03102224905729673,0.0390735061535489,0.03620172121861498
F2,N2,BLOCK,0.05,25,0.10502191549977799,0.017591813037394752,0.019785114990661774,0.05005005005005005,0.2419750806420118,49.504950495049506,0.007929391279245399,0.0026274617233870124,0.005867289968273773,0.00534757145567231
F2,N2,AR,0.05,25,0.48324174527937735,0.10810053700986767,0.13074450671578464,0.05001001001001001,0.7868312882885563,1.1144322997992415,0.069996528443556,0.069996528443556,0.055915144294428044,0.04318339899448554
F2,N2,ENERGY,0.05,25,0.11260483964912722,0.024796085658714745,0.026201425252162677,0.05001001001001001,0.2645533002644805,20.39183673469388,0.009452514188507252,0.009227184113901011,0.009452514188507252,0.003254367542948111
F2,N2,MAGDIFF,0.05,25,0.3976087372567662,0.06893460611468304,0.09035053088026222,0.05001001001001001,0.6077773264849295,1.6183997408487205,0.0728949551680579,0.012075035422518332,0.0728949551680579,0.06284647561465433
F2,N2,MEMLESS,0.05,26,0.48705614280893134,0.09907044105444712,0.12032164434931969,0.05001001001001001,0.7930151945874673,1.1702974935582104,0.040716508812351594,0.03780236360443671,0.040716508812351594,0.034335277168070215
F2,N2,BLOCK,0.05,26,0.10999242665857568,0.018314678506855753,0.02171087572815566,0.05005005005005005,0.24328177774410123,49.504950495049506,0.01257281069621805,-0.000768102745528788,-0.01257281069621805,0.001174792831193207
F2,N2,AR,0.05,26,0.4828792125520893,0.1127587484963648,0.13523896938696123,0.05001001001001001,0.7854458983594786,1.0982633545834248,0.08285735506893836,0.08285735506893836,0.05376801524127807,0.03999638700607821
F2,N2,ENERGY,0.05,26,0.1139094111226926,0.021249830458981864,0.02436523596280495,0.05001001001001001,0.25998193692327576,23.455399061032864,0.007475983661013546,0.00025713042372483923,-0.0006404476968727591,0.004765754719661223
F2,N2,MAGDIFF,0.05,26,0.39560884912312955,0.06580475370293556,0.08622749449783791,0.05001001001001001,0.6027261169360943,1.6100547856912666,0.07654025488626248,0.0010409898254537836,0.07654025488626248,0.05315295726774584
F2,N2,MEMLESS,0.05,27,0.47998942979572456,0.09414005325853783,0.11658182831153166,0.05001001001001001,0.7776941837954668,1.1774687720952157,0.04285080577010019,0.03241316853393253,0.04285080577010019,0.030074090125455786
F2,N2,BLOCK,0.05,27,0.113195115441082,0.01628280501654311,0.019526636822816346,0.05005005005005005,0.24683007994523468,49.504950495049506,0.004608621792518925,-0.0017036179997948573,-0.0018508268140549156,-0.0022898089378766214
F2,N2,AR,0.05,27,0.47619706442437265,0.10756443687716552,0.1316123252426199,0.05001001001001001,0.7703143480861682,1.1114571746384871,0.07093620597589036,0.07093620597589036,0.05578697666928127,0.04128568001107544
F2,N2,ENERGY,0.05,27,0.10747124764992047,0.02000381404571097,0.022712926537417813,0.05001001001001001,0.25570974404648206,20.06425702811245,0.006049483811628757,0.0037463010728989612,0.004619069200737326,0.003467698983794188
F2,N2,MAGDIFF,0.05,27,0.38757243203108277,0.062419416144517265,0.08355976415738588,0.05001001001001001,0.5891850163736154,1.5936204146730462,0.0793959862067127,0.003098043951048706,0.0793959862067127,0.04897443533448838
F2,N2,MEMLESS,0.05,28,0.48493357609402554,0.0946399002939735,0.11635802248018427,0.05001001001001001,0.7881261301645673,1.1824852071005918,0.03749364479210782,0.030974884135096793,0.02770270828014311,0.03749364479210782
F2,N2,BLOCK,0.05,28,0.11579811022736416,0.015741382028804193,0.019182041480512335,0.05005005005005005,0.25096387276566706,49.504950495049506,0.00806587929015152,-0.0067727846017442556,-0.00806587929015152,-0.004827632203087103
F2,N2,AR,0.05,28,0.48115102226000483,0.1106511412807039,0.13361772446107587,0.05001001001001001,0.7815107690979408,1.0972984845157039,0.0738187243253114,0.0738187243253114,0.04918920809952595,0.04257877728124817
F2,N2,ENERGY,0.05,28,0.11148042753085405,0.020279293864343684,0.0228575515404468,0.05001001001001001,0.26180737223996836,20.475409836065573,0.007946107228201884,-0.00012571304888105177,-0.0014000918959409191,-0.0017414260737237109
F2,N2,MAGDIFF,0.05,28,0.3968958281038873,0.06378242230873775,0.08559143253655574,0.05001001001001001,0.6074602734669932,1.6278918214402085,0.07112724513868135,-0.006011820397947153,0.07112724513868135,0.051422796168829825
F2,N2,MEMLESS,0.05,29,0.48946916405858665,0.09109763693934878,0.1126766228472917,0.05001001001001001,0.7963133152175803,1.1935021500238892,0.035463015943780034,0.03020187555532788,0.035463015943780034,0.03186955298627217
F2,N2,BLOCK,0.05,29,0.11693513159167492,0.02039832242816758,0.023432056052072527,0.05005005005005005,0.2548059658906717,49.504950495049506,0.007177881013642157,-0.007177881013642157,-0.002242811262116298,-0.004359171571705288
F2,N2,AR,0.05,29,0.4857350107317447,0.10581511635229601,0.12863859683275072,0.05001001001001001,0.7897905067248188,1.1062887511071744,0.07387068850156833,0.07387068850156833,0.05204620463698274,0.0406420277901729
F2,N2,ENERGY,0.05,29,0.11519341561935578,0.023206615721910767,0.025717281911246528,0.05001001001001001,0.2627356679984767,20.22672064777328,0.007217952167607862,-0.006005836644601134,-0.0010829732081403447,-0.0017227922701695327
F2,N2,MAGDIFF,0.05,29,0.40454254643153165,0.06044895317118884,0.08187986797650199,0.05001001001001001,0.6173855911555969,1.6199740596627756,0.07977479352236026,-0.0082785913466476,0.07977479352236026,0.04889679995276194
F2,N2,MEMLESS,0.05,30,0.48209705560342275,0.10251822817489553,0.1224421121087258,0.05001001001001001,0.7807092803634222,1.1659276546091015,0.0458424213635553,0.0458424213635553,0.038857523894608254,0.03195582028399778
F2,N2,BLOCK,0.05,30,0.11283823523994622,0.015983650887704398,0.01905446264205679,0.05005005005005005,0.24656931007528424,49.504950495049506,0.01182157546660153,0.006942025074985302,0.005235565745498448,0.0035828163402586042
F2,N2,AR,0.05,30,0.47805931139754576,0.11533364001083157,0.1369042973550314,0.05001001001001001,0.7734530598989168,1.0948937102783256,0.08680561902580192,0.08680561902580192,0.05593232968272374,0.035756223684772284
F2,N2,ENERGY,0.05,30,0.10914442267299863,0.020491383649249656,0.023062916503357837,0.05001001001001001,0.252555130043073,23.904306220095695,0.01048094984104788,0.01048094984104788,0.008369709671601722,0.0072399703896858444
F2,N2,MAGDIFF,0.05,30,0.3931812560463219,0.06287663444072333,0.08263620728449285,0.05001001001001001,0.5949134162799654,1.6342819757932614,0.07478358578265087,0.000328452629825695,0.07478358578265087,0.05034253543423025
F2,N2,MEMLESS,0.05,31,0.4758669721387524,0.0947820852030055,0.11525422878754028,0.05001001001001001,0.7761289412926643,1.1780240509313842,0.03917604322257907,0.03917604322257907,0.03773082441124303,0.03413403989277234
F2,N2,BLOCK,0.05,31,0.11032962909826488,0.0168132932023162,0.019279744988148117,0.05005005005005005,0.2457929951570397,49.504950495049506,0.007330497107423234,0.00612167214739817,0.001851161785334336,0.006498596316429771
F2,N2,AR,0.05,31,0.47215372866846483,0.10507482223359264,0.1269558617775221,0.05001001001001001,0.7696341601953147,1.108497892167739,0.07690442111538683,0.07690442111538683,0.05690806818836655,0.040647446318933876
F2,N2,ENERGY,0.05,31,0.1065077685759258,0.020946717392093778,0.02284465162962244,0.05001001001001001,0.2533434638387506,19.904382470119522,0.0089775952459147,0.0089775952459147,0.006972260836935149,0.007722367952820588
F2,N2,MAGDIFF,0.05,31,0.38508973074890157,0.0613505422476663,0.08121228384131318,0.05001001001001001,0.5896508570984339,1.6204995134609146,0.08073049886042787,0.0021734088493509476,0.08073049886042787,0.04308108334491189
F2,N2,MEMLESS,0.05,32,0.4986711482425457,0.09931969209100182,0.12166349636488606,0.05001001001001001,0.8038589905452942,1.1830452285105375,0.04838226499144116,0.03179459090901577,0.04838226499144116,0.02498537507487211
F2,N2,BLOCK,0.05,32,0.11353546240944888,0.01972250896862722,0.022611859157878864,0.05005005005005005,0.2524297927354984,49.504950495049506,0.01823990847007396,-0.01823990847007396,-0.007079040128276333,-0.0022294246836069413
F2,N2,AR,0.05,32,0.49499500930688933,0.11178117338303868,0.13612022072983476,0.05001001001001001,0.7968776041529395,1.1075149634227444,0.07524811941589539,0.07524811941589539,0.06183163122506205,0.0324849436601344
F2,N2,ENERGY,0.05,32,0.1058850879151882,0.02775407580547601,0.02890972811621456,0.05001001001001001,0.2612393074520055,18.03610108303249,0.01031004520119705,-0.01031004520119705,-0.00030186868432012,0.0007021528807823349
F2,N2,MAGDIFF,0.05,32,0.4091517207884886,0.06454640297633914,0.08756932164955018,0.05001001001001001,0.6181410102856163,1.6450444517616067,0.0836847853423143,-0.011128844148891436,0.0836847853423143,0.05251799070575541
F2,N2,MEMLESS,0.05,33,0.4796606803523504,0.09557293528156964,0.11757034512872556,0.05001001001001001,0.7808678613732285,1.1713950762016412,0.047561733501025154,0.047561733501025154,0.04604059778035664,0.034334793885815645
F2,N2,BLOCK,0.05,33,0.112951938265353,0.01823777105255682,0.020523329475459772,0.05005005005005005,0.24783826491786912,49.504950495049506,0.012571533626805905,0.0009293186320444347,-0.0030771240414388945,-0.00752926299194427
F2,N2,AR,0.05,33,0.4760769081558336,0.10887493442840494,0.13212376948563362,0.05001001001001001,0.7746735229651158,1.0987464262150868,0.09362420286745754,0.09362420286745754,0.05919337754347895,0.041225785347213086
F2,N2,ENERGY,0.05,33,0.10518432918607298,0.020089795158530502,0.022011201817067286,0.05001001001001001,0.25103608510273595,20.06425702811245,0.007616732583506861,0.005758494211569713,0.007616732583506861,0.001058814803128582
F2,N2,MAGDIFF,0.05,33,0.39088681409135884,0.06231231991484408,0.08408512788750123,0.05001001001001001,0.6005314681618128,1.6215514443362544,0.07994246607367357,0.006720177319007396,0.07994246607367357,0.056577525291229225
F2,N2,MEMLESS,0.05,34,0.4767135236595389,0.08680175159128893,0.10662786005119002,0.05001001001001001,0.7703355672971277,1.1594337433279183,0.04056537650649826,0.03499305254333495,0.04056537650649826,0.031091525438750257
F2,N2,BLOCK,0.05,34,0.11790771528088206,0.01878604826692104,0.022327967847258032,0.05005005005005005,0.24903017943917172,49.504950495049506,0.004500414419703917,0.0015743674879603279,-0.0019931581633230644,0.0036682196991535895
F2,N2,AR,0.05,34,0.4734856932358595,0.0979199595228011,0.11903016907767577,0.05001001001001001,0.7647814990139316,1.0997138454765574,0.07049239726625622,0.07049239726625622,0.053759041712924,0.042263592490585505
F2,N2,ENERGY,0.05,34,0.11323593243669587,0.02107740941302319,0.024004148176310004,0.05001001001001001,0.2536609779558717,20.22672064777328,0.008707648122672504,0.008707648122672504,0.0018227994709484566,0.001511926612284676
F2,N2,MAGDIFF,0.05,34,0.3845567073942032,0.061043278631616196,0.08050691334802709,0.05001001001001001,0.5832008606050396,1.6017954472587368,0.07717367169247517,0.007912992204810211,0.07717367169247517,0.053359866573984005
F2,N2,MEMLESS,0.05,35,0.47526876906096377,0.09910260341022924,0.11970431079293373,0.05001001001001001,0.7743574820469009,1.1686549707602338,0.04656869142110093,0.04599912941866304,0.04656869142110093,0.03545921166925699
F2,N2,BLOCK,0.05,35,0.11032236535753778,0.01800651345760486,0.020770409103382244,0.05005005005005005,0.24465965526945402,49.504950495049506,0.004657928969411268,0.004657928969411268,0.0017449628947171479,-0.000750429679068562
F2,N2,AR,0.05,35,0.47215271862007613,0.1103444062612647,0.13205479295905687,0.05001001001001001,0.769274790011336,1.0977807075368051,0.0815251371207533,0.0815251371207533,0.05808738611927406,0.03950976960655493
F2,N2,ENERGY,0.05,35,0.10504203838956098,0.02486012613418412,0.026774383635401532,0.05001001001001001,0.24893578842761171,22.008810572687224,0.013366029760562136,0.013366029760562136,0.0076126868484132386,0.006326882277500255
F2,N2,MAGDIFF,0.05,35,0.38492747873041294,0.061507131603001794,0.08098316485200883,0.05001001001001001,0.590460498506118,1.584522676815731,0.08063325908517481,-0.003572158980131398,0.08063325908517481,0.044974361900248026
F2,N2,MEMLESS,0.05,36,0.48724540706522596,0.09809313358193639,0.11766925513243998,0.05001001001001001,0.7786884462091039,1.1852906287069989,0.04158296265786016,0.023180125143830107,0.04158296265786016,0.02862703877568431
F2,N2,BLOCK,0.05,36,0.1162622786963285,0.01569986578361575,0.01873727110843478,0.05005005005005005,0.24456259421392001,49.504950495049506,0.006834641603794257,-0.006295787978074975,0.0032154466791416295,-0.004011886769454295
F2,N2,AR,0.05,36,0.48349188090853484,0.10616236943496205,0.12710420477163775,0.05001001001001001,0.7716477744033214,1.1124471164551324,0.060139558895144794,0.060139558895144794,0.05525705017907275,0.03681638052252248
F2,N2,ENERGY,0.05,36,0.1088496619003766,0.01936184477319426,0.021651986047793923,0.05001001001001001,0.2504181038184079,22.60633484162896,0.007417013329915437,0.0048994275809608155,0.004895701566467357,0.0018252970450183502
F2,N2,MAGDIFF,0.05,36,0.39661117238330296,0.06541578364719858,0.0850596486717173,0.05001001001001001,0.5900509274625544,1.5825150459296802,0.06763219614666027,0.004187082318161274,0.06763219614666027,0.043938250540119246
F2,N2,MEMLESS,0.05,37,0.47984876302617585,0.09210601867594878,0.11228231731242781,0.05001001001001001,0.7807251954112662,1.1847284799620583,0.04338633732937129,0.03644901029416175,0.04338633732937129,0.035370926645116346
F2,N2,BLOCK,0.05,37,0.10806506881518427,0.01702798874163443,0.019991645913160015,0.05005005005005005,0.24233285645273467,49.504950495049506,0.008389606595658527,0.002102954211573917,-0.008389606595658527,-0.0009213138113018471
F2,N2,AR,0.05,37,0.4762696610766064,0.10869294100537555,0.13038474658222896,0.05001001001001001,0.774378539183654,1.114929703191252,0.0828578178887094,0.0828578178887094,0.06070343726254793,0.043071682425530396
F2,N2,ENERGY,0.05,37,0.10806770359269552,0.021184339196965246,0.023448885486399167,0.05001001001001001,0.25583385100653744,19.5921568627451,0.008384737550023344,0.008384737550023344,-0.0031543042428781626,0.0038336252448411875
F2,N2,MAGDIFF,0.05,37,0.38966406148062355,0.06164854511134066,0.08168331085723414,0.05001001001001001,0.5930223111830004,1.5997438360550753,0.07512093562292155,0.004376761406387989,0.07512093562292155,0.05390472800871183
F2,N2,MEMLESS,0.05,38,0.4735330046890318,0.08688774137924618,0.10696280653311982,0.05001001001001001,0.770054135169654,1.1769140164899883,0.028713209422636644,0.02852371987729809,0.028713209422636644,0.026198732127778283
F2,N2,BLOCK,0.05,38,0.11035688928700031,0.016366062059437442,0.019277072960615198,0.05005005005005005,0.2452368715966516,49.504950495049506,0.007751133301501393,-2.9199245028884655e-06,-0.004914482317601837,0.0005852156671980819
F2,N2,AR,0.05,38,0.47039705184064146,0.09961311485638705,0.12105335327449439,0.05001001001001001,0.7648296038243751,1.1050652510506525,0.06558626245183724,0.06558626245183724,0.04346024081342605,0.03257535921962027
F2,N2,ENERGY,0.05,38,0.09983362922188932,0.02041437877331402,0.02267895241681781,0.05001001001001001,0.24484476842800976,20.730290456431536,0.009273620662757475,0.00748343142496393,0.005074540995453557,0.0019957333496253057
F2,N2,MAGDIFF,0.05,38,0.3838959095095119,0.0600553657118274,0.08006409819641051,0.05001001001001001,0.5881514358674318,1.585528403681371,0.0679882838692012,0.009427699458429193,0.0679882838692012,0.04957643254309843
F2,N2,MEMLESS,0.05,39,0.4825665498443535,0.10090442842172172,0.12233067129588251,0.05001001001001001,0.7842824454138435,1.1692019658319681,0.04294930782441558,0.03593742974347758,0.04294930782441558,0.03216001583617077
F2,N2,BLOCK,0.05,39,0.11242699614894647,0.015437887277016463,0.01888108546099597,0.05005005005005005,0.25137659584632377,49.504950495049506,0.011367742148644458,0.006275425308463202,-0.0020888611052329565,-0.0017299551762598583
F2,N2,AR,0.05,39,0.4794296298230472,0.11485732552508714,0.13727455380206208,0.05001001001001001,0.7789820574721916,1.0987464262150868,0.0764693022266313,0.0764693022266313,0.05408963449429177,0.039952465912499
F2,N2,ENERGY,0.05,39,0.10748483342369801,0.020795706711943238,0.023193024026797113,0.05001001001001001,0.254243233447978,17.529824561403508,0.010612659751762211,0.010612659751762211,-0.0009133967655648725,-0.0006520426690979994
F2,N2,MAGDIFF,0.05,39,0.391762087571209,0.06651685922090629,0.08764941579508904,0.05001001001001001,0.5981688314468846,1.612132946111649,0.07282789973030072,-0.0001773969374711184,0.07282789973030072,0.05531418800349814
F2,N2,MEMLESS,0.05,40,0.4822372640522369,0.0961071166275871,0.11570105927532746,0.05001001001001001,0.7793686049811257,1.1594337433279183,0.04481276870196904,0.030718652316891047,0.04481276870196904,0.023583802824912962
F2,N2,BLOCK,0.05,40,0.11216260697398893,0.01749899764490996,0.020486682417617124,0.05005005005005005,0.24447802010297154,49.504950495049506,0.008684781004045718,-0.0015392294988767453,0.006356261489599405,-0.005659573099336031
F2,N2,AR,0.05,40,0.4786075247957976,0.10722959953265633,0.12801841915237863,0.05001001001001001,0.7729563482445845,1.0958543540250054,0.07619374395247706,0.07619374395247706,0.05888868082706498,0.027897787964592486
F2,N2,ENERGY,0.05,40,0.11493008758282748,0.022079882981158552,0.024428078965196522,0.05001001001001001,0.2606099053018897,20.06425702811245,0.014529608623283037,0.0047981668940273526,0.014529608623283037,-0.0024824318684018073
F2,N2,MAGDIFF,0.05,40,0.3920109998558717,0.06178655328149156,0.08176727661011529,0.05001001001001001,0.5945590055324568,1.59872,0.07115544858570606,0.003282608687914503,0.07115544858570606,0.05157295320569991
F2,N2,MEMLESS,0.05,41,0.47765694241540313,0.0987435339991924,0.11828955513706806,0.05001001001001001,0.7676955612852568,1.1763597833765012,0.04152202030091944,0.027349783582906788,0.04152202030091944,0.021407062467409647
F2,N2,BLOCK,0.05,41,0.11506617339964778,0.02199641273683471,0.02487456783623483,0.05005005005005005,0.24688390745849456,49.504950495049506,0.006575395009593688,-0.0039842796229480094,-0.0024294232768104374,-0.001977988929710004
F2,N2,AR,0.05,41,0.4740666222432163,0.10994870783942144,0.13049751562633988,0.05001001001001001,0.7609226604389017,1.1139353400222964,0.062122168383256605,0.062122168383256605,0.05236541261323537,0.03210523203569698
F2,N2,ENERGY,0.05,41,0.11614167847173958,0.02411348172469567,0.026630321929903136,0.05001001001001001,0.25695131681116845,19.5921568627451,0.008367735057845558,0.003220127800865908,0.0013192766513951905,0.0031646814301741315
F2,N2,MAGDIFF,0.05,41,0.38468964045615606,0.06691660864644731,0.08770822783730145,0.05001001001001001,0.5774366609905341,1.5875436924054656,0.08189291445464206,0.0011378195364876618,0.08189291445464206,0.0426026975702933
F2,N2,MEMLESS,0.05,42,0.4757257517371942,0.09705384039282089,0.11601660542995225,0.05001001001001001,0.772665424614445,1.1785798537390895,0.039966632016091554,0.026374495499932482,0.039966632016091554,0.02280175554519273
F2,N2,BLOCK,0.05,42,0.10913994231656869,0.018986402934518906,0.02165983936335957,0.05005005005005005,0.24584495022898137,49.504950495049506,0.006331298551050753,0.002551165346688802,0.0007060156644897308,-0.0006092877060292497
F2,N2,AR,0.05,42,0.47183413591364964,0.11263788258706,0.13309136934577656,0.05001001001001001,0.7660252275448807,1.1006829698171403,0.0708162129688968,0.0708162129688968,0.054893901808085906,0.03068855937773123
F2,N2,ENERGY,0.05,42,0.10491660754657021,0.021748319529954444,0.02341421812666257,0.05001001001001001,0.2518038099057669,18.711610486891384,0.007537793773680636,0.0023010896044782644,0.003364012451359575,0.007537793773680636
F2,N2,MAGDIFF,0.05,42,0.3849777627069433,0.06272438856294837,0.08164491471207448,0.05001001001001001,0.5879331031938805,1.5895641107222398,0.07602148047976628,0.011718713588848734,0.07602148047976628,0.039415795010690584
F2,N2,MEMLESS,0.05,43,0.48395635782055935,0.09479134271695021,0.11573356075288688,0.05001001001001001,0.7770474193297356,1.1719446399249356,0.047057259785672434,0.030880876610290348,0.047057259785672434,0.03363880806358536
F2,N2,BLOCK,0.05,43,0.12032197912869273,0.017110490729208838,0.019843163990636983,0.05005005005005005,0.2512538692225546,49.504950495049506,0.008952959126804473,-0.002494031209376464,0.0028450786754951867,0.0016459563390480785
F2,N2,AR,0.05,43,0.48045494416522533,0.10644131594619892,0.1286060737972698,0.05001001001001001,0.7706298262490099,1.1114571746384871,0.06730870630836762,0.06730870630836762,0.06151959486714691,0.03975543661306277
F2,N2,ENERGY,0.05,43,0.11749960495233999,0.01965427250666997,0.02214225946763291,0.05001001001001001,0.2571043261947593,19.14176245210728,0.008704741672680726,0.00014974014553048768,0.0019184383823038264,-0.0005245830559641991
F2,N2,MAGDIFF,0.05,43,0.39327338600268635,0.06038270617218984,0.08127660791974768,0.05001001001001001,0.5930760784018019,1.6007689842999038,0.07437779564071063,0.004394041123736673,0.07437779564071063,0.05124081087061069
F2,N2,MEMLESS,0.05,44,0.47961278274861835,0.09084251160394986,0.11049767499935517,0.05001001001001001,0.778273858266752,1.1780240509313842,0.035403757796682124,0.0255296849722166,0.035403757796682124,0.02724181162798973
F2,N2,BLOCK,0.05,44,0.1060512024128527,0.020218551196133944,0.022600698521543994,0.05005005005005005,0.24175315634770886,49.504950495049506,0.007074042247639377,-0.0037525614092184805,0.006556071028865797,-0.004314421619813647
F2,N2,AR,0.05,44,0.47594842209009525,0.10287124181518469,0.12338079913615305,0.05001001001001001,0.7712061469066577,1.120933363248822,0.05952221707160372,0.05952221707160372,0.05183892634734207,0.03301394106248899
F2,N2,ENERGY,0.05,44,0.10300219088726877,0.027749659736440058,0.02940401427074185,0.05001001001001001,0.25157572399164857,19.904382470119522,0.013602064842805121,-0.00034974831644897324,0.013602064842805121,0.003744399030591726
F2,N2,MAGDIFF,0.05,44,0.38906250397460207,0.06236584080951042,0.08239236560584223,0.05001001001001001,0.5912627788194378,1.607981976182813,0.08358733744193328,0.0024985154242219993,0.08358733744193328,0.04529671932006745
F2,N2,MEMLESS,0.05,45,0.48038601812860815,0.09662597478448996,0.11661146185786268,0.05001001001001001,0.7792109276922686,1.184166864185826,0.03986085483491925,0.01956479901127741,0.03986085483491925,0.03761314851240835
F2,N2,BLOCK,0.05,45,0.11625198809956837,0.022457254980521354,0.02488395359416783,0.05005005005005005,0.2528695681532667,49.504950495049506,0.005819706839196374,-0.0035736250348901116,0.005819706839196374,-0.0013479734959810988
F2,N2,AR,0.05,45,0.4768702762065149,0.11024694113540202,0.13164155731533383,0.05001001001001001,0.773074833195225,1.1109628641316434,0.0665546794907193,0.0665546794907193,0.05798701393320524,0.037540041819268295
F2,N2,ENERGY,0.05,45,0.10665122195646326,0.03067887846622394,0.032001437356536835,0.05001001001001001,0.25716601716001136,21.816593886462883,0.012295242308622006,0.0030278249921529715,0.012295242308622006,0.007134465490447384
F2,N2,MAGDIFF,0.05,45,0.38979231259738306,0.06255675402794054,0.0826358132961635,0.05001001001001001,0.5900977209723305,1.607981976182813,0.07221050655492826,-4.952337534960074e-05,0.07221050655492826,0.05047851433084863
F2,N2,MEMLESS,0.05,46,0.4850778691450475,0.09457613520145297,0.1160257545991156,0.05001001001001001,0.7884557494211477,1.174148061104583,0.042608945373330515,0.036389986552559185,0.042608945373330515,0.037278681306763914
F2,N2,BLOCK,0.05,46,0.1135881784179939,0.017633137855991896,0.02034629564088136,0.05005005005005005,0.25160183707879674,49.504950495049506,0.011267676929305196,-0.0007647813227914359,0.0014861956635086266,0.0043081119976287625
F2,N2,AR,0.05,46,0.4811822127567435,0.106328563013279,0.12902521942445216,0.05001001001001001,0.781370215696516,1.1011681728014107,0.07482532559433677,0.07482532559433677,0.05662918014619295,0.039702368668339615
F2,N2,ENERGY,0.05,46,0.11020776625384211,0.024005627033841376,0.026376535792218738,0.05001001001001001,0.2598444340528952,18.233576642335766,0.014009947974155815,0.008383107668952545,0.006390610880445542,0.004530171741627732
F2,N2,MAGDIFF,0.05,46,0.3944048414666551,0.06199135913213413,0.08300166581384728,0.05001001001001001,0.6004768604718695,1.6183997408487205,0.07358109931329003,0.005615013827857475,0.07358109931329003,0.058337870564108905
F2,N2,MEMLESS,0.05,47,0.4849430120365001,0.0977335572180839,0.1185306415347244,0.05001001001001001,0.7875062194478639,1.1713950762016412,0.03614063711149692,0.03614063711149692,0.03379115714178461,0.03606576097493567
F2,N2,BLOCK,0.05,47,0.11597982757634029,0.017867969418386018,0.02036812128966647,0.05005005005005005,0.25416001987765924,49.504950495049506,0.007190582113729081,-0.0016325457302828912,-0.007190582113729081,-0.000567953880730461
F2,N2,AR,0.05,47,0.4814278982549256,0.10847552310786444,0.1305162702684509,0.05001001001001001,0.7809087642453124,1.1099755609864475,0.07222698900366492,0.07222698900366492,0.04900625229325291,0.0417052322899833
F2,N2,ENERGY,0.05,47,0.1112005520303798,0.02267391475233939,0.02459114903856511,0.05001001001001001,0.26015483193778116,22.204444444444444,0.005181999394642092,0.004651354211366759,0.003000974982072057,0.0037496684110438537
F2,N2,MAGDIFF,0.05,47,0.3956844196322131,0.06404674122736208,0.08457373633394855,0.05001001001001001,0.601439409685986,1.6278918214402085,0.07829677582357841,0.006660575297807067,0.07829677582357841,0.05311477869802995
F2,N2,MEMLESS,0.05,48,0.4856952136116681,0.10182956970743968,0.12276739384712179,0.05001001001001001,0.7811555078357696,1.1670170520906331,0.043896923506939155,0.03382922480196659,0.043896923506939155,0.033441096163614493
F2,N2,BLOCK,0.05,48,0.11299648677223577,0.01449588319513008,0.017604263721627076,0.05005005005005005,0.24304742094006998,49.504950495049506,0.010022658189185999,-0.006145011175852085,-0.004569290840119587,0.003054189177637855
F2,N2,AR,0.05,48,0.4825971661946677,0.11279356693495178,0.13478495461473408,0.05001001001001001,0.7757536513359314,1.105554326178358,0.06483760450422585,0.06483760450422585,0.061790331813466035,0.04136186336347924
F2,N2,ENERGY,0.05,48,0.10848751765131587,0.02298594347952085,0.024897117511520784,0.05001001001001001,0.25119593741961316,21.259574468085106,0.012567549982766683,-0.00026059839312128267,-0.0009856485377250357,0.010393830929862374
F2,N2,MAGDIFF,0.05,48,0.3936007535642596,0.06637843984252008,0.08622802695786048,0.05001001001001001,0.5936930664182446,1.6215514443362544,0.08290811696042928,-0.0009978105362480588,0.08290811696042928,0.048189829168280914
F2,N2,MEMLESS,0.05,49,0.4778949535039127,0.09506468565826189,0.1131273291330836,0.05001001001001001,0.7717269004881693,1.1637549499184718,0.03996863586898945,0.022154726582198574,0.032982447933590085,0.03996863586898945
F2,N2,BLOCK,0.05,49,0.11276191898298618,0.018643581437841963,0.021370190362289827,0.05005005005005005,0.24456135531984652,49.504950495049506,0.003962590751754179,-0.0012970118355723507,0.0018712086925605207,0.0015365194380851102
F2,N2,AR,0.05,49,0.47405991841005846,0.10961500930492281,0.1288506579973751,0.05001001001001001,0.7648329670822009,1.0982633545834248,0.06046351634091173,0.06046351634091173,0.051313553406346975,0.049003555854717544
F2,N2,ENERGY,0.05,49,0.11259168281170646,0.024437115286291777,0.02624620647186572,0.05001001001001001,0.25503814677249476,22.008810572687224,0.007409953338391398,0.005550155893248367,-0.001110613657245227,0.004213307718984902
F2,N2,MAGDIFF,0.05,49,0.38841888227184834,0.062388637129558264,0.08110077989003728,0.05001001001001001,0.5865705061888846,1.596676254394375,0.07827834142662603,-0.0008087460958906904,0.07827834142662603,0.05478945918016182
F2,N2,MEMLESS,0.1,0,0.6061703514259288,0.12638560781312563,0.14253829861640094,0.1,0.6043766667645857,1.2239647145307522,0.034500758004812206,-0.034500758004812206,-0.004794162232098772,0.007069069349851037
F2,N2,BLOCK,0.1,0,0.20038116820356355,0.029964070424142508,0.035419481583393364,0.1001001001001001,0.23795630067981652,49.75124378109453,0.013566071206694135,-0.0072913725092519,-0.0032427067158586845,-0.013566071206694135
F2,N2,AR,0.1,0,0.5795502747557839,0.13098752728963736,0.14920319887514077,0.1,0.5595099710477467,1.2260677466863035,0.017788266282461433,0.008129859362464789,0.017788266282461433,0.01659099853091939
F2,N2,ENERGY,0.1,0,0.19555241049382602,0.03894019662773916,0.04337927723497313,0.1,0.2447150557677976,22.44943820224719,0.0070656005788038686,0.0028945636448024325,-0.0017020150383056565,-0.0070656005788038686
F2,N2,MAGDIFF,0.1,0,0.4809388716479239,0.08156491930633726,0.10039612658511203,0.1,0.4422522545775947,1.5777005685407455,0.046987817382177416,-0.03549449808545701,0.046987817382177416,0.03142332407032478
F2,N2,MEMLESS,0.1,1,0.6124689161233351,0.134038201430484,0.15060565455294095,0.1,0.6118476615685043,1.2362331394629378,0.036972027156675163,-0.036972027156675163,-0.0007739711196432774,0.005551613686518465
F2,N2,BLOCK,0.1,1,0.20381024600789857,0.04080855119354311,0.045348353855312974,0.1001001001001001,0.24092155544763078,49.75124378109453,0.009647956134122967,-0.005263414120833615,0.0028444615048260945,-1.7981565171907063e-05
F2,N2,AR,0.1,1,0.5864015797047679,0.14176731232161205,0.16049911714116472,0.1,0.567860784822529,1.2362331394629378,0.024555942287285304,0.014837298527049684,0.024555942287285304,0.016207245266668575
F2,N2,ENERGY,0.1,1,0.1986151152162391,0.045791638466732995,0.04964896354944226,0.1,0.24661218090508924,21.483870967741936,0.009800723162247331,0.0025860607916765406,0.003049387758978775,0.002534170533888611
F2,N2,MAGDIFF,0.1,1,0.48643907785537166,0.08311840717291122,0.10161819699503893,0.1,0.447506612513134,1.5829504040564095,0.05442665119643593,-0.03546095230789428,0.05442665119643593,0.029678754535100632
F2,N2,MEMLESS,0.1,2,0.6058497550419347,0.12629201427722567,0.14141046973020577,0.1,0.6014629271006123,1.2229159015791407,0.026300632891109777,-0.026300632891109777,-0.008024393146845199,0.0019560182853109263
F2,N2,BLOCK,0.1,2,0.19928713121947958,0.03947163228835515,0.043729225407263296,0.1001001001001001,0.23698402449172173,49.75124378109453,0.005220813333740301,-0.0011584220457021381,0.00020932855062505637,-0.0034257260358540524
F2,N2,AR,0.1,2,0.5754448506706781,0.1263764605982359,0.14405010717188904,0.1,0.5499603035817681,1.2393003349460365,0.01961536500021744,0.01961536500021744,0.008679870860206189,0.016251517787369905
F2,N2,ENERGY,0.1,2,0.1945303951290334,0.047402164157564874,0.05062349002980055,0.1,0.2440557773857304,21.812227074235807,0.010303530673521853,0.003971437679933925,0.010303530673521853,0.005797843171534315
F2,N2,MAGDIFF,0.1,2,0.4792237244311352,0.08197661578854176,0.10062642339864238,0.1,0.43638396994798007,1.5789473684210527,0.05770747128357731,-0.02721542215931068,0.05770747128357731,0.029610120541898613
F2,N2,MEMLESS,0.1,3,0.6075294653587034,0.13666147036622242,0.1534440824591781,0.1,0.6021135038962001,1.2256164887743835,0.022124012097495555,-0.022124012097495555,0.00795830421818435,0.009381233485967441
F2,N2,BLOCK,0.1,3,0.2047585450191256,0.03434947622402684,0.03964644051281544,0.1001001001001001,0.2385708646476592,49.75124378109453,0.006254426841144965,0.006254426841144965,-0.003979403401073049,-0.00407565522671052
F2,N2,AR,0.1,3,0.5795748719310583,0.1399716295985802,0.15946126495486243,0.1,0.5555492123273101,1.2295384615384615,0.027977349229035515,0.026560906816073353,0.027977349229035515,0.021005824956140458
F2,N2,ENERGY,0.1,3,0.19755587890801038,0.04066949684272253,0.04437584418192236,0.1,0.24306867344382382,23.9568345323741,0.005828000877518803,0.005828000877518803,0.001742872778673955,0.00037481529470747546
F2,N2,MAGDIFF,0.1,3,0.4803152620576008,0.08728437866609876,0.10706915818618026,0.1,0.4373270417342519,1.5631356595212016,0.056458479907481735,-0.025040525340488128,0.056458479907481735,0.03963043303462517
F2,N2,MEMLESS,0.1,4,0.6124134309955671,0.14489783874306994,0.16028368506982502,0.1,0.6122880152284559,1.2187385628888618,0.02692767153009479,-0.02692767153009479,-0.0032689327881971417,0.005237655773080585
F2,N2,BLOCK,0.1,4,0.206791664993136,0.04221172462422346,0.04640696190791808,0.1001001001001001,0.2437112578965095,49.75124378109453,0.010250333510084888,-0.00229245155146938,0.0038585117317254383,-0.010250333510084888
F2,N2,AR,0.1,4,0.5873897093837996,0.15135337801688586,0.16877138838735464,0.1,0.5697557036341565,1.2331810887544747,0.019274308501639786,0.014937533611520755,0.019274308501639786,0.016617600000261964
F2,N2,ENERGY,0.1,4,0.19430355563243495,0.0492398373104076,0.051873630444549915,0.1,0.24790767369656383,21.03157894736842,0.012495583774654978,0.005477212896079754,0.012495583774654978,0.0038093465584682724
F2,N2,MAGDIFF,0.1,4,0.48342144952441857,0.09353820046805685,0.11206629284832358,0.1,0.44426776725987255,1.5794466403162055,0.0469698378414591,-0.03407058273820323,0.0469698378414591,0.03570902745584311
F2,N2,MEMLESS,0.1,5,0.6146374799942732,0.12826032655160258,0.14559955181667725,0.1,0.6121136988688312,1.2295384615384615,0.028665009722542587,-0.028665009722542587,-0.0028112814060631025,-0.00011171143495287239
F2,N2,BLOCK,0.1,5,0.21133737990713833,0.03403480683504426,0.03961377279844852,0.1001001001001001,0.24619413921815267,49.75124378109453,0.012005093156244767,-0.006589959492637422,-0.005305208319502677,-0.0027416391862613663
F2,N2,AR,0.1,5,0.5893037221434926,0.13477230405924828,0.15436805279222018,0.1,0.5695929514859649,1.235621521335807,0.023086423488393907,0.019059337234570935,0.023086423488393907,0.011766163880392061
F2,N2,ENERGY,0.1,5,0.2005270391634332,0.04134971225744424,0.04516226980293676,0.1,0.2471109533526645,22.75626423690205,0.009410790158623334,0.004127003559273968,-0.0021512805718453647,-0.0013535979378113923
F2,N2,MAGDIFF,0.1,5,0.485476115023558,0.08703756787590033,0.10671254797137737,0.1,0.44456106931736544,1.5859660263533895,0.054080684009646364,-0.028550111203652247,0.054080684009646364,0.027892252064198732
F2,N2,MEMLESS,0.1,6,0.6060622664994213,0.14082353153347996,0.15483464180830156,0.1,0.6053392324208704,1.2139992708713088,0.02932814492172438,-0.02932814492172438,-0.004404203926976473,0.002899135999515714
F2,N2,BLOCK,0.1,6,0.20449598183581738,0.03816827585138016,0.043189135146507046,0.1001001001001001,0.24134332576983134,49.75124378109453,0.006981500335196685,0.004782235802519443,-0.0009517872732901984,0.0042010510538756495
F2,N2,AR,0.1,6,0.5803641133572666,0.1426481399189638,0.15896935694859501,0.1,0.5623557143747627,1.2190359975594875,0.01758305126472483,0.008673991342381627,0.01758305126472483,0.017519245783194973
F2,N2,ENERGY,0.1,6,0.20205234835193964,0.045335529300251004,0.0489464817861816,0.1,0.2506881354811151,22.75626423690205,0.012222504458287774,0.008471672442742785,0.00419479446500074,0.0013399903283487643
F2,N2,MAGDIFF,0.1,6,0.4760514678659131,0.08748298387785464,0.10533100038178742,0.1,0.43754338257334807,1.5675506041110936,0.0528375801769716,-0.02359558069682672,0.0528375801769716,0.03603230309724731
F2,N2,MEMLESS,0.1,7,0.605715514335205,0.13191925119022732,0.14744049325021205,0.1,0.6032980379677939,1.2247149687385068,0.02419508326691791,-0.02419508326691791,-0.003229309770643399,0.01188193938339461
F2,N2,BLOCK,0.1,7,0.20153710423731466,0.03596233644701431,0.04103671438762686,0.1001001001001001,0.2403476555582742,50.25125628140704,0.006542649447977231,-0.001505357026966019,0.002544730286508769,-0.006542649447977231
F2,N2,AR,0.1,7,0.5787793231392637,0.13318083030270514,0.15115195061663672,0.1,0.558316999629297,1.2274235164025065,0.02205117778508481,0.017879648324144803,0.02205117778508481,0.020411743661093076
F2,N2,ENERGY,0.1,7,0.19299353558465018,0.04394388161294119,0.04722626974818386,0.1,0.2436640858396819,24.188861985472155,0.010673533606789713,-0.0007181022842949254,0.0038722231096056377,-0.002947783683978307
F2,N2,MAGDIFF,0.1,7,0.4786154758263273,0.08145429562941603,0.0997078065617914,0.1,0.44153829423498986,1.562157935887412,0.04865609325133448,-0.030953020211357467,0.04865609325133448,0.032275288960462
F2,N2,MEMLESS,0.1,8,0.6007964304207513,0.13153852364814989,0.1452541438659299,0.1,0.5990181934048195,1.2142943964993316,0.02934023920018876,-0.02934023920018876,6.654540060993109e-05,0.00869441403932349
F2,N2,BLOCK,0.1,8,0.20501641642487362,0.04180763435533007,0.04605818887619837,0.1001001001001001,0.24219714227437872,49.75124378109453,0.008636288158569316,0.008277508585113584,0.0029659152210151927,0.0060000456087479885
F2,N2,AR,0.1,8,0.5750489201682628,0.12937572912042317,0.14520184664382882,0.1,0.5567654887362246,1.2322684100160355,0.016495547325571253,0.009838763749912077,0.016495547325571253,0.012660794338477976
F2,N2,ENERGY,0.1,8,0.19564151942254834,0.04233658541775888,0.04557048574212848,0.1,0.24520254332539923,25.037593984962406,0.01332887875441528,0.01265028172347872,0.010938157666507771,0.005413104922351319
F2,N2,MAGDIFF,0.1,8,0.46851204353870524,0.08014534606879256,0.09854864961882012,0.1,0.4320341711831316,1.5572876071706936,0.05621054683974701,-0.01681833938944199,0.05621054683974701,0.0336019822312441
F2,N2,MEMLESS,0.1,9,0.6115168904896087,0.14289513807385806,0.16122735583517828,0.1,0.6200227726318077,1.237304929403022,0.031167088883342985,-0.031167088883342985,0.014722751936441097,0.008898928290866118
F2,N2,BLOCK,0.1,9,0.19991956704624755,0.03719172378091329,0.04248892975142686,0.1001001001001001,0.24525735266518223,50.25125628140704,0.006141747309410206,-0.005910490648359743,-0.004371913434666776,-0.002339221188009663
F2,N2,AR,0.1,9,0.5881618318290569,0.1443484677426209,0.1647809646033392,0.1,0.5800761778142718,1.2351632047477745,0.028931431293145543,0.015153874810495122,0.028931431293145543,0.022073177177541453
F2,N2,ENERGY,0.1,9,0.18636814070674113,0.045184250931254166,0.0484594519658097,0.1,0.24579801926318923,23.617021276595743,0.0061615904792209535,0.0009881650682107427,0.001202310129101822,-0.0051872851054355455
F2,N2,MAGDIFF,0.1,9,0.4856980442468567,0.09094997318445723,0.11028732433587125,0.1,0.45427548700717224,1.5727329974811084,0.057136403116400745,-0.02767534497501272,0.057136403116400745,0.04565720063481977
F2,N2,MEMLESS,0.1,10,0.6122286450289143,0.1342610532747332,0.14919136985403866,0.1,0.6133521532901226,1.2331810887544747,0.041557987127502596,-0.041557987127502596,-0.0009094582767498359,0.005255144302057025
F2,N2,BLOCK,0.1,10,0.19867439652262386,0.04235006830624305,0.046910545734239584,0.09951951951951953,0.24158037644944802,49.71,0.008584418717986705,-0.0006616831574671993,0.007065336605108918,-0.005754930401196092
F2,N2,AR,0.1,10,0.5862846239397134,0.1382938636905509,0.15594156712473298,0.1,0.5695169175423674,1.2350105080974163,0.02119765317832945,0.011115525035682567,0.02119765317832945,0.011641249861679501
F2,N2,ENERGY,0.1,10,0.18951550952019325,0.04361866282156121,0.047130294085561596,0.1,0.2445881013243205,20.8125,0.009597365056761831,0.009597365056761831,0.008330521625998477,-0.0002774541168113424
F2,N2,MAGDIFF,0.1,10,0.4861174016472695,0.08611639150279586,0.10498035486050111,0.1,0.44888037801445224,1.5759583530525318,0.05486136839400824,-0.031820147354581,0.05486136839400824,0.02322054807008503
F2,N2,MEMLESS,0.1,11,0.6099213544176113,0.1305048461533609,0.1463222243110661,0.1,0.6107533039741068,1.2181441287647847,0.02662326398492049,-0.02662326398492049,-0.005377987331634697,0.00331213350899181
F2,N2,BLOCK,0.1,11,0.1972447550331835,0.03902847523457939,0.0433985701746274,0.09993993993993994,0.2378891013929509,49.92,0.010035310483531578,-0.007090902923943123,-0.0004027163040575026,-0.0064101971594427406
F2,N2,AR,0.1,11,0.5831785834475421,0.1345719064700614,0.15267076118614414,0.1,0.5657766640229179,1.2274235164025065,0.02362527729942577,0.02362527729942577,0.017013856760301455,0.01533794651370142
F2,N2,ENERGY,0.1,11,0.19882931004852059,0.04497430269697397,0.048287007766499586,0.1,0.2487040042535589,20.555555555555557,0.011882000173830011,0.0024595233455597977,0.006081453259407993,-0.004453744796011209
F2,N2,MAGDIFF,0.1,11,0.48251796012068443,0.08322555018420841,0.10192682849665527,0.1,0.4456917375726872,1.598655784925588,0.05360761560806878,-0.029654626279550234,0.05360761560806878,0.0320178871465737
F2,N2,MEMLESS,0.1,12,0.6071034712792669,0.13750668818756326,0.1532841723954016,0.1,0.6065561422378398,1.2226165707991679,0.027079574054862738,-0.027079574054862738,0.003972942665669577,0.0012197308969528618
F2,N2,BLOCK,0.1,12,0.19379323637544918,0.03377833008436561,0.03767870270070565,0.1001001001001001,0.23513590322572844,50.25125628140704,0.005498156733818118,-0.003797157797879511,-0.004132073228197828,-0.003548794023964104
F2,N2,AR,0.1,12,0.5822833805088637,0.14282530410715238,0.16045579674117236,0.1,0.5651731755670267,1.235621521335807,0.02662553632233699,0.012519383742420237,0.02662553632233699,0.0113143223178176
F2,N2,ENERGY,0.1,12,0.1879412431481615,0.0431393926363456,0.046509735531046745,0.1,0.24338294981944883,22.44943820224719,0.013277262303037314,0.013277262303037314,0.0038470635610756633,-0.0011812751947142017
F2,N2,MAGDIFF,0.1,12,0.4788735485770714,0.08799980230414767,0.1064142210020072,0.1,0.44100172604516424,1.5719905586152636,0.05021897927997144,-0.02618167078670183,0.05021897927997144,0.035194001799025536
F2,N2,MEMLESS,0.1,13,0.6056624430660505,0.13307375573311864,0.1476012040714394,0.1,0.6033336060068605,1.223215378964124,0.03251353796555599,-0.03251353796555599,-0.0017490570602976673,0.0008789348644394516
F2,N2,BLOCK,0.1,13,0.2013039718066358,0.03704361355565691,0.041279583393711516,0.1001001001001001,0.23930981663602155,50.25125628140704,0.010756033902569434,0.0028519987328142187,0.00016691402180419305,-0.010756033902569434
F2,N2,AR,0.1,13,0.5784635380409879,0.13410448462069952,0.15103784589118477,0.1,0.5580494920897947,1.2344000988508588,0.023393557732550675,0.01091294029209781,0.023393557732550675,0.009878648943264507
F2,N2,ENERGY,0.1,13,0.18997390744790038,0.046815923357557104,0.048663391249812143,0.1,0.24274466919494633,22.704545454545453,0.011211061110614077,0.011211061110614077,0.00649923170768715,-0.00421852378127688
F2,N2,MAGDIFF,0.1,13,0.47367866090115934,0.08532771159531584,0.10302272265369214,0.1,0.4351162700083901,1.5854626249801618,0.05457319701270477,-0.02453898735409645,0.05457319701270477,0.03294462962659989
F2,N2,MEMLESS,0.1,14,0.6106129835371626,0.13362493916344234,0.14917181253468292,0.1,0.6115778748277245,1.2362331394629378,0.03847147893934309,-0.03847147893934309,-0.005661351023252001,-0.0009410346841852824
F2,N2,BLOCK,0.1,14,0.20414357314149148,0.038023865863713424,0.04275201792439204,0.1001001001001001,0.24593969674704913,49.75124378109453,0.011474990873317492,0.0005506961755930622,-0.0038072620072466456,0.005730539485613234
F2,N2,AR,0.1,14,0.5853817106038205,0.14014440399148717,0.15873270030229045,0.1,0.5694843612461591,1.2238147739801544,0.021672768719086622,0.012814864254008157,0.021672768719086622,0.010391463884639936
F2,N2,ENERGY,0.1,14,0.2009903749683604,0.04062010128561015,0.04474338770128327,0.1,0.25241227433073865,19.58823529411765,0.010557294568047184,0.0032410583740099144,0.0051824900629594646,0.004673096914251494
F2,N2,MAGDIFF,0.1,14,0.48027755792305743,0.08793154388251762,0.10811175336339884,0.1,0.44421001192191795,1.568535091851154,0.05770044585349706,-0.032311254809753054,0.05770044585349706,0.032462207638531256
F2,N2,MEMLESS,0.1,15,0.620105847280048,0.1357377366634432,0.15213033641586735,0.1,0.6241844351236855,1.2259172904650877,0.03914422692205531,-0.03914422692205531,-0.006756705158958664,-0.0007939738189671538
F2,N2,BLOCK,0.1,15,0.20276404306337642,0.04652630574872149,0.05170618380697318,0.09935935935935936,0.24555819324206307,49.63,0.007395353107693301,-0.007395353107693301,-0.007264868074918435,-0.0070827894047980735
F2,N2,AR,0.1,15,0.5963745241790277,0.14168491797204652,0.1604236259168799,0.1,0.5831164785951742,1.2265193370165746,0.013464881808575656,0.004780722797302896,0.013464881808575656,0.013084317514455355
F2,N2,ENERGY,0.1,15,0.1948351035801751,0.05085815738939692,0.054398357323034385,0.1,0.25062560692748065,20.51334702258727,0.007912969932708144,0.005036280441361407,-0.002105049188019509,-0.0009006825827342952
F2,N2,MAGDIFF,0.1,15,0.49673752222640394,0.09478860484473087,0.11387872743067878,0.1,0.460780231509112,1.6017316017316017,0.05573253412435448,-0.03521017132702519,0.05573253412435448,0.03625919041689341
F2,N2,MEMLESS,0.1,16,0.608212464910591,0.13350418835352823,0.14870540965005344,0.1,0.6068835862976442,1.2134094497752945,0.03534567545238949,-0.03534567545238949,-0.0019124157281738593,0.01355704882661383
F2,N2,BLOCK,0.1,16,0.20180455347200202,0.036852798743962314,0.041948719632841254,0.1001001001001001,0.2395303419840626,49.75124378109453,0.005815813603935787,-0.001575333398740386,0.0040956645149694566,0.0005999721576443705
F2,N2,AR,0.1,16,0.5825588977982469,0.13339448355078531,0.15068117398388978,0.1,0.5637715417924474,1.222317386516579,0.023792384567115965,0.007347624895070523,0.01724904880589903,0.023792384567115965
F2,N2,ENERGY,0.1,16,0.19722862834859992,0.04501921742707922,0.048219061361832065,0.1,0.24786477853512137,19.74308300395257,0.009258084827092656,0.009258084827092656,0.007954092445235702,0.0026056526472583432
F2,N2,MAGDIFF,0.1,16,0.48195864522835635,0.0847340886630311,0.1021521113043486,0.1,0.44210788054047295,1.5925394548063128,0.048805660796445674,-0.02053169267962308,0.048805660796445674,0.03972608636255025
F2,N2,MEMLESS,0.1,17,0.6082413627202735,0.13562040248911955,0.1513556572141809,0.1,0.6094715474159033,1.2220183486238532,0.03338905935276441,-0.03338905935276441,0.005830338936984578,-0.006367401785786714
F2,N2,BLOCK,0.1,17,0.18823175213776588,0.035766509021199405,0.040206578921635344,0.1001001001001001,0.233249224226657,49.75124378109453,0.008687382648212217,-0.004865118848419357,-0.00028829307002792575,-0.0017959989845123766
F2,N2,AR,0.1,17,0.5812016063884037,0.14266978212508985,0.1607714405979884,0.1,0.5641859520304566,1.235621521335807,0.030029679636812495,0.016980310394933952,0.030029679636812495,0.007599295141181643
F2,N2,ENERGY,0.1,17,0.1837231941776687,0.04144465869601757,0.044677066519414325,0.1,0.2410789512620769,22.75626423690205,0.0063498989917957615,0.0063498989917957615,0.004053024400123228,0.003810284258745253
F2,N2,MAGDIFF,0.1,17,0.47914369924089883,0.08695484290658538,0.10559158668699735,0.1,0.4414970233811287,1.5884878359039594,0.06172372818476602,-0.03141006845515676,0.06172372818476602,0.034202671913157276
F2,N2,MEMLESS,0.1,18,0.60296792121119,0.13374654973158126,0.1472151381211949,0.1,0.600261749813717,1.2274235164025065,0.028512604330065056,-0.028512604330065056,-0.00306160835973524,0.016957401677960695
F2,N2,BLOCK,0.1,18,0.19889536756159942,0.04036406349808461,0.04394967624544668,0.1001001001001001,0.23660285909026615,50.25125628140704,0.010666983973993679,0.00619944518190137,0.0007453390727380283,-0.0014247178067595125
F2,N2,AR,0.1,18,0.5768363351112406,0.1346516976125953,0.15078407947141578,0.1,0.5570933887243202,1.2362331394629378,0.027581278190856807,0.014655371339327821,0.016042761501413757,0.027581278190856807
F2,N2,ENERGY,0.1,18,0.19530385031804198,0.04351615481234715,0.04601271154596545,0.1,0.24426038651279153,21.670281995661604,0.011786737752853644,0.011786737752853644,0.00872135034589344,0.005249805184210039
F2,N2,MAGDIFF,0.1,18,0.47125144640928573,0.08661921579659382,0.10324898767859926,0.1,0.43387652385143927,1.5680426934547167,0.04596636377641288,-0.021779110702213222,0.04596636377641288,0.028498293970256314
F2,N2,MEMLESS,0.1,19,0.6056951968390474,0.1297750192357796,0.1465966960175501,0.1,0.6001631434506742,1.2179956108266277,0.02281957808404683,-0.02281957808404683,-0.006954710674485246,0.00463639877983712
F2,N2,BLOCK,0.1,19,0.20347493257085975,0.03434100395374734,0.03907224180587811,0.1001001001001001,0.23940490511997523,49.75124378109453,0.007905033151925884,-0.0012328022954234796,-0.001433954816111132,0.0011409481900174399
F2,N2,AR,0.1,19,0.5778623700349673,0.1329240079523142,0.1519808193000817,0.1,0.5541125388835106,1.2292358803986712,0.01822842742157016,0.01069960540068533,0.01822842742157016,0.014893625416404141
F2,N2,ENERGY,0.1,19,0.20444575755407773,0.03651507553676871,0.041090907128086544,0.1,0.24694976828063858,25.037593984962406,0.00813780343521863,0.0023815719501872217,0.00030949395713793086,0.0010213925954900961
F2,N2,MAGDIFF,0.1,19,0.4741932449003154,0.0895861256695461,0.10845248009707216,0.1,0.434801663912713,1.574716267339218,0.048968355682993396,-0.02634228407313784,0.048968355682993396,0.03690629671014928
F2,N2,MEMLESS,0.1,20,0.6046296300720303,0.1270241170920681,0.14194509933126542,0.1,0.601066859553721,1.2383785793975455,0.03360983331366905,-0.03360983331366905,-0.006121724746219314,0.013211764131451798
F2,N2,BLOCK,0.1,20,0.2011906899410969,0.03779559058914794,0.042122240534432864,0.1001001001001001,0.2389795093255506,49.75124378109453,0.007674934185710972,0.0024316079845541575,0.005427590489353457,0.0022947581092137765
F2,N2,AR,0.1,20,0.5760778388001337,0.1307207074280862,0.1479186190894638,0.1,0.554018715042458,1.2445496449482996,0.02265393314845115,0.011376161543784877,0.01750070731850056,0.02265393314845115
F2,N2,ENERGY,0.1,20,0.19451242983495323,0.0468468338339393,0.04994654283282633,0.1,0.24456701689232133,22.249443207126948,0.013761493867011247,0.013761493867011247,0.01343203175778907,0.0020563667863804707
F2,N2,MAGDIFF,0.1,20,0.4697718529930177,0.07701002066008192,0.09524099487270415,0.1,0.43297964973637254,1.5646045418950665,0.04617060840103784,-0.02237692888423415,0.04617060840103784,0.03626908439283042
F2,N2,MEMLESS,0.1,21,0.6007941033799563,0.1332925625795127,0.14663299018072273,0.1,0.5958122148815312,1.2043399638336347,0.032165797305261576,-0.032165797305261576,-0.0004925680782159444,0.008668711902747062
F2,N2,BLOCK,0.1,21,0.19772970931220432,0.032382417523915324,0.038070043996006823,0.1001001001001001,0.23761431544088946,49.75124378109453,0.012191757082241652,0.008168534279471226,0.012191757082241652,0.00015520118154223333
F2,N2,AR,0.1,21,0.5730809577669052,0.13569359488803057,0.15109136984291577,0.1,0.5497983876104273,1.2226165707991679,0.02327244256277602,0.008834899115253429,0.02327244256277602,0.021147068203018038
F2,N2,ENERGY,0.1,21,0.190079140437121,0.03973534018219936,0.04396354016802573,0.1,0.2412899624178108,21.25531914893617,0.017235338818879446,0.012242363830264186,0.017235338818879446,0.006820839938401898
F2,N2,MAGDIFF,0.1,21,0.4681829612398642,0.08470536400702744,0.10089089026837524,0.1,0.4284064612173683,1.5665673514191627,0.05524682211916779,-0.02753446161172108,0.05524682211916779,0.03588703236063265
F2,N2,MEMLESS,0.1,22,0.6138204358925119,0.13653069829199044,0.15227939890286346,0.1,0.6113201626496961,1.2287822878228782,0.032254666406783525,-0.032254666406783525,-0.004331515620620922,0.0014620635488943132
F2,N2,BLOCK,0.1,22,0.20569637662081217,0.038518305504741,0.04324427370210574,0.1001001001001001,0.24161413845768828,50.25125628140704,0.009617952756965684,-0.0013163730063134342,-0.0016183672836695864,-0.0060737799211523355
F2,N2,AR,0.1,22,0.5875367460014361,0.14551336235890197,0.16355653674311063,0.1,0.5666413038737916,1.2312053241311314,0.018036516182815498,0.017320012037347964,0.018036516182815498,0.013560633808161613
F2,N2,ENERGY,0.1,22,0.20706015473701372,0.041669181196492544,0.04655698097371846,0.1,0.2516076319985672,23.395784543325526,0.006612346784373508,0.004164662512761796,0.00466186885483902,0.00015133737698369313
F2,N2,MAGDIFF,0.1,22,0.4902239414781314,0.09212696516485944,0.11161479818026862,0.1,0.4485734517535893,1.587730451366815,0.05814127323628373,-0.03835123733776802,0.05814127323628373,0.03791426447454371
F2,N2,MEMLESS,0.1,23,0.6051709835431556,0.12668139254855815,0.1432300231520032,0.1,0.6104842337044498,1.2193335774441596,0.03523714906324192,-0.03523714906324192,0.00490676338892758,0.006236272923486427
F2,N2,BLOCK,0.1,23,0.1972677777649694,0.033540399398353155,0.037949365975958826,0.1001001001001001,0.24026970674003106,49.75124378109453,0.008838580489090189,-0.008838580489090189,0.0007827579512204297,-0.0013683979944557265
F2,N2,AR,0.1,23,0.5806500888147292,0.1304648086214442,0.14928851164914084,0.1,0.5696603690194725,1.2274235164025065,0.0280406484782467,0.00951564434057429,0.0280406484782467,0.015972468608250398
F2,N2,ENERGY,0.1,23,0.18634156134983212,0.04282670930030302,0.04538807966363778,0.1,0.2451848718136176,21.57667386609071,0.00910508614552542,0.0011667140012983808,0.007619563543589766,-0.0029682951790539376
F2,N2,MAGDIFF,0.1,23,0.47761319680317305,0.08058302934520653,0.09933004232723892,0.1,0.44645152682033684,1.5999359385009608,0.05428650701498256,-0.0342055224473974,0.05428650701498256,0.03862810686014719
F2,N2,MEMLESS,0.1,24,0.6123174612127159,0.13125357189531164,0.14837448888148125,0.1,0.613731237117971,1.2389929306709662,0.02641386122120775,-0.02641386122120775,0.0036148331525606725,-0.001388691660643169
F2,N2,BLOCK,0.1,24,0.19799649525459237,0.03629048501541711,0.04040654385095059,0.1001001001001001,0.23826063361900304,49.75124378109453,0.009049407807597342,0.0012685683849242048,-0.004089728874411821,-0.003107386524028297
F2,N2,AR,0.1,24,0.5878940062223001,0.13548275640675475,0.1552208725729143,0.1,0.5731565541298203,1.2304470993964773,0.02481816202562247,0.021405105366510642,0.02481816202562247,0.009584748414510269
F2,N2,ENERGY,0.1,24,0.19590035479473292,0.0457276029751435,0.04887167047344406,0.1,0.2472223729906916,21.764705882352942,0.010595904337154464,0.010595904337154464,-0.0037110092665329207,0.005345875511482252
F2,N2,MAGDIFF,0.1,24,0.48831045016195695,0.08269073735881155,0.10289260374177282,0.1,0.4524369824997422,1.6058511493329046,0.050729563036708475,-0.02462741383038258,0.050729563036708475,0.03178456648796816
F2,N2,MEMLESS,0.1,25,0.6121518355777418,0.13350807694793793,0.14893069210412424,0.1,0.6152740773785401,1.2344000988508588,0.033781189931801195,-0.033781189931801195,-0.0075564987586111115,0.0037623479252608355
F2,N2,BLOCK,0.1,25,0.20150676671938283,0.035579381347661615,0.040022224024053664,0.1001001001001001,0.24252175256132955,49.75124378109453,0.00879603923758273,0.004101169089872887,0.0018764252184944642,0.0008101606925960275
F2,N2,AR,0.1,25,0.5876076592809419,0.13377897775460512,0.15191151896407865,0.1,0.5735465916613317,1.2377648370709948,0.017885717008827122,0.004344152619915474,0.01578084648883109,0.017885717008827122
F2,N2,ENERGY,0.1,25,0.19147821333713658,0.045183634313653576,0.046947278453635145,0.1,0.24645782111107414,22.75626423690205,0.014148274764559501,0.014148274764559501,0.00475353360988244,0.004567099415420664
F2,N2,MAGDIFF,0.1,25,0.4844787080583743,0.08800875713799262,0.10724030002979222,0.1,0.44741839705084246,1.5884878359039594,0.05206060927408975,-0.02041031581722484,0.05206060927408975,0.04048995699165958
F2,N2,MEMLESS,0.1,26,0.6123283094075279,0.1322121220913305,0.1495032293906124,0.1,0.6160103172729805,1.2214207115784326,0.034731948986607954,-0.034731948986607954,-0.006250839032539501,0.0032054820867159425
F2,N2,BLOCK,0.1,26,0.19783421083566893,0.03537410422279108,0.04054209290259586,0.1001001001001001,0.2384960276344641,49.75124378109453,0.01417747562392425,-0.0028695793815965514,-0.01417747562392425,-0.00021267202682072995
F2,N2,AR,0.1,26,0.5883906997683674,0.13924699736983132,0.15826570759597552,0.1,0.5751845945420903,1.2274235164025065,0.01702549822485579,0.012472025461646353,0.01153937331425836,0.014380898220413978
F2,N2,ENERGY,0.1,26,0.19783283692393477,0.04296184266691025,0.04720668843724445,0.1,0.24823472488956583,21.764705882352942,0.010382446049321483,0.0030332834889886997,-0.005135491253494731,0.0028342576746630105
F2,N2,MAGDIFF,0.1,26,0.4852293332877413,0.08553719346056701,0.10485775060984723,0.1,0.44810954699109184,1.5867217280813215,0.04773827762264117,-0.027729776133060626,0.04773827762264117,0.03691124995419306
F2,N2,MEMLESS,0.1,27,0.606239922510621,0.129178794111257,0.14645272601128953,0.1,0.6066762319316507,1.2148850784385261,0.02637231447924728,-0.02637231447924728,0.002470123222105381,-0.00017186858914802902
F2,N2,BLOCK,0.1,27,0.20419297519812915,0.03203033864770978,0.03791246067261527,0.1001001001001001,0.2421222785958346,49.75124378109453,0.004681703903322089,-0.003925965513956651,-0.0019648749190115927,-0.00433927232276606
F2,N2,AR,0.1,27,0.5819872107366165,0.13537979242472134,0.15522713428494522,0.1,0.5660018332220664,1.2208236588048393,0.024531841171035754,0.018638540689351977,0.024531841171035754,0.00945501828855544
F2,N2,ENERGY,0.1,27,0.1981063556862434,0.03549178475220041,0.04059919943534963,0.1,0.24860243801663842,21.956043956043956,0.006376157625450659,0.0027616600362871356,-0.00021504238096953349,-0.0016360795615895662
F2,N2,MAGDIFF,0.1,27,0.47395390952311944,0.08311116351781483,0.10330530272943687,0.1,0.43727021124184184,1.5510013972985561,0.052163473124334836,-0.02168851499754111,0.052163473124334836,0.03530168727867378
F2,N2,MEMLESS,0.1,28,0.6114952942106604,0.13544215806464555,0.15224211238892368,0.1,0.6128334583861647,1.2330288817575907,0.03138621091104115,-0.03138621091104115,-0.01199042203711823,0.009732336403920789
F2,N2,BLOCK,0.1,28,0.21263605099156893,0.03650950968253264,0.04157048042276656,0.1001001001001001,0.24900261542338958,49.75124378109453,0.007802287751138384,-0.007760378543055833,-0.006895496876592977,-0.0012961587673353645
F2,N2,AR,0.1,28,0.5868372296100861,0.1390622774396887,0.15827500998571398,0.1,0.5711349215132007,1.2345526445872466,0.02174856068036425,0.00969722311345407,0.009368495137453293,0.02174856068036425
F2,N2,ENERGY,0.1,28,0.19648464336296698,0.03948297738755499,0.043431354042421294,0.1,0.24770379459675967,23.9568345323741,0.010277440455533781,0.0038208650784210063,-0.0004705639947343724,0.00164872780753382
F2,N2,MAGDIFF,0.1,28,0.4868346584714493,0.08972537908600119,0.10997462691422384,0.1,0.45072798881732534,1.5966117947898353,0.049390488789113486,-0.034365698681148325,0.049390488789113486,0.047113907764959384
F2,N2,MEMLESS,0.1,29,0.6138894642131701,0.12367505989381136,0.14020211304932592,0.1,0.6167834987348694,1.2351632047477745,0.044938386478455015,-0.044938386478455015,-0.016387315839088284,0.00554310517230531
F2,N2,BLOCK,0.1,29,0.20984548404357534,0.03730255865530234,0.042433878905692834,0.1001001001001001,0.24971345684199436,49.75124378109453,0.008817823181573444,-0.008817823181573444,-0.004276726691329104,-0.006427195126459071
F2,N2,AR,0.1,29,0.589140027663987,0.12931846026213514,0.14809436070126333,0.1,0.5746733087483827,1.234247590808006,0.01893816460373013,0.007755379599510332,0.0035240660197120538,0.017564539771414724
F2,N2,ENERGY,0.1,29,0.19287432292280213,0.04293730694171119,0.04656040825565681,0.1,0.24807140371859082,24.666666666666668,0.005986323807426146,-0.0010457632457599208,0.005986323807426146,0.0042162733070880256
F2,N2,MAGDIFF,0.1,29,0.48911851073713486,0.08236462809023001,0.10152284959539065,0.1,0.4523919966381171,1.5633802816901408,0.047364116224183524,-0.03604044881097603,0.047364116224183524,0.03444835435725074
F2,N2,MEMLESS,0.1,30,0.6092100247747534,0.14256319113697752,0.15715522389636072,0.1,0.6089233347188784,1.2193335774441596,0.026495991626743483,-0.026495991626743483,0.0013786372168493562,0.003844628406161808
F2,N2,BLOCK,0.1,30,0.20455240116538861,0.03294020169999426,0.038557227664824056,0.1001001001001001,0.24092963198208317,49.75124378109453,0.010540362147529826,0.005474549774450821,0.002227308881076909,0.009624080179401365
F2,N2,AR,0.1,30,0.5841109588231619,0.14862647207991958,0.16536330581024564,0.1,0.56684505039074,1.2313570812276593,0.022696106091176522,0.017429037107912704,0.022696106091176522,0.014131453303090237
F2,N2,ENERGY,0.1,30,0.20547577314576143,0.04195608985998632,0.046481863093974604,0.1,0.24886543504894243,21.670281995661604,0.012785302261841425,0.010809919676620218,0.007401668298587628,0.012785302261841425
F2,N2,MAGDIFF,0.1,30,0.48018895376927123,0.08629872461936103,0.10457770731663174,0.1,0.4411799285433074,1.5859660263533895,0.04956884388927266,-0.024703596958763847,0.04956884388927266,0.036126720793624695
F2,N2,MEMLESS,0.1,31,0.6033959902185057,0.129881185176826,0.1454702111902469,0.1,0.6065694890819552,1.2283290298782736,0.024943142180321048,-0.024943142180321048,-0.0036805652189801146,0.010175525267616706
F2,N2,BLOCK,0.1,31,0.19704384521272245,0.03578810163829271,0.040154465607178155,0.1001001001001001,0.23812406998448382,50.25125628140704,0.005513200030542371,0.0018625617079102098,0.002286059573861314,0.005513200030542371
F2,N2,AR,0.1,31,0.5786827936757868,0.13363572867350199,0.15108725437415482,0.1,0.5655996612860118,1.234095120444719,0.01801353962187913,0.017818521011490986,0.01466415077470635,0.01801353962187913
F2,N2,ENERGY,0.1,31,0.1973982036837908,0.039092264783848626,0.042283332446975845,0.1,0.24579083500845114,24.789081885856078,0.009374693043044688,0.007548835306925944,0.009374693043044688,0.006311953814030988
F2,N2,MAGDIFF,0.1,31,0.47610845025080123,0.08525185644058499,0.10405145999849988,0.1,0.4422551327050442,1.5814468893462086,0.05106164070988917,-0.02658651691571539,0.05106164070988917,0.03405336191027808
F2,N2,MEMLESS,0.1,32,0.6223255471106269,0.1321064055676227,0.14891029227461836,0.1,0.6203411318954536,1.2377648370709948,0.0367475814376941,-0.0367475814376941,-0.004346020025311991,0.005174437710010644
F2,N2,BLOCK,0.1,32,0.20168749144658213,0.03645364124335149,0.04103250755731989,0.1001001001001001,0.2428694931031873,49.75124378109453,0.017945678266527543,-0.017945678266527543,-0.006492426509318089,-0.00257208750538526
F2,N2,AR,0.1,32,0.5959009662411343,0.1374916743082225,0.15713933028006016,0.1,0.5751287947422457,1.2319644839067703,0.018541470586295874,0.017797152119383684,0.018541470586295874,0.01513326377833955
F2,N2,ENERGY,0.1,32,0.20082591611839973,0.048438228284866755,0.051563919111283864,0.1,0.2531963297542656,23.395784543325526,0.011579162911797019,-0.011084271994838286,-0.0036675547251494227,0.0011788654370486996
F2,N2,MAGDIFF,0.1,32,0.4968327885602388,0.08391368906952008,0.10513524743637045,0.1,0.4550463798629736,1.5950822289637554,0.06340306330849728,-0.04673201830396986,0.06340306330849728,0.03561084406462092
F2,N2,MEMLESS,0.1,33,0.6072084600019952,0.12936895221673272,0.1460662586519772,0.1,0.6090071124884673,1.2362331394629378,0.021696032569928338,-0.021696032569928338,0.0012602391328282287,0.008329320384025238
F2,N2,BLOCK,0.1,33,0.19832258007811354,0.03828530195197827,0.04212339902542274,0.1001001001001001,0.23965873661454198,49.75124378109453,0.011174074528470069,-0.0009286133788121677,-0.00016639634524889338,-0.004471680300844878
F2,N2,AR,0.1,33,0.5815449994100792,0.13455320293029444,0.15379570376632679,0.1,0.5662432056115921,1.2160681679853926,0.025152553085175187,0.024394554662561237,0.025152553085175187,0.020947734757635627
F2,N2,ENERGY,0.1,33,0.1906711930717747,0.04184962094503582,0.04429117374777667,0.1,0.24345161208106947,21.670281995661604,0.012049342656309168,0.012049342656309168,-0.0004002177973198637,0.0035795840300393397
F2,N2,MAGDIFF,0.1,33,0.476369291011336,0.08377751516176966,0.1039032558340067,0.1,0.4414302745242359,1.5940641455241742,0.05989363434653002,-0.03202673348651874,0.05989363434653002,0.044078726731850454
F2,N2,MEMLESS,0.1,34,0.6044501367192237,0.12128474939305538,0.13712324194947906,0.1,0.6022110737193229,1.224114691826982,0.029008888716914084,-0.029008888716914084,-0.002445583453488479,0.004643429701470421
F2,N2,BLOCK,0.1,34,0.20845193758059818,0.037682524868801484,0.04311430404828022,0.1001001001001001,0.2438080928846838,49.75124378109453,0.006255848465029324,-0.0005846554868829207,-0.0008662661102690334,0.003446517456022489
F2,N2,AR,0.1,34,0.578778792931308,0.12322694592671006,0.1412228131020207,0.1,0.5593049478789583,1.2319644839067703,0.02417188163657732,0.009943582914806378,0.02417188163657732,0.01371029168353791
F2,N2,ENERGY,0.1,34,0.19286939352850227,0.04204123428018139,0.045827312943361946,0.1,0.2417922167897523,23.018433179723502,0.011346473605705214,0.011346473605705214,0.008713343755466408,0.003181644479253426
F2,N2,MAGDIFF,0.1,34,0.47260779993600904,0.07979185855880082,0.09810182767665002,0.1,0.4351937553184692,1.5675506041110936,0.05560158301801253,-0.016107286364004523,0.05560158301801253,0.0406424846393689
F2,N2,MEMLESS,0.1,35,0.6028082179150211,0.13612025895128355,0.15252416028408652,0.1,0.6047203408155986,1.2274235164025065,0.01635893025850581,-0.01635893025850581,-0.0017700075850796007,0.013552588135789195
F2,N2,BLOCK,0.1,35,0.20192318530632003,0.03875120644693565,0.0435958364352081,0.1001001001001001,0.24157323643441522,49.75124378109453,0.0070283807251813836,0.0070283807251813836,0.0005917448166509646,0.0005843138642219175
F2,N2,AR,0.1,35,0.5778790129900995,0.13953902965109632,0.15803725405948846,0.1,0.5627186388028225,1.224114691826982,0.020655979281942304,0.020655979281942304,0.02061642547908863,0.018509587009844678
F2,N2,ENERGY,0.1,35,0.19338991923618193,0.042140628206379524,0.04559611992931003,0.1,0.24396493782905326,20.8125,0.00927573823879229,0.00927573823879229,0.004527431084768812,0.003408544784619719
F2,N2,MAGDIFF,0.1,35,0.47468729351575173,0.08466836673517562,0.10269375328786128,0.1,0.4405980562480171,1.5636249804351228,0.050886052273093084,-0.030752869757304367,0.050886052273093084,0.03064735055096069
F2,N2,MEMLESS,0.1,36,0.6119143826625555,0.1366137235572139,0.15065094132838136,0.1,0.6055797075483581,1.2247149687385068,0.04403420955072012,-0.04403420955072012,0.007116380147141431,-0.00496967494313598
F2,N2,BLOCK,0.1,36,0.20918726133537055,0.03362977808741156,0.03873533448621602,0.1001001001001001,0.2404777360006262,50.25125628140704,0.008594055510815818,-0.008594055510815818,0.0047085911462744585,-0.007026806214772604
F2,N2,AR,0.1,36,0.5841469970619048,0.13682743918787593,0.15382525326465907,0.1,0.5584886307412162,1.2393003349460365,0.024180303754241173,0.0055844013664804095,0.024180303754241173,0.01059104709758205
F2,N2,ENERGY,0.1,36,0.1983273076722457,0.03989316740060375,0.043669424268269565,0.1,0.2454523323074355,24.072289156626507,0.012017402413550256,0.0015872456705178389,0.012017402413550256,0.002014510667670899
F2,N2,MAGDIFF,0.1,36,0.4844003305393828,0.08746687941620535,0.10554929922805599,0.1,0.4400293008057786,1.5819477434679334,0.05192243085896909,-0.03157146596497271,0.05192243085896909,0.03268351156170801
F2,N2,MEMLESS,0.1,37,0.6060870932965731,0.12811605737186668,0.14352460234572106,0.1,0.6084825488845513,1.2322684100160355,0.03211157799257888,-0.03211157799257888,-0.001439782189894663,0.009673603439758425
F2,N2,BLOCK,0.1,37,0.19523835158151281,0.03496290836329673,0.03954124252898928,0.1001001001001001,0.23781942676454354,49.75124378109453,0.012059633991405451,0.0011757431154007306,-0.012059633991405451,-0.0004921585762477644
F2,N2,AR,0.1,37,0.5812105780338266,0.134127857998478,0.15169259561634674,0.1,0.5668061673077863,1.2304470993964773,0.025865446921330176,0.016021097049385122,0.025865446921330176,0.019209708883862007
F2,N2,ENERGY,0.1,37,0.19571449003759656,0.04327783720976326,0.04665224928337566,0.1,0.24915154177655008,21.21019108280255,0.007034624453945766,0.004557985782158094,-0.006161599561178942,-0.0004352081805601701
F2,N2,MAGDIFF,0.1,37,0.47764823947649504,0.08438575346444738,0.10241600715111909,0.1,0.4418045772281199,1.574468085106383,0.05552120993363446,-0.02841200588751904,0.05552120993363446,0.04203223362324043
F2,N2,MEMLESS,0.1,38,0.6015340856617789,0.11930458505576436,0.13413820679283378,0.1,0.6023017400861193,1.2344000988508588,0.0350989619412088,-0.0350989619412088,-0.009173876504816157,0.004890033083231956
F2,N2,BLOCK,0.1,38,0.20332784089042463,0.03771218500094166,0.04238135566483182,0.1001001001001001,0.2429423567787664,49.75124378109453,0.0056279256670621605,0.002065842694540012,-0.0040863680968715585,-0.0017675169890548556
F2,N2,AR,0.1,38,0.5734702263045527,0.12160603139378715,0.13889835605754616,0.1,0.5555224457310263,1.240839647248789,0.014745876807879312,0.01208431228559195,0.005731539652366012,0.014745876807879312
F2,N2,ENERGY,0.1,38,0.19455060667838128,0.03862436169951504,0.042314504207351285,0.1,0.24648189296571946,23.395784543325526,0.01290143406427425,0.01290143406427425,0.00410503235922758,0.0023879987727146662
F2,N2,MAGDIFF,0.1,38,0.47210876035369503,0.08078153616970532,0.0982908721671218,0.1,0.43710632114763814,1.5764557361527536,0.0449658139035282,-0.02991072658585735,0.0449658139035282,0.028667855808385385
F2,N2,MEMLESS,0.1,39,0.6094558054373156,0.13809162947896958,0.15422683250559394,0.1,0.6108691332377025,1.2169569984163722,0.03453692095413722,-0.03453692095413722,0.00013877351864101828,0.008785579870624362
F2,N2,BLOCK,0.1,39,0.2041520500969317,0.03138678402258906,0.03711400885026537,0.1001001001001001,0.24528339069299196,49.75124378109453,0.01044563266999229,0.002325880706816946,-0.0036189411255200675,-0.0012637383778258914
F2,N2,AR,0.1,39,0.5841834800026487,0.14387605940132292,0.16215399603098285,0.1,0.5684122229126453,1.2253158346620876,0.021947456114173744,0.018404669109380517,0.021947456114173744,0.020202162935955986
F2,N2,ENERGY,0.1,39,0.1948263260405116,0.036376263602790795,0.04047181604476959,0.1,0.2477193902385355,21.39186295503212,0.009240706827551575,0.009240706827551575,0.0014259209743947654,0.0009394389690879613
F2,N2,MAGDIFF,0.1,39,0.4799877470406412,0.08640376926045211,0.10574303650004702,0.1,0.44457233184492184,1.5719905586152636,0.05178591311159832,-0.032153830839651794,0.05178591311159832,0.03605232324619943
F2,N2,MEMLESS,0.1,40,0.6084521275057996,0.1360352594802165,0.15182513926598426,0.1,0.606617497880435,1.21784712909911,0.02615645842244097,-0.02615645842244097,0.005604013922837194,-0.009052339786101328
F2,N2,BLOCK,0.1,40,0.20670488470983364,0.03536236667510452,0.040567995484416336,0.1001001001001001,0.24431249512951436,49.75124378109453,0.009850395413574449,0.0002251472991171768,0.004292416538426661,-0.0036017683756192093
F2,N2,AR,0.1,40,0.5811028037591752,0.1360607543673057,0.15361518114330233,0.1,0.5606758230553512,1.2347052280311457,0.0262571140417615,0.015258154697236024,0.0262571140417615,0.0017758216095719722
F2,N2,ENERGY,0.1,40,0.2012932184577746,0.04008764121424399,0.044274808125125305,0.1,0.2487719468948669,21.57667386609071,0.010651278770460123,7.066978673340677e-06,0.010651278770460123,-0.00405725441103732
F2,N2,MAGDIFF,0.1,40,0.48072292664042854,0.08420321379127042,0.10181440721601756,0.1,0.44293052922523896,1.5769534333070245,0.04838335296590439,-0.03017101578090288,0.04838335296590439,0.024525822648453273
F2,N2,MEMLESS,0.1,41,0.6056981028491282,0.12670479051441408,0.14203708047822444,0.1,0.6004339231661979,1.219929173281231,0.03324670697179515,-0.03324670697179515,-0.0024819126739869034,-0.004842428394480115
F2,N2,BLOCK,0.1,41,0.1991634324721937,0.036505726294119675,0.04144871691900803,0.1001001001001001,0.2353091815222857,49.75124378109453,0.007947877601359225,-0.001647166788894943,6.415886623965122e-05,0.002804377636009611
F2,N2,AR,0.1,41,0.5782556887070573,0.13286486213633564,0.15029983224875063,0.1,0.554920815257817,1.2389929306709662,0.020977891340211156,0.007474900337872176,0.020977891340211156,0.008275840857562437
F2,N2,ENERGY,0.1,41,0.20128865891240413,0.039980322462731435,0.04445210886551758,0.1,0.24355963941811956,21.21019108280255,0.006295885475383575,0.0028321852576742184,-0.0032883520148614532,0.0014545065834695606
F2,N2,MAGDIFF,0.1,41,0.47182401165861226,0.0862609655002944,0.10515561633377017,0.1,0.4307561081793185,1.5695208169677926,0.051423780881071725,-0.02375939945948908,0.051423780881071725,0.028517584462412534
F2,N2,MEMLESS,0.1,42,0.6031136232374005,0.13550696535925863,0.15015590830160785,0.1,0.6029395700682163,1.2217194570135748,0.033515589567092975,-0.033515589567092975,-0.004803380541989973,0.002063448486784743
F2,N2,BLOCK,0.1,42,0.1982115705988399,0.03790243289250553,0.042343850165878535,0.1001001001001001,0.23911749266746501,49.75124378109453,0.008271098415483394,0.0021187208695105228,0.00019644135905483778,-0.0023690836944443815
F2,N2,AR,0.1,42,0.5763224563645459,0.13969515695427917,0.1565220328101468,0.1,0.5583356778248545,1.2310536044362292,0.013933857759930298,0.01016538161975697,0.013933857759930298,0.012804621044828225
F2,N2,ENERGY,0.1,42,0.1938937073466204,0.03917492892107026,0.04274103405115843,0.1,0.2470893536494494,20.181818181818183,0.007047808530472897,0.005436558475056496,0.0037162291884154223,0.007047808530472897
F2,N2,MAGDIFF,0.1,42,0.4738230733265911,0.08691193643177658,0.104489203700024,0.1,0.43797763501171066,1.5665673514191627,0.052251132540291706,-0.02282060190776233,0.052251132540291706,0.02856969194706091
F2,N2,MEMLESS,0.1,43,0.6091355771217988,0.13572851273247677,0.1510025742412114,0.1,0.6043504123103581,1.2265193370165746,0.03691307136196346,-0.03691307136196346,0.002217773213038967,0.006361265263461655
F2,N2,BLOCK,0.1,43,0.20832451696696697,0.03609027114017781,0.04081489769759347,0.1001001001001001,0.24225893997144593,49.75124378109453,0.008025134461223615,-0.002701320990580092,0.00550969784235663,-0.0025088847781941288
F2,N2,AR,0.1,43,0.5808471516471208,0.1357125154558726,0.1532104759941215,0.1,0.5566822303401129,1.2283290298782736,0.02478256516126412,0.004079595515271552,0.02478256516126412,0.015590464716405964
F2,N2,ENERGY,0.1,43,0.19804863859533448,0.04254260693890738,0.045710067966358396,0.1,0.24462952919280065,21.300639658848613,0.008583029974956916,0.0027939641220606146,0.0052544019245898245,0.002043571063533992
F2,N2,MAGDIFF,0.1,43,0.48065897830601806,0.08571341132395217,0.1049367855411398,0.1,0.43834543894189293,1.5729806329711857,0.05043449582574783,-0.02309075628639378,0.05043449582574783,0.03397767495948437
F2,N2,MEMLESS,0.1,44,0.6065330361113866,0.13407490987547216,0.149334351482115,0.1,0.60650799544931,1.2154763353205986,0.030441546839896215,-0.030441546839896215,-0.006447341069847297,0.005562920739440601
F2,N2,BLOCK,0.1,44,0.1949602566089708,0.03921108822563671,0.0432727367236279,0.1001001001001001,0.23778979654460045,49.75124378109453,0.005922614292728014,-0.0037052742754940552,0.005922614292728014,-0.005622344973702931
F2,N2,AR,0.1,44,0.5811436238199725,0.13519355626327473,0.15231940406982963,0.1,0.5641685797422247,1.2310536044362292,0.014964302232459344,0.008474621034477091,0.013148179035907157,0.014931444737209832
F2,N2,ENERGY,0.1,44,0.19046403447489865,0.04531082181140052,0.04835687529032184,0.1,0.24450143589366086,20.34623217922607,0.012800209518844743,0.0013698875417877839,0.012800209518844743,0.0030388031106401876
F2,N2,MAGDIFF,0.1,44,0.47706406142274416,0.08398761917779783,0.10239349394460066,0.1,0.4403890453262338,1.5626466447677148,0.056919511860227555,-0.027715710405827203,0.056919511860227555,0.025702789123475647
F2,N2,MEMLESS,0.1,45,0.6067549852189456,0.13444027122441243,0.15026378307627392,0.1,0.6079327317689792,1.2157721796276013,0.042221753128261985,-0.042221753128261985,-0.0030631886369950293,-0.0008355364478415738
F2,N2,BLOCK,0.1,45,0.20100660965662995,0.03880020871090857,0.04316166313353605,0.1001001001001001,0.2395896955180402,49.75124378109453,0.0050974162523833265,-0.003996699167668835,0.0029628459409445505,0.0018919181212077208
F2,N2,AR,0.1,45,0.5816056414920852,0.1421523636862846,0.15964875137716603,0.1,0.5656233608365165,1.2328767123287672,0.019831027183199484,0.003554490578244295,0.019831027183199484,0.0108475371877207
F2,N2,ENERGY,0.1,45,0.20348733713356928,0.04501602773094586,0.0486095724345757,0.1,0.2500708657057758,24.666666666666668,0.010211966284326654,0.006338056819270949,0.010211966284326654,0.005504364012720183
F2,N2,MAGDIFF,0.1,45,0.47692629769034894,0.08720778434492817,0.10516930816653178,0.1,0.43906686477821194,1.5991676004482152,0.05122407592881027,-0.026677134066515142,0.05122407592881027,0.03349877316357676
F2,N2,MEMLESS,0.1,46,0.6125066714535342,0.1334435393785497,0.1496556386747691,0.1,0.6137963496024643,1.2485939257592802,0.02893709069914208,-0.02893709069914208,0.0010447782039115685,0.013927105221903819
F2,N2,BLOCK,0.1,46,0.20062737786436094,0.03516711343231267,0.03926663885183831,0.1001001001001001,0.24119596127597406,49.75124378109453,0.011148930340473021,-0.0013427163127376553,0.0021116433617368543,0.0031485907537862038
F2,N2,AR,0.1,46,0.5882166662964016,0.13713924115542406,0.15543573702946709,0.1,0.5731609662051055,1.2405314789519433,0.02510951038648398,0.011017911733218384,0.02510951038648398,0.02003321950018027
F2,N2,ENERGY,0.1,46,0.19212886058945514,0.03668735067052688,0.04006434862394602,0.1,0.24652701716169942,23.56132075471698,0.013759423204796875,0.007586480162617862,0.006187820758732158,0.0066288515864949115
F2,N2,MAGDIFF,0.1,46,0.48526523134388727,0.084190752783041,0.10304657910402405,0.1,0.4479125903754053,1.5884878359039594,0.04620112182562393,-0.030191256207146636,0.04620112182562393,0.042370398321100324
F2,N2,MEMLESS,0.1,47,0.6104588366690191,0.13522681627706168,0.1514017341443955,0.1,0.6116807027024387,1.2229159015791407,0.028971240605591187,-0.028971240605591187,-0.0034609156326099013,0.008891445542069719
F2,N2,BLOCK,0.1,47,0.20140228622232842,0.03432795141603322,0.038662540001538105,0.1001001001001001,0.24408015818179785,49.75124378109453,0.008411082102644747,0.0003400130909931642,-0.008411082102644747,0.0011334928521767832
F2,N2,AR,0.1,47,0.585800888908472,0.13746964409109647,0.15610095070821697,0.1,0.5700979136431962,1.2292358803986712,0.023357917146607367,0.013323491398748962,0.014505580295619188,0.023357917146607367
F2,N2,ENERGY,0.1,47,0.19674213336157328,0.04461162269009322,0.047627074619241,0.1,0.24750613240581376,22.348993288590606,0.00702589583628775,0.003279654950853367,0.00702589583628775,0.0046620198638727805
F2,N2,MAGDIFF,0.1,47,0.48414559353640935,0.08703232570710971,0.10596862196794139,0.1,0.44684987416780747,1.5729806329711857,0.05749022762396434,-0.03168368320744686,0.05749022762396434,0.034757051387455384
F2,N2,MEMLESS,0.1,48,0.6110963092930857,0.14439579889042065,0.1610160655617577,0.1,0.6068611947249756,1.214737354085603,0.026281151167169926,-0.026281151167169926,0.005484299855671144,0.013724103022878797
F2,N2,BLOCK,0.1,48,0.19791233807471303,0.03490318242055633,0.039276418234647156,0.1001001001001001,0.2362819513738089,49.75124378109453,0.013187550910686725,-0.004557066985366196,-0.0064216492171645,0.001480931456870497
F2,N2,AR,0.1,48,0.583836839769564,0.1437117087228822,0.16205059316133008,0.1,0.5606571566237679,1.245635910224439,0.028744204550644147,0.010091491537833189,0.028744204550644147,0.02381154262756704
F2,N2,ENERGY,0.1,48,0.19119371431418355,0.04058314736080974,0.043585269360246,0.1,0.24266437570910737,24.072289156626507,0.009876017300233048,0.00011938650157751625,-0.0024453594417328064,0.006226215899568852
F2,N2,MAGDIFF,0.1,48,0.4827091583444152,0.09206454123125539,0.11141192970181345,0.1,0.4428730338742884,1.5849595430747263,0.06157083543490389,-0.028333895076631525,0.06157083543490389,0.031013772611341837
F2,N2,MEMLESS,0.1,49,0.6052560133160422,0.1350597025227438,0.14728662537137088,0.1,0.6029599231976309,1.207250755287009,0.03786232387202894,-0.03786232387202894,-0.007539979159597602,0.018315038263347655
F2,N2,BLOCK,0.1,49,0.20430115231505994,0.037482253316895864,0.04190100006639156,0.1001001001001001,0.23974276090370603,49.75124378109453,0.0038128309687255656,-0.0002805388412366729,-0.0018825448774403672,0.0018499108673742447
F2,N2,AR,0.1,49,0.5793762407567344,0.14155469155802858,0.15606072766462933,0.1,0.5598308875130245,1.2298411916779515,0.027335449968004476,0.007511545411181751,0.009829450751436786,0.027335449968004476
F2,N2,ENERGY,0.1,49,0.199873800266377,0.04357223635375822,0.047142684843710446,0.1,0.24617422732848732,24.306569343065693,0.008503614387906701,0.008503614387906701,0.004229688540190415,0.006377521381320453
F2,N2,MAGDIFF,0.1,49,0.4781113796715138,0.08905635962720167,0.10514640093792427,0.1,0.43866388312871285,1.5940641455241742,0.04879750612865099,-0.03503311138463232,0.04879750612865099,0.04219309981102792
F2,N2,MEMLESS,0.2,0,0.759002655765006,0.19096330762892316,0.20113677220776438,0.2,0.4706280449472839,1.335026059067219,0.05890235921789986,-0.05890235921789986,-0.027195240121887114,-0.0056212601362302765
F2,N2,BLOCK,0.2,0,0.3510901373333091,0.06441011753732116,0.07206410423954769,0.2002002002002002,0.23216341419281702,50.12531328320802,0.009409978113869283,-0.005404473299093622,-0.003663852228653914,-0.009409978113869283
F2,N2,AR,0.2,0,0.6357415716968904,0.14706724286741685,0.1633597715706148,0.2,0.3402979561517521,1.3312899786780383,0.0160406108977111,-0.0160406108977111,0.002170616703631744,0.009309538469068896
F2,N2,ENERGY,0.2,0,0.348343705314314,0.06966769699180776,0.07663934144513551,0.2,0.23714107970812737,24.395604395604394,0.010501666456203517,0.0015319354321477563,0.001863613788771967,-0.009121737820668902
F2,N2,MAGDIFF,0.2,0,0.5941608759423792,0.11738213508274782,0.13283803127114444,0.2,0.33875776931489787,1.653973509933775,0.06943937636042496,-0.06943937636042496,0.021838101791965384,0.016445708885428546
F2,N2,MEMLESS,0.2,1,0.7634871688631036,0.19741391509387468,0.2088151554449261,0.2,0.4748727000926327,1.339501206757844,0.05999972437682364,-0.05999972437682364,-0.025956372646706263,-0.011992034768759775
F2,N2,BLOCK,0.2,1,0.3527794353702706,0.0690534022337691,0.07667113322698431,0.2002002002002002,0.23278370029959042,50.377833753148614,0.006245800216836132,-0.004564671359919272,-0.002158938941292912,0.00011394222532890686
F2,N2,AR,0.2,1,0.6431483109902377,0.15648936730330804,0.17316445571446307,0.2,0.34564204051405356,1.3335113128211973,0.011146340513635217,-0.011146340513635217,0.008719490713322644,0.0012105089704691678
F2,N2,ENERGY,0.2,1,0.34144797034064023,0.08470268137558509,0.08942326174464789,0.2,0.2351731098448692,24.75836431226766,0.00495218439058416,-0.0013037090477436679,-0.0012899531372573567,0.003333779406253297
F2,N2,MAGDIFF,0.2,1,0.5983891968473943,0.12226287801894467,0.1374924598768274,0.2,0.34227633040006034,1.6675012518778167,0.06601554666635807,-0.06601554666635807,0.018988892064793414,0.004362575878379706
F2,N2,MEMLESS,0.2,2,0.7582935647295617,0.18963640636812004,0.19958158323279804,0.2,0.4684172815037624,1.3390523423363045,0.05638392389973093,-0.05638392389973093,-0.025166980065306054,-0.016677830425710635
F2,N2,BLOCK,0.2,2,0.35141821485136104,0.07428169445341892,0.0806881091404903,0.2002002002002002,0.23043330634283352,50.12531328320802,0.003991589762214965,0.00024600937553348115,-0.0008401419742505629,0.00022219884933274436
F2,N2,AR,0.2,2,0.6328167922943332,0.14590103702323962,0.1613752253243224,0.2,0.33660734847926016,1.3440968718466195,0.007924713972710098,-0.00441550225948239,-0.00032109420410687714,0.007614148718035986
F2,N2,ENERGY,0.2,2,0.3417788073437159,0.07991456284471352,0.08521364030557982,0.2,0.23438792559793276,24.485294117647058,0.006716792796108462,0.005290245302199334,0.006339147531484203,0.0017913159132350366
F2,N2,MAGDIFF,0.2,2,0.591018730907091,0.1128071025705592,0.1285023531283353,0.2,0.334488472426956,1.6623679174640154,0.06142924562379241,-0.06142924562379241,0.022520531170593838,0.00465494465837292
F2,N2,MEMLESS,0.2,3,0.7606385868193318,0.2010547723359719,0.21176264571108402,0.2,0.4690692445122174,1.3365442504515352,0.05041748480842591,-0.05041748480842591,-0.017074583401801593,-0.009408709611794455
F2,N2,BLOCK,0.2,3,0.35433786447267146,0.07379167080049895,0.08141918320482214,0.2002002002002002,0.23070986463076887,49.87531172069826,0.005157153852192033,0.004721714110926034,-0.0033931718316542125,-0.004463325915814719
F2,N2,AR,0.2,3,0.6369670567380561,0.15672989271670343,0.1738912646292759,0.2,0.3391376377432479,1.3299607268854423,0.01374708939314874,0.0012523691966021976,0.01374708939314874,0.010220680500981691
F2,N2,ENERGY,0.2,3,0.3452023363146873,0.08853684364720399,0.09400286018348251,0.2,0.2327646469624851,27.40740740740741,0.010467683087688731,0.010467683087688731,0.006433462564901352,-0.0005878967860867377
F2,N2,MAGDIFF,0.2,3,0.5936590917320487,0.12208385537067457,0.138870826764427,0.2,0.3363316993341623,1.6598820304062474,0.054428025437159105,-0.054428025437159105,0.026667264844446762,0.010929479976550065
F2,N2,MEMLESS,0.2,4,0.762902823906878,0.20375702457411943,0.2134951582006254,0.2,0.4748519837232115,1.328899235118058,0.057829878670776026,-0.057829878670776026,-0.03134302840145755,-0.011804632610008161
F2,N2,BLOCK,0.2,4,0.3610982595495587,0.07548276866998697,0.08273907776812206,0.2002002002002002,0.236118759158714,49.87531172069826,0.007635331628456471,-0.005368603043091692,0.00217536680654276,-0.007635331628456471
F2,N2,AR,0.2,4,0.6426298126455412,0.1656109994980271,0.18083029871607167,0.2,0.34566042260808194,1.349361788343351,0.009046794020697874,-0.004378409803874954,0.00569980829602448,0.002461778169406032
F2,N2,ENERGY,0.2,4,0.3546489012646203,0.08188324728600975,0.08789944595191955,0.2,0.23933843035028138,25.714285714285715,0.011422389104131415,0.0019050850718162048,0.011422389104131415,-0.005341841068739193
F2,N2,MAGDIFF,0.2,4,0.5964306335638655,0.1325812149736924,0.1481171552837398,0.2,0.3407215731360173,1.670428893905192,0.06298735571099917,-0.06298735571099917,0.021299464049933072,0.013896416824107563
F2,N2,MEMLESS,0.2,5,0.7650185226505315,0.1916802404163211,0.20335621162528253,0.2,0.4745584688073418,1.34735990289298,0.06004622167598503,-0.06004622167598503,-0.032254387050545404,-0.01238758039302868
F2,N2,BLOCK,0.2,5,0.35978300326368917,0.06571947271249812,0.07394761006498396,0.2002002002002002,0.23474390160737876,49.87531172069826,0.008233700941842685,-0.007586997459053503,-0.004406584616892411,-0.0017871709773028138
F2,N2,AR,0.2,5,0.6443154507469949,0.14738966898087255,0.16490008527478617,0.2,0.34505557431442513,1.3370809074483037,0.011409652180490655,-0.011409652180490655,7.068489718636396e-05,8.634169032617894e-05
F2,N2,ENERGY,0.2,5,0.3467837398873586,0.07709404855991492,0.08346552869423744,0.2,0.236665094665011,24.69715698393078,0.008279077951775618,0.0025994301392203377,-0.0025592627626765713,0.0025853800142791763
F2,N2,MAGDIFF,0.2,5,0.5993063214721293,0.1181316992391794,0.13519739786997112,0.2,0.3415018435944621,1.6443091103612872,0.062151630999840904,-0.062151630999840904,0.01831554224723185,0.0059235020305096215
F2,N2,MEMLESS,0.2,6,0.7598998665103044,0.20880766578842447,0.21697751763066397,0.2,0.47180810208241103,1.3497264068094306,0.05936485087437204,-0.05936485087437204,-0.023661830232767744,-0.01253567265338504
F2,N2,BLOCK,0.2,6,0.35626365330335596,0.07501005851698406,0.08271946237442807,0.2002002002002002,0.2340296555445856,50.12531328320802,0.009501011753065672,0.006614091531099633,0.0010430795841748855,0.0028100752698486343
F2,N2,AR,0.2,6,0.63794538122866,0.16361110798956666,0.17755993882933993,0.2,0.3430206026131421,1.3232664414861912,0.011100259723607588,-0.011100259723607588,0.003677815817174426,0.0010283102124010006
F2,N2,ENERGY,0.2,6,0.340343220225812,0.07793511114304816,0.0835851262707422,0.2,0.23602695228883258,23.36842105263158,0.010821563298442046,0.007545843308409761,0.003923740990577892,0.0028621788251459225
F2,N2,MAGDIFF,0.2,6,0.5920093433812059,0.1288519976789036,0.14313420583441078,0.2,0.3382772762134831,1.652605459057072,0.060553800328537036,-0.060553800328537036,0.018916972913256627,0.010718537317086965
F2,N2,MEMLESS,0.2,7,0.7590974856908101,0.19647816432947865,0.20575947267609315,0.2,0.4699902465493949,1.340309921513383,0.05493239138337689,-0.05493239138337689,-0.028522312857128675,-0.008957619468823116
F2,N2,BLOCK,0.2,7,0.3559896152934908,0.06697961086206944,0.07523768093985525,0.2002002002002002,0.23296818830317856,50.12531328320802,0.00934682704998168,-0.005628674509258925,0.0008369410563619314,-0.00726257859097413
F2,N2,AR,0.2,7,0.635663598478739,0.1515384929732377,0.16682670117044962,0.2,0.3402305017378852,1.3326218902154339,0.010796530489529377,-0.0053274228255262126,0.007805808263085482,0.010796530489529377
F2,N2,ENERGY,0.2,7,0.33886170103217395,0.07841165785304122,0.0840097890937487,0.2,0.23400811255089687,25.58258642765685,0.009269563177247085,0.003878752768645717,0.0042503102986781935,-0.004920124904564416
F2,N2,MAGDIFF,0.2,7,0.5877182362434364,0.11532091385021737,0.1304372459981946,0.2,0.33611712900936724,1.6448505803902198,0.06363485859494869,-0.06363485859494869,0.025332503303628316,0.015957672126071902
F2,N2,MEMLESS,0.2,8,0.7566946499682194,0.21283298221759614,0.21971682266494186,0.2,0.46801975910704696,1.3499087899466253,0.04970229540099624,-0.04970229540099624,-0.024180824129345625,-0.009022090116098481
F2,N2,BLOCK,0.2,8,0.3592037804116897,0.0792249841333797,0.08580816307326021,0.2002002002002002,0.23360290761199848,49.87531172069826,0.007588311909686377,0.0051016294404246315,0.004659160833916925,0.001700625581758302
F2,N2,AR,0.2,8,0.632812608744122,0.15349950854645797,0.1666525157001753,0.2,0.3391647653974837,1.3386934673366835,0.01204970428526251,-0.01204970428526251,0.001650734836860096,0.0069598050751572774
F2,N2,ENERGY,0.2,8,0.343523532524056,0.08404324281490205,0.08871694360355745,0.2,0.23537738745849232,25.387547649301144,0.014017151100030214,0.014017151100030214,0.01219400674301018,0.010308183742165494
F2,N2,MAGDIFF,0.2,8,0.5866364692523535,0.12215120423392478,0.1363322429674962,0.2,0.33540312538038586,1.6527421622963023,0.053498073283077756,-0.053498073283077756,0.019097931802614716,0.013109563571771902
F2,N2,MEMLESS,0.2,9,0.7625344791414608,0.20498699419816424,0.21714229566267318,0.2,0.48071882890227674,1.3479962218324113,0.060957444507593606,-0.060957444507593606,-0.019830383835223068,-0.015043913883535442
F2,N2,BLOCK,0.2,9,0.34892691246456287,0.07231976368177649,0.08047330318137542,0.2002002002002002,0.23633338293451162,50.12531328320802,0.00796721349130535,-0.00796721349130535,-0.004022379390083406,-0.0019379209676792498
F2,N2,AR,0.2,9,0.6471864430204629,0.16534524771651526,0.18285414698782962,0.2,0.3551106115815746,1.3346693386773547,0.011677815180997687,-0.009180185858652877,0.011677815180997687,0.006209226260530279
F2,N2,ENERGY,0.2,9,0.3380802289657922,0.08389832439158439,0.0904294945054754,0.2,0.23916130718803297,24.575645756457565,0.0074409149518786435,0.006190458279708842,-0.002179871268750132,0.0006343699173645517
F2,N2,MAGDIFF,0.2,9,0.5978797224489074,0.12848632460712045,0.1449870793432934,0.2,0.3467761224429157,1.6575410652065705,0.06619851941288524,-0.06619851941288524,0.027412736515968712,0.02678633292147878
F2,N2,MEMLESS,0.2,10,0.7635057666611673,0.20542023259590014,0.21466910865655406,0.2,0.4759515576728881,1.3460890655527857,0.06419003833919928,-0.06419003833919928,-0.023765554440613703,-0.013188609382299423
F2,N2,BLOCK,0.2,10,0.3526076182311181,0.07763452835309782,0.08498978705514706,0.19961961961961963,0.23532427267220316,49.855,0.00946182862639558,-0.0024312392504256854,0.0065482089838915,-0.00590110224660784
F2,N2,AR,0.2,10,0.6429267018285918,0.16208365411688974,0.17702382322943194,0.2,0.3465249944336991,1.3338674143801321,0.017132442117131587,-0.017132442117131587,0.006477274362247259,0.0047509507705466875
F2,N2,ENERGY,0.2,10,0.34007103169295494,0.08633667265015059,0.09152955724669691,0.2,0.23709385841974467,25.48469387755102,0.009857421365128063,0.009205491581274447,0.008055958893900648,-0.0010135934718822693
F2,N2,MAGDIFF,0.2,10,0.5966199403979036,0.1288545267898888,0.14359172462947128,0.2,0.3415209220777697,1.6426868371289978,0.06583109122485316,-0.06583109122485316,0.025954307847278226,0.006358928582834673
F2,N2,MEMLESS,0.2,11,0.761689386442161,0.1954119001428784,0.20485250828119597,0.2,0.47404910698841474,1.333689339830452,0.06415615899721103,-0.06415615899721103,-0.02707577976242258,-0.010666325732649732
F2,N2,BLOCK,0.2,11,0.34452869573527206,0.07458353303554094,0.0807900191510279,0.20004004004004003,0.2309890174039883,50.464646464646464,0.007782902160974995,-0.00468620095857475,0.002907314701584029,-0.0050447008279567475
F2,N2,AR,0.2,11,0.6403765850540808,0.15273149389308535,0.16808894419674142,0.2,0.3446638743805011,1.3399503722084367,0.007475872461025374,-0.007475872461025374,-0.0019128402123577508,0.0019126309694275786
F2,N2,ENERGY,0.2,11,0.33868308469602076,0.07614316849171335,0.0814525675892126,0.2,0.23535429024432306,26.04954367666232,0.006950612072810356,-0.002239696608175302,-0.002006597228691586,0.0044213926240485365
F2,N2,MAGDIFF,0.2,11,0.5976823424334495,0.12160872514451687,0.13660856627980192,0.2,0.3414192171258325,1.6811106436684897,0.06667490979971788,-0.06667490979971788,0.0187408554274921,0.016694640760766304
F2,N2,MEMLESS,0.2,12,0.7602431855164807,0.20267692012137473,0.21164159518991685,0.2,0.4719867690811734,1.3508214454735987,0.05822886609736879,-0.05822886609736879,-0.028714866656022787,-0.014332195222208192
F2,N2,BLOCK,0.2,12,0.3475343567053998,0.0647378713202397,0.07189380828554542,0.2002002002002002,0.23029603515071384,50.12531328320802,0.006752181981237678,-0.0010698863306226802,-0.006752181981237678,0.0006706363120691709
F2,N2,AR,0.2,12,0.6390487250643421,0.16021555339432741,0.17546643478551985,0.2,0.3435387071005117,1.3394114098008982,0.012316006574748855,-0.012316006574748855,0.009726935288379795,0.0021137351577174123
F2,N2,ENERGY,0.2,12,0.341265153145183,0.07600550912264259,0.08065341307478459,0.2,0.23545409994894362,25.132075471698112,0.008682016729978086,0.006467715281773287,-0.0014245051238296548,0.0056667962344086305
F2,N2,MAGDIFF,0.2,12,0.5925529641539404,0.12666934417606876,0.14178559388686576,0.2,0.3391625417617565,1.6500123874803865,0.061762057841647254,-0.061762057841647254,0.015848473480601654,0.01498268422081322
F2,N2,MEMLESS,0.2,13,0.7588831017324464,0.20319336462847787,0.21205789195428038,0.2,0.46958782088033496,1.334401923462232,0.05625200732761409,-0.05625200732761409,-0.027374169348925354,-0.012069876731662009
F2,N2,BLOCK,0.2,13,0.34795792310953144,0.07521100917226013,0.08119997662764161,0.2002002002002002,0.23107064750346396,50.63291139240506,0.009472964348841362,0.0040191428835699705,-0.003089771133839031,-0.009472964348841362
F2,N2,AR,0.2,13,0.6342559187724245,0.15775609469687768,0.17226937078592255,0.2,0.3388018585360733,1.3320888059203948,0.009819996891477691,-0.006365929200450569,0.0013263700630446722,0.0034701585072304236
F2,N2,ENERGY,0.2,13,0.34128618681084416,0.08172160132481153,0.08630959780063772,0.2,0.23528244196911308,23.395784543325526,0.00960549500162782,0.00960549500162782,0.0046899177896396246,-0.00209396270308503
F2,N2,MAGDIFF,0.2,13,0.5910957629369707,0.1244813968901564,0.1388095931295328,0.2,0.337783521846386,1.6634751477812006,0.05767055764259838,-0.05767055764259838,0.02009110151124089,0.014805712604274202
F2,N2,MEMLESS,0.2,14,0.7633792683113937,0.20836558870056995,0.21716248577036512,0.2,0.4753279102914555,1.3592761412340975,0.06355436304868892,-0.06355436304868892,-0.030735802823599567,-0.007267825079409001
F2,N2,BLOCK,0.2,14,0.35681724691304406,0.07334222861701806,0.0806247402363907,0.2002002002002002,0.23665009807803272,49.87531172069826,0.011706208044571972,0.0036490991822661816,-0.009843687696480806,0.002955251920734881
F2,N2,AR,0.2,14,0.6442399496088423,0.1606065520044809,0.17652840380745596,0.2,0.3481793311051845,1.3462704669496666,0.017856170216256427,-0.017856170216256427,0.004922660221894304,0.003028900158009112
F2,N2,ENERGY,0.2,14,0.35391791578589116,0.08363967230473934,0.08920977034675213,0.2,0.2409463356669581,24.850746268656717,0.011249685711628269,0.008774846915610365,0.0005815379610253037,0.004946105950688134
F2,N2,MAGDIFF,0.2,14,0.5953040683026842,0.12855678106257187,0.14459514302301124,0.2,0.34161919011375086,1.6543843669785543,0.06825613399472708,-0.06825613399472708,0.019375519871476853,0.01584634216525052
F2,N2,MEMLESS,0.2,15,0.7677754239378328,0.20905616437776722,0.21947682633454413,0.2,0.4817348103274638,1.3431932773109243,0.06381784536483634,-0.06381784536483634,-0.03437801917444163,-0.01336609453475384
F2,N2,BLOCK,0.2,15,0.353578472825605,0.07919975598594436,0.08679748409682869,0.19945945945945945,0.2367397831939236,50.06532663316583,0.009918020709504373,-0.009918020709504373,-0.006984534574932296,-0.009618869253602806
F2,N2,AR,0.2,15,0.6515340583768956,0.16196337104863007,0.178182148079873,0.2,0.35347582326326155,1.344458650158132,0.01834525802319568,-0.01834525802319568,-0.006786225136762653,0.0024192060555113196
F2,N2,ENERGY,0.2,15,0.3509857970089696,0.09009942529927858,0.09635478295750571,0.2,0.24130582197015787,25.259165613147914,0.009693695093898454,-0.002472223952285153,-0.0013559999643502321,-0.00020248035679556832
F2,N2,MAGDIFF,0.2,15,0.6075909804463225,0.13122669034019582,0.14692284966537805,0.2,0.3490424542941729,1.683944374209861,0.07340188039160105,-0.07340188039160105,0.019684813931478442,0.005282257718808073
F2,N2,MEMLESS,0.2,16,0.7606428914829089,0.2040618988211903,0.21321411326135906,0.2,0.47206176548153966,1.333689339830452,0.057741917400239734,-0.057741917400239734,-0.02547556244893356,-0.010375255220971656
F2,N2,BLOCK,0.2,16,0.3563966095741669,0.06746067280709599,0.07600196979825938,0.2002002002002002,0.23383029716836282,50.377833753148614,0.00637349471931798,0.002506708880209481,0.002493635756049811,0.004239335621306047
F2,N2,AR,0.2,16,0.6380052983766131,0.15426310892486422,0.16945812962503992,0.2,0.34204475742426504,1.3385141019628861,0.01558980075296589,-0.01558980075296589,0.005915926270208957,0.014565195157141385
F2,N2,ENERGY,0.2,16,0.3419233532457147,0.08652855867559349,0.09215957635546611,0.2,0.23560034323849904,24.666666666666668,0.00980073871240167,0.00980073871240167,0.008711468645206617,0.006034460180641662
F2,N2,MAGDIFF,0.2,16,0.5932676632874031,0.11750376881760995,0.1321178595946219,0.2,0.33728390486615717,1.6598820304062474,0.058100440117800245,-0.058100440117800245,0.019210603013685927,0.017439892123295764
F2,N2,MEMLESS,0.2,17,0.7605895892210259,0.19903768799851257,0.2088978604209487,0.2,0.4737517705532893,1.3358293775489738,0.058466790680917945,-0.058466790680917945,-0.021256392147342554,-0.020126781813524085
F2,N2,BLOCK,0.2,17,0.3417950369320561,0.07184364522568872,0.07810926989368279,0.2002002002002002,0.2298327553839356,49.87531172069826,0.009585789547276286,-0.009585789547276286,-0.004338638940499965,0.002855703542613441
F2,N2,AR,0.2,17,0.6389931583408162,0.1594222974735796,0.17465028646385317,0.2,0.3444859770160261,1.3433738990116317,0.015185416574379567,-0.012514082312745487,0.015185416574379567,-0.0032954243360987455
F2,N2,ENERGY,0.2,17,0.336155150012702,0.0820781758029908,0.08720867688848656,0.2,0.23420552949755064,25.914396887159533,0.005617562289408997,-0.001544432925386168,0.0017143063452987781,0.0012986871382731646
F2,N2,MAGDIFF,0.2,17,0.5911081234237154,0.1264274267776564,0.14159112927923814,0.2,0.33829116895030464,1.670428893905192,0.06421307547053216,-0.06421307547053216,0.025982471358449114,0.010605809722262402
F2,N2,MEMLESS,0.2,18,0.7577320652102064,0.20975989167393083,0.21666694465646288,0.2,0.4682719485068284,1.3457264093756314,0.0542026137252529,-0.0542026137252529,-0.021350210989344337,-0.0010855625032544056
F2,N2,BLOCK,0.2,18,0.3527448146074211,0.07629326541753359,0.08237940896096207,0.2002002002002002,0.23092431396266153,50.12531328320802,0.008432380217637718,0.003936417234191848,0.0030740593177821414,-0.0014623176614021241
F2,N2,AR,0.2,18,0.6334904192785981,0.15669105674229264,0.17026151533921663,0.2,0.33878655827573917,1.335650778795374,0.018552961550046793,-0.007720243949430994,-0.0016213683243852725,0.018552961550046793
F2,N2,ENERGY,0.2,18,0.34121303937126324,0.08334909191992329,0.08721195231809034,0.2,0.23397663215238937,25.132075471698112,0.012231716375347729,0.01176549998409959,0.012231716375347729,0.0017798013978164006
F2,N2,MAGDIFF,0.2,18,0.5833327518604313,0.12906404195930102,0.14223076142527583,0.2,0.33358724799186373,1.6582288986637894,0.053623799835566276,-0.053623799835566276,0.015864197726739148,0.012286047666837186
F2,N2,MEMLESS,0.2,19,0.7581450400075548,0.1922504490370099,0.20330131143765706,0.2,0.4668349032844141,1.3414797905196723,0.05811075457200617,-0.05811075457200617,-0.02516964570643284,-0.00994445684004899
F2,N2,BLOCK,0.2,19,0.3591949330841823,0.06721893916495977,0.07536624556290576,0.2002002002002002,0.23356631817870444,50.12531328320802,0.007373658979876502,-0.005605669291915256,-0.003414290088465315,-0.0008490955684339901
F2,N2,AR,0.2,19,0.6325592719100441,0.14758277909275627,0.1640468305417869,0.2,0.33526289059709763,1.3413897280966767,0.007027719164806322,-0.007027719164806322,-0.0009214973376534045,0.006307597306090092
F2,N2,ENERGY,0.2,19,0.34837157225619253,0.07208987355821439,0.0787582035181441,0.2,0.23421742851648084,25.813953488372093,0.006986776256082415,0.0004273249289567669,-0.002505809951458621,0.00014993445333630757
F2,N2,MAGDIFF,0.2,19,0.5879077434632399,0.12630088408043574,0.1427578312765522,0.2,0.3336938138871219,1.6622296173044926,0.0591365952877375,-0.0591365952877375,0.019644408585050392,0.02424294177633177
F2,N2,MEMLESS,0.2,20,0.7594177036093488,0.19601195272643465,0.2051540874716687,0.2,0.46875862436479154,1.3445491251682369,0.05381789877145707,-0.05381789877145707,-0.027403122536752433,-0.00982725778781077
F2,N2,BLOCK,0.2,20,0.3562609411555103,0.07322346032919017,0.0799529282159461,0.2002002002002002,0.2332612778390249,50.377833753148614,0.006975629196163484,9.605652533259825e-05,0.0039853491858420605,-0.00042259993297344515
F2,N2,AR,0.2,20,0.6347179927542695,0.1488515624971687,0.16448418050143698,0.2,0.33878341553240454,1.3426517035145487,0.01421862140258867,-0.01352620421808117,0.003667877639562622,0.01421862140258867
F2,N2,ENERGY,0.2,20,0.34281271792874785,0.08257341639624868,0.08751677771251055,0.2,0.2341796510160697,27.596685082872927,0.01142845640467455,0.007033104194024695,0.01142845640467455,0.003338040949952079
F2,N2,MAGDIFF,0.2,20,0.5812853965259018,0.11601730623915055,0.13119764395256142,0.2,0.33139780152222137,1.644038509010121,0.05194770456317599,-0.05194770456317599,0.01721029280606751,0.017873194258513237
F2,N2,MEMLESS,0.2,21,0.7558748398297188,0.2068257411702389,0.21414522749840026,0.2,0.46530486725522824,1.3430127041742286,0.05644478241487472,-0.05644478241487472,-0.02791470273231322,-0.009838794925702726
F2,N2,BLOCK,0.2,21,0.34882576867223103,0.06795334270226383,0.07602107656254131,0.2002002002002002,0.2311748911596635,50.12531328320802,0.009892375242390193,0.003714376558828999,0.009892375242390193,-0.0003571475871497368
F2,N2,AR,0.2,21,0.6286089152981291,0.1567962170873512,0.16998782607836715,0.2,0.33392034853265734,1.3304921089431978,0.014828937921773538,-0.014828937921773538,0.005479709871285256,0.01173714709436971
F2,N2,ENERGY,0.2,21,0.34164163083734633,0.0785840531146555,0.08499382332101195,0.2,0.23445208197914377,24.789081885856078,0.015211908516921354,0.015211908516921354,0.014941607627245862,-0.0025991608249206267
F2,N2,MAGDIFF,0.2,21,0.5836104080671762,0.1250078103096475,0.13793167521225191,0.2,0.33153804957529476,1.6534260178748759,0.05778270929703386,-0.05778270929703386,0.024037571140885807,0.018469729270334717
F2,N2,MEMLESS,0.2,22,0.7635715926266641,0.20245158654070053,0.21237867004210453,0.2,0.4741229991137202,1.3445491251682369,0.07284738571733079,-0.07284738571733079,-0.028835612372546515,-0.011657382663586133
F2,N2,BLOCK,0.2,22,0.36032992584930446,0.07570864437807656,0.08349536094379871,0.2002002002002002,0.23435415709368676,50.12531328320802,0.009288854905732715,-0.002249849301896886,-0.0012269262021725456,-0.0073482851909511685
F2,N2,AR,0.2,22,0.6430033341081434,0.16353103104744712,0.17947023219162966,0.2,0.34423166982475145,1.3288108539505188,0.007824194805120532,-0.003517252482662162,0.004400582231950824,0.007596132193214408
F2,N2,ENERGY,0.2,22,0.349000671585572,0.0832393314391702,0.0889845475775212,0.2,0.23662138530467663,25.387547649301144,0.01019963073748761,0.0031536215789791317,0.0025166029317659866,-0.001061002132101997
F2,N2,MAGDIFF,0.2,22,0.5997962405495791,0.13118360840526194,0.1468909915929211,0.2,0.3416983181330118,1.6457990115321253,0.0672635770932,-0.0672635770932,0.0252101875059765,0.01799226870068083
F2,N2,MEMLESS,0.2,23,0.7594645775041439,0.1884592582518219,0.19841575687167026,0.2,0.4749271317372413,1.3448206232752238,0.0647721187377541,-0.0647721187377541,-0.030791288197953293,-0.00911832861844429
F2,N2,BLOCK,0.2,23,0.3463997183547175,0.06661143152013815,0.07410659199628984,0.2002002002002002,0.23271376233538613,50.377833753148614,0.010347267334196055,-0.010347267334196055,0.0017050748568563396,-0.008459908810700403
F2,N2,AR,0.2,23,0.6378334887861417,0.1508960601111465,0.16712291699911513,0.2,0.34623105946178223,1.339142091152815,0.01702827473901457,-0.01702827473901457,0.010737888747454578,0.0047914067875222816
F2,N2,ENERGY,0.2,23,0.33070868936371345,0.08110998098164232,0.0861953002460134,0.2,0.2349472791874904,25.419847328244273,0.011760988297814889,-0.0016641437474227098,0.011760988297814889,0.005386514830377806
F2,N2,MAGDIFF,0.2,23,0.5909500956144055,0.11991943286427642,0.1346212301638803,0.2,0.3407814719729121,1.6838024608124051,0.068036885003139,-0.068036885003139,0.01417324298045164,0.024205463222190964
F2,N2,MEMLESS,0.2,24,0.763795013890231,0.19951807678575914,0.20926346494508233,0.2,0.4760255903851105,1.3608500204331835,0.06551767373823802,-0.06551767373823802,-0.022077571579481692,-0.008967943271032801
F2,N2,BLOCK,0.2,24,0.3489258827959291,0.07547094568703971,0.08143533827929837,0.2002002002002002,0.23262022001595092,49.87531172069826,0.010663927289092805,-0.000589332775213132,-0.0028396649385135433,-0.003041104114790599
F2,N2,AR,0.2,24,0.6456585443579899,0.15380749028460472,0.17051686312172404,0.2,0.3491252563401935,1.3425614836715496,0.010411290975671342,-0.003335763441245207,0.010411290975671342,0.0008784117081855901
F2,N2,ENERGY,0.2,24,0.3415884731845097,0.08064938982731876,0.08558284854960804,0.2,0.23636296819238475,24.575645756457565,0.009292677878979142,0.003943799020277786,0.0012039576735091778,-0.00015150090585981568
F2,N2,MAGDIFF,0.2,24,0.5995115175121946,0.11681428330890661,0.1334494924914362,0.2,0.34397499175053303,1.6707082531984279,0.06503035786766286,-0.06503035786766286,0.02487711069963189,0.014621143145631569
F2,N2,MEMLESS,0.2,25,0.7638355467702619,0.20908267138686215,0.21782517049486994,0.2,0.4776500991586741,1.3491795529745425,0.0649270126182073,-0.0649270126182073,-0.028465325081172162,-0.00862784984074034
F2,N2,BLOCK,0.2,25,0.35548722988470083,0.0794339015664549,0.08591633300377839,0.1997797797797798,0.23649763180710204,50.398989898989896,0.008498435173442523,0.005567208404061699,0.0010817495697407347,0.00037537564568009544
F2,N2,AR,0.2,25,0.6460721008027549,0.15793207913368867,0.1735121346039644,0.2,0.35106408223562613,1.3469965617204882,0.018243987331474316,-0.018243987331474316,0.002048140866139247,0.004479879738845811
F2,N2,ENERGY,0.2,25,0.3441900488019735,0.08450450728922103,0.08908362375021041,0.2,0.23875459274326644,25.64826700898588,0.00944781462394857,0.009026500315832485,0.0075578458172480085,0.00944781462394857
F2,N2,MAGDIFF,0.2,25,0.5981243937933967,0.12247050490655688,0.13807471847549224,0.2,0.34394197675569604,1.6609859506193365,0.058382647953165556,-0.058382647953165556,0.01769868731944773,0.01769972315534863
F2,N2,MEMLESS,0.2,26,0.7639420732517925,0.2031009364377787,0.2139952980011846,0.2,0.47852015004624826,1.3539337263671478,0.06347173613270717,-0.06347173613270717,-0.0325303320178877,-0.013808304585408165
F2,N2,BLOCK,0.2,26,0.35257704610004886,0.07712237833535449,0.08402293935274,0.2002002002002002,0.2330708814279278,49.87531172069826,0.01561412579858938,-0.006681468883054305,-0.01561412579858938,-0.0003570978189045058
F2,N2,AR,0.2,26,0.6483522489229343,0.15866717350925805,0.1751990141118174,0.2,0.3529491134138844,1.3453639485556528,0.01659803535344463,-0.01659803535344463,-0.0010250641839690648,-0.0032934664122700177
F2,N2,ENERGY,0.2,26,0.338000622468546,0.08418678991269743,0.08891846981126737,0.2,0.23593657342236804,22.912844036697248,0.008030061949564649,0.0037520487406291574,-0.004814268143417321,0.004560569304408306
F2,N2,MAGDIFF,0.2,26,0.6006059129242615,0.1214557762101949,0.1374648351067717,0.2,0.345149273734391,1.6614002993514052,0.06271912526674689,-0.06271912526674689,0.01496002944306321,0.01299309344629344
F2,N2,MEMLESS,0.2,27,0.75843368381315,0.1963466345245304,0.20715040259848522,0.2,0.4722309859630889,1.3360080240722167,0.05785127619133237,-0.05785127619133237,-0.024465301773890953,-0.01924496625153749
F2,N2,BLOCK,0.2,27,0.35362243010899796,0.06474416971857674,0.07424214252062,0.2002002002002002,0.23407840734293742,50.12531328320802,0.0049653549966554526,-0.0049653549966554526,0.001120305952548149,7.544791037278676e-05
F2,N2,AR,0.2,27,0.6387465876429728,0.1525404288623826,0.16979410384608104,0.2,0.34434107573643963,1.3281925147909326,0.010733735555376068,-0.010733735555376068,0.004857410086378441,-0.003144174895557861
F2,N2,ENERGY,0.2,27,0.34869160674615235,0.07572654366680592,0.08249560565602286,0.2,0.23843799218071118,25.19546027742749,0.006774835635711969,0.00036774497907224703,-0.000603553229383363,-0.0029738827510066936
F2,N2,MAGDIFF,0.2,27,0.587246046433649,0.12347358008343146,0.1398026911265064,0.2,0.3366921223860268,1.636497665656483,0.05609997987088212,-0.05609997987088212,0.020500594676946964,0.010240180826191811
F2,N2,MEMLESS,0.2,28,0.7630830039464184,0.19227255669122623,0.20405774729040946,0.2,0.47551913136590507,1.3364548494983277,0.06114563988147006,-0.06114563988147006,-0.033479240956972654,-0.015545962389511099
F2,N2,BLOCK,0.2,28,0.3642386390690207,0.06870104410238777,0.07657591477765238,0.2002002002002002,0.23802013304798839,50.12531328320802,0.0102278861931498,-0.008444762310959938,-0.0102278861931498,-0.0017764268550548032
F2,N2,AR,0.2,28,0.6426338806307201,0.16012355322531013,0.1773942882298226,0.2,0.34673774807200824,1.338603778641297,0.015583088749492147,-0.009469218172145168,-0.004798026146044805,0.015583088749492147
F2,N2,ENERGY,0.2,28,0.355625508546547,0.07487614717381617,0.0821243265785114,0.2,0.2402057362714278,25.914396887159533,0.008798628094096487,0.0023404388843462996,-0.008798628094096487,0.0024608568511570914
F2,N2,MAGDIFF,0.2,28,0.595952660165856,0.12961364710548645,0.14617951055935283,0.2,0.34158967432354814,1.6485148514851484,0.06489163211401999,-0.06489163211401999,0.020029872664180156,0.021524213506506545
F2,N2,MEMLESS,0.2,29,0.76338047923946,0.19080129894063919,0.2012825771916357,0.2,0.477624019075991,1.3441872981700753,0.06557691351683499,-0.06557691351683499,-0.025187824621325017,-0.013578998556271893
F2,N2,BLOCK,0.2,29,0.36008778988828627,0.06868482433913953,0.07616040564397052,0.2002002002002002,0.23956193982052265,50.377833753148614,0.009801492259233982,-0.009801492259233982,-0.004596244709945421,-0.00285698778608972
F2,N2,AR,0.2,29,0.6457435431273781,0.1488993373867057,0.16497293270864702,0.2,0.3498496033796364,1.342741935483871,0.024009948362949975,-0.024009948362949975,-0.0036209925700868488,0.006679278055298389
F2,N2,ENERGY,0.2,29,0.3437738805484087,0.07669887936615147,0.08246997687501532,0.2,0.24004775772174303,24.1596130592503,0.007891460824755616,-0.0009304192335032441,0.007891460824755616,0.0010821086829186286
F2,N2,MAGDIFF,0.2,29,0.5987070994985472,0.118582272827503,0.1350676471750459,0.2,0.3433522202387791,1.6552066937287715,0.07054990799873631,-0.07054990799873631,0.021915250793805144,0.013633448646059594
F2,N2,MEMLESS,0.2,30,0.7614220111128871,0.2148128347844925,0.22386581569051475,0.2,0.47334295001004323,1.3381555153707052,0.05702093726838443,-0.05702093726838443,-0.019670021435460063,-0.013657604191644536
F2,N2,BLOCK,0.2,30,0.3623202952308157,0.07281188145928949,0.07981962104998361,0.2002002002002002,0.23490675420814622,49.87531172069826,0.012018487856481875,0.002968820026645354,0.0031727160248008696,0.012018487856481875
F2,N2,AR,0.2,30,0.6412496218690374,0.1650279904687441,0.17935671637384826,0.2,0.3450679152705765,1.3303149344164058,0.01667300357686501,-0.0133792679268478,0.005772864736502753,0.0031478286661832393
F2,N2,ENERGY,0.2,30,0.3485158804845801,0.07884129293135184,0.08464570194522096,0.2,0.23616922453119915,25.58258642765685,0.01373050097091312,0.011277640057475159,0.007344077689705413,0.010839221139243266
F2,N2,MAGDIFF,0.2,30,0.5951388487656242,0.12839039454905662,0.14297759679537883,0.2,0.340064248322606,1.671826625386997,0.06628807171885179,-0.06628807171885179,0.022019476520396243,0.013833887126190773
F2,N2,MEMLESS,0.2,31,0.7577045061564338,0.19521494507795367,0.20548124435875037,0.2,0.4730020529514495,1.3521012384110442,0.06250299386314806,-0.06250299386314806,-0.024622115203807027,-0.0022723218334557804
F2,N2,BLOCK,0.2,31,0.34488096703591503,0.07284966912007755,0.07869822102177557,0.2002002002002002,0.23145116084847642,50.12531328320802,0.008792098076888239,0.0005702084860682331,0.0015562311795800292,0.0045673957643383375
F2,N2,AR,0.2,31,0.6370360291581738,0.1520323625828091,0.16717232656269287,0.2,0.3454058713965211,1.3415698650372658,0.012353924071071732,-0.007978173013486288,1.4802385276301996e-05,0.008556678937411357
F2,N2,ENERGY,0.2,31,0.344455745925893,0.07855613306719018,0.08331928104802361,0.2,0.23825739643877533,23.870967741935484,0.011112131203008146,-0.002329633207114367,0.002786968785060532,0.011112131203008146
F2,N2,MAGDIFF,0.2,31,0.5867570404619232,0.1248668540184636,0.140791308536318,0.2,0.338102117030907,1.6478350515463918,0.05690084707904246,-0.05690084707904246,0.02191178527737464,0.015818380899903273
F2,N2,MEMLESS,0.2,32,0.7698218095957357,0.20417532347789208,0.21398260235707497,0.2,0.4786091950934489,1.3574291731775256,0.07193934889711079,-0.07193934889711079,-0.03349518664047573,-0.015657686380306894
F2,N2,BLOCK,0.2,32,0.3599482331231355,0.07680104833017325,0.08374770340827256,0.2002002002002002,0.2368433312122437,50.377833753148614,0.015135020481308438,-0.015135020481308438,-0.011819750269316058,-0.002738899224691249
F2,N2,AR,0.2,32,0.65076550193856,0.15596407408005575,0.17285823815335377,0.2,0.3485347611505409,1.337617995581442,0.011558507526535112,-0.011558507526535112,0.002650746543085496,0.0036534503957753933
F2,N2,ENERGY,0.2,32,0.34751801502071844,0.08435988608199917,0.089778834638047,0.2,0.23872810994747082,26.324110671936758,0.011228527540576494,-0.01014681333638285,-0.00872631478078646,0.002527177608958495
F2,N2,MAGDIFF,0.2,32,0.6075025003387989,0.12285148341487896,0.14050901302933266,0.2,0.3459747311464271,1.6576785862440886,0.08352247960389837,-0.08352247960389837,0.036966521462022096,0.016288181620377797
F2,N2,MEMLESS,0.2,33,0.7606502372195317,0.2018284185132106,0.21135224407450884,0.2,0.47378090263837375,1.3566917905887146,0.057403850627507955,-0.057403850627507955,-0.026168737168058866,-0.010823389920456169
F2,N2,BLOCK,0.2,33,0.35232761915066274,0.07485351697516489,0.08114191113983509,0.2002002002002002,0.23435244465107125,49.87531172069826,0.01087595496744222,-0.0013185204479696764,-0.00022678084368949248,-0.0054028053429695045
F2,N2,AR,0.2,33,0.6385098214321757,0.1523351701817987,0.16920034385519978,0.2,0.3444464060092843,1.329783693843594,0.00996708894637876,-0.00309866993458425,0.006238165574748002,0.007908430088350389
F2,N2,ENERGY,0.2,33,0.33879322314005783,0.07552492633353285,0.08033152864366168,0.2,0.23571652165900261,25.32319391634981,0.012957443731262196,0.003811401237533451,0.001887545563726554,-0.00507447211995753
F2,N2,MAGDIFF,0.2,33,0.5953750811131294,0.11877801943312426,0.13547131984255406,0.2,0.3415538120856349,1.6819597609226367,0.06431684246646922,-0.06431684246646922,0.024523164417050946,0.01886869229979533
F2,N2,MEMLESS,0.2,34,0.757948650562199,0.19331208830633467,0.2025891322219144,0.2,0.4691350925088932,1.3347585009018639,0.06133442043836829,-0.06133442043836829,-0.027827897161867492,-0.01048568829506435
F2,N2,BLOCK,0.2,34,0.3569366465757787,0.0734414140628168,0.08072677103336048,0.2002002002002002,0.23342884364800812,50.12531328320802,0.004025849999626626,-0.0009218847849098422,-0.001004482421727877,0.004025849999626626
F2,N2,AR,0.2,34,0.6340468742793081,0.14338638308370288,0.159277864309945,0.2,0.3391512713738738,1.3343128088687057,0.011567089849936938,-0.011567089849936938,0.006186967247697896,0.0017635374007906209
F2,N2,ENERGY,0.2,34,0.33671037514878965,0.07931375043482235,0.08471608503381146,0.2,0.23251162396183028,25.88082901554404,0.007892322453377088,0.0034835874518070195,0.004554732136894209,0.007892322453377088
F2,N2,MAGDIFF,0.2,34,0.5891243976209353,0.11890337808251987,0.13386788849113573,0.2,0.3366000318397472,1.656304401890077,0.05001346068980728,-0.05001346068980728,0.021005793804932223,0.01676733932355327
F2,N2,MEMLESS,0.2,35,0.7571779903411544,0.19675076236480726,0.2074414549201803,0.2,0.47139299788337574,1.3361867183842706,0.055853736681665,-0.055853736681665,-0.025227535050298344,-0.004153912048380534
F2,N2,BLOCK,0.2,35,0.35046184370721656,0.06971698057161298,0.07709699097911568,0.2002002002002002,0.2326970982406408,49.87531172069826,0.008225459537970756,0.002678364044980664,-0.002323854144100399,0.0020160913046750307
F2,N2,AR,0.2,35,0.6350224213157276,0.15640588921266813,0.17287544503946237,0.2,0.34298995219608697,1.3342237061769615,0.010016773638590954,-0.0017870177412329378,0.009956054717489051,0.010016773638590954
F2,N2,ENERGY,0.2,35,0.3388148407118282,0.08249097476867724,0.08803534467680295,0.2,0.23569699412536974,25.813953488372093,0.009256440344498301,0.009256440344498301,0.002030951205633341,0.008757208582364827
F2,N2,MAGDIFF,0.2,35,0.5903583651516544,0.12299330150074018,0.1382831494727904,0.2,0.3392239209716935,1.6486508787853784,0.05916372121199327,-0.05916372121199327,0.018373564399696653,0.013686738634811901
F2,N2,MEMLESS,0.2,36,0.7631436500986867,0.20633498576470657,0.21512345319360812,0.2,0.4709721161613743,1.3379762941137079,0.06564860790522252,-0.06564860790522252,-0.015330754885856921,-0.022350592353546292
F2,N2,BLOCK,0.2,36,0.36659403691340703,0.0707385419539848,0.07831957244069258,0.2002002002002002,0.23424088697435455,50.377833753148614,0.008813135145310813,-0.007666694948449281,0.0035482271610844285,-0.007750345644959185
F2,N2,AR,0.2,36,0.6392558961888192,0.15728289881453333,0.17186732488701906,0.2,0.33925803277907346,1.3387831680514608,0.0185161564816696,-0.0185161564816696,0.007522599486208606,-0.001689812138641243
F2,N2,ENERGY,0.2,36,0.35542827948527916,0.08016107904632319,0.08613400041016644,0.2,0.23712088403722464,26.324110671936758,0.008746621916960256,-0.0032109692227538732,0.008746621916960256,-0.0049245024311371
F2,N2,MAGDIFF,0.2,36,0.5943625433059724,0.12154955168691695,0.13611798637722297,0.2,0.33569765656499106,1.6631982019478897,0.06417509358390952,-0.06417509358390952,0.01783248946916565,0.009033569844310625
F2,N2,MEMLESS,0.2,37,0.7595592295831036,0.19127335503640777,0.20085982432768332,0.2,0.4740895958808827,1.3467241844162847,0.06627016914933717,-0.06627016914933717,-0.03106367284282604,-0.008805785459914886
F2,N2,BLOCK,0.2,37,0.3516791298174366,0.0729515411306276,0.0800794568150793,0.2002002002002002,0.23451487684648342,50.12531328320802,0.012607801114066055,-0.00025330754945752704,-0.012607801114066055,0.0006915108759630371
F2,N2,AR,0.2,37,0.639195537164728,0.1500637773490938,0.1657170444497972,0.2,0.3460514550198898,1.3397706698853349,0.012131985798709364,-0.008836101810818528,0.002125931458062384,0.012131985798709364
F2,N2,ENERGY,0.2,37,0.34135583633837163,0.08041499555429768,0.08544050919648367,0.2,0.23678231564973837,27.332421340629274,0.009372868154716156,0.0008933588407776962,2.3775294130961383e-05,0.0036752016827125643
F2,N2,MAGDIFF,0.2,37,0.5904805942395377,0.11927393248445142,0.13405437864819114,0.2,0.3391532349269876,1.6591928251121075,0.06935001825656924,-0.06935001825656924,0.02484323855204903,0.019593866932612766
F2,N2,MEMLESS,0.2,38,0.7563909130003389,0.19046679023028418,0.19974639366885813,0.2,0.46995935201934286,1.3471782078079697,0.06354921322286393,-0.06354921322286393,-0.024131876436620757,-0.003231020991316524
F2,N2,BLOCK,0.2,38,0.35707024674490817,0.06982672874534546,0.07732880857386208,0.2002002002002002,0.23501101654531067,50.377833753148614,0.003994983934270971,-0.0005826678227483608,-0.003994983934270971,-0.003975076516849925
F2,N2,AR,0.2,38,0.6313255755670478,0.1427084784699385,0.15772563005575238,0.2,0.3393749275810861,1.341750050365993,0.01461615353373089,-0.01461615353373089,-0.002057938906762103,0.0043280149447726445
F2,N2,ENERGY,0.2,38,0.3467366737208851,0.07447441315632139,0.08049332094277373,0.2,0.23700757493123273,25.132075471698112,0.006993986450480868,0.006993986450480868,0.0003161007504343764,-0.0029220469560442292
F2,N2,MAGDIFF,0.2,38,0.5842851858075203,0.11750686298891605,0.13170611529930884,0.2,0.33503164288284726,1.6571286389649167,0.060877935876364454,-0.060877935876364454,0.022489128459575042,0.013942402179853751
F2,N2,MEMLESS,0.2,39,0.762459486509076,0.2063292385098357,0.21474917410873323,0.2,0.47506255987149903,1.356139279169212,0.05672511688753343,-0.05672511688753343,-0.02982726862941473,-0.015350852134451556
F2,N2,BLOCK,0.2,39,0.35279206589132606,0.06402482986502232,0.07206313882665623,0.2002002002002002,0.23426873402107776,49.87531172069826,0.00968242785941071,0.00041129640674301553,-0.0038493365257803005,-0.0030865536312579002
F2,N2,AR,0.2,39,0.6420597597898217,0.1627022954770988,0.17826308838895738,0.2,0.34684981225136824,1.335650778795374,0.009268112556384617,-0.009268112556384617,0.004266750852062846,0.006529704231119611
F2,N2,ENERGY,0.2,39,0.33697688927079095,0.07381776264004451,0.07989006159459498,0.2,0.23469907971120682,27.183673469387756,0.008002666900486713,0.0034845339946743196,0.0013858105204780874,0.003445928373668806
F2,N2,MAGDIFF,0.2,39,0.5957048196384336,0.12360232917265913,0.13905436308882552,0.2,0.34170290227083744,1.674348445487304,0.062411968177236404,-0.062411968177236404,0.015952223167447967,0.016573858697669037
F2,N2,MEMLESS,0.2,40,0.7608942542474639,0.20620511910181277,0.21614308634698576,0.2,0.47169190790055265,1.3464519172450973,0.05244944029946084,-0.05244944029946084,-0.017313072228250362,-0.02402416750987529
F2,N2,BLOCK,0.2,40,0.3574071360498201,0.07117941202473772,0.07893150167582477,0.2002002002002002,0.2353232692412545,50.377833753148614,0.009286309275777838,-0.0020272937886926436,0.006578723353472587,-0.0028911113895753243
F2,N2,AR,0.2,40,0.6387253337510218,0.16053323567885258,0.17601449456697169,0.2,0.34226633259339334,1.3335113128211973,0.014063705148952287,-0.006732604059917182,0.014063705148952287,-0.009096010717312083
F2,N2,ENERGY,0.2,40,0.34041781325886744,0.08129332961188691,0.08649258996527757,0.2,0.23607252526350245,24.60591133004926,0.010395027579457278,0.004246381167680373,0.010395027579457278,-0.002423944991772604
F2,N2,MAGDIFF,0.2,40,0.5931381414665614,0.12879111429268042,0.14333948489403006,0.2,0.3390197096711357,1.6585041919149996,0.05916803528183561,-0.05916803528183561,0.02308136003638817,-0.003108659412626179
F2,N2,MEMLESS,0.2,41,0.7601733062792997,0.19605583610993438,0.20634457562122804,0.2,0.4682068648413324,1.3383347846473308,0.054904381544276286,-0.054904381544276286,-0.018139457816827378,-0.006657893293602792
F2,N2,BLOCK,0.2,41,0.35346586321611984,0.06804540472049418,0.07607164672310522,0.2002002002002002,0.2299288559842309,49.87531172069826,0.01006701835907308,-0.004645457046686107,-0.002547659699262996,0.0015570339109810061
F2,N2,AR,0.2,41,0.6347709283614315,0.15037388428465948,0.16590209778782478,0.2,0.337567392121779,1.3435545692959452,0.014003420519918139,-0.014003420519918139,0.004033865302307537,-0.0032650887072704117
F2,N2,ENERGY,0.2,41,0.33420187957106384,0.08197235871319956,0.08764182599644191,0.2,0.22995376771430853,25.517241379310345,0.007867260714316976,0.007867260714316976,0.0016616016695064574,0.005778411475377036
F2,N2,MAGDIFF,0.2,41,0.5872485285647145,0.11744241420680322,0.13368209384698382,0.2,0.33270073132581546,1.6701496280197274,0.05781124587314192,-0.05781124587314192,0.02173651124777166,0.00507324511679548
F2,N2,MEMLESS,0.2,42,0.7570101244165419,0.19725045543533123,0.20604478526622078,0.2,0.4696340133608345,1.3287224845381393,0.06148454852128456,-0.06148454852128456,-0.029759259105582733,-0.014870564806627224
F2,N2,BLOCK,0.2,42,0.354704418223675,0.07352329230589694,0.0799479355999728,0.2002002002002002,0.23406470092006548,49.87531172069826,0.007140791895512432,0.0037304259202831265,-0.003761014219277791,-0.001375214547066427
F2,N2,AR,0.2,42,0.63209126371294,0.15772863008880114,0.1723696263506192,0.2,0.3388856330788359,1.3296951949953415,0.01418582865968406,-0.01418582865968406,0.003956597744797062,0.00438049958284954
F2,N2,ENERGY,0.2,42,0.3442589287219212,0.08224307608072357,0.08731931936509615,0.2,0.23651883727262898,24.33617539585871,0.013333870456847323,0.013333870456847323,0.0008613722576138007,0.0041071904617542895
F2,N2,MAGDIFF,0.2,42,0.5883522947675857,0.1197898895015286,0.13395344124819403,0.2,0.3369712795764905,1.6629213483146068,0.06101833605594404,-0.06101833605594404,0.019477717175438964,0.0070457753703663615
F2,N2,MEMLESS,0.2,43,0.7606220763026791,0.20065272013511148,0.20963305033228774,0.2,0.4698438726452974,1.348269113975302,0.06739875645070854,-0.06739875645070854,-0.021472039601724703,-0.011676769619371254
F2,N2,BLOCK,0.2,43,0.35757444041555464,0.07124988783598839,0.07846953712625948,0.2002002002002002,0.23172959084852376,49.87531172069826,0.007095633904748514,-0.003374758237000003,0.0015001361315190875,-0.0001994855257438661
F2,N2,AR,0.2,43,0.6355821049745689,0.15623933383185518,0.17137154851441339,0.2,0.3375741199213698,1.3413897280966767,0.018826825012304142,-0.018826825012304142,0.01218473753240881,0.006515218548462744
F2,N2,ENERGY,0.2,43,0.34416607552667794,0.07808441816280424,0.08372529904186123,0.2,0.23345574091538535,24.10132689987937,0.011700373347727782,0.0024758776438833113,0.008655377646619021,-0.001397875557827088
F2,N2,MAGDIFF,0.2,43,0.5936826253787552,0.12526996286786757,0.1407906914351794,0.2,0.3361855420832867,1.6609859506193365,0.05922609561107436,-0.05922609561107436,0.018988707513293065,0.01903595453623925
F2,N2,MEMLESS,0.2,44,0.7599678145501011,0.2023305399514096,0.2121218400178958,0.2,0.47202650652860445,1.3338674143801321,0.05156520252522552,-0.05156520252522552,-0.026813387915195996,-0.010161415376394279
F2,N2,BLOCK,0.2,44,0.3510816738829915,0.07523955335683695,0.08146048060588722,0.2002002002002002,0.23187365918722108,50.377833753148614,0.010275971073990397,-0.004022905394842872,0.0029136648705882875,-0.004084187036248459
F2,N2,AR,0.2,44,0.6399919195016412,0.15518361269838293,0.17001932215888305,0.2,0.3452841937996556,1.3463611859838276,0.01982223814313797,-0.01982223814313797,-0.0023327608802041406,0.0030176077597225633
F2,N2,ENERGY,0.2,44,0.33782842222944104,0.08457440623174413,0.08896974635277859,0.2,0.23408148315278002,23.92814371257485,0.00783346272898271,0.001277218690303891,0.00783346272898271,-0.0022881668383165077
F2,N2,MAGDIFF,0.2,44,0.5913259806881295,0.11994111750105817,0.13551399194021807,0.2,0.33798399470687146,1.6648612615615366,0.062110289914746875,-0.062110289914746875,0.021715082934411562,0.005853454775132371
F2,N2,MEMLESS,0.2,45,0.759447511761558,0.20186497631587835,0.21190191880970372,0.2,0.47343432028195487,1.3422908968760496,0.06595190551246406,-0.06595190551246406,-0.027531832559626587,-0.014984754087333263
F2,N2,BLOCK,0.2,45,0.35069728014569157,0.07378872357835999,0.08008546147494011,0.2002002002002002,0.23249418134728375,49.87531172069826,0.004951023953648579,-0.001347882487227024,-0.0008753045959177839,-0.0027872739716265625
F2,N2,AR,0.2,45,0.6404737113163339,0.1555960445303084,0.17057626877924215,0.2,0.3463531319092577,1.3433738990116317,0.027387744382988057,-0.027387744382988057,-0.00281301185697469,0.001840118744853638
F2,N2,ENERGY,0.2,45,0.3458048284927668,0.08601036678038752,0.09128593470020305,0.2,0.23765058996317343,25.259165613147914,0.008758129996586027,0.004383615560028841,0.008758129996586027,0.0013536730069060336
F2,N2,MAGDIFF,0.2,45,0.5920370188006591,0.1215423449224856,0.13635192690323839,0.2,0.33930866454263087,1.6607098329315935,0.06578890732991265,-0.06578890732991265,0.006747262648908315,0.007535145142107804
F2,N2,MEMLESS,0.2,46,0.7645767813737845,0.20060245244160305,0.210063881661996,0.2,0.47627386580596204,1.3539337263671478,0.06206069997416131,-0.06206069997416131,-0.025782064989794774,-0.007335131644105608
F2,N2,BLOCK,0.2,46,0.3603052593001069,0.07408569359334943,0.08077179181143368,0.2002002002002002,0.23629546099997265,50.12531328320802,0.010750149448163349,-0.004548901406089096,0.0001440708921805365,0.005583528468292037
F2,N2,AR,0.2,46,0.644778945772111,0.15465899794122237,0.1706511118952288,0.2,0.34829920173403334,1.3605720122574054,0.011464748023192374,-0.009320158687719956,0.007768116547802751,0.011464748023192374
F2,N2,ENERGY,0.2,46,0.34233562409404866,0.08022454067682,0.08471939068086543,0.2,0.2372622393462034,25.88082901554404,0.01313905507088229,0.00401480480175382,0.0035340524224850016,0.005334476604109128
F2,N2,MAGDIFF,0.2,46,0.5977430413857772,0.12224486809279761,0.13771810482822766,0.2,0.34221100681488653,1.6626445868353166,0.057523152441549666,-0.057523152441549666,0.02088658972286566,0.020228477642314915
F2,N2,MEMLESS,0.2,47,0.7624002970559641,0.2007454872817664,0.2095983872535155,0.2,0.4751689715805953,1.3489973668219566,0.06013725077844484,-0.06013725077844484,-0.040879507328411634,-0.013397350099081102
F2,N2,BLOCK,0.2,47,0.34969948168802223,0.06536763477435799,0.07257516312264067,0.2002002002002002,0.23192744268070228,50.12531328320802,0.00766917935231606,0.0025437008723941568,-0.00766917935231606,-0.0012693364297369537
F2,N2,AR,0.2,47,0.6414620875177667,0.153455928883858,0.169879776336467,0.2,0.345898450284004,1.3430127041742286,0.013075284083680421,-0.012149557812902171,-0.007208523732804013,0.013075284083680421
F2,N2,ENERGY,0.2,47,0.34517145959117396,0.08327403677224242,0.08831200957365117,0.2,0.23766121075748417,24.188861985472155,0.01166277226791902,0.01166277226791902,0.005615328852750839,0.006892186871092927
F2,N2,MAGDIFF,0.2,47,0.5951366427419765,0.12423599956575877,0.13871724452113754,0.2,0.34099123845785245,1.6505576208178439,0.06276938916149263,-0.06276938916149263,0.008040653197764598,0.018125054458636075
F2,N2,MEMLESS,0.2,48,0.7621871575485809,0.20939693304451557,0.21979011578016325,0.2,0.471110108350425,1.3440064576886857,0.05878518897491301,-0.05878518897491301,-0.022959522936482013,-0.00481786424033528
F2,N2,BLOCK,0.2,48,0.35006663181177955,0.06982473306462454,0.07677288863390273,0.2002002002002002,0.23065792555095255,49.87531172069826,0.010721356051931924,-0.004229142240914445,-0.005305185402334887,-0.0011366536014937546
F2,N2,AR,0.2,48,0.6385172731904994,0.16411931820740644,0.18056381887851702,0.2,0.3397069151493525,1.338962605548854,0.014327512052014893,-0.01356441475064061,0.010701661240161944,0.014327512052014893
F2,N2,ENERGY,0.2,48,0.33915268932322606,0.08375737682273758,0.08856110618173053,0.2,0.23594027206702242,22.782212086659065,0.01241996292843096,0.0030382696826430763,0.0024027289420845157,0.004876867219278218
F2,N2,MAGDIFF,0.2,48,0.5929791574974121,0.13173174990001246,0.1470358366116417,0.2,0.33770861366363913,1.6601578728707935,0.059173269015433176,-0.059173269015433176,0.027548788580527523,0.014979598425018675
F2,N2,MEMLESS,0.2,49,0.7589877314864537,0.200010795209004,0.20680845784404744,0.2,0.4699180741975334,1.3337783711615487,0.06435608218228918,-0.06435608218228918,-0.030292521433330003,0.00021623922978684142
F2,N2,BLOCK,0.2,49,0.3550576017207973,0.0708665133718203,0.0776865843401141,0.2002002002002002,0.23088805940294882,50.12531328320802,0.008494870357091218,-0.0025062749678812723,0.00025896760543853685,0.0020924783997910644
F2,N2,AR,0.2,49,0.6349751702455562,0.15783727765185313,0.17011738916151573,0.2,0.3393616077447959,1.32625290408231,0.019641719180814997,-0.019641719180814997,-0.0018521220894201905,0.01700144810866109
F2,N2,ENERGY,0.2,49,0.34454351565627833,0.08055440823111497,0.08561749442895611,0.2,0.23442662889216848,24.75836431226766,0.01117823329672713,0.01117823329672713,0.010512524028271334,0.001773802575483979
F2,N2,MAGDIFF,0.2,49,0.5905122240195038,0.1275779610682532,0.14006287612151735,0.2,0.3358006892198192,1.6489230007427582,0.06963904767467617,-0.06963904767467617,0.024985131884686134,0.017825092194318055
F2,N2,MEMLESS,0.3,0,0.8525042526729635,0.23472766493678304,0.24213735963263355,0.3,0.40168326551565514,1.496106230031949,0.05483908124210242,-0.05483908124210242,-0.032598447405550506,-0.014909157392404029
F2,N2,BLOCK,0.3,0,0.4826749862125636,0.09332378424203101,0.10243357966105317,0.3003003003003003,0.2278413435275211,50.42016806722689,0.01452833718016806,-0.00734186613362043,-0.0018624398935934078,-0.01452833718016806
F2,N2,AR,0.3,0,0.6751342133510054,0.16072580013779386,0.1757077484580271,0.3,0.26206802326099,1.4638077561785678,0.028646972395981938,-0.028646972395981938,-0.00586487332844397,0.0017770329995213062
F2,N2,ENERGY,0.3,0,0.46631487752390394,0.10008714713801435,0.10744335194472886,0.3,0.22813744420380444,28.407582938388625,0.010462236576152906,0.003634429470520277,0.001034696794686203,-0.010462236576152906
F2,N2,MAGDIFF,0.3,0,0.6766764379621463,0.15062943191209727,0.16365677656597763,0.3,0.29426091206926175,1.8039003250270855,0.08944146772978073,-0.08944146772978073,0.00845629276701922,0.00958126254319645
F2,N2,MEMLESS,0.3,1,0.8550375345127281,0.25045861960641175,0.2579509348097073,0.3,0.4043771668824051,1.5148604933279417,0.055719093957113386,-0.055719093957113386,-0.02856728539306964,-0.017654075645275734
F2,N2,BLOCK,0.3,1,0.48279729905233776,0.10186270366158134,0.11078512534369689,0.3003003003003003,0.22780335263249665,50.5902192242833,0.007071611080523714,-0.007071611080523714,-0.002558915604215952,-0.004690396056554384
F2,N2,AR,0.3,1,0.6799387215870479,0.16859805932688532,0.18376525248723263,0.3,0.264272192191896,1.470342932836187,0.026553958390105294,-0.026553958390105294,-0.0002505421082491976,-0.0037518106296397327
F2,N2,ENERGY,0.3,1,0.4651345390869814,0.12124697281316751,0.12767470434650988,0.3,0.22778985704906388,29.353574926542606,0.0048835143360128645,0.0001787322438400159,0.0010470191454537712,-0.0008691090117779752
F2,N2,MAGDIFF,0.3,1,0.6795897350882611,0.15478999919890382,0.16731842053300428,0.3,0.2963122062589413,1.8093455687032118,0.08359024656663064,-0.08359024656663064,-0.0002172901804674237,-0.0055039476477184955
F2,N2,MEMLESS,0.3,2,0.8522522262122347,0.24473773665619572,0.2517159759994991,0.3,0.4001195027754527,1.5042915223610902,0.04855190365517285,-0.04855190365517285,-0.019716548875047177,-0.016552903210105677
F2,N2,BLOCK,0.3,2,0.480982606929003,0.10337513401733694,0.11159911641730665,0.3003003003003003,0.22516457489820488,50.08347245409015,0.005883407763039798,-0.001418833469789427,-0.0014840884010733192,0.0006828533823258504
F2,N2,AR,0.3,2,0.6709565616454866,0.1594974697014111,0.17363165053417617,0.3,0.2588015503705035,1.4714980114891736,0.01849509327661243,-0.01849509327661243,-0.008078314988760228,-0.0029142331430289437
F2,N2,ENERGY,0.3,2,0.46515731466106414,0.11469946706779763,0.12090153831581296,0.3,0.2266220691596056,28.872832369942195,0.005179892753768025,0.0013223424209186517,0.005179892753768025,0.0030467880605808836
F2,N2,MAGDIFF,0.3,2,0.6728633844507339,0.14221278328292222,0.15567271337695834,0.3,0.2908139592291306,1.8066188438121646,0.07530308065851941,-0.07530308065851941,0.006138187259548778,-0.008967517817906598
F2,N2,MEMLESS,0.3,3,0.8538882146996873,0.2551696674322728,0.26167348690193626,0.3,0.4002359797990838,1.5042915223610902,0.04287953182039343,-0.04287953182039343,-0.0200895634938789,-0.015603245105509823
F2,N2,BLOCK,0.3,3,0.4797442625710456,0.10935924767397714,0.11770248087485626,0.2994194194194194,0.2245962161081774,49.85333333333333,0.005716997226176956,0.0007312858817711744,-0.0015113211275751528,-0.005716997226176956
F2,N2,AR,0.3,3,0.6745159368693138,0.17234823411264347,0.18776501400720438,0.3,0.26014849397890133,1.4576139292835952,0.00997660698279245,-0.00997660698279245,0.005613571181988656,0.005284604092783348
F2,N2,ENERGY,0.3,3,0.46805972263767714,0.12878095647514412,0.1344649123506426,0.3,0.22635394720680302,27.75,0.008910664224627976,0.008051513648311161,0.0008941320972290847,-0.0007167151800833861
F2,N2,MAGDIFF,0.3,3,0.6770040452171184,0.15247290548464368,0.1662889430273358,0.3,0.2926877557403481,1.8105479369298616,0.0767932707462202,-0.0767932707462202,0.007156467415679553,-0.0012806648418432218
F2,N2,MEMLESS,0.3,4,0.8547140610453354,0.25341634778982336,0.25993993441375135,0.3,0.40452224658226854,1.4893405555831636,0.05459278598612445,-0.05459278598612445,-0.02817245559626322,-0.018497500599409297
F2,N2,BLOCK,0.3,4,0.4883110197838919,0.10594674082330101,0.11504318610104576,0.3003003003003003,0.22913791954201193,50.42016806722689,0.009045135429943238,-0.009045135429943238,-0.0013434581297262483,-0.0029902118594286224
F2,N2,AR,0.3,4,0.6793560390301437,0.17627867646425927,0.18994642971949405,0.3,0.26460245131125565,1.4874187304580873,0.01618601364956357,-0.01618601364956357,-0.002824110518504851,-0.0071916847779613284
F2,N2,ENERGY,0.3,4,0.47968494394367284,0.11438522113749221,0.12181032006226564,0.3,0.23167991006737676,27.827298050139277,0.006832211185192169,-0.006832211185192169,0.0032939560193841304,-0.0030460881274615476
F2,N2,MAGDIFF,0.3,4,0.6786786827395676,0.16304011512185246,0.17576752174612556,0.3,0.2955715285989391,1.8180163785259327,0.08175381932963525,-0.08175381932963525,0.0023797048371361476,-0.0032481866925899703
F2,N2,MEMLESS,0.3,5,0.8562451288112471,0.23788239117128124,0.2457522325020999,0.3,0.40398330617355155,1.516470171532662,0.053992513290989586,-0.053992513290989586,-0.03325393951729961,-0.01216184449186895
F2,N2,BLOCK,0.3,5,0.48714073329196667,0.0974133880557295,0.1075481113548493,0.3003003003003003,0.228284409389277,50.5902192242833,0.008665819589047672,-0.008665819589047672,-0.006513435900437219,0.001070541112681091
F2,N2,AR,0.3,5,0.6811643011974031,0.16312976062163984,0.1788807195344979,0.3,0.2639212379628936,1.4736686826965628,0.02634080796665411,-0.02634080796665411,-0.0068839289174365765,-0.0021061592844302678
F2,N2,ENERGY,0.3,5,0.4761432029308992,0.1034499851376239,0.11196930309535272,0.3,0.23053093688713727,27.622119815668203,0.009022029060301315,-0.007849528932506901,-0.0036055352177003204,0.0038367311683575296
F2,N2,MAGDIFF,0.3,5,0.6791810388345068,0.14776966033573735,0.16178609518365442,0.3,0.29545513118842776,1.8020564006974926,0.07730655938614509,-0.07730655938614509,-0.002313666442650692,-0.004854912077310403
F2,N2,MEMLESS,0.3,6,0.852972692485915,0.26588620926026585,0.2699438325859627,0.3,0.40234621159513295,1.504669143488302,0.04595337478681954,-0.04595337478681954,-0.02549833378220314,-0.016221806085372156
F2,N2,BLOCK,0.3,6,0.48310159631567723,0.11034584338823769,0.11894083419211998,0.3003003003003003,0.22863746493409465,50.25125628140704,0.011186080925471962,0.005917994871971775,-0.0028080413988979523,0.002562490828450297
F2,N2,AR,0.3,6,0.6762623089554384,0.17996275610175627,0.19230835876988656,0.3,0.263233119220569,1.4704872184878073,0.021701025865403883,-0.021701025865403883,-0.008827157275802456,-0.0028518636883301386
F2,N2,ENERGY,0.3,6,0.4630433688406017,0.12008914824153297,0.12673166850676132,0.3,0.2281652425785571,27.048736462093864,0.01189452902299513,0.004140384305894524,0.004409266993193313,0.0043478437354131354
F2,N2,MAGDIFF,0.3,6,0.6733443598984952,0.1651905030089585,0.17630947753070658,0.3,0.2935397607537566,1.7945033231543022,0.07737706707149287,-0.07737706707149287,0.004147180095246595,0.0007285838191876661
F2,N2,MEMLESS,0.3,7,0.8524481414928766,0.2517247447014017,0.25696287507685944,0.3,0.400999383370554,1.5110416456589695,0.04810193474147515,-0.04810193474147515,-0.024800800777222257,-0.009997709141671212
F2,N2,BLOCK,0.3,7,0.4805719126975328,0.09909575764818682,0.108667810415935,0.3003003003003003,0.2265136354591333,50.25125628140704,0.010386623397827081,-0.004606433958374037,-0.003516139406318016,-0.007000053929841865
F2,N2,AR,0.3,7,0.6741737996702324,0.16289241703968985,0.17666312703454812,0.3,0.2613789187714394,1.466457894994373,0.017207999159243564,-0.017207999159243564,-0.006834537226818943,0.005922634200993289
F2,N2,ENERGY,0.3,7,0.4736510712976272,0.1134727845399082,0.12040015034721308,0.3,0.22919562115041597,29.880358923230308,0.005415852749424119,0.0023688310853860715,0.0019072500724171507,-0.001587701083915414
F2,N2,MAGDIFF,0.3,7,0.6734582723985406,0.14890939101991982,0.16040832025643897,0.3,0.2932367950926218,1.7985956910520315,0.0843330777494849,-0.0843330777494849,0.0021853228125071796,0.006074265198588119
F2,N2,MEMLESS,0.3,8,0.851493971183095,0.2646809730789287,0.26807280997544136,0.3,0.3997213917713769,1.5085317360446973,0.04052640254060537,-0.04052640254060537,-0.024573012774916345,-0.009248267836429175
F2,N2,BLOCK,0.3,8,0.48284169736792265,0.11491962452054066,0.12212944889566202,0.3003003003003003,0.22653607556800512,50.08347245409015,0.00647725606671745,0.00647725606671745,0.000672770890639623,-0.002474735090498059
F2,N2,AR,0.3,8,0.6703524226340827,0.1719106947558219,0.1834809292862487,0.3,0.2597334767024069,1.4757730943470553,0.02563433783790442,-0.02563433783790442,-0.004221859467549271,0.0031384349819980357
F2,N2,ENERGY,0.3,8,0.4653113370385389,0.1251456419640863,0.13076242326883816,0.3,0.22724257118302824,27.02434625788999,0.011964610949314301,0.011964610949314301,0.005348406403320982,0.004345504584988908
F2,N2,MAGDIFF,0.3,8,0.6688647079702584,0.15779245433115877,0.16842144188427177,0.3,0.2912057819032307,1.801406503576366,0.06652399548343775,-0.06652399548343775,-0.007332458487804013,0.006047158504700598
F2,N2,MEMLESS,0.3,9,0.8542561262400721,0.25331546100985286,0.2613362398987097,0.3,0.4092861574857014,1.5093674456083803,0.05681192345582561,-0.05681192345582561,-0.02744117298881774,-0.01596662924571489
F2,N2,BLOCK,0.3,9,0.4780770226432839,0.10380456645472046,0.11372882307357011,0.3003003003003003,0.230434129810673,50.08347245409015,0.008521501819964092,-0.008521501819964092,-0.0048330282892666224,0.0012893699858634328
F2,N2,AR,0.3,9,0.6846962139318737,0.17943892402583,0.19584896071707997,0.3,0.27155547264082475,1.475264582820576,0.026231189000722358,-0.026231189000722358,0.006775550193324512,-0.0008103788403074461
F2,N2,ENERGY,0.3,9,0.4671119133589662,0.12541405522596483,0.1324578158087916,0.3,0.2333189858597693,27.80148423005566,0.007968021655633562,0.004328397015575134,0.002476146530093526,0.005562012802764907
F2,N2,MAGDIFF,0.3,9,0.6799502656309235,0.1626574630532261,0.17603028741788151,0.3,0.30026498442253047,1.8163636363636364,0.08499421022467706,-0.08499421022467706,0.0014969071559989603,0.0071010051120206676
F2,N2,MEMLESS,0.3,10,0.8552702994461565,0.26283816633849577,0.26851509136581064,0.3,0.4053077707577892,1.5206250951342026,0.05738634716392895,-0.05738634716392895,-0.024238798948767452,-0.014061970482015212
F2,N2,BLOCK,0.3,10,0.48427663226722456,0.1075592072508069,0.11661120327418628,0.2997197197197197,0.22972909174151024,50.070234113712374,0.009881543560167955,-0.004430943237626349,0.0003324550166189318,-0.0061812411956645155
F2,N2,AR,0.3,10,0.6809361987914915,0.1761871542934636,0.1894006640326232,0.3,0.2657298840393683,1.4651674407235395,0.031078313435147862,-0.031078313435147862,-0.0005728900495326562,-0.0002820316818360537
F2,N2,ENERGY,0.3,10,0.4652310984035307,0.12220575626869741,0.12836633407661666,0.3,0.22999053750030748,28.761996161228407,0.008568849886324817,0.002756223977109233,0.008568849886324817,-0.0015803835436819116
F2,N2,MAGDIFF,0.3,10,0.682115484969283,0.16298761346224466,0.1745436993247204,0.3,0.29827475843092127,1.8029236599891716,0.0865800544624463,-0.0865800544624463,0.00569216108336802,-0.003414611261085117
F2,N2,MEMLESS,0.3,11,0.8540241163584104,0.24638787281190844,0.25232373647501954,0.3,0.40385055090059396,1.5017287167409932,0.058488730853820614,-0.058488730853820614,-0.021432760854130078,-0.01405077336067212
F2,N2,BLOCK,0.3,11,0.47675201270120127,0.10890336374944701,0.1170164281272943,0.3001401401401401,0.22746889726069672,50.820338983050846,0.007655584998937447,-0.007655584998937447,-0.0017186967043268297,-0.0036557135735352532
F2,N2,AR,0.3,11,0.6774678429781986,0.1661100236016463,0.18027406876959443,0.3,0.2637546135326337,1.4727996461742592,0.020385480116885242,-0.020385480116885242,-0.007719352360874622,-0.0012212360374047814
F2,N2,ENERGY,0.3,11,0.4654570096124797,0.1148769438963648,0.12158714126954227,0.3,0.22949286706196897,27.073170731707318,0.006974351183786794,0.0008281592970115794,0.004460433073024517,0.003009631166890687
F2,N2,MAGDIFF,0.3,11,0.678513430759052,0.15205988762432146,0.1646893428752553,0.3,0.2951589263131247,1.821109558242693,0.07994339470782393,-0.07994339470782393,-0.002411464372776409,0.001830107962184887
F2,N2,MEMLESS,0.3,12,0.8529249815611711,0.2551557781913323,0.260074469419847,0.3,0.40226597241920986,1.5045936040965913,0.05256272906709073,-0.05256272906709073,-0.029535211835614212,-0.01377768804402486
F2,N2,BLOCK,0.3,12,0.4815462572814275,0.10304557165343917,0.11112659979251968,0.3003003003003003,0.227369105896498,50.25125628140704,0.006625735083425791,-0.0016271454675569753,-0.006625735083425791,-0.0009445456878813595
F2,N2,AR,0.3,12,0.6763389648349165,0.17280504544070166,0.1865335078506718,0.3,0.26277752969842466,1.46954986760812,0.027370698337704866,-0.027370698337704866,-0.0018580521546566898,-0.0010163541453466357
F2,N2,ENERGY,0.3,12,0.4627558065577471,0.1120977353491453,0.11794226176322134,0.3,0.22797525525615372,30.060180541624874,0.004131177232825635,0.004131177232825635,-0.0018503726246635753,-0.0022468547885976303
F2,N2,MAGDIFF,0.3,12,0.674454964560209,0.1612888570572959,0.17330363207180122,0.3,0.29447442120258244,1.8001081146014775,0.07611831193182855,-0.07611831193182855,0.0027393737868555107,0.008996379101772695
F2,N2,MEMLESS,0.3,13,0.8525155498391576,0.2537770197626579,0.2591053886265912,0.3,0.40067993434281407,1.5015782353825342,0.04771232820751092,-0.04771232820751092,-0.025322455632854943,-0.024767695698113868
F2,N2,BLOCK,0.3,13,0.47684612361057493,0.11203042911199516,0.11953489343550201,0.3003003003003003,0.22612300708010466,50.5902192242833,0.010378543295978895,0.002802501276055898,-0.0016585273558485652,-0.010378543295978895
F2,N2,AR,0.3,13,0.6725738464285919,0.17156402003298477,0.1845883246461114,0.3,0.2601515486286443,1.4710646443822706,0.025416895374621017,-0.025416895374621017,-0.009212190795887476,-0.002856645777697405
F2,N2,ENERGY,0.3,13,0.45918722441261894,0.12003159258575126,0.12586560385689513,0.3,0.22661517915171764,27.39488117001828,0.010984669316938209,0.010984669316938209,0.005187229376339027,-0.0040071929592128365
F2,N2,MAGDIFF,0.3,13,0.6711398556869056,0.158962762540391,0.1703789568157074,0.3,0.29182601569107935,1.7895742521048545,0.07588799117072252,-0.07588799117072252,0.0068215560017026245,0.0021906032622774395
F2,N2,MEMLESS,0.3,14,0.8555877350517269,0.2641230570844011,0.26916091725525904,0.3,0.40481562217945044,1.521860559589702,0.053477740410877085,-0.053477740410877085,-0.025727164799601993,-0.009610304389953117
F2,N2,BLOCK,0.3,14,0.4880308621250934,0.10588775544118331,0.1154447241571187,0.3003003003003003,0.23001011202507046,49.91680532445923,0.011153131297251722,0.0028754425433761767,-0.0066534671030764,-0.0019025700891434484
F2,N2,AR,0.3,14,0.6809595859390536,0.17696475448312057,0.19066943609071968,0.3,0.26573970588884277,1.4805849224384942,0.032074961922820645,-0.032074961922820645,-0.005229729991517601,0.0039616440111343385
F2,N2,ENERGY,0.3,14,0.4726268472190284,0.11606201623640164,0.12325869927331594,0.3,0.23002841311184166,29.732142857142858,0.009833975479601288,0.005771222526458693,-0.004552596322958371,-0.0008536976700979966
F2,N2,MAGDIFF,0.3,14,0.6777767387721961,0.16705650491784205,0.1791316659932485,0.3,0.29630396880351656,1.79902755267423,0.08276925108717298,-0.08276925108717298,0.0006849641294193405,0.00730812053888172
F2,N2,MEMLESS,0.3,15,0.8572730790473657,0.2602381495461423,0.26734924297294366,0.3,0.4093221374163617,1.5028582890382107,0.0578863612835101,-0.0578863612835101,-0.03489000865621279,-0.01591102494072508
F2,N2,BLOCK,0.3,15,0.4871788351237449,0.11031606289680354,0.12025421611771371,0.29955955955955954,0.2312740495721572,50.04347826086956,0.011433624840540226,-0.011433624840540226,-0.008779416717888894,-0.002889927070643032
F2,N2,AR,0.3,15,0.6881657058048264,0.1763414993655131,0.19121555592757453,0.3,0.2700865857653046,1.4745387453874539,0.034607580031552336,-0.034607580031552336,-0.011811853687777225,-0.0014955222593535798
F2,N2,ENERGY,0.3,15,0.47090806745125746,0.1273757051037504,0.13420690123893506,0.3,0.23260248980719503,29.2390243902439,0.005343693236037174,-0.004683199413563161,-0.00018513205245824734,-0.002196309971046341
F2,N2,MAGDIFF,0.3,15,0.6868068470789688,0.1656282610595192,0.17878793407699067,0.3,0.30101598486913883,1.821109558242693,0.08775297801692275,-0.08775297801692275,-0.0034086347990593168,0.00047132307255209806
F2,N2,MEMLESS,0.3,16,0.8536869639698739,0.25824869747056073,0.263683799006953,0.3,0.4026393698562744,1.4947630922693267,0.050385694110122524,-0.050385694110122524,-0.02009361533557607,-0.013198214541581639
F2,N2,BLOCK,0.3,16,0.4835913311703858,0.10746269276988692,0.1167533102156865,0.3003003003003003,0.22677233768037028,50.25125628140704,0.00494297260000345,-0.0016220974091845496,0.0025451232680606174,0.00494297260000345
F2,N2,AR,0.3,16,0.6762431995876437,0.17224961156700525,0.1856745875678781,0.3,0.262581216203308,1.474683855729961,0.029416694050147876,-0.029416694050147876,-0.0015936003466713738,0.007193228697209106
F2,N2,ENERGY,0.3,16,0.4689679338494581,0.11962453198953053,0.1265225941580853,0.3,0.2282025235881337,28.984526112185687,0.01030654317550105,0.0021937991412060167,0.01030654317550105,0.005364328106303003
F2,N2,MAGDIFF,0.3,16,0.6763324554219572,0.15889210267990073,0.1705567615003885,0.3,0.2934054399194834,1.8133962606643674,0.07769260712610405,-0.07769260712610405,0.003229998166792244,0.003553686904616797
F2,N2,MEMLESS,0.3,17,0.8530068779028006,0.2530244587948853,0.25919396224178576,0.3,0.40370408111683626,1.4915642263474842,0.05138736259916451,-0.05138736259916451,-0.019717300368975774,-0.01340038393508185
F2,N2,BLOCK,0.3,17,0.4734081680591299,0.10883324748073002,0.11668096438415275,0.3003003003003003,0.22533132969103445,50.25125628140704,0.0075119349774297245,-0.0075119349774297245,-0.006890604666636346,0.0008379478683560569
F2,N2,AR,0.3,17,0.6778485671706002,0.16839443221511485,0.1822773886743299,0.3,0.26482116818256496,1.4678944017240534,0.028827927982556505,-0.028827927982556505,0.004951327981859471,-0.00872246329568157
F2,N2,ENERGY,0.3,17,0.45854575263579206,0.11857517133667546,0.12445803743967714,0.3,0.22647950280446594,28.06179775280899,0.007121460926666256,-0.003111837398824928,0.0020927132085844353,0.001243156791423824
F2,N2,MAGDIFF,0.3,17,0.6734474898991805,0.15675712654515378,0.16987342831460975,0.3,0.29464743631704715,1.8061833303200145,0.07742222543199341,-0.07742222543199341,0.014972981969631595,-0.0006867233391377945
F2,N2,MEMLESS,0.3,18,0.851515133110027,0.2659188938414134,0.26821675003254186,0.3,0.3995648545466506,1.5151668351870575,0.04806097691291506,-0.04806097691291506,-0.02394576378519901,-0.005947806172364675
F2,N2,BLOCK,0.3,18,0.4829595288870751,0.1127321860730986,0.11993353163635108,0.30024024024024026,0.22668738071902733,50.15719063545151,0.00845620402270284,-0.002858823898665362,0.0027881305547884454,0.0021982504919054674
F2,N2,AR,0.3,18,0.6709938478436158,0.1718228683208412,0.18376101963655267,0.3,0.25942307484770083,1.473378889926749,0.020887084633322162,-0.020887084633322162,-0.012024137564374685,0.012737778589100171
F2,N2,ENERGY,0.3,18,0.4679513404996732,0.11709577913206701,0.12249801271539973,0.3,0.22750472772121352,29.97,0.005560645732194865,0.00295342403055261,0.004506118863365743,0.0006112406552785251
F2,N2,MAGDIFF,0.3,18,0.6697616818840971,0.15984230567778737,0.16984875962145057,0.3,0.2914339819979377,1.7981640367192657,0.07153435925538906,-0.07153435925538906,-0.0034979023255545176,0.0064919870785737094
F2,N2,MEMLESS,0.3,19,0.8510515716080939,0.23918578726628656,0.24651553838248422,0.3,0.39811335788431135,1.505273731793069,0.053800917399142764,-0.053800917399142764,-0.024872883801555258,-0.009391579253665773
F2,N2,BLOCK,0.3,19,0.4844556101899093,0.10002739814676981,0.10974657235405179,0.3003003003003003,0.22599325026479813,50.42016806722689,0.0061644097837499565,-0.0023975151938428435,-0.0053972035093359525,-0.003027885671076552
F2,N2,AR,0.3,19,0.6697970641278314,0.16220218779391335,0.17715023926640744,0.3,0.2570855645626403,1.4788315405112011,0.02166704204455032,-0.02166704204455032,-0.009773560405485106,0.00034448886856303486
F2,N2,ENERGY,0.3,19,0.4754897384103469,0.10412114036476622,0.11303753502713847,0.3,0.22724191120570672,26.616341030195382,0.006942065714699733,-0.00528882130351841,0.0009037175874243795,0.0003519225020350097
F2,N2,MAGDIFF,0.3,19,0.6711166291127834,0.15299806532113905,0.1665051893105954,0.3,0.2902096002947916,1.8049867501806793,0.07690383042744911,-0.07690383042744911,0.00139822186841137,0.005545149798939219
F2,N2,MEMLESS,0.3,20,0.8531013678436689,0.24770603896751878,0.25334779678280583,0.3,0.3998588897881237,1.5107369694525659,0.0484802349859938,-0.0484802349859938,-0.02374112637595567,-0.008071005911673236
F2,N2,BLOCK,0.3,20,0.48173625816983967,0.10355687262379212,0.11180984804241653,0.3001001001001001,0.2268433504019409,50.30201342281879,0.007166697401969915,-0.0004065403935808009,0.00557519326598534,0.0010836879165919695
F2,N2,AR,0.3,20,0.6735007056824226,0.1600463119496632,0.17376960324815538,0.3,0.2602360698566813,1.4791234823808113,0.026486233954761892,-0.026486233954761892,-0.0040610301963012975,0.004537856361582504
F2,N2,ENERGY,0.3,20,0.4615921595124584,0.11900941173574228,0.12469500543337637,0.3,0.22705835504773597,27.09764918625678,0.010670816492992296,0.005135245352849264,0.00966249049424832,0.0012509869497263001
F2,N2,MAGDIFF,0.3,20,0.6657984020626211,0.1510526937985437,0.1638336126706417,0.3,0.2895560824447061,1.7774746456319317,0.07205276615687876,-0.07205276615687876,0.0013534624339964912,0.013735880991415528
F2,N2,MEMLESS,0.3,21,0.8503308785999225,0.2617481243203057,0.2652021628034737,0.3,0.39739285681461844,1.5058031452544842,0.0451501946792214,-0.0451501946792214,-0.022836738160144525,-0.011133602607714024
F2,N2,BLOCK,0.3,21,0.47932813506447647,0.104711452932813,0.1139530054211436,0.3003003003003003,0.2255689576016731,50.08347245409015,0.007168658606032003,0.006781714413026842,0.007168658606032003,0.0019053660652577475
F2,N2,AR,0.3,21,0.6676514731748592,0.17011155075031403,0.1817545417602279,0.3,0.2572324115707622,1.4641653231716254,0.026512370106700687,-0.026512370106700687,-0.0035101968277213803,0.005109240618743581
F2,N2,ENERGY,0.3,21,0.46370812944530027,0.11770125219106928,0.12433107421027478,0.3,0.2271137186030021,27.80148423005566,0.012989475106706854,0.012989475106706854,0.0110840344110105,0.0028261999893092766
F2,N2,MAGDIFF,0.3,21,0.6680577361091837,0.15756550856823776,0.16785250461203924,0.3,0.2893026241659122,1.7920353982300885,0.07711662652256432,-0.07711662652256432,0.005735997809554162,0.006297273447718578
F2,N2,MEMLESS,0.3,22,0.8546810654523945,0.25668015641433894,0.2628692081345138,0.3,0.4037931228258522,1.506635833500905,0.05830091729473084,-0.05830091729473084,-0.023825560976942273,-0.017261672848116257
F2,N2,BLOCK,0.3,22,0.48653068107639025,0.1132619817877383,0.1214198856799816,0.3003003003003003,0.2281831771432841,50.25125628140704,0.0074024574405377646,-0.0074024574405377646,0.0025315788104158855,-0.0025504497995120098
F2,N2,AR,0.3,22,0.6806953839254629,0.17508658188150783,0.1892152977219129,0.3,0.26395064169191224,1.465525672371638,0.021980320507206767,-0.021980320507206767,-0.005075903646993301,-0.00016088778422769745
F2,N2,ENERGY,0.3,22,0.4757365367323777,0.12318234463377786,0.13001233873146928,0.3,0.22983498414333942,28.0355472404116,0.011643466843257188,0.0028452267112277266,0.0019747634353413685,-0.0043318979634493476
F2,N2,MAGDIFF,0.3,22,0.6792421326973678,0.16823811528211635,0.1806591284926832,0.3,0.2952622039926857,1.7948257276320518,0.08513348694669189,-0.08513348694669189,0.008105417041169363,0.0013242724174593156
F2,N2,MEMLESS,0.3,23,0.8531357839570264,0.24394359915128686,0.2495347917628481,0.3,0.4048747358576093,1.5095955271243642,0.05801329338376849,-0.05801329338376849,-0.02993070003862096,-0.010215530975452695
F2,N2,BLOCK,0.3,23,0.4678088361118385,0.10307295074106354,0.11218375840749623,0.3003003003003003,0.22544511323357508,50.5902192242833,0.013016509962760454,-0.013016509962760454,0.002684179967400844,-0.009095159548326055
F2,N2,AR,0.3,23,0.6767762364976625,0.16235951719783348,0.17666368805529215,0.3,0.26563606140743884,1.482929242949035,0.033059597298017204,-0.033059597298017204,-0.0006155138197273147,0.0025601840929870565
F2,N2,ENERGY,0.3,23,0.4557030860166321,0.11170946013083569,0.11813396288234318,0.3,0.22814850836710177,28.928571428571427,0.012643728039563257,-0.003030313314584071,0.007466539953808525,-0.0013763674691756429
F2,N2,MAGDIFF,0.3,23,0.674548437349198,0.15610192650598126,0.1686250060527263,0.3,0.2962174460965622,1.8161434977578474,0.08427846362888358,-0.08427846362888358,-0.00039721267846004946,0.009518460247452256
F2,N2,MEMLESS,0.3,24,0.8552057577786746,0.24767740685624454,0.25332530032846295,0.3,0.4050892239604054,1.5231754421630412,0.05890615069768227,-0.05890615069768227,-0.021705000409386953,-0.011833550089217427
F2,N2,BLOCK,0.3,24,0.4811450478872732,0.11191373038372843,0.11985893582270965,0.3003003003003003,0.22832787162703996,50.08347245409015,0.010003762859705312,-0.004972234794513601,-0.0024752998327266847,-0.002534653934925412
F2,N2,AR,0.3,24,0.6821574532025692,0.16799596478720707,0.1826747107917458,0.3,0.26635624860738977,1.4735962238174845,0.021859754613591627,-0.021859754613591627,-0.0020259527813647144,-0.004490815816021356
F2,N2,ENERGY,0.3,24,0.4600668840868862,0.12251925616640796,0.12777430813104818,0.3,0.22878683712433343,26.830796777081467,0.011307046685729067,0.004453791520640889,0.000986682520452145,-0.0027850211951582454
F2,N2,MAGDIFF,0.3,24,0.6801718402474756,0.1512258436459799,0.1648097910986841,0.3,0.2972824472115244,1.8223276176577892,0.0816220131474579,-0.0816220131474579,0.013292254559198594,0.003413638686847189
F2,N2,MEMLESS,0.3,25,0.8554145353455186,0.268289021906741,0.27283796631244583,0.3,0.40659280144547505,1.5189296031625361,0.05213451087274213,-0.05213451087274213,-0.02898288116032418,-0.008942356932491895
F2,N2,BLOCK,0.3,25,0.47908799777029026,0.11539692117149171,0.12289380332008655,0.2998798798798799,0.22851124044457566,50.604729729729726,0.008333472377949831,0.004068498269404196,0.0032930316768111085,0.0016037000206861477
F2,N2,AR,0.3,25,0.6843549344631725,0.1768992490220896,0.19011540723501652,0.3,0.2690034386294437,1.481243513072703,0.031863199240543476,-0.031863199240543476,-0.0044672384657862925,-0.0037136974872552936
F2,N2,ENERGY,0.3,25,0.4672116934217703,0.12673974931562465,0.13203041333884022,0.3,0.23153606972886964,29.673267326732674,0.009344777879163355,0.00722503948377236,0.009344777879163355,0.006946096939982362
F2,N2,MAGDIFF,0.3,25,0.6809984855609149,0.15785050210211116,0.16999480373616158,0.3,0.29880061434174343,1.801406503576366,0.07916618826157186,-0.07916618826157186,-0.0009324839358679746,0.005761385021535766
F2,N2,MEMLESS,0.3,26,0.8555045250353774,0.25427424309837315,0.26195772857423766,0.3,0.40746910610270454,1.5132542287301187,0.054415867828115645,-0.054415867828115645,-0.032197733162298,-0.010717547142135795
F2,N2,BLOCK,0.3,26,0.48107134627160103,0.11408046640034605,0.12261227084091354,0.3003003003003003,0.22857530859800182,50.08347245409015,0.017368661517973612,-0.004248668401739082,-0.017368661517973612,0.000746374485100145
F2,N2,AR,0.3,26,0.6847397430060598,0.17439490896602874,0.1891633524173068,0.3,0.26916698667620403,1.4673194614443084,0.030838663748023864,-0.030838663748023864,-0.007329491159596631,-0.008388384036634972
F2,N2,ENERGY,0.3,26,0.46209470242739503,0.12179826685199854,0.1278418436522955,0.3,0.2285961815449985,30.211693548387096,0.011199908758526216,0.003909114237244175,-0.011199908758526216,0.0029364209167496696
F2,N2,MAGDIFF,0.3,26,0.6830354057418232,0.15959625143217768,0.17262919068845275,0.3,0.29954583213665614,1.8,0.08366307342522267,-0.08366307342522267,-0.004121406626069887,0.0009418687350779323
F2,N2,MEMLESS,0.3,27,0.8518948354987226,0.2503351200048264,0.25706646700955266,0.3,0.40315112297692846,1.506787330316742,0.05917303779655309,-0.05917303779655309,-0.021998098057682238,-0.017322786996861433
F2,N2,BLOCK,0.3,27,0.48742924628627,0.10202219452380054,0.11241739576263107,0.3003003003003003,0.22997991005527396,50.25125628140704,0.007064202845265179,-0.007064202845265179,0.0025181158942856087,-0.0002468551143844957
F2,N2,AR,0.3,27,0.6757594585363248,0.16941772550985315,0.18490516410293906,0.3,0.26375658084584575,1.4603128197631925,0.024791281387263116,-0.024791281387263116,-0.0027170531579017738,-0.008291778329509053
F2,N2,ENERGY,0.3,27,0.4691589065170444,0.11032042983617124,0.1179513648857932,0.3,0.22987960871258353,29.910179640718564,0.00809265397983059,0.0034257783904272023,0.002461518446879249,-0.0006557994522475322
F2,N2,MAGDIFF,0.3,27,0.6718305403340762,0.1620570729734754,0.17527832189182588,0.3,0.29392323710112195,1.7908574843143112,0.0701162583496943,-0.0701162583496943,0.006943271710493519,0.0012238972714930792
F2,N2,MEMLESS,0.3,28,0.8554995770900492,0.24368474759495923,0.251495907661288,0.3,0.4051393618958266,1.4969282253633684,0.053986613804804205,-0.053986613804804205,-0.02471234751613221,-0.01481891710580602
F2,N2,BLOCK,0.3,28,0.48910026848980237,0.09660991560642133,0.10706049734971108,0.3003003003003003,0.23001406322276585,50.5902192242833,0.013298964312736085,-0.008311123228598883,-0.013298964312736085,-6.132320094232709e-05
F2,N2,AR,0.3,28,0.6792409405358264,0.1706772634233673,0.18651806362364826,0.3,0.26477547789722394,1.467966300940439,0.02040492346035937,-0.02040492346035937,-0.010680781725183764,0.005446825354572053
F2,N2,ENERGY,0.3,28,0.4750031711806616,0.1137164416963259,0.1214327990771099,0.3,0.23068663861687821,28.84504331087584,0.009105081956197613,-0.0012495399892422593,-0.009105081956197613,0.002025243980560116
F2,N2,MAGDIFF,0.3,28,0.6793015951274577,0.15895806494691767,0.1725098585336251,0.3,0.2969298900898105,1.7938588615550368,0.08645807438871718,-0.08645807438871718,0.0009519877507414337,0.0037184554269950798
F2,N2,MEMLESS,0.3,29,0.8541477282022203,0.24809071662985005,0.2544010892066621,0.3,0.4064404774307604,1.5034614226948932,0.059862083112082506,-0.059862083112082506,-0.026864757755665516,-0.01282108208406285
F2,N2,BLOCK,0.3,29,0.4819063512525567,0.09874703135838578,0.10763447479057817,0.2993193193193193,0.2306682638593531,50.51013513513514,0.010904470266599096,-0.010904470266599096,-0.007932889818245381,-0.0032371748335167567
F2,N2,AR,0.3,29,0.6833025010855153,0.16228129811419975,0.17708594218211782,0.3,0.2680107311111824,1.4796346581091089,0.03868791763854979,-0.03868791763854979,-0.01178410698782949,0.003906957625647133
F2,N2,ENERGY,0.3,29,0.47222069296899466,0.11647886969298238,0.1227484961244748,0.3,0.23325484638378768,28.434535104364326,0.00800927757659933,-0.0011802111590212998,0.00581798096954193,0.0037833182548999834
F2,N2,MAGDIFF,0.3,29,0.6796545675909309,0.15703343909178238,0.17054840989849515,0.3,0.2976398669531639,1.7932148626817448,0.08863373808200783,-0.08863373808200783,0.005053668717353352,0.010543940232607341
F2,N2,MEMLESS,0.3,30,0.8537620850766139,0.27555628668310506,0.2806496966377484,0.3,0.4033682915835532,1.5008262807351396,0.04863609110593453,-0.04863609110593453,-0.024995650462166154,-0.00918915156751636
F2,N2,BLOCK,0.3,30,0.4887281403922077,0.1082065129644138,0.11699353664121839,0.3003003003003003,0.22938562259956127,50.08347245409015,0.013310040192534825,0.00048213354781989875,0.0025095847426575904,0.013310040192534825
F2,N2,AR,0.3,30,0.6790459010652132,0.1793726182351653,0.19221384832893568,0.3,0.26438586156059996,1.4710646443822706,0.025415170624322258,-0.025415170624322258,-0.004237611032318782,-0.0022796020872725346
F2,N2,ENERGY,0.3,30,0.4727039706816577,0.1144135658002921,0.12076952980914968,0.3,0.22989203431709046,28.84504331087584,0.012029877000166566,0.008333997589024637,0.008061431442473248,0.012029877000166566
F2,N2,MAGDIFF,0.3,30,0.6769226040336448,0.163685619065802,0.17581015649649834,0.3,0.29518522157550586,1.8027067669172931,0.0808967139330039,-0.0808967139330039,0.0074480943640658215,0.0001675737981792169
F2,N2,MEMLESS,0.3,31,0.8518040333143112,0.25225886526151425,0.2584286232382676,0.3,0.4037870261266908,1.512414210738797,0.05756045824508366,-0.05756045824508366,-0.022231803347698992,-0.002625483018870539
F2,N2,BLOCK,0.3,31,0.46813824251668873,0.11066248872238287,0.11786790448736167,0.3003003003003003,0.22568526997500737,50.76142131979695,0.006690622813805553,-0.0006690993376021275,-0.0017163049054791677,0.0022196400017810733
F2,N2,AR,0.3,31,0.6754855113387755,0.16575991280042157,0.1798891603203198,0.3,0.26499857421224926,1.4657406954565462,0.019649851144231924,-0.019649851144231924,-0.007490637991839135,0.004965301740698544
F2,N2,ENERGY,0.3,31,0.46382883213329285,0.11495223435589265,0.1211536715522981,0.3,0.23017248472604793,27.87906976744186,0.012194205336311275,0.007237179419654119,0.007736621189879721,0.01029345186213093
F2,N2,MAGDIFF,0.3,31,0.668478719217651,0.15697844706050484,0.17061465673761222,0.3,0.293631880360103,1.7983798379837983,0.07257860180085962,-0.07257860180085962,0.00557973472640481,0.0018538683081039961
F2,N2,MEMLESS,0.3,32,0.8590542301053762,0.257499508408476,0.2635935095609407,0.3,0.4065402692001878,1.5147839272175891,0.059403624477082764,-0.059403624477082764,-0.03259914446807232,-0.018021946444839072
F2,N2,BLOCK,0.3,32,0.4940845977424315,0.11508371814953076,0.12392652715398322,0.2996796796796797,0.23252461824662193,50.570945945945944,0.012061928668785976,-0.012061928668785976,-0.005790631365046415,-0.006167590242535511
F2,N2,AR,0.3,32,0.6879135029699626,0.1698285653431575,0.18436948075753865,0.3,0.2669662181585265,1.4712090717196014,0.03155471778372868,-0.03155471778372868,-0.00910614561617115,-0.00737204096280085
F2,N2,ENERGY,0.3,32,0.4712254984505084,0.12301996252018525,0.1285049978781717,0.3,0.23061407524955882,29.643916913946587,0.007693921684477285,-0.0053808558539610914,-0.005926517344677097,-0.0014848630757777902
F2,N2,MAGDIFF,0.3,32,0.6877387296037657,0.1626025696902721,0.17694839130183032,0.3,0.2994638366802407,1.8025983399494767,0.09868406315163523,-0.09868406315163523,0.01823850031511275,0.0032217097536025793
F2,N2,MEMLESS,0.3,33,0.8539218836859668,0.26730935173776443,0.27208486015824,0.3,0.40394749271572405,1.5061058344640434,0.045430884581731994,-0.045430884581731994,-0.026995718523556308,-0.01882266880183098
F2,N2,BLOCK,0.3,33,0.4754780613358209,0.11043736814002979,0.11849535631893196,0.2993993993993994,0.22756183927508766,50.01672240802676,0.005066325427911395,-0.0002938690153227265,-0.0008671435653148871,-0.00383373275442565
F2,N2,AR,0.3,33,0.6763629595766721,0.16798545923920277,0.18263683435859204,0.3,0.2637701037226624,1.4732340362778351,0.017078016638153667,-0.017078016638153667,-0.001492078248149685,0.0033862866980695363
F2,N2,ENERGY,0.3,33,0.4626550534070814,0.11736822993208908,0.12277960450822456,0.3,0.2289374895913476,26.687444345503117,0.011388265340523923,0.006404992437446488,0.0015896429793665007,-0.008740111603910812
F2,N2,MAGDIFF,0.3,33,0.6764604208454381,0.1547264437120412,0.16804812824203078,0.3,0.29569623116801713,1.8129574738370335,0.07922704053570516,-0.07922704053570516,0.0041329478334801995,0.00441614209884552
F2,N2,MEMLESS,0.3,34,0.8514188794793025,0.24317630061243067,0.24836285902599728,0.3,0.4002757597905039,1.510660819597762,0.058145846393299214,-0.058145846393299214,-0.02937300973985426,-0.01648327718949585
F2,N2,BLOCK,0.3,34,0.4810779270099325,0.10786413215442732,0.11573889112606972,0.3003003003003003,0.22652399663571418,49.91680532445923,0.006763060616989151,0.0005250833983837627,-0.0001911867050466034,0.006763060616989151
F2,N2,AR,0.3,34,0.6712717820482568,0.1609602622480124,0.1746758644626168,0.3,0.2597255212668352,1.4712812960235642,0.025674614226834265,-0.025674614226834265,0.00031359100446297095,-0.003062329305726345
F2,N2,ENERGY,0.3,34,0.4635221154947779,0.11317641715638595,0.12002761829342631,0.3,0.22642991860558065,29.153696498054476,0.005567668998390018,0.004296527462256461,-0.0032207037713327747,0.004691672306930667
F2,N2,MAGDIFF,0.3,34,0.672568764694294,0.152104880507973,0.16389789538578337,0.3,0.29224944051161655,1.8115328820116054,0.07278002136176957,-0.07278002136176957,0.002970083525414226,0.008836289338441947
F2,N2,MEMLESS,0.3,35,0.8518660510806343,0.2519181384965445,0.2589529803446836,0.3,0.40262225100209814,1.4994746585280432,0.04965158363278594,-0.04965158363278594,-0.02146555247433291,-0.010427887866679706
F2,N2,BLOCK,0.3,35,0.47685375858525225,0.104897648951802,0.11328984968624503,0.3003003003003003,0.22697411872402415,50.08347245409015,0.00739631527364782,0.0008819624337469816,-0.0018472072412974254,0.00087239922171066
F2,N2,AR,0.3,35,0.6741924775030279,0.17580441375080574,0.19018476065996193,0.3,0.2636002873957695,1.4682539682539681,0.01049918125491839,-0.01049918125491839,0.002140038678469854,0.0062707648444662
F2,N2,ENERGY,0.3,35,0.45964298506307166,0.1181898248650088,0.12474444058685624,0.3,0.22826090143388414,27.957089552238806,0.009473636265472476,0.009473636265472476,0.0035815344189755217,0.0019505900154996533
F2,N2,MAGDIFF,0.3,35,0.6726484207049668,0.15629971554142325,0.1693044579218255,0.3,0.2939117087676746,1.7896811178788965,0.07902957676088852,-0.07902957676088852,0.003610726247312315,0.0003195647064941095
F2,N2,MEMLESS,0.3,36,0.8556695541990629,0.2547890475479001,0.2603686105516203,0.3,0.4017737018148814,1.499924928682248,0.05571428058316047,-0.05571428058316047,-0.01526262613781254,-0.019743879832976242
F2,N2,BLOCK,0.3,36,0.49569859370784924,0.10861011883349023,0.11792813184861717,0.2998998998998999,0.2288727946029189,50.26845637583892,0.01086613112137454,-0.01086613112137454,0.00560221333316229,-0.005515925322938539
F2,N2,AR,0.3,36,0.6767484956422938,0.17286918274827737,0.18562053929220343,0.3,0.2601087061613959,1.476136531547062,0.037897991560215206,-0.037897991560215206,0.005245246114888963,-0.0069336297826374845
F2,N2,ENERGY,0.3,36,0.47737127081805225,0.11314973134800951,0.11992756422989317,0.3,0.22872198339042094,30.09036144578313,0.009898284304976482,-0.0029770106869857,0.009898284304976482,-0.008335430921748247
F2,N2,MAGDIFF,0.3,36,0.6778857183447538,0.15795421000444823,0.16941315715670077,0.3,0.2929843232136351,1.810110527269433,0.08554138804664979,-0.08554138804664979,-4.1313617175495345e-06,-0.003013779281345572
F2,N2,MEMLESS,0.3,37,0.8529565620046592,0.2441260726381874,0.24974547897934837,0.3,0.4044924006204952,1.5193146101591808,0.0548108396173454,-0.0548108396173454,-0.03134902527290009,-0.013700985054032775
F2,N2,BLOCK,0.3,37,0.47878308032407396,0.10818502586572792,0.11636528186410215,0.3003003003003003,0.22863087078939187,50.5902192242833,0.010168963868516678,0.0006793041909122883,-0.010168963868516678,0.00017871371260431615
F2,N2,AR,0.3,37,0.6775359085962656,0.1645871846992726,0.17851870604311937,0.3,0.26535310894333103,1.47715510867958,0.028508531657704547,-0.028508531657704547,-0.0058645189099360145,0.0052553684365354205
F2,N2,ENERGY,0.3,37,0.46772834597735685,0.12072306239453973,0.12591970506755024,0.3,0.2308391768584037,27.87906976744186,0.009219477269913113,0.0002707249172339761,0.002949001502335393,0.002137010394388047
F2,N2,MAGDIFF,0.3,37,0.6723915028097144,0.1520149260226139,0.1642609670288334,0.3,0.29464204418943335,1.8041175054177703,0.09092853212312936,-0.09092853212312936,0.009140325721660139,0.00894706989631484
F2,N2,MEMLESS,0.3,38,0.851392981321182,0.2373548089637197,0.24302236918160663,0.3,0.40153908727912335,1.513407059536434,0.05540823470923594,-0.05540823470923594,-0.023840357019874556,-0.005840851435363433
F2,N2,BLOCK,0.3,38,0.4878211646798127,0.10515511935925384,0.1133780754928389,0.3003003003003003,0.22974941350618713,50.42016806722689,0.006620045656318223,-0.001625542124090663,-0.006620045656318223,-0.004855108828860498
F2,N2,AR,0.3,38,0.671545154073268,0.15778715629400022,0.1713228498006687,0.3,0.26148926298064673,1.470342932836187,0.02935920346225954,-0.02935920346225954,-0.005470597200363452,-0.0015605588208644475
F2,N2,ENERGY,0.3,38,0.4672632976677591,0.11171508832318852,0.11846579827398095,0.3,0.22823639432514972,31.121495327102803,0.006391473803661104,0.006391473803661104,-0.0021472358245562383,-0.004121012064387616
F2,N2,MAGDIFF,0.3,38,0.6693629817992399,0.15195831026410617,0.163883988084399,0.3,0.2925401683395818,1.8067277550036172,0.07559000191432275,-0.07559000191432275,0.004577907633866703,0.005251031011011304
F2,N2,MEMLESS,0.3,39,0.8549140218679218,0.25806056715655906,0.26317814067446454,0.3,0.4047137714710986,1.5202394237597647,0.050239412058680474,-0.050239412058680474,-0.02765218703782953,-0.01921666290620011
F2,N2,BLOCK,0.3,39,0.4849390232198069,0.10232935157496202,0.1119370206924065,0.3003003003003003,0.2292690981021362,49.91680532445923,0.00949843429435484,-0.0022683501510657417,-0.0037954299201662755,0.0017779586829953533
F2,N2,AR,0.3,39,0.6801141387952487,0.17557573628238393,0.18935080854915726,0.3,0.26584751315687893,1.4691896661601058,0.02129928124287807,-0.02129928124287807,-0.0054983714069835,0.0006288980160488141
F2,N2,ENERGY,0.3,39,0.4626902345730891,0.11259820219408205,0.11987173532971422,0.3,0.22842416789509473,28.08809746954077,0.006317943391012324,0.003925472362243556,0.0010798397771339377,0.00406469033018889
F2,N2,MAGDIFF,0.3,39,0.677415081480977,0.1598151852492925,0.17206695699713515,0.3,0.2962071263481326,1.8046606852532066,0.07534382913206496,-0.07534382913206496,-0.0002922149250450556,0.004016454082308826
F2,N2,MEMLESS,0.3,40,0.8534772298193577,0.2519181002870209,0.2581919704173256,0.3,0.4020506014594847,1.5151668351870575,0.047071778510715305,-0.047071778510715305,-0.018838405575903047,-0.021015652435825417
F2,N2,BLOCK,0.3,40,0.48857296792367466,0.10872824268514704,0.11839141706632093,0.3003003003003003,0.22941607643004724,50.25125628140704,0.010515836455210002,6.775460784818384e-05,0.0047940262263940865,-0.0035983324091631054
F2,N2,AR,0.3,40,0.6761179028527156,0.17722461110419246,0.19105344572244054,0.3,0.2620849507817826,1.4637362637362636,0.016898937390944883,-0.016898937390944883,0.005711051842529687,-0.014554289214801891
F2,N2,ENERGY,0.3,40,0.46570455535659455,0.12290537890515156,0.1293119362684551,0.3,0.2293351159360247,28.32703213610586,0.011998348522454579,0.00817226441687834,0.011998348522454579,-0.0018432254663073718
F2,N2,MAGDIFF,0.3,40,0.6763877228342554,0.16415688343038787,0.17568128021877535,0.3,0.29465530059099604,1.7876528481956457,0.07276786684401541,-0.07276786684401541,0.007774896339675746,-0.013921794074583826
F2,N2,MEMLESS,0.3,41,0.8541473315097134,0.24267980997609945,0.2491626495492951,0.3,0.3995881235954843,1.5039895619009385,0.046782979320132465,-0.046782979320132465,-0.024658372076280886,-0.010601534850435622
F2,N2,BLOCK,0.3,41,0.4860178740609467,0.10049796290733289,0.11032425134437872,0.3003003003003003,0.22632213113721925,50.08347245409015,0.009037261359304903,-0.0035824456336444595,-0.000765647871249954,-0.0012605434290548397
F2,N2,AR,0.3,41,0.6723605188924189,0.16339560188866825,0.17745929227080176,0.3,0.2587187530207326,1.4809507338044177,0.02959041591740611,-0.02959041591740611,-0.0029376963801712986,-0.0008332209449993857
F2,N2,ENERGY,0.3,41,0.4635486881839662,0.1139667096858754,0.12070747123547135,0.3,0.2249560221218688,29.2390243902439,0.008827893109369364,-0.0013215522093367369,0.004997630259209866,0.00428073358350212
F2,N2,MAGDIFF,0.3,41,0.6695221450268863,0.14974682430549602,0.16278915360458587,0.3,0.2892422506583389,1.8114233907524933,0.07238768019684536,-0.07238768019684536,0.0026528122860823397,-0.004565896589525272
F2,N2,MEMLESS,0.3,42,0.8512678029307192,0.2515878643543883,0.255633931456752,0.3,0.4009151630111025,1.4929016189290163,0.05870090579354855,-0.05870090579354855,-0.029914832559168793,-0.009474115119157592
F2,N2,BLOCK,0.3,42,0.4831471810501185,0.1086572475999677,0.11692683618974252,0.3003003003003003,0.22819232892455973,50.5902192242833,0.008341719158146594,0.002495223604158255,-0.0051238880318230096,0.00010506669726532005
F2,N2,AR,0.3,42,0.6721100052621385,0.17219138911821996,0.185009021677984,0.3,0.2615035770221991,1.4675350112623642,0.027277501623885557,-0.027277501623885557,-0.005258861305104239,0.0013121999769235184
F2,N2,ENERGY,0.3,42,0.4671110080945107,0.12216452303149128,0.1270676590844018,0.3,0.22916183523833736,28.51569933396765,0.007532147487438622,0.005273670774243718,0.0014286335793100907,-0.0015848490883387106
F2,N2,MAGDIFF,0.3,42,0.6701343480942067,0.15570162553110153,0.16703527567388876,0.3,0.292326455440096,1.8077085469569938,0.07483194411236908,-0.07483194411236908,0.003401272012247895,-0.0035931086288900505
F2,N2,MEMLESS,0.3,43,0.8530911067842358,0.25541559813448256,0.26036803467428826,0.3,0.40065276921017917,1.5058031452544842,0.05949395538447677,-0.05949395538447677,-0.01910245715424272,-0.015138649105872573
F2,N2,BLOCK,0.3,43,0.4818830117114451,0.10754593023190444,0.11596510460610689,0.3003003003003003,0.22575658371851615,50.25125628140704,0.008746970281743307,-0.0036114308352441413,0.001136877220575822,-0.0010099723356199475
F2,N2,AR,0.3,43,0.6748201447507219,0.1715712208011898,0.18503089344403836,0.3,0.2604074741597827,1.4795616113744077,0.029856105078791193,-0.029856105078791193,-0.0009538899250945499,0.0015784296264047036
F2,N2,ENERGY,0.3,43,0.46724661834088244,0.12062584401273936,0.12693037828205173,0.3,0.22672201962598115,29.182083739045765,0.008694824898243003,0.0003685961110248948,0.007211093313658802,0.001772583461265478
F2,N2,MAGDIFF,0.3,43,0.6749186581496054,0.156396339289051,0.1691073414761685,0.3,0.2918511627618116,1.8015147872084636,0.07701417663444889,-0.07701417663444889,0.0050132196423152385,0.004634329718542996
F2,N2,MEMLESS,0.3,44,0.8534175838832675,0.2556900600219636,0.2615559057699378,0.3,0.40260345199540903,1.5030844074427003,0.046826215224608995,-0.046826215224608995,-0.026919421286839978,-0.00703650165387893
F2,N2,BLOCK,0.3,44,0.47521649338702854,0.11145456508394254,0.11857165002441039,0.3003003003003003,0.22598366299427866,50.93378607809847,0.0073295019275087725,-0.004878015645340349,0.002012144498376553,-0.004433625995166696
F2,N2,AR,0.3,44,0.6779577681808542,0.16927572230986904,0.1828852408694383,0.3,0.26440572215220437,1.4797077120568776,0.03239091665506174,-0.03239091665506174,-0.012285589182483781,-0.0008102100811289551
F2,N2,ENERGY,0.3,44,0.46441626706598,0.12076032639525537,0.12595122168694925,0.3,0.22814804170164943,27.87906976744186,0.008495915680098623,-0.0036979645332126526,0.008495915680098623,2.4371840887824308e-05
F2,N2,MAGDIFF,0.3,44,0.6742878429988632,0.15673477105852213,0.16961497098265402,0.3,0.29398163713576975,1.8064010608161052,0.07518536472830716,-0.07518536472830716,0.004367686074788968,-0.0040218963157051335
F2,N2,MEMLESS,0.3,45,0.8521909157238211,0.252379208123236,0.25889472706977545,0.3,0.40378541809304397,1.5042915223610902,0.059619657443432936,-0.059619657443432936,-0.028525176406836418,-0.008741546172582831
F2,N2,BLOCK,0.3,45,0.48554504066174087,0.10714959910975942,0.11562966919814789,0.30026026026026026,0.22914980828888645,49.99333333333333,0.00838843382041147,-0.003122978799255945,-0.0009768511065947328,-0.002217937198642022
F2,N2,AR,0.3,45,0.6787763728367365,0.1702794992155231,0.18428070735073998,0.3,0.26592832189538373,1.4719316340061883,0.03878510671576627,-0.03878510671576627,-0.006294526365003299,-0.006386146300562866
F2,N2,ENERGY,0.3,45,0.4685573095389749,0.11746091540618099,0.1243275570466648,0.3,0.23003401693709677,28.542857142857144,0.005902230678900787,0.001653373371047136,0.0022738618640445007,0.005902230678900787
F2,N2,MAGDIFF,0.3,45,0.6744761506175975,0.15618321148986164,0.16864369076070115,0.3,0.2949078514819663,1.801839716226778,0.08110238551001656,-0.08110238551001656,-0.00987915087224432,-0.0019360631599468323
F2,N2,MEMLESS,0.3,46,0.8561007328604852,0.26208144094903596,0.2670519450494877,0.3,0.40521982233375026,1.5111940298507462,0.055041803554084036,-0.055041803554084036,-0.021836890263772793,-0.011868997405910495
F2,N2,BLOCK,0.3,46,0.49464702562284213,0.1171914414047055,0.1251005362685057,0.3003003003003003,0.2315767472156068,50.42016806722689,0.009529165044071185,-0.0007606445469569725,-0.0003209304590191534,0.00549312512761076
F2,N2,AR,0.3,46,0.6820801545002646,0.16562852364807829,0.17995606574063047,0.3,0.2662370325829968,1.4909705984776878,0.026170026998913208,-0.026170026998913208,-0.001573335868068684,0.006463664802472676
F2,N2,ENERGY,0.3,46,0.46636437927469604,0.12234046388689776,0.12722347746475174,0.3,0.22963308837952512,29.32485322896282,0.010246058206113693,0.0072049518697677225,0.004223645225863161,0.006061499028561644
F2,N2,MAGDIFF,0.3,46,0.6798204766750502,0.15874711762481572,0.17112478929126917,0.3,0.29675165688893756,1.7880794701986755,0.07702875332802415,-0.07702875332802415,-0.0007407860638407282,0.005983738176127545
F2,N2,MEMLESS,0.3,47,0.855202335965761,0.2507023843717078,0.2559739008553843,0.3,0.4050910889018072,1.5051981316860028,0.05406155353314092,-0.05406155353314092,-0.03420444638765445,-0.013702963399150838
F2,N2,BLOCK,0.3,47,0.4779881009458383,0.10781917821522154,0.11633081029320287,0.3003003003003003,0.22669643684460516,50.42016806722689,0.009220673286214816,0.0028109438698415493,-0.009220673286214816,0.0006454791383514551
F2,N2,AR,0.3,47,0.6799087703018609,0.1698426101207708,0.18359143536437075,0.3,0.26532605582107816,1.4725101950572397,0.022200160136703923,-0.022200160136703923,-0.019888885976554364,0.007818925886722543
F2,N2,ENERGY,0.3,47,0.46610990456627954,0.11455269681444837,0.11988725303850259,0.3,0.22901378206297504,28.06179775280899,0.006958823218739605,0.001741071259356511,-0.006003635216350602,0.003779844805264669
F2,N2,MAGDIFF,0.3,47,0.6765462469408121,0.1544634130096656,0.16641687585864873,0.3,0.29567671022057007,1.8057480267518227,0.07375126664887578,-0.07375126664887578,-0.0016305725064739776,-0.002023379193516022
F2,N2,MEMLESS,0.3,48,0.8550650347026519,0.2594381854959196,0.2661501739742081,0.3,0.4018093920891428,1.5069388576025744,0.05234492594638883,-0.05234492594638883,-0.026176273547660597,-0.005774386150952052
F2,N2,BLOCK,0.3,48,0.4792719816486718,0.10712235459639162,0.114893675046705,0.3003003003003003,0.22616337910024553,50.25125628140704,0.008635786749196036,-0.004294092609740766,-0.003868653640973979,-0.0030807993897221967
F2,N2,AR,0.3,48,0.6757864115564697,0.1764689668824263,0.19174672879199062,0.3,0.26052804256158524,1.4724378500540434,0.025163585205346534,-0.025163585205346534,0.0008010670698876542,0.008465884166655105
F2,N2,ENERGY,0.3,48,0.4660365130159189,0.11653118507625816,0.12257927636020596,0.3,0.22845257603377928,28.30028328611898,0.009882651994550585,0.001237123214160962,-0.0012740837048200143,-0.002085217885032426
F2,N2,MAGDIFF,0.3,48,0.6751596529851519,0.16109467810910227,0.17414159299614682,0.3,0.29289495523729553,1.806509945750452,0.07961402487458659,-0.07961402487458659,0.004943112809099476,0.006292215264653993
F2,N2,MEMLESS,0.3,49,0.8524163943567837,0.2528864561229068,0.2563160594503933,0.3,0.40092847639378515,1.4996997598078463,0.057345656322857486,-0.057345656322857486,-0.02839544210048591,-0.005208641208728117
F2,N2,BLOCK,0.3,49,0.4826577695227118,0.10432826959121667,0.11180349382052303,0.3003003003003003,0.22567057250445327,50.08347245409015,0.010035614041181404,-0.005594563141743462,0.0005265723349506182,0.00052357420831209
F2,N2,AR,0.3,49,0.6724028441631813,0.17193423011767478,0.18298952443255417,0.3,0.25990901836469893,1.4611671785870997,0.03169121889652504,-0.03169121889652504,-0.008496029647574219,0.014330477979473672
F2,N2,ENERGY,0.3,49,0.46995239156034957,0.11834150377418072,0.12336588467343174,0.3,0.22756105586727648,27.853159851301115,0.010532851650909853,-0.0015637263365583544,0.007914108983328528,0.0019547994234132204
F2,N2,MAGDIFF,0.3,49,0.6745037557220676,0.1608795954423059,0.16991458721840208,0.3,0.2930691712671829,1.7983798379837983,0.08782801743548452,-0.08782801743548452,0.0030981471655359217,0.0022437442107218434
F2,N2,MEMLESS,0.5,0,0.9521555136138216,0.30487368114816743,0.30799052821704404,0.5,0.31757897448109673,2.044198895027624,0.026311938000924816,-0.026311938000924816,-0.01356820799466722,-0.016076301369153646
F2,N2,BLOCK,0.5,0,0.6876387041955474,0.16784863787969784,0.17668922539571974,0.4999199199199199,0.21829129874252376,51.170081967213115,0.012379479228330352,-0.011409373893997187,-0.002724256479150426,-0.012379479228330352
F2,N2,AR,0.5,0,0.7566837849544422,0.19341718126565233,0.20462050485754282,0.5,0.2103103803691641,2.0154131697869593,0.047487981388163784,-0.047487981388163784,-0.02490914955634664,-0.004720590170556499
F2,N2,ENERGY,0.5,0,0.6686521471679007,0.17867772073520488,0.1856165974148122,0.5,0.21739384658262514,34.04907975460123,0.011257372860457693,-0.0056751233503209994,-0.0028060490781462704,-0.011257372860457693
F2,N2,MAGDIFF,0.5,0,0.7978499960250127,0.2060251818081893,0.214815615994288,0.5,0.24783296788357298,2.3086522462562398,0.08757188851203479,-0.08757188851203479,-0.008677424394857755,-0.002712440904205587
F2,N2,MEMLESS,0.5,1,0.952528112941574,0.31674078824812935,0.3209020484124412,0.5,0.3190709409621884,2.075542258788332,0.023265370569183593,-0.023265370569183593,-0.010914509761249547,-0.010933944979172924
F2,N2,BLOCK,0.5,1,0.6906195393841742,0.18606974907537405,0.19611291662290412,0.5005005005005005,0.21908013838552312,51.49330587023687,0.009999623850602395,-0.009999623850602395,-0.002285439380756307,-0.003618118093963845
F2,N2,AR,0.5,1,0.7628376113164802,0.20905308622346064,0.22054874247453626,0.5,0.2124949974790212,2.0131388038046105,0.044401696888018066,-0.044401696888018066,-0.015288936189621767,-0.012601969895430583
F2,N2,ENERGY,0.5,1,0.6715065594272904,0.19793566244944266,0.20494529344838835,0.5,0.21822407552882758,35.65310492505353,0.004658349677524671,-0.0025005869533069173,-0.0023360098859044353,0.0018449931644662983
F2,N2,MAGDIFF,0.5,1,0.7986319583342957,0.2201174590743752,0.22880990826528352,0.5,0.24891364634138347,2.3003592152528323,0.0873697757935084,-0.0873697757935084,-0.012248985027621609,-0.012713575118939854
F2,N2,MEMLESS,0.5,2,0.9521140634160775,0.30954538879409343,0.3126050357070102,0.5,0.31648094044409925,2.0575029863656957,0.021665402145808883,-0.021665402145808883,-0.01063176007358103,-0.01348843185287195
F2,N2,BLOCK,0.5,2,0.6838091918315654,0.17974606097762957,0.18837585514800015,0.5000800800800801,0.2161915383237337,51.18647540983606,0.004825663414946929,0.0005990011181954353,0.0016860641435028248,-0.004825663414946929
F2,N2,AR,0.5,2,0.7552166088436051,0.19475799856963574,0.20601278192468445,0.5,0.2090598695897664,2.0176111806761723,0.03585791952619712,-0.03585791952619712,-0.016877960390116884,-0.01034469658076121
F2,N2,ENERGY,0.5,2,0.6732463297434912,0.18488333110495023,0.19081841164905167,0.5,0.21703037661969654,34.14217361585783,0.007141904695852015,-0.0013363632632232537,0.0013871871786738461,-0.004114953670946766
F2,N2,MAGDIFF,0.5,2,0.7982249901861355,0.207530846613284,0.21657548174704533,0.5,0.24673374144997637,2.2910742133749196,0.07764225122781217,-0.07764225122781217,-0.004555510680703056,-0.01706830112007105
F2,N2,MEMLESS,0.5,3,0.9525204496984826,0.3152252692828251,0.3181619756246302,0.5,0.31605599023588926,2.0554709682729104,0.016334378072820815,-0.016334378072820815,-0.014114683302399105,-0.007189373937251134
F2,N2,BLOCK,0.5,3,0.6819959283297773,0.18160972420477267,0.18924724922865524,0.5002402402402403,0.21589559857861484,50.47878787878788,0.007705877641209036,-0.0024339580211955717,-0.006798746925970729,-0.005091742097536307
F2,N2,AR,0.5,3,0.7565495571957922,0.20400759770500693,0.21528952668639675,0.5,0.20880814942562126,2.0082016644554335,0.027857698919971186,-0.027857698919971186,-0.01004199053373819,-0.006473558807958958
F2,N2,ENERGY,0.5,3,0.6666161399701334,0.18626483102984015,0.19302566126620657,0.5,0.21521128878739482,32.73263433813892,0.008165702245658064,-5.852743809227456e-05,-0.00305631008724249,-0.006157651203292346
F2,N2,MAGDIFF,0.5,3,0.7977434056961743,0.20794577802846093,0.21709565282812682,0.5,0.24633822739373398,2.2896039603960396,0.0756349500787035,-0.0756349500787035,-0.012323849193736544,-0.014679589387037256
F2,N2,MEMLESS,0.5,4,0.9526817403642945,0.32258727118027825,0.32511689433589375,0.5,0.3193439486203466,2.0462925030725114,0.023396140413517542,-0.023396140413517542,-0.004005867276775124,-0.00923730024523502
F2,N2,BLOCK,0.5,4,0.6884455851229793,0.16953756100692235,0.17858976954449438,0.5003403403403404,0.2190625917273821,51.318275154004105,0.00980233687559553,-0.009207079971512194,-0.004916126307088754,-0.00980233687559553
F2,N2,AR,0.5,4,0.761715200906412,0.209601819254991,0.22012831221221416,0.5,0.21260500077459712,2.018671193016489,0.033783891443465656,-0.033783891443465656,-0.02639255780925927,-0.011953554150161373
F2,N2,ENERGY,0.5,4,0.6736136522979133,0.18636165939477728,0.19312491395077167,0.5,0.2189166903608155,32.883475971033576,0.008456403177248632,-0.005344672620178955,-0.0025187570543792775,-0.008456403177248632
F2,N2,MAGDIFF,0.5,4,0.7992130503037691,0.22352514580679123,0.2319985884343076,0.5,0.24930954867381133,2.3116438356164384,0.07939577162835725,-0.07939577162835725,-0.007392959881026499,-0.015324352460016365
F2,N2,MEMLESS,0.5,5,0.9531564939294571,0.3056692441295578,0.3093711747654445,0.5,0.3185638294547121,2.0610687022900764,0.027686053095138146,-0.027686053095138146,-0.01795410954498151,-0.006409860401678541
F2,N2,BLOCK,0.5,5,0.6954875729609032,0.1685299166026523,0.17891583063250596,0.5005005005005005,0.21971155158805392,51.282051282051285,0.007717008406807019,-0.007364888462706297,-0.006954794097368803,-0.005323593427182184
F2,N2,AR,0.5,5,0.7639291880252117,0.1988639623910345,0.21136453822631016,0.5,0.21229964326414574,1.999599679743795,0.04628304606562019,-0.04628304606562019,-0.017848032734763836,-0.011390983152045958
F2,N2,ENERGY,0.5,5,0.6731924441821006,0.17798388674905155,0.18671891322755946,0.5,0.2181963184885104,34.71160528144545,0.0078705572192213,-0.004941344063629947,-0.003988431904585619,-0.002193834621111034
F2,N2,MAGDIFF,0.5,5,0.8019062404483316,0.20996230409784744,0.218864915973265,0.5,0.24919687041106758,2.3224996512763285,0.08347731757085353,-0.08347731757085353,-0.0163135191578066,-0.00849463925923511
F2,N2,MEMLESS,0.5,6,0.9519065518802386,0.3314186166410437,0.33122693854635293,0.5,0.3177817526025139,2.0628561988932024,0.01728988274558851,-0.01728988274558851,-0.015175028485381286,-0.00857449557975988
F2,N2,BLOCK,0.5,6,0.6865742309646531,0.19030488554414715,0.19817040210285095,0.5005005005005005,0.21868042117543507,50.76142131979695,0.010012979447936724,0.002207137105379348,-0.0038306410266492094,-0.0026188922576491983
F2,N2,AR,0.5,6,0.7592878503990279,0.2161692657382116,0.22522505264442383,0.5,0.21153278773428455,2.0063464010282774,0.03761261682898121,-0.03761261682898121,-0.01594786331048582,-0.008525870259670198
F2,N2,ENERGY,0.5,6,0.6678266989742019,0.19810396193250768,0.20381238225305903,0.5,0.21787140824342818,32.47724317295189,0.005508037352406137,0.0032620372291147807,-0.001332581737287493,0.0033629370526929736
F2,N2,MAGDIFF,0.5,6,0.7961816517386474,0.22676357415056658,0.23311285834499126,0.5,0.24783387915179228,2.3117508214930345,0.07945825749545768,-0.07945825749545768,-0.013613373741919507,-0.0018281571150270592
F2,N2,MEMLESS,0.5,7,0.9520992036555815,0.31491373287608226,0.3162095217691361,0.5,0.31698833114637315,2.063537965793605,0.0209696475452216,-0.0209696475452216,-0.012945679637708398,-0.012094741101382091
F2,N2,BLOCK,0.5,7,0.689983103751701,0.18098003742071203,0.18876244975931186,0.5005005005005005,0.21816318858737715,50.45408678102926,0.007379395688867987,-0.006674396796937432,-0.007379395688867987,-0.004462068802799881
F2,N2,AR,0.5,7,0.7559814877063463,0.20299222426418675,0.21326337995543332,0.5,0.20960016776571863,1.9987995198079231,0.032080700258784095,-0.032080700258784095,-0.016746339228300555,0.0030831896474698417
F2,N2,ENERGY,0.5,7,0.6677446575288654,0.182915734430089,0.18977785334611894,0.5,0.2170096712862149,32.775590551181104,0.007742312374376246,-0.0070183562139008926,-0.0010669429740815272,-0.0034357699962225476
F2,N2,MAGDIFF,0.5,7,0.7961298439724576,0.21239812057003052,0.21960991111948316,0.5,0.24728460351915135,2.298136645962733,0.0831301253975534,-0.0831301253975534,-0.009934728880878606,-0.0011101980129189796
F2,N2,MEMLESS,0.5,8,0.9520412050594522,0.32988644687492485,0.3298748245688916,0.5,0.3160337983880917,2.0705521472392636,0.0073964421124536345,-0.0073964421124536345,-0.0073509633317099385,-0.006658048637473929
F2,N2,BLOCK,0.5,8,0.6860210987332198,0.18689020047399843,0.19401666781622146,0.5005005005005005,0.21745841847008826,51.49330587023687,0.010596987967378572,0.004744878553953816,0.0008468952396108813,-0.0030920161600525202
F2,N2,AR,0.5,8,0.753856031910536,0.21390903360193345,0.2220462475953879,0.5,0.20881109870778147,2.014762826718296,0.03664800158923628,-0.03664800158923628,-0.018967884730256315,-0.0042855254659906784
F2,N2,ENERGY,0.5,8,0.6676249006870277,0.20022099745536895,0.20455652313571052,0.5,0.21622012650144856,34.329896907216494,0.008981814937686192,0.008981814937686192,-0.0015648570689279439,-0.00152819333765425
F2,N2,MAGDIFF,0.5,8,0.7941995725032969,0.22531075803277087,0.23105491493692026,0.5,0.24637331152960687,2.317757876664656,0.07017230561063346,-0.07017230561063346,-0.013283996940532936,-0.006729616065335037
F2,N2,MEMLESS,0.5,9,0.9522348923922062,0.318907828591541,0.3230845959560565,0.5,0.32300726431841664,2.060133630289532,0.02675891165565171,-0.02675891165565171,-0.014479475914256553,-0.008479885276240683
F2,N2,BLOCK,0.5,9,0.6903110412413613,0.18010298739640385,0.1898671324680198,0.5005005005005005,0.22287004758152565,50.403225806451616,0.011584122020731513,-0.008042649450672398,-0.005309047996063824,0.0005520503381207312
F2,N2,AR,0.5,9,0.7659221885102006,0.2165447902826731,0.22967392197119255,0.5,0.2170763091185811,2.0172852469609466,0.04141299296342383,-0.04141299296342383,-0.009103510362814675,-0.011266878328386198
F2,N2,ENERGY,0.5,9,0.6694496333719183,0.1982342012657502,0.20521420699443432,0.5,0.22160445129245657,36.75496688741722,0.009421458589506222,-0.006305621719426988,-0.0005310696048381262,0.0028364480638009074
F2,N2,MAGDIFF,0.5,9,0.8006335713147901,0.215221980716638,0.22528437377472219,0.5,0.2526614204489364,2.3286713286713288,0.09239733339201861,-0.09239733339201861,-0.01563044787105156,-0.0046986568437572
F2,N2,MEMLESS,0.5,10,0.9526769606682486,0.33738555482440324,0.33872960957378,0.5,0.3196704860018666,2.0751111295750073,0.02290664323466653,-0.02290664323466653,-0.009381137600777046,-0.009378873634647057
F2,N2,BLOCK,0.5,10,0.6872752221450389,0.1827119423462022,0.19207802136638719,0.5004604604604604,0.21903396039738504,50.60323886639676,0.0075778469378003825,-0.005418052866740789,-0.0010286536114986079,-0.004396435711542981
F2,N2,AR,0.5,10,0.7627487816229293,0.21282959498656834,0.22250468178177182,0.5,0.213086966362395,2.0007209805335258,0.049269659445193195,-0.049269659445193195,-0.01552198352944928,-0.008130364517048466
F2,N2,ENERGY,0.5,10,0.6723626024419502,0.19514655261778302,0.201510052832894,0.5,0.21940245787806814,35.028050490883594,0.00788149382276427,-0.0045000597574069495,0.0024049947262031637,-0.0026084229181318453
F2,N2,MAGDIFF,0.5,10,0.8010044274925281,0.2237448017441256,0.23153897427624232,0.5,0.2504233022974332,2.3229316839510767,0.08836265401414518,-0.08836265401414518,-0.012039134308635693,-0.01463124572003697
F2,N2,MEMLESS,0.5,11,0.9526997060926441,0.30910672976503206,0.31147929659257884,0.5,0.31888381372390284,2.049314843685895,0.029265166305358446,-0.029265166305358446,-0.008493273248762945,-0.007805581542496136
F2,N2,BLOCK,0.5,11,0.684243863008666,0.18129336398111692,0.19011780473294365,0.49963963963963964,0.21878413757114532,51.03680981595092,0.009800996497065943,-0.009800996497065943,-0.0012276231025855507,-0.004181650309226693
F2,N2,AR,0.5,11,0.7601240986084189,0.20355293631931187,0.2138733244865977,0.5,0.2118894809269335,2.0194873453545727,0.04734468606353003,-0.04734468606353003,-0.01947290211566647,-0.008451337709909613
F2,N2,ENERGY,0.5,11,0.6675185859942734,0.18599521324982982,0.1928581029620257,0.5,0.21810987052361325,35.10189739985945,0.010838951025788938,-0.010838951025788938,0.0016935590786008154,-0.002758876776093855
F2,N2,MAGDIFF,0.5,11,0.8004208233503537,0.20273108609849033,0.2113425564305907,0.5,0.24877879616403,2.3253107397234767,0.08881672373106667,-0.08881672373106667,-0.017388724670565445,-0.012681542620318472
F2,N2,MEMLESS,0.5,12,0.9524575002347401,0.3266668805930503,0.3275308273493914,0.5,0.3179546561852806,2.0753697856074456,0.01770228178219718,-0.01770228178219718,-0.011711994160375536,-0.00674120255072337
F2,N2,BLOCK,0.5,12,0.6895663495352646,0.1795169909471983,0.18751189539741908,0.5005005005005005,0.21874731966191568,50.8646998982706,0.007979988665049837,-0.004998571676949024,-0.007979988665049837,-0.003615763660266624
F2,N2,AR,0.5,12,0.7576783945592398,0.2069561013117367,0.21688334556424366,0.5,0.2105497105851476,2.002004008016032,0.04437121973888171,-0.04437121973888171,-0.015512701721260963,-0.01245413414786753
F2,N2,ENERGY,0.5,12,0.6656234144153859,0.18443928727758707,0.1902023002769885,0.5,0.21685405019842133,36.064981949458485,0.007415448135027481,-0.001625164620988688,-0.003605978603126237,-0.002730764771875198
F2,N2,MAGDIFF,0.5,12,0.795671700639483,0.22896568427609376,0.2358969691790806,0.5,0.24758748108050596,2.3203418962233475,0.07008797051494216,-0.07008797051494216,-0.009010230993638827,-0.0022314983253541804
F2,N2,MEMLESS,0.5,13,0.9520618290984223,0.3179894719125292,0.31947515287207223,0.5,0.31662712660435327,2.049651210504719,0.01813314588061533,-0.01757716926089334,-0.009766927297207566,-0.01813314588061533
F2,N2,BLOCK,0.5,13,0.684161937952169,0.17238792830809935,0.18131979857064803,0.4999199199199199,0.21694850275311195,51.170081967213115,0.009458876240582623,-0.002839152452518644,0.0026921191969793814,-0.009458876240582623
F2,N2,AR,0.5,13,0.7551783047645374,0.20579067069144846,0.21534232134575346,0.5,0.20918734757463536,2.017529687373778,0.03814859950130847,-0.03814859950130847,-0.01918764153526907,-0.01078795514449283
F2,N2,ENERGY,0.5,13,0.6648924066810669,0.19157148441394872,0.19678353137238752,0.5,0.2162417188052882,34.04907975460123,0.011670851137186022,0.001751191645970817,0.00037695947883745125,-0.011670851137186022
F2,N2,MAGDIFF,0.5,13,0.7946894798391421,0.21461191748132968,0.22202035055858574,0.5,0.2464964368333788,2.292546355792179,0.07575180885546454,-0.07575180885546454,-0.006916638584355577,-0.011643657248650054
F2,N2,MEMLESS,0.5,14,0.953080546052873,0.32909541886702476,0.32985991870054404,0.5,0.3191399754749666,2.0675524649199057,0.020206055117345894,-0.020206055117345894,-0.0107339150358486,-0.0007613949078764613
F2,N2,BLOCK,0.5,14,0.6870781308466264,0.1778776229528969,0.1862370625176813,0.4997597597597598,0.21859559175655216,50.53238866396761,0.008633161748069842,0.0011838820772843114,-0.004794754271263568,-0.0004090918981401948
F2,N2,AR,0.5,14,0.7615524090601153,0.21572023538762705,0.22500542304323598,0.5,0.21223661852224998,2.0127332070757946,0.05072195402296757,-0.05072195402296757,-0.01595362988005839,-0.006394201354595884
F2,N2,ENERGY,0.5,14,0.6669712689718077,0.19069123799510165,0.19625303182005177,0.5,0.21762261476601982,37.16517857142857,0.011575650847371975,0.0009455926953308759,-0.006661830020812048,0.0014897270291514193
F2,N2,MAGDIFF,0.5,14,0.7976423940421944,0.22838211511495118,0.23520153221183823,0.5,0.24880032251811918,2.2825937942695242,0.08373432029454209,-0.08373432029454209,-0.00849204459838261,0.0024616402821132114
F2,N2,MEMLESS,0.5,15,0.9535014686311933,0.33031321085804677,0.33335442483951644,0.5,0.32272103214049613,2.046041043706222,0.02873683270776303,-0.02873683270776303,-0.022388613342456568,-0.008231317782331674
F2,N2,BLOCK,0.5,15,0.6942851019030303,0.18118739132552733,0.19186303359037085,0.4997597597597598,0.22232269522308218,50.43030303030303,0.012724559067744773,-0.012724559067744773,-0.010748663448028575,-0.002065351325209295
F2,N2,AR,0.5,15,0.7674820331618283,0.21389109780343,0.2254437409421605,0.5,0.21559598118039963,2.012084592145015,0.04541949346381595,-0.04541949346381595,-0.02370033368006082,-0.013825877129093764
F2,N2,ENERGY,0.5,15,0.6712675948379542,0.19490804656937225,0.20238512584507437,0.5,0.22070729578099177,35.00350385423966,0.011061339179593834,-0.011061339179593834,-0.006862276840228428,-0.0035676880048918546
F2,N2,MAGDIFF,0.5,15,0.8039108199275747,0.23065965244199302,0.2391356174220424,0.5,0.2520446766226198,2.3121788640466603,0.0868329490401986,-0.0868329490401986,-0.026242484598383253,-0.007413898139076784
F2,N2,MEMLESS,0.5,16,0.9525743336493232,0.3249317750801895,0.3262846010076277,0.5,0.31804943931169877,2.0382763404880437,0.0265654145384818,-0.0265654145384818,-0.003225801900591937,-0.006776869297707772
F2,N2,BLOCK,0.5,16,0.68870101408166,0.175279800072547,0.18366375715402308,0.5005005005005005,0.21851775211205302,50.76142131979695,0.007206304420471616,-0.007206304420471616,0.0026591207056228705,0.0018018529006864844
F2,N2,AR,0.5,16,0.7579717309716186,0.20699429411780718,0.21689897620735252,0.5,0.21056977626437634,2.021367002549472,0.0473877148747845,-0.0473877148747845,-0.013765309800805255,-0.007369157534623108
F2,N2,ENERGY,0.5,16,0.6702060421284087,0.19025779727357955,0.1966072967147362,0.5,0.2178590945585465,34.93006993006993,0.007416480481332621,-0.00198066667374302,0.003446638880223859,-0.00094186339383937
F2,N2,MAGDIFF,0.5,16,0.7973886382991715,0.2249543601079032,0.23212625918348617,0.5,0.24731842754600805,2.3229316839510767,0.08319071948517062,-0.08319071948517062,-0.0003248310291992601,-0.006093232060839775
F2,N2,MEMLESS,0.5,17,0.9521582905237059,0.3165668833361576,0.3190529296400942,0.5,0.3190002795115494,2.049987687761635,0.021810336106908378,-0.021810336106908378,-0.010871048042861223,-0.004481662289664713
F2,N2,BLOCK,0.5,17,0.6805115968174648,0.1779507368581662,0.18644933652536733,0.5005005005005005,0.21711154171672054,51.49330587023687,0.009083344987803695,-0.004246997903346992,-0.0018448891822323648,-0.006606601950789029
F2,N2,AR,0.5,17,0.7591678102718664,0.20433241344966535,0.21485837997616272,0.5,0.21200805402302236,2.0155758211605197,0.040483624287311275,-0.040483624287311275,-0.013298368088748728,-0.013764436541517676
F2,N2,ENERGY,0.5,17,0.6647319507601538,0.19013579674802877,0.19605628259192184,0.5,0.21732599213393763,34.30631868131868,0.007998753846097446,-0.0009967492854507972,0.0010951053920644836,0.0014165336177677627
F2,N2,MAGDIFF,0.5,17,0.7964670972902225,0.21905465608831687,0.22752503148631467,0.5,0.24864300993812818,2.3138926205586694,0.07691872044994039,-0.07691872044994039,-0.005407994547232211,-0.008528428160815353
F2,N2,MEMLESS,0.5,18,0.9516296837082246,0.33116054053363775,0.32914840817068364,0.5,0.3159146577015133,2.0722701626286093,0.018199701633074977,-0.018199701633074977,-0.01221399707270732,0.00012541643902178867
F2,N2,BLOCK,0.5,18,0.6845381643700573,0.18296184576530666,0.19011381433357835,0.5005005005005005,0.21673949516267144,50.9683995922528,0.011193368723762332,0.0010312616152354727,0.0002573744900568071,-0.005738690816925223
F2,N2,AR,0.5,18,0.7544426470692288,0.21020733709958656,0.218542499140549,0.5,0.20885251272537741,2.015819847451471,0.044787607970338116,-0.044787607970338116,-0.015921441722655985,0.003870229999926458
F2,N2,ENERGY,0.5,18,0.6668123726795236,0.19448017138524226,0.19918320523427407,0.5,0.21655679720433033,34.73574408901252,0.010014439479178603,0.005013511912716406,-1.5549413695418076e-06,-0.004322811413928508
F2,N2,MAGDIFF,0.5,18,0.7952345671286379,0.22436386214327253,0.22966675313409132,0.5,0.24626783481544973,2.306200655616603,0.0793289069691381,-0.0793289069691381,-0.017403130608724966,0.000940827803752274
F2,N2,MEMLESS,0.5,19,0.9513566464480184,0.3013032292976233,0.30532412734360204,0.5,0.3150585776184333,2.0547099958864665,0.022524436921437675,-0.022524436921437675,-0.009248506577015403,-0.004506201639788597
F2,N2,BLOCK,0.5,19,0.6859620588352601,0.1745697903510978,0.1842752514279689,0.49953953953953956,0.21669877691540268,51.131147540983605,0.006617413875053721,-0.0014936429417109617,-0.003768239900723887,-0.0025829213048674964
F2,N2,AR,0.5,19,0.7533440419489399,0.19941512710890583,0.21140033351687623,0.5,0.2077403500047289,2.029085591258074,0.03761161000247324,-0.03761161000247324,-0.02178076997837061,-0.007027164042664633
F2,N2,ENERGY,0.5,19,0.6675623585418295,0.17123816093037228,0.17898837036646165,0.5,0.21551655336820613,34.591412742382275,0.00861277612217971,-0.006349020574343756,-0.00861277612217971,-0.000146653706773215
F2,N2,MAGDIFF,0.5,19,0.7946074515063672,0.21134014018133593,0.22069695113380355,0.5,0.2449451153727948,2.306520132988548,0.07802106236199463,-0.07802106236199463,-0.010043912538010872,-0.009796011286774679
F2,N2,MEMLESS,0.5,20,0.9523615828986642,0.3078249773552443,0.30983349418177913,0.5,0.3157655310854659,2.0471311475409837,0.01835470628779697,-0.01835470628779697,-0.007393059955449408,-0.0056235879244827
F2,N2,BLOCK,0.5,20,0.6883814558364123,0.1758144328413423,0.18364189880570078,0.5005005005005005,0.21654950677559442,50.55611729019211,0.006405695431494054,0.004813821492085864,0.0027415716657475594,-0.003425352120427274
F2,N2,AR,0.5,20,0.755871911150676,0.19964266782743348,0.20956629729581833,0.5,0.20877652956226955,2.0143565753921844,0.042507679983191146,-0.042507679983191146,-0.018088707536379173,-0.008075603564786203
F2,N2,ENERGY,0.5,20,0.6693938170749104,0.18072351586595806,0.18777022303133134,0.5,0.21650946272801572,36.45985401459854,0.010722916605886968,0.0038449327803056718,0.007159962852100049,0.0027509350356040127
F2,N2,MAGDIFF,0.5,20,0.7916143288559474,0.21209068899560793,0.22059647620602676,0.5,0.24511050832317777,2.3006770761365205,0.07582025269268276,-0.07582025269268276,-0.014129527666461132,0.0006631013111227114
F2,N2,MEMLESS,0.5,21,0.9511298303545012,0.32497452386218084,0.3246261020551343,0.5,0.3144259138167022,2.0675524649199057,0.016465419496643968,-0.016465419496643968,-0.0043965219848870205,-0.005415245739265558
F2,N2,BLOCK,0.5,21,0.6865013702361301,0.18571344967937745,0.19370252337791583,0.5005005005005005,0.2164484080173833,50.8646998982706,0.011235530924891157,0.0011605316311874409,0.006235065700597653,0.0013021246598509853
F2,N2,AR,0.5,21,0.7523342736175076,0.20998182392381667,0.2185422279618854,0.5,0.20773222824470394,2.0029673590504453,0.036212015725730844,-0.036212015725730844,-0.01897107435168798,-0.005293814553720813
F2,N2,ENERGY,0.5,21,0.6672024674487944,0.1954043217945501,0.200605897977834,0.5,0.21592318037973238,35.83213773314204,0.007804307244601632,0.004351276469265641,0.005948459221707692,-0.005312996290774916
F2,N2,MAGDIFF,0.5,21,0.7927155765963796,0.22104048381305838,0.2266835229147491,0.5,0.24453017830158003,2.2864597638011537,0.07380635997230892,-0.07380635997230892,-0.011977385259097263,0.002550645211999854
F2,N2,MEMLESS,0.5,22,0.9527467865821745,0.3274319617277487,0.3302457163139062,0.5,0.3190630061681502,2.052683488123613,0.02642420356898585,-0.02642420356898585,-0.009391577366568036,-0.008219626659487594
F2,N2,BLOCK,0.5,22,0.69311868215734,0.1894914795080266,0.19832554590692397,0.5004204204204205,0.2196014782084125,51.012244897959185,0.006308134274656806,-0.0061957244475841534,0.003919729570821378,-0.004820103104631904
F2,N2,AR,0.5,22,0.7603207831640362,0.2085181495673056,0.2198163557306846,0.5,0.21121904938059918,2.001683096898293,0.04721205903083102,-0.04721205903083102,-0.020619394759355873,-0.013368026274489759
F2,N2,ENERGY,0.5,22,0.6721278447660121,0.20534724141358016,0.21030984618241508,0.5,0.21810016858852208,36.27450980392157,0.007733694592896811,-0.006682098843956096,0.005855806716106938,-0.0064593282476903425
F2,N2,MAGDIFF,0.5,22,0.7983456621964866,0.22920181910428192,0.23726954116267523,0.5,0.24849658458910306,2.30205548898516,0.0902510411924498,-0.0902510411924498,-0.0036794720161500553,-0.012935930848806057
F2,N2,MEMLESS,0.5,23,0.9523972222088181,0.3073327829972834,0.3099981278652665,0.5,0.31956685085348707,2.0627710097047283,0.03160137389422574,-0.03160137389422574,-0.01221206255521156,-0.008059172256473445
F2,N2,BLOCK,0.5,23,0.6778790179005658,0.16527827945945764,0.17497706048931147,0.49953953953953956,0.21812886275439153,51.02658486707566,0.01354325657756063,-0.01354325657756063,0.0002508955633704454,-0.009089822477894886
F2,N2,AR,0.5,23,0.7593988150851876,0.19524522923200263,0.20611502257190095,0.5,0.21277289269888497,2.0134633989035793,0.0512192072007447,-0.0512192072007447,-0.01520290192608075,-0.007860549450133631
F2,N2,ENERGY,0.5,23,0.659502871853827,0.1747495385718725,0.18229217725197827,0.5,0.21741059942168242,33.70445344129555,0.016163112395316936,-0.016163112395316936,0.002731796470583956,-0.0076399884248774886
F2,N2,MAGDIFF,0.5,23,0.7969314820030228,0.21238024663637764,0.22077904009586538,0.5,0.24918079713553037,2.3312797535704286,0.08214797304309769,-0.08214797304309769,-0.01916939044124444,-0.0011762618806128073
F2,N2,MEMLESS,0.5,24,0.9529442610515294,0.32040163575221825,0.3216163116081238,0.5,0.31958281559623547,2.072872141760385,0.027465594210971056,-0.027465594210971056,-0.007963876295351743,-0.0067438701280305826
F2,N2,BLOCK,0.5,24,0.6905282167022945,0.1813685577758156,0.18891607038443353,0.5005005005005005,0.21983022845622657,51.38746145940391,0.012924783585880218,-0.0007169560357945348,-0.0025107257123936255,-0.005748671612372591
F2,N2,AR,0.5,24,0.7618327864984288,0.2024856233168901,0.21333121420525616,0.5,0.21264892530045598,2.0172037799854614,0.04490391903699722,-0.04490391903699722,-0.014767739638054417,-0.01281494263075184
F2,N2,ENERGY,0.5,24,0.6692018783391878,0.19134464992434733,0.19624034847899277,0.5,0.21865726986182818,37.98479087452471,0.007761102088069321,-0.0021104234769575964,0.0029214844567245148,-0.006770673728080116
F2,N2,MAGDIFF,0.5,24,0.798390765840788,0.2155838049947337,0.22417108927145693,0.5,0.24920420970168627,2.321959836370398,0.08417783724322465,-0.08417783724322465,-0.009773026611880347,-0.012274426964526106
F2,N2,MEMLESS,0.5,25,0.9528243023751984,0.3370190474626809,0.3374554355086254,0.5,0.3206702575692892,2.079863424383744,0.021175213993139333,-0.021175213993139333,-0.012682893024393143,-0.004658398882965979
F2,N2,BLOCK,0.5,25,0.6906728500217788,0.19154598210472928,0.19873709354938168,0.5000800800800801,0.22048303692126833,51.29158110882957,0.010804335742232461,-0.0010920349249877402,-0.0019145772496260145,-6.499274045014105e-05
F2,N2,AR,0.5,25,0.7649181213076807,0.21552811175969216,0.22515921393494134,0.5,0.21460803773675224,2.023578026251823,0.04602315920164434,-0.04602315920164434,-0.01741937633920321,-0.00773984054757831
F2,N2,ENERGY,0.5,25,0.6691132654010994,0.19953498089943134,0.20405064594770309,0.5,0.219775581478121,38.042650418888044,0.007812154312217755,0.0013259119445035395,0.00016525193085168343,-0.001193011824659803
F2,N2,MAGDIFF,0.5,25,0.8010602616511626,0.2205312611580132,0.2274934081537162,0.5,0.2509212855946167,2.303860523038605,0.07925818410540013,-0.07925818410540013,-0.02284739916422577,-0.0002440852830306792
F2,N2,MEMLESS,0.5,26,0.9529241829355944,0.3235081131394974,0.32675094184947145,0.5,0.3214440791604608,2.0597938144329895,0.021221072704186772,-0.021221072704186772,-0.017739001072205465,-0.006762671494344489
F2,N2,BLOCK,0.5,26,0.6966941879317202,0.18100713139035407,0.19043874608845524,0.5005005005005005,0.2217251981183521,51.38746145940391,0.016407916818724944,-0.005315496714021302,-0.016407916818724944,-0.0009528649744852732
F2,N2,AR,0.5,26,0.7641786343570206,0.21212318594972818,0.22331997449513227,0.5,0.21454599383952883,2.012084592145015,0.04295809855692288,-0.04295809855692288,-0.022361107542884957,-0.008847331061347753
F2,N2,ENERGY,0.5,26,0.6709394999907852,0.193269362838138,0.2004879780310443,0.5,0.2193493972984823,35.57692307692308,0.014738178197875923,-0.0017824089390243237,-0.014738178197875923,-0.0028493608321077217
F2,N2,MAGDIFF,0.5,26,0.8030320744382732,0.22209924318768348,0.23113386606253264,0.5,0.25159473131421717,2.315501576117189,0.08232265332101833,-0.08232265332101833,-0.017482685745655594,-0.009597131506800544
F2,N2,MEMLESS,0.5,27,0.9517020897865733,0.31491971070686553,0.3176455820607881,0.5,0.31891997708489267,2.0623451692815853,0.021144315775163517,-0.021144315775163517,-0.0170007717690789,-0.009996581747149439
F2,N2,BLOCK,0.5,27,0.6872956827311129,0.1761958917629993,0.18556079520751032,0.5,0.21959244504962575,50.65922920892495,0.007987715338213281,-0.007987715338213281,-0.000745449749737263,-0.00721569048259634
F2,N2,AR,0.5,27,0.7591683638210049,0.20349771210838583,0.21503049485158163,0.5,0.2122982845820869,2.0075559664000644,0.03841567420246582,-0.03841567420246582,-0.020780484327343376,-0.015249210296334506
F2,N2,ENERGY,0.5,27,0.6712014359869235,0.17763812155275546,0.18504379926197984,0.5,0.21918683625878307,34.30631868131868,0.014673198165086115,-0.004525475013010056,-0.0005286673565176433,-0.002320721087864291
F2,N2,MAGDIFF,0.5,27,0.7932303887340212,0.2217028244645234,0.230500014726453,0.5,0.2479283236463389,2.3011010273183765,0.08046356964199755,-0.08046356964199755,-0.010562177591085416,-0.010695184676551893
F2,N2,MEMLESS,0.5,28,0.9531277766014756,0.3113656330316142,0.3147108889316595,0.5,0.31949698268230925,2.0537806833600594,0.028588366742216532,-0.028588366742216532,-0.016723512622323824,-0.009338844228143729
F2,N2,BLOCK,0.5,28,0.6901157174205402,0.1731832176789026,0.1834083297863596,0.5005005005005005,0.21903877359518287,51.17707267144319,0.010095438154171766,-0.008129159461528812,-0.010095438154171766,-0.001475945122542801
F2,N2,AR,0.5,28,0.7616514692002955,0.2024870221047227,0.21523599586146103,0.5,0.2125072575183804,2.017366720516963,0.04126003452408429,-0.04126003452408429,-0.023764861915210617,-0.009777468130274991
F2,N2,ENERGY,0.5,28,0.6730359748160252,0.1862207078105111,0.1939918612298424,0.5,0.21910106835394813,33.68172623061362,0.008201963280081947,-0.008201963280081947,-0.005631621532849962,-0.004708581562274275
F2,N2,MAGDIFF,0.5,28,0.8015096701800636,0.2130744922143239,0.22249317572193478,0.5,0.24991387890153216,2.309826589595376,0.08272678490201717,-0.08272678490201717,-0.021227516227875096,-0.0065395092802478585
F2,N2,MEMLESS,0.5,29,0.951975786903379,0.3106578658734545,0.31273486188662586,0.5,0.3209908601204153,2.0599637083470803,0.0309750137782754,-0.0309750137782754,-0.016526925633371676,-0.006790027358158684
F2,N2,BLOCK,0.5,29,0.6940642295693734,0.1723420711556723,0.18217713929909307,0.49997997997998,0.22210831665855682,51.17622950819672,0.012600735586354042,-0.012600735586354042,-0.010006208649966245,-0.0029571177200334847
F2,N2,AR,0.5,29,0.7635171452648725,0.19839920352190188,0.20933333864962703,0.5,0.2144115458089746,2.0277676287906465,0.05312670889805263,-0.05312670889805263,-0.01580832216378914,-0.007677942665169574
F2,N2,ENERGY,0.5,29,0.6729847791659066,0.1811227084348433,0.18761576447241038,0.5,0.22076701138182356,36.67400881057269,0.012241367956623022,-0.012241367956623022,-0.004547980857577833,-0.004048344018955091
F2,N2,MAGDIFF,0.5,29,0.8025062934856927,0.21599400781930345,0.22471594952961135,0.5,0.2513229406791075,2.2991944764096663,0.0905717752544689,-0.0905717752544689,-0.012965071266549033,-0.005065002523341245
F2,N2,MEMLESS,0.5,30,0.952171332497452,0.34291028602929685,0.34456991348084487,0.5,0.31849221417903584,2.0697799693365933,0.01467328443232738,-0.01467328443232738,-0.010414488497958018,0.0033703269986879677
F2,N2,BLOCK,0.5,30,0.6859989556821163,0.18974181331764647,0.1980158376291814,0.49963963963963964,0.21838955701675408,51.14139344262295,0.011149306946660784,-7.736704601417868e-07,0.0019834245997374187,0.0076616351524410676
F2,N2,AR,0.5,30,0.7602071592498659,0.22237776391529315,0.2322057648465488,0.5,0.2118007005614601,2.007636655948553,0.0424636016873093,-0.0424636016873093,-0.01002601640823005,-0.010389480052399707
F2,N2,ENERGY,0.5,30,0.6715301363661949,0.19413798545162705,0.20102128785010814,0.5,0.21869058470057734,34.2357779300891,0.013863373042909256,0.004682938128165282,0.005412932767700458,0.006891838581632619
F2,N2,MAGDIFF,0.5,30,0.7994791233174339,0.23769074014627486,0.24541293574293002,0.5,0.24882886231505527,2.321636067859633,0.08204495999680533,-0.08204495999680533,-0.005611094302628828,-0.010903779879250949
F2,N2,MEMLESS,0.5,31,0.9518860902053666,0.31954283435854863,0.32198251140579015,0.5,0.31923519270682943,2.0745078494891604,0.01945816744962264,-0.01945816744962264,-0.01245604364761188,0.0029939612374491726
F2,N2,BLOCK,0.5,31,0.6847013783294468,0.17886726017667554,0.18817439385842993,0.50004004004004,0.2192926491227638,50.86965376782077,0.006078217484476307,0.0045863507450188455,-0.0018487785043603939,0.0030117599144781817
F2,N2,AR,0.5,31,0.7584843871852746,0.20348857951757976,0.21431894290689363,0.5,0.21253389488281219,2.011760441419308,0.04394961736664893,-0.04394961736664893,-0.019938559343228784,-0.0011870871879646355
F2,N2,ENERGY,0.5,31,0.6678819018772039,0.18101988722187773,0.18723818819060734,0.5,0.2187639573066337,34.49585635359116,0.00857926145550048,0.0003591821218887479,-0.0017619945723544913,0.003598790418286073
F2,N2,MAGDIFF,0.5,31,0.7925716206950156,0.22062456904332045,0.22975289589100545,0.5,0.24805216556374948,2.30237381885227,0.07984347277689173,-0.07984347277689173,-0.013079272055769156,-0.008062460674077749
F2,N2,MEMLESS,0.5,32,0.9541345799762356,0.32508458305261206,0.3267726385055326,0.5,0.320067629545948,2.0612388065860605,0.03719433813125868,-0.03719433813125868,-0.019098460389163626,-0.007082387712759861
F2,N2,BLOCK,0.5,32,0.6978024996887288,0.17800009620545598,0.18803094778717802,0.5005005005005005,0.2209097051427427,51.17707267144319,0.018677768983432423,-0.018677768983432423,-0.006710382848115896,-0.0036735697310338153
F2,N2,AR,0.5,32,0.7655511200381945,0.2087430985211115,0.2200573885695975,0.5,0.21273470160295002,2.0254653095981507,0.054162225365093394,-0.054162225365093394,-0.018159018261764793,-0.013204098402386715
F2,N2,ENERGY,0.5,32,0.6742024794291367,0.19283669313933788,0.19976377547888896,0.5,0.21914897367837383,38.18807339449541,0.013719643894992003,-0.013719643894992003,-0.0025195237614078943,-0.004714085756197059
F2,N2,MAGDIFF,0.5,32,0.8047608404900378,0.22870764572704105,0.23732158159267888,0.5,0.25081495375113966,2.313142539594332,0.0969394253956952,-0.0969394253956952,-0.0006346197782016654,-0.006843448598996559
F2,N2,MEMLESS,0.5,33,0.9525767359617582,0.33851404697311865,0.33911479975599723,0.5,0.3187907087356425,2.0730442000415024,0.01985155688489153,-0.01985155688489153,-0.011527734440636801,-0.01421900082417318
F2,N2,BLOCK,0.5,33,0.6870903661123975,0.18316990648338238,0.19106733966109238,0.5003803803803804,0.21906831770534696,50.49292929292929,0.007366934895606519,-0.0041919100986713064,-0.0007892181367624961,-0.007366934895606519
F2,N2,AR,0.5,33,0.759301388278283,0.2106900968021268,0.2206511011611367,0.5,0.21172971516563968,2.015982564475118,0.039344346249394334,-0.039344346249394334,-0.019169600970608738,-0.007406010717370065
F2,N2,ENERGY,0.5,33,0.6664329961171881,0.1996028424970317,0.20504404335480558,0.5,0.2180032997097481,37.783661119515884,0.008032458345740697,-0.005592225289714736,0.0032219732970309224,-0.0037658523671340914
F2,N2,MAGDIFF,0.5,33,0.7982423449396456,0.22032473733852093,0.2278571069862148,0.5,0.24876190213630545,2.3279116372279445,0.0838858615718646,-0.0838858615718646,-0.008216559862595556,-0.008540693732256584
F2,N2,MEMLESS,0.5,34,0.9513145391207826,0.31045694481173997,0.3120602599467788,0.5,0.31649763944149856,2.06345272028752,0.026018583818536393,-0.026018583818536393,-0.015884382412893656,-0.009333716043009596
F2,N2,BLOCK,0.5,34,0.682481301554598,0.17746028561324434,0.18527783811339985,0.50002002002002,0.21693542464356447,51.390946502057616,0.004399568513972662,-0.0019128145563161217,-0.0018101364072486232,-0.0008022756904222832
F2,N2,AR,0.5,34,0.7551117278799183,0.20286229902030545,0.21292563079064208,0.5,0.20955300201477953,2.0100603621730384,0.03927782180913823,-0.03927782180913823,-0.01062815484305123,-0.010783314024905436
F2,N2,ENERGY,0.5,34,0.6691764554760189,0.18199572691730898,0.18814320025326572,0.5,0.21687769164878537,33.32221480987325,0.0040316446701614255,0.003907472878371919,-0.003374452837703491,-0.00017571865483125053
F2,N2,MAGDIFF,0.5,34,0.7965720242903611,0.2187106427273362,0.22568675427508758,0.5,0.24677741402906767,2.3356401384083045,0.076944913574311,-0.076944913574311,-0.004386200066373677,-0.008942792084089692
F2,N2,MEMLESS,0.5,35,0.952029427146532,0.31559579195015597,0.31836205348882995,0.5,0.31820641207995404,2.042193057770146,0.02097601889358941,-0.02097601889358941,-0.01264466906479883,-0.006722472270709943
F2,N2,BLOCK,0.5,35,0.6844605897797678,0.1807149978903943,0.19054303253593258,0.5005005005005005,0.2184711527819008,50.65856129685917,0.006405401369960722,0.005925242546541974,-0.0003074444177681412,-0.004799349448687497
F2,N2,AR,0.5,35,0.7552912534027441,0.20727749826334824,0.218918393406736,0.5,0.21074963815993136,2.0082016644554335,0.0294874497350292,-0.0294874497350292,-0.012366309919883082,-0.0016335528680571456
F2,N2,ENERGY,0.5,35,0.6612789797864947,0.18964192765125948,0.1958565664634366,0.5,0.2173336624869462,33.568548387096776,0.007452936800263239,0.007452936800263239,-0.0016209953533412647,0.0003749857353454434
F2,N2,MAGDIFF,0.5,35,0.7968458353255998,0.21880918560945184,0.22772704972215407,0.5,0.24844499859286973,2.304391954235099,0.0788819369989448,-0.0788819369989448,-0.009922115449138678,-0.008845682378283256
F2,N2,MEMLESS,0.5,36,0.9533531467536198,0.3183396990698153,0.32012313440259577,0.5,0.3171510249845846,2.0704663212435235,0.02163533729156739,-0.02163533729156739,-0.0062493221146927725,-0.011261654288198345
F2,N2,BLOCK,0.5,36,0.6915919784380351,0.18334419683072092,0.19193738124466816,0.5005005005005005,0.21740787915747933,50.65856129685917,0.012348015872602978,-0.012348015872602978,0.0036403083021243027,-0.008099096400427948
F2,N2,AR,0.5,36,0.7606629164287694,0.21022493978669052,0.21980666539092486,0.5,0.20996926609131103,2.018100278776615,0.0517488724821456,-0.0517488724821456,-0.009013937161893039,-0.019335602957070014
F2,N2,ENERGY,0.5,36,0.6770154919078277,0.18313600990702564,0.19053569024257175,0.5,0.2176866691507998,33.14532183145322,0.011435392563728034,-0.011435392563728034,0.0033041800745106484,-0.005238595035950602
F2,N2,MAGDIFF,0.5,36,0.7996990124769999,0.21786831062170617,0.22586709710256672,0.5,0.24718068123331682,2.314857725461118,0.08552996926314155,-0.08552996926314155,-0.00520411699284293,-0.01209261577181602
F2,N2,MEMLESS,0.5,37,0.9522168941164448,0.3091425648875955,0.3104016999663885,0.5,0.3195966302000915,2.065927702870378,0.027862835933151902,-0.027862835933151902,-0.017463368705658695,-0.007418108426151685
F2,N2,BLOCK,0.5,37,0.6910225216700671,0.17589906319619344,0.1828050122687558,0.5005005005005005,0.22053643899273037,51.49330587023687,0.010257591007188253,-0.00352169446512798,-0.010257591007188253,-0.007232100993209231
F2,N2,AR,0.5,37,0.7601282116458375,0.19952068975856804,0.20980222895292128,0.5,0.21282710753422343,2.0115984052192823,0.04977239384198399,-0.04977239384198399,-0.02316021973299555,-0.005710532717500036
F2,N2,ENERGY,0.5,37,0.6683063279363954,0.18458657416454285,0.19004162435571173,0.5,0.21884412153968327,35.75518969219757,0.007934369115636034,-0.0003481358983277016,-0.0038406339433658993,-0.003798745179352512
F2,N2,MAGDIFF,0.5,37,0.7966283629351233,0.21268746446279221,0.21956000269973175,0.5,0.2490821179375749,2.313035424866867,0.0891594337225382,-0.0891594337225382,-0.006849853178023701,-0.008220457444347866
F2,N2,MEMLESS,0.5,38,0.9517686619383442,0.303069976167881,0.3045522448021158,0.5,0.31743376370994997,2.077527762758391,0.018919903280948225,-0.018919903280948225,-0.017028176052914686,-0.004896504316016613
F2,N2,BLOCK,0.5,38,0.6881317936625465,0.17424377410856198,0.18150671697361404,0.5005005005005005,0.21873729788612253,51.38746145940391,0.010389001650747264,-0.0034997507602748277,-0.010389001650747264,0.0001699615297169229
F2,N2,AR,0.5,38,0.7557212616661363,0.19417512787987745,0.20472787327163527,0.5,0.21042214786587404,2.0174482006543077,0.04810596235766406,-0.04810596235766406,-0.01581276954884954,-0.00490948216110753
F2,N2,ENERGY,0.5,38,0.6691626976909105,0.18002449698459094,0.18596695951902598,0.5,0.21796204394101107,34.09556313993174,0.0061262797449689,-0.0028594789259022307,-0.004147511539625287,-0.0006387570869085545
F2,N2,MAGDIFF,0.5,38,0.7935536774536157,0.21038535620141013,0.21811502694793708,0.5,0.2470321597781597,2.33204164526822,0.07925494711758144,-0.07925494711758144,-0.008371400154163705,-0.010666070963004997
F2,N2,MEMLESS,0.5,39,0.9531448116719594,0.3236709030113985,0.32571568718357835,0.5,0.3193289061123989,2.0754560186147004,0.017458242959945403,-0.017458242959945403,-0.0103291723178922,-0.009228804637541105
F2,N2,BLOCK,0.5,39,0.6865389471829154,0.17602209608447866,0.18531528645791684,0.5005005005005005,0.21884918813783047,50.55611729019211,0.005409528212899836,-0.0026313042680625215,-0.0028714482240016367,-0.0009013988196419229
F2,N2,AR,0.5,39,0.7600689444082577,0.21084577644939978,0.2204713026679635,0.5,0.21195690647208437,2.006104662837865,0.040170087805417996,-0.040170087805417996,-0.01700850035530192,-0.008231168485963811
F2,N2,ENERGY,0.5,39,0.6687488619013706,0.1850528670465142,0.19187942399592087,0.5,0.21847370592972365,36.45985401459854,0.00849071357677046,0.0008103916720538884,-0.005094353067086002,-0.0007241553276412853
F2,N2,MAGDIFF,0.5,39,0.7995619553631357,0.21832571091295117,0.22609043267399334,0.5,0.24942921959624229,2.319264521521103,0.08385079317533366,-0.08385079317533366,-0.016453372392555586,-0.010164577585059887
F2,N2,MEMLESS,0.5,40,0.9526310429100541,0.3118876513709083,0.31463551825563013,0.5,0.31771226524657387,2.0735605463074434,0.024656902530677295,-0.024656902530677295,-0.005629711118690402,-0.01306118674701671
F2,N2,BLOCK,0.5,40,0.6925415702760156,0.1784848561724916,0.1879180419378648,0.5001401401401402,0.21951523581364013,50.77642276422764,0.008245394012656837,-0.001471207177701437,0.005569445330332328,-0.00502030585464566
F2,N2,AR,0.5,40,0.7565996305061091,0.21473173370707843,0.22569902483591409,0.5,0.20982260034729827,1.993136746338933,0.03062188161110839,-0.03062188161110839,-0.004989054962805756,-0.018867358892858375
F2,N2,ENERGY,0.5,40,0.6701012750787652,0.19146161950111235,0.19827870118559474,0.5,0.21816963948797322,34.51969592259848,0.011303454998150263,-0.00041371536379542645,0.00481425379228013,-0.005581939990010335
F2,N2,MAGDIFF,0.5,40,0.7974631808879593,0.22021216452845332,0.22851820628907338,0.5,0.24780309284963672,2.3055619663051004,0.07458922526352017,-0.07458922526352017,-0.005887321177750973,-0.01795645962481465
F2,N2,MEMLESS,0.5,41,0.9529829863881111,0.3002006921546454,0.30314590476146835,0.5,0.31537533569034654,2.04503582395087,0.02119672696139595,-0.02119672696139595,-0.012563872519091376,-0.001414067483352775
F2,N2,BLOCK,0.5,41,0.6921140469363258,0.178857315877536,0.18848313701716807,0.5005005005005005,0.2171893992739285,50.55611729019211,0.00510082196905574,-0.004291454522444611,0.0005845003032208286,-0.0007901204810937484
F2,N2,AR,0.5,41,0.7562512282549751,0.20017480830627277,0.2112741395075785,0.5,0.20835381293945734,2.013057671381937,0.036863120797882794,-0.036863120797882794,-0.01697120266540961,-0.0025704873704664585
F2,N2,ENERGY,0.5,41,0.666597663745067,0.17877539435298334,0.18577371970771273,0.5,0.21512528624319785,35.30035335689046,0.012904369339648426,-0.00693997068081334,0.0004279175647106242,-0.00082843178017673
F2,N2,MAGDIFF,0.5,41,0.795237554592123,0.2080330132458248,0.21675872490335196,0.5,0.2453171036353597,2.3242287469173144,0.06871757715982493,-0.06871757715982493,-0.017164584759065047,-0.00975425799098883
F2,N2,MEMLESS,0.5,42,0.9514722527084631,0.31747780329483755,0.3176892888469393,0.5,0.31693678092313965,2.0445335843805004,0.02371797790790498,-0.02371797790790498,-0.015178582090107497,-0.003512001819359662
F2,N2,BLOCK,0.5,42,0.6837511078686241,0.18417894706449325,0.19197603904463734,0.5001801801801802,0.21795854079137444,51.19672131147541,0.008172326036935743,-0.0007003729000465859,-0.004628166374651089,2.7697938056745073e-05
F2,N2,AR,0.5,42,0.7564059502357924,0.20894431564194307,0.2186287473718821,0.5,0.2106361109214188,1.9968817462221156,0.03991162169598226,-0.03991162169598226,-0.014916931906945197,-0.009231147502378124
F2,N2,ENERGY,0.5,42,0.6698300395974327,0.19551165714671973,0.1998751772276012,0.5,0.21806658589312056,34.47204968944099,0.009541665933330666,0.0012010010898758693,-0.009541665933330666,-0.0031455483310522427
F2,N2,MAGDIFF,0.5,42,0.7957634806412318,0.216834748180703,0.22362412647766505,0.5,0.2473852228841188,2.3289970625262275,0.07060029242340407,-0.07060029242340407,-0.010687729539908535,-0.010611686873871132
F2,N2,MEMLESS,0.5,43,0.9518769479716356,0.3272637053207806,0.32798330619047233,0.5,0.31663207561650697,2.0666970085646903,0.025350949016798137,-0.025350949016798137,-0.009900821351087712,-0.0055728069041204925
F2,N2,BLOCK,0.5,43,0.6858876257166991,0.1847102732273157,0.19218603997842906,0.4996796796796797,0.21690681472104423,50.52429149797571,0.010132392923230284,-0.00041169955698488163,0.0002857570732361805,0.00032313919895513845
F2,N2,AR,0.5,43,0.7589253620164947,0.2063609125748519,0.2166213922982179,0.5,0.21027503519263555,2.0215306163746005,0.04886247976255788,-0.04886247976255788,-0.014321237863800391,-0.006495978107709403
F2,N2,ENERGY,0.5,43,0.6694820628824596,0.19635550925915146,0.20138098865095438,0.5,0.21667022764532307,36.064981949458485,0.006911426892845845,-0.00201878073249021,0.0005093324503276882,-0.000657328097413688
F2,N2,MAGDIFF,0.5,43,0.7960566306019046,0.22080109971529732,0.22784522428215637,0.5,0.2464463899560043,2.31646802392988,0.0811192675248667,-0.0811192675248667,-0.010865689147183642,-0.007721615728631819
F2,N2,MEMLESS,0.5,44,0.9522579570453151,0.3170999743462748,0.3190213689149464,0.5,0.31782696695608365,2.0608986260675826,0.02462767404744937,-0.02462767404744937,-0.009261393715957588,-0.007242965248334102
F2,N2,BLOCK,0.5,44,0.6922186672366214,0.18407509155185758,0.1919869783977586,0.5005005005005005,0.21950988756895895,51.81347150259067,0.0074327907609354135,-0.007049527436279226,0.00024187568006944698,-0.0060657826246095755
F2,N2,AR,0.5,44,0.7587754638284205,0.20641172512537914,0.21691795002199807,0.5,0.21139878518599764,2.0293328999756235,0.04177522399111082,-0.04177522399111082,-0.017675863681314966,-0.0072372371607303115
F2,N2,ENERGY,0.5,44,0.6687710546784198,0.18755591525214993,0.1936428266381391,0.5,0.21763440327145375,36.169442433019555,0.007399531293235759,-0.0021967827754828598,0.0036276880234564807,-0.0025870741268418196
F2,N2,MAGDIFF,0.5,44,0.7985867623756617,0.22087247027081175,0.22894845388661422,0.5,0.24846282753382135,2.323039717235606,0.07864369455995372,-0.07864369455995372,-0.011007469721886714,-0.010721625751831394
F2,N2,MEMLESS,0.5,45,0.9517018547937169,0.3243689140976082,0.327134078683871,0.5,0.3193009363609377,2.0493989250400033,0.02500042413541429,-0.02500042413541429,-0.011168785563931838,-0.005311596795276634
F2,N2,BLOCK,0.5,45,0.6879739035904712,0.1808701115204167,0.1902756267722636,0.5004604604604604,0.2194430494981855,50.5010101010101,0.007148825093660481,-0.006215923953683389,-0.0005332591627480374,0.0017437873813008764
F2,N2,AR,0.5,45,0.7599011620732933,0.20751798825770545,0.2186440520413414,0.5,0.2127305061057234,2.006910683434449,0.05161576477930569,-0.05161576477930569,-0.023362156272164064,-0.011422437174217032
F2,N2,ENERGY,0.5,45,0.6707142633986835,0.19327104662203498,0.19992117091387002,0.5,0.2193296485955557,34.80836236933798,0.007416935532779751,-0.0030708805729765627,0.0029805542737525543,6.702652166687443e-05
F2,N2,MAGDIFF,0.5,45,0.7973797017703979,0.21370763206388999,0.22197202429103394,0.5,0.2492109636742026,2.3187262092656207,0.0837409310466461,-0.0837409310466461,-0.022027354535651234,-0.008501079280418272
F2,N2,MEMLESS,0.5,46,0.9531575388319831,0.3359711234568359,0.3357605727049529,0.5,0.31932144936595375,2.0637937445771186,0.029232984855583583,-0.029232984855583583,-0.006478919035424264,-0.006508516178332639
F2,N2,BLOCK,0.5,46,0.6912604459421279,0.19483103998421766,0.2027834317885762,0.5005005005005005,0.21953499220501468,50.9683995922528,0.0078709036036363,-0.00449320329719801,0.0006446525084671542,0.0042388313689774
F2,N2,AR,0.5,46,0.763333110607679,0.20573053381285675,0.2160612666404361,0.5,0.21298672911378852,2.028920752264511,0.047099193708825884,-0.047099193708825884,-0.016169585684786915,-0.0035075151715615186
F2,N2,ENERGY,0.5,46,0.6751189034470234,0.1957772863511905,0.20185085527637955,0.5,0.21930228629540158,36.59340659340659,0.004923430578272001,-0.003212990996680281,-0.0007426174114913383,-0.001171649628448022
F2,N2,MAGDIFF,0.5,46,0.7981903474181472,0.22050395678830334,0.22800439903188038,0.5,0.2487816218152732,2.3049236306584837,0.07866136666167413,-0.07866136666167413,-0.017859042794055605,-0.003790546776436681
F2,N2,MEMLESS,0.5,47,0.9531168394979108,0.31194313216169706,0.3133901354108897,0.5,0.3195648114470816,2.0684942852410138,0.02373196863803936,-0.02373196863803936,-0.017139025441451485,-0.006787781494653366
F2,N2,BLOCK,0.5,47,0.6920649915050561,0.1697789890227338,0.17868687523377824,0.5005005005005005,0.21976490844141175,50.25125628140704,0.011038745488968176,-0.002890401156211387,-0.011038745488968176,-0.0014159349319239635
F2,N2,AR,0.5,47,0.762076083579696,0.20680540606810344,0.21700269498002803,0.5,0.2127650153934263,2.0115173969072164,0.038911766044964866,-0.038911766044964866,-0.03147816146232781,-0.006340200689193448
F2,N2,ENERGY,0.5,47,0.6669217544117766,0.1825153234939022,0.18886799390129363,0.5,0.21773066204460545,34.6875,0.009481114812394872,0.0002621753559464223,-0.009481114812394872,-0.0031525509436305904
F2,N2,MAGDIFF,0.5,47,0.7998021740266639,0.22009027979754436,0.22739274083192992,0.5,0.24932207399740813,2.3108952116585706,0.07958747082209904,-0.07958747082209904,-0.02197081065393718,-0.011849635981907075
F2,N2,MEMLESS,0.5,48,0.9528728251963068,0.3171526623066379,0.3200652624899821,0.5,0.317026603819877,2.0611537509284474,0.026276015643835183,-0.026276015643835183,-0.011862438238342415,0.0012866061127304157
F2,N2,BLOCK,0.5,48,0.6858789347268701,0.17223605065576525,0.1807347787603327,0.5002402402402403,0.2172026236046263,50.78658536585366,0.0074331533948294335,-0.0074331533948294335,-0.00675158969151182,-0.0011356810322374377
F2,N2,AR,0.5,48,0.7590896596109633,0.21290164638368725,0.22431990876868393,0.5,0.20993600253244957,2.018589614063447,0.04232418713091883,-0.04232418713091883,-0.016024414116590054,-0.000947356340017192
F2,N2,ENERGY,0.5,48,0.668796794455886,0.18674457385058163,0.19314899969462523,0.5,0.21707314824134988,35.028050490883594,0.007026447374838469,-0.001088377696706188,-0.004943899182485796,-0.0034797644809467015
F2,N2,MAGDIFF,0.5,48,0.7967969735624648,0.2208733578292667,0.229099902688066,0.5,0.24685084200580704,2.303966789667897,0.08299386791341325,-0.08299386791341325,-0.016007227377919413,-0.005010719559998929
F2,N2,MEMLESS,0.5,49,0.9522167126448619,0.3205799515975481,0.3199862920013309,0.5,0.3169710774805322,2.059114518921593,0.025288923752828384,-0.025288923752828384,-0.014668840887351164,0.002929631370671127
F2,N2,BLOCK,0.5,49,0.6872648971499659,0.1799916989885305,0.18572391194443225,0.5005005005005005,0.21753016585168602,50.65856129685917,0.010964423514413438,-0.010964423514413438,-0.005301461429977354,0.0036551687886415174
F2,N2,AR,0.5,49,0.7560709697263067,0.20620047082802184,0.21388693801267114,0.5,0.20944192478394147,2.001683096898293,0.04487988289653684,-0.04487988289653684,-0.021734134736741906,0.004461241822332449
F2,N2,ENERGY,0.5,49,0.6715488617321824,0.19182929575758167,0.19600836580111017,0.5,0.21677562162409517,33.97959183673469,0.007150844236602327,-0.006849616571812717,0.002172785908018946,0.003314504574262282
F2,N2,MAGDIFF,0.5,49,0.7983182336827709,0.22568828515910822,0.23067556606991124,0.5,0.24724774919557552,2.3017372471314688,0.08729399389802857,-0.08729399389802857,-0.013772831996866458,-0.0061277593651316905
