exp,regime,scheduler,L,f_cont,budget,W,psi,tr_D,realized_rate,max_rhat,r1,power_acf1,power_ljungbox,far_acf1
F4,N1,MEMLESS,1,1.0,0.02,500,0.14315692111491407,0.050735069523892215,0.019925525525525525,0.00870737157624398,-0.00010101835892801197,0.014214214214214213,0.011011011011011011,0.01
F4,N1,MEMLESS,1,1.0,0.02,2000,0.14315692111491407,0.050735069523892215,0.019925525525525525,0.00870737157624398,-0.00010101835892801197,0.011217948717948718,0.01282051282051282,0.01
F4,N1,MEMLESS,1,1.0,0.02,5000,0.14315692111491407,0.050735069523892215,0.019925525525525525,0.00870737157624398,-0.00010101835892801197,0.018036072144288578,0.014028056112224449,0.01
F4,N1,MEMLESS,1,1.0,0.02,20000,0.14315692111491407,0.050735069523892215,0.019925525525525525,0.00870737157624398,-0.00010101835892801197,0.0,0.0,0.01
F4,N1,CORR,2,0.7,0.02,500,0.14201607938309227,0.0503785554973706,0.020218618618618622,0.008691100184162663,-0.0002484951294703545,0.012612612612612612,0.011011011011011011,0.01
F4,N1,CORR,2,0.7,0.02,2000,0.14201607938309227,0.0503785554973706,0.020218618618618622,0.008691100184162663,-0.0002484951294703545,0.011217948717948718,0.015224358974358974,0.01
F4,N1,CORR,2,0.7,0.02,5000,0.14201607938309227,0.0503785554973706,0.020218618618618622,0.008691100184162663,-0.0002484951294703545,0.018036072144288578,0.014028056112224449,0.01
F4,N1,CORR,2,0.7,0.02,20000,0.14201607938309227,0.0503785554973706,0.020218618618618622,0.008691100184162663,-0.0002484951294703545,0.008064516129032258,0.0,0.01
F4,N1,CORR,2,0.5,0.02,500,0.1356727893628778,0.04816260310180259,0.020485685685685685,0.00849533495958947,-5.973725028240172e-05,0.012612612612612612,0.011411411411411412,0.01
F4,N1,CORR,2,0.5,0.02,2000,0.1356727893628778,0.04816260310180259,0.020485685685685685,0.00849533495958947,-5.973725028240172e-05,0.014423076923076924,0.016025641025641024,0.01
F4,N1,CORR,2,0.5,0.02,5000,0.1356727893628778,0.04816260310180259,0.020485685685685685,0.00849533495958947,-5.973725028240172e-05,0.02404809619238477,0.01603206412825651,0.01
F4,N1,CORR,2,0.5,0.02,20000,0.1356727893628778,0.04816260310180259,0.020485685685685685,0.00849533495958947,-5.973725028240172e-05,0.008064516129032258,0.0,0.01
F4,N1,CORR,2,0.3,0.02,500,0.12192533870762341,0.04322677642740309,0.02061581581581582,0.00858946061603673,0.00018389048826496077,0.01121121121121121,0.01121121121121121,0.01
F4,N1,CORR,2,0.3,0.02,2000,0.12192533870762341,0.04322677642740309,0.02061581581581582,0.00858946061603673,0.00018389048826496077,0.011217948717948718,0.009615384615384616,0.01
F4,N1,CORR,2,0.3,0.02,5000,0.12192533870762341,0.04322677642740309,0.02061581581581582,0.00858946061603673,0.00018389048826496077,0.02004008016032064,0.012024048096192385,0.01
F4,N1,CORR,2,0.3,0.02,20000,0.12192533870762341,0.04322677642740309,0.02061581581581582,0.00858946061603673,0.00018389048826496077,0.016129032258064516,0.0,0.01
F4,N1,CORR,2,0.15,0.02,500,0.10879208148331948,0.038672120123172005,0.020592192192192195,0.00856551965610015,0.00021297248378098556,0.011411411411411412,0.012612612612612612,0.01
F4,N1,CORR,2,0.15,0.02,2000,0.10879208148331948,0.038672120123172005,0.020592192192192195,0.00856551965610015,0.00021297248378098556,0.005608974358974359,0.007211538461538462,0.01
F4,N1,CORR,2,0.15,0.02,5000,0.10879208148331948,0.038672120123172005,0.020592192192192195,0.00856551965610015,0.00021297248378098556,0.01603206412825651,0.008016032064128256,0.01
F4,N1,CORR,2,0.15,0.02,20000,0.10879208148331948,0.038672120123172005,0.020592192192192195,0.00856551965610015,0.00021297248378098556,0.008064516129032258,0.0,0.01
F4,N1,CORR,2,0.0,0.02,500,0.09521644331358459,0.03392665472350634,0.020387987987987986,0.008758949155828486,9.547510846938312e-06,0.011011011011011011,0.012012012012012012,0.01
F4,N1,CORR,2,0.0,0.02,2000,0.09521644331358459,0.03392665472350634,0.020387987987987986,0.008758949155828486,9.547510846938312e-06,0.008012820512820512,0.003205128205128205,0.01
F4,N1,CORR,2,0.0,0.02,5000,0.09521644331358459,0.03392665472350634,0.020387987987987986,0.008758949155828486,9.547510846938312e-06,0.014028056112224449,0.008016032064128256,0.01
F4,N1,CORR,2,0.0,0.02,20000,0.09521644331358459,0.03392665472350634,0.020387987987987986,0.008758949155828486,9.547510846938312e-06,0.016129032258064516,0.008064516129032258,0.01
F4,N1,CORR,4,0.7,0.02,500,0.14167016144344896,0.05027060599963324,0.020191791791791792,0.008672015312149896,-0.00024118123285642255,0.011811811811811812,0.01061061061061061,0.01
F4,N1,CORR,4,0.7,0.02,2000,0.14167016144344896,0.05027060599963324,0.020191791791791792,0.008672015312149896,-0.00024118123285642255,0.010416666666666666,0.015224358974358974,0.01
F4,N1,CORR,4,0.7,0.02,5000,0.14167016144344896,0.05027060599963324,0.020191791791791792,0.008672015312149896,-0.00024118123285642255,0.01603206412825651,0.014028056112224449,0.01
F4,N1,CORR,4,0.7,0.02,20000,0.14167016144344896,0.05027060599963324,0.020191791791791792,0.008672015312149896,-0.00024118123285642255,0.008064516129032258,0.0,0.01
F4,N1,CORR,4,0.5,0.02,500,0.1328504209726349,0.04697763067465211,0.02031031031031031,0.008490108759523008,-9.431439260297441e-05,0.011811811811811812,0.014614614614614614,0.01
F4,N1,CORR,4,0.5,0.02,2000,0.1328504209726349,0.04697763067465211,0.02031031031031031,0.008490108759523008,-9.431439260297441e-05,0.014423076923076924,0.015224358974358974,0.01
F4,N1,CORR,4,0.5,0.02,5000,0.1328504209726349,0.04697763067465211,0.02031031031031031,0.008490108759523008,-9.431439260297441e-05,0.022044088176352707,0.014028056112224449,0.01
F4,N1,CORR,4,0.5,0.02,20000,0.1328504209726349,0.04697763067465211,0.02031031031031031,0.008490108759523008,-9.431439260297441e-05,0.008064516129032258,0.008064516129032258,0.01
F4,N1,CORR,4,0.3,0.02,500,0.11311862128260328,0.0400850352077661,0.02078078078078078,0.008548499119427892,0.0003673783193974825,0.008208208208208207,0.012812812812812813,0.01
F4,N1,CORR,4,0.3,0.02,2000,0.11311862128260328,0.0400850352077661,0.02078078078078078,0.008548499119427892,0.0003673783193974825,0.004807692307692308,0.008012820512820512,0.01
F4,N1,CORR,4,0.3,0.02,5000,0.11311862128260328,0.0400850352077661,0.02078078078078078,0.008548499119427892,0.0003673783193974825,0.014028056112224449,0.01002004008016032,0.01
F4,N1,CORR,4,0.3,0.02,20000,0.11311862128260328,0.0400850352077661,0.02078078078078078,0.008548499119427892,0.0003673783193974825,0.008064516129032258,0.008064516129032258,0.01
F4,N1,CORR,4,0.15,0.02,500,0.08865104052123769,0.031702234084337706,0.02044964964964965,0.0082844105155295,0.00018348867596662695,0.011011011011011011,0.015615615615615615,0.01
F4,N1,CORR,4,0.15,0.02,2000,0.08865104052123769,0.031702234084337706,0.02044964964964965,0.0082844105155295,0.00018348867596662695,0.013621794871794872,0.010416666666666666,0.01
F4,N1,CORR,4,0.15,0.02,5000,0.08865104052123769,0.031702234084337706,0.02044964964964965,0.0082844105155295,0.00018348867596662695,0.01603206412825651,0.006012024048096192,0.01
F4,N1,CORR,4,0.15,0.02,20000,0.08865104052123769,0.031702234084337706,0.02044964964964965,0.0082844105155295,0.00018348867596662695,0.008064516129032258,0.0,0.01
F4,N1,CORR,4,0.0,0.02,500,0.06466029745953833,0.023306893999980777,0.02067627627627628,0.008686326459003507,0.0003483497195100959,0.009009009009009009,0.013813813813813814,0.01
F4,N1,CORR,4,0.0,0.02,2000,0.06466029745953833,0.023306893999980777,0.02067627627627628,0.008686326459003507,0.0003483497195100959,0.011217948717948718,0.008814102564102564,0.01
F4,N1,CORR,4,0.0,0.02,5000,0.06466029745953833,0.023306893999980777,0.02067627627627628,0.008686326459003507,0.0003483497195100959,0.014028056112224449,0.01002004008016032,0.01
F4,N1,CORR,4,0.0,0.02,20000,0.06466029745953833,0.023306893999980777,0.02067627627627628,0.008686326459003507,0.0003483497195100959,0.008064516129032258,0.024193548387096774,0.01
F4,N1,CORR,6,0.7,0.02,500,0.14167371723936525,0.05027153764014645,0.020192992992992993,0.008671020958884211,-0.000233567347958212,0.011811811811811812,0.01061061061061061,0.01
F4,N1,CORR,6,0.7,0.02,2000,0.14167371723936525,0.05027153764014645,0.020192992992992993,0.008671020958884211,-0.000233567347958212,0.010416666666666666,0.015224358974358974,0.01
F4,N1,CORR,6,0.7,0.02,5000,0.14167371723936525,0.05027153764014645,0.020192992992992993,0.008671020958884211,-0.000233567347958212,0.01603206412825651,0.014028056112224449,0.01
F4,N1,CORR,6,0.7,0.02,20000,0.14167371723936525,0.05027153764014645,0.020192992992992993,0.008671020958884211,-0.000233567347958212,0.008064516129032258,0.0,0.01
F4,N1,CORR,6,0.5,0.02,500,0.13273924970638476,0.04696297619663285,0.02030870870870871,0.00846406479166673,-5.194407136801781e-05,0.011611611611611611,0.014814814814814815,0.01
F4,N1,CORR,6,0.5,0.02,2000,0.13273924970638476,0.04696297619663285,0.02030870870870871,0.00846406479166673,-5.194407136801781e-05,0.014423076923076924,0.016025641025641024,0.01
F4,N1,CORR,6,0.5,0.02,5000,0.13273924970638476,0.04696297619663285,0.02030870870870871,0.00846406479166673,-5.194407136801781e-05,0.022044088176352707,0.014028056112224449,0.01
F4,N1,CORR,6,0.5,0.02,20000,0.13273924970638476,0.04696297619663285,0.02030870870870871,0.00846406479166673,-5.194407136801781e-05,0.008064516129032258,0.008064516129032258,0.01
F4,N1,CORR,6,0.3,0.02,500,0.11192547692810859,0.03979508415568359,0.020851651651651655,0.008475590142876653,0.0004439476588002929,0.008608608608608608,0.012012012012012012,0.01
F4,N1,CORR,6,0.3,0.02,2000,0.11192547692810859,0.03979508415568359,0.020851651651651655,0.008475590142876653,0.0004439476588002929,0.00641025641025641,0.008012820512820512,0.01
F4,N1,CORR,6,0.3,0.02,5000,0.11192547692810859,0.03979508415568359,0.020851651651651655,0.008475590142876653,0.0004439476588002929,0.014028056112224449,0.014028056112224449,0.01
F4,N1,CORR,6,0.3,0.02,20000,0.11192547692810859,0.03979508415568359,0.020851651651651655,0.008475590142876653,0.0004439476588002929,0.008064516129032258,0.008064516129032258,0.01
F4,N1,CORR,6,0.15,0.02,500,0.08202742237854159,0.0294156459529164,0.020120920920920916,0.008367620046099101,0.0004332090666347368,0.01001001001001001,0.013613613613613613,0.01
F4,N1,CORR,6,0.15,0.02,2000,0.08202742237854159,0.0294156459529164,0.020120920920920916,0.008367620046099101,0.0004332090666347368,0.01282051282051282,0.008814102564102564,0.01
F4,N1,CORR,6,0.15,0.02,5000,0.08202742237854159,0.0294156459529164,0.020120920920920916,0.008367620046099101,0.0004332090666347368,0.014028056112224449,0.01002004008016032,0.01
F4,N1,CORR,6,0.15,0.02,20000,0.08202742237854159,0.0294156459529164,0.020120920920920916,0.008367620046099101,0.0004332090666347368,0.008064516129032258,0.0,0.01
F4,N1,CORR,6,0.0,0.02,500,0.05123748269868278,0.018546456677174677,0.020125325325325325,0.008739644570912076,0.0005333065328860454,0.007607607607607607,0.012212212212212211,0.01
F4,N1,CORR,6,0.0,0.02,2000,0.05123748269868278,0.018546456677174677,0.020125325325325325,0.008739644570912076,0.0005333065328860454,0.009615384615384616,0.005608974358974359,0.01
F4,N1,CORR,6,0.0,0.02,5000,0.05123748269868278,0.018546456677174677,0.020125325325325325,0.008739644570912076,0.0005333065328860454,0.014028056112224449,0.008016032064128256,0.01
F4,N1,CORR,6,0.0,0.02,20000,0.05123748269868278,0.018546456677174677,0.020125325325325325,0.008739644570912076,0.0005333065328860454,0.008064516129032258,0.016129032258064516,0.01
F4,N1,CORR,10,0.7,0.02,500,0.14167371723936525,0.05027153764014645,0.020192992992992993,0.008671020958884211,-0.000233567347958212,0.011811811811811812,0.01061061061061061,0.01
F4,N1,CORR,10,0.7,0.02,2000,0.14167371723936525,0.05027153764014645,0.020192992992992993,0.008671020958884211,-0.000233567347958212,0.010416666666666666,0.015224358974358974,0.01
F4,N1,CORR,10,0.7,0.02,5000,0.14167371723936525,0.05027153764014645,0.020192992992992993,0.008671020958884211,-0.000233567347958212,0.01603206412825651,0.014028056112224449,0.01
F4,N1,CORR,10,0.7,0.02,20000,0.14167371723936525,0.05027153764014645,0.020192992992992993,0.008671020958884211,-0.000233567347958212,0.008064516129032258,0.0,0.01
F4,N1,CORR,10,0.5,0.02,500,0.13272725354144918,0.04695532767710678,0.020307507507507507,0.008457621795818545,-4.591384359377092e-05,0.011411411411411412,0.014814814814814815,0.01
F4,N1,CORR,10,0.5,0.02,2000,0.13272725354144918,0.04695532767710678,0.020307507507507507,0.008457621795818545,-4.591384359377092e-05,0.013621794871794872,0.016826923076923076,0.01
F4,N1,CORR,10,0.5,0.02,5000,0.13272725354144918,0.04695532767710678,0.020307507507507507,0.008457621795818545,-4.591384359377092e-05,0.022044088176352707,0.014028056112224449,0.01
F4,N1,CORR,10,0.5,0.02,20000,0.13272725354144918,0.04695532767710678,0.020307507507507507,0.008457621795818545,-4.591384359377092e-05,0.008064516129032258,0.008064516129032258,0.01
F4,N1,CORR,10,0.3,0.02,500,0.1117696479579903,0.039714809572446594,0.020894094094094092,0.008527910004064894,0.00046497156973527155,0.008608608608608608,0.012612612612612612,0.01
F4,N1,CORR,10,0.3,0.02,2000,0.1117696479579903,0.039714809572446594,0.020894094094094092,0.008527910004064894,0.00046497156973527155,0.00641025641025641,0.008814102564102564,0.01
F4,N1,CORR,10,0.3,0.02,5000,0.1117696479579903,0.039714809572446594,0.020894094094094092,0.008527910004064894,0.00046497156973527155,0.012024048096192385,0.01603206412825651,0.01
F4,N1,CORR,10,0.3,0.02,20000,0.1117696479579903,0.039714809572446594,0.020894094094094092,0.008527910004064894,0.00046497156973527155,0.008064516129032258,0.008064516129032258,0.01
F4,N1,CORR,10,0.15,0.02,500,0.07889346426928942,0.02812251867743065,0.02010930930930931,0.008671951257639043,0.0004614984682283268,0.00940940940940941,0.013613613613613613,0.01
F4,N1,CORR,10,0.15,0.02,2000,0.07889346426928942,0.02812251867743065,0.02010930930930931,0.008671951257639043,0.0004614984682283268,0.010416666666666666,0.009615384615384616,0.01
F4,N1,CORR,10,0.15,0.02,5000,0.07889346426928942,0.02812251867743065,0.02010930930930931,0.008671951257639043,0.0004614984682283268,0.01603206412825651,0.014028056112224449,0.01
F4,N1,CORR,10,0.15,0.02,20000,0.07889346426928942,0.02812251867743065,0.02010930930930931,0.008671951257639043,0.0004614984682283268,0.008064516129032258,0.008064516129032258,0.01
F4,N1,CORR,10,0.0,0.02,500,0.04354861617928693,0.01567046546818055,0.021793793793793793,0.008341384076415832,0.0003726088151162258,0.007807807807807808,0.012412412412412413,0.01
F4,N1,CORR,10,0.0,0.02,2000,0.04354861617928693,0.01567046546818055,0.021793793793793793,0.008341384076415832,0.0003726088151162258,0.008814102564102564,0.008012820512820512,0.01
F4,N1,CORR,10,0.0,0.02,5000,0.04354861617928693,0.01567046546818055,0.021793793793793793,0.008341384076415832,0.0003726088151162258,0.01603206412825651,0.014028056112224449,0.01
F4,N1,CORR,10,0.0,0.02,20000,0.04354861617928693,0.01567046546818055,0.021793793793793793,0.008341384076415832,0.0003726088151162258,0.008064516129032258,0.008064516129032258,0.01
F4,N1,CORR,20,0.7,0.02,500,0.14167371723936525,0.05027153764014645,0.020192992992992993,0.008671020958884211,-0.000233567347958212,0.011811811811811812,0.01061061061061061,0.01
F4,N1,CORR,20,0.7,0.02,2000,0.14167371723936525,0.05027153764014645,0.020192992992992993,0.008671020958884211,-0.000233567347958212,0.010416666666666666,0.015224358974358974,0.01
F4,N1,CORR,20,0.7,0.02,5000,0.14167371723936525,0.05027153764014645,0.020192992992992993,0.008671020958884211,-0.000233567347958212,0.01603206412825651,0.014028056112224449,0.01
F4,N1,CORR,20,0.7,0.02,20000,0.14167371723936525,0.05027153764014645,0.020192992992992993,0.008671020958884211,-0.000233567347958212,0.008064516129032258,0.0,0.01
F4,N1,CORR,20,0.5,0.02,500,0.13272725354144918,0.04695532767710678,0.020307507507507507,0.008457621795818545,-4.591384359377092e-05,0.011411411411411412,0.014814814814814815,0.01
F4,N1,CORR,20,0.5,0.02,2000,0.13272725354144918,0.04695532767710678,0.020307507507507507,0.008457621795818545,-4.591384359377092e-05,0.013621794871794872,0.016826923076923076,0.01
F4,N1,CORR,20,0.5,0.02,5000,0.13272725354144918,0.04695532767710678,0.020307507507507507,0.008457621795818545,-4.591384359377092e-05,0.022044088176352707,0.014028056112224449,0.01
F4,N1,CORR,20,0.5,0.02,20000,0.13272725354144918,0.04695532767710678,0.020307507507507507,0.008457621795818545,-4.591384359377092e-05,0.008064516129032258,0.008064516129032258,0.01
F4,N1,CORR,20,0.3,0.02,500,0.111782751682768,0.039716889136311676,0.0208996996996997,0.008533315913139135,0.00046421041406557144,0.008608608608608608,0.012612612612612612,0.01
F4,N1,CORR,20,0.3,0.02,2000,0.111782751682768,0.039716889136311676,0.0208996996996997,0.008533315913139135,0.00046421041406557144,0.00641025641025641,0.008814102564102564,0.01
F4,N1,CORR,20,0.3,0.02,5000,0.111782751682768,0.039716889136311676,0.0208996996996997,0.008533315913139135,0.00046421041406557144,0.012024048096192385,0.01603206412825651,0.01
F4,N1,CORR,20,0.3,0.02,20000,0.111782751682768,0.039716889136311676,0.0208996996996997,0.008533315913139135,0.00046421041406557144,0.008064516129032258,0.008064516129032258,0.01
F4,N1,CORR,20,0.15,0.02,500,0.07816570322032035,0.027829890404043267,0.02013853853853854,0.00860037971872596,0.000445675215170264,0.00880880880880881,0.013213213213213212,0.01
F4,N1,CORR,20,0.15,0.02,2000,0.07816570322032035,0.027829890404043267,0.02013853853853854,0.00860037971872596,0.000445675215170264,0.011217948717948718,0.008012820512820512,0.01
F4,N1,CORR,20,0.15,0.02,5000,0.07816570322032035,0.027829890404043267,0.02013853853853854,0.00860037971872596,0.000445675215170264,0.01603206412825651,0.014028056112224449,0.01
F4,N1,CORR,20,0.15,0.02,20000,0.07816570322032035,0.027829890404043267,0.02013853853853854,0.00860037971872596,0.000445675215170264,0.008064516129032258,0.008064516129032258,0.01
F4,N1,CORR,20,0.0,0.02,500,0.0370208940117509,0.0134634036439776,0.02396676676676677,0.008476731382170657,0.00033404817881924976,0.00940940940940941,0.012812812812812813,0.01
F4,N1,CORR,20,0.0,0.02,2000,0.0370208940117509,0.0134634036439776,0.02396676676676677,0.008476731382170657,0.00033404817881924976,0.010416666666666666,0.008012820512820512,0.01
F4,N1,CORR,20,0.0,0.02,5000,0.0370208940117509,0.0134634036439776,0.02396676676676677,0.008476731382170657,0.00033404817881924976,0.012024048096192385,0.01002004008016032,0.01
F4,N1,CORR,20,0.0,0.02,20000,0.0370208940117509,0.0134634036439776,0.02396676676676677,0.008476731382170657,0.00033404817881924976,0.008064516129032258,0.008064516129032258,0.01
F4,N1,CORR,50,0.7,0.02,500,0.14167371723936525,0.05027153764014645,0.020192992992992993,0.008671020958884211,-0.000233567347958212,0.011811811811811812,0.01061061061061061,0.01
F4,N1,CORR,50,0.7,0.02,2000,0.14167371723936525,0.05027153764014645,0.020192992992992993,0.008671020958884211,-0.000233567347958212,0.010416666666666666,0.015224358974358974,0.01
F4,N1,CORR,50,0.7,0.02,5000,0.14167371723936525,0.05027153764014645,0.020192992992992993,0.008671020958884211,-0.000233567347958212,0.01603206412825651,0.014028056112224449,0.01
F4,N1,CORR,50,0.7,0.02,20000,0.14167371723936525,0.05027153764014645,0.020192992992992993,0.008671020958884211,-0.000233567347958212,0.008064516129032258,0.0,0.01
F4,N1,CORR,50,0.5,0.02,500,0.13272725354144918,0.04695532767710678,0.020307507507507507,0.008457621795818545,-4.591384359377092e-05,0.011411411411411412,0.014814814814814815,0.01
F4,N1,CORR,50,0.5,0.02,2000,0.13272725354144918,0.04695532767710678,0.020307507507507507,0.008457621795818545,-4.591384359377092e-05,0.013621794871794872,0.016826923076923076,0.01
F4,N1,CORR,50,0.5,0.02,5000,0.13272725354144918,0.04695532767710678,0.020307507507507507,0.008457621795818545,-4.591384359377092e-05,0.022044088176352707,0.014028056112224449,0.01
F4,N1,CORR,50,0.5,0.02,20000,0.13272725354144918,0.04695532767710678,0.020307507507507507,0.008457621795818545,-4.591384359377092e-05,0.008064516129032258,0.008064516129032258,0.01
F4,N1,CORR,50,0.3,0.02,500,0.111782751682768,0.039716889136311676,0.0208996996996997,0.008533315913139135,0.00046421041406557144,0.008608608608608608,0.012612612612612612,0.01
F4,N1,CORR,50,0.3,0.02,2000,0.111782751682768,0.039716889136311676,0.0208996996996997,0.008533315913139135,0.00046421041406557144,0.00641025641025641,0.008814102564102564,0.01
F4,N1,CORR,50,0.3,0.02,5000,0.111782751682768,0.039716889136311676,0.0208996996996997,0.008533315913139135,0.00046421041406557144,0.012024048096192385,0.01603206412825651,0.01
F4,N1,CORR,50,0.3,0.02,20000,0.111782751682768,0.039716889136311676,0.0208996996996997,0.008533315913139135,0.00046421041406557144,0.008064516129032258,0.008064516129032258,0.01
F4,N1,CORR,50,0.15,0.02,500,0.07817082445377817,0.027829210324470298,0.020142942942942943,0.008604611414120415,0.00044425591487017306,0.00880880880880881,0.013213213213213212,0.01
F4,N1,CORR,50,0.15,0.02,2000,0.07817082445377817,0.027829210324470298,0.020142942942942943,0.008604611414120415,0.00044425591487017306,0.011217948717948718,0.008012820512820512,0.01
F4,N1,CORR,50,0.15,0.02,5000,0.07817082445377817,0.027829210324470298,0.020142942942942943,0.008604611414120415,0.00044425591487017306,0.01603206412825651,0.014028056112224449,0.01
F4,N1,CORR,50,0.15,0.02,20000,0.07817082445377817,0.027829210324470298,0.020142942942942943,0.008604611414120415,0.00044425591487017306,0.008064516129032258,0.008064516129032258,0.01
F4,N1,CORR,50,0.0,0.02,500,0.03576628228964749,0.012684540252211534,0.028858458458458466,0.008325942599406938,0.00021246023107358413,0.01001001001001001,0.01121121121121121,0.01
F4,N1,CORR,50,0.0,0.02,2000,0.03576628228964749,0.012684540252211534,0.028858458458458466,0.008325942599406938,0.00021246023107358413,0.008012820512820512,0.008012820512820512,0.01
F4,N1,CORR,50,0.0,0.02,5000,0.03576628228964749,0.012684540252211534,0.028858458458458466,0.008325942599406938,0.00021246023107358413,0.018036072144288578,0.01603206412825651,0.01
F4,N1,CORR,50,0.0,0.02,20000,0.03576628228964749,0.012684540252211534,0.028858458458458466,0.008325942599406938,0.00021246023107358413,0.008064516129032258,0.008064516129032258,0.01
F4,N1,MEMLESS,1,1.0,0.05,500,0.27920236597049874,0.09905593717856327,0.05015735735735736,0.008959425638520348,5.3727615491797105e-05,0.00880880880880881,0.01041041041041041,0.01
F4,N1,MEMLESS,1,1.0,0.05,2000,0.27920236597049874,0.09905593717856327,0.05015735735735736,0.008959425638520348,5.3727615491797105e-05,0.016025641025641024,0.013621794871794872,0.01
F4,N1,MEMLESS,1,1.0,0.05,5000,0.27920236597049874,0.09905593717856327,0.05015735735735736,0.008959425638520348,5.3727615491797105e-05,0.01002004008016032,0.012024048096192385,0.01
F4,N1,MEMLESS,1,1.0,0.05,20000,0.27920236597049874,0.09905593717856327,0.05015735735735736,0.008959425638520348,5.3727615491797105e-05,0.024193548387096774,0.008064516129032258,0.01
F4,N1,CORR,2,0.7,0.05,500,0.27363574140377606,0.09691804121150939,0.0503003003003003,0.009173514596164459,-0.0005497633842175076,0.01061061061061061,0.013613613613613613,0.01
F4,N1,CORR,2,0.7,0.05,2000,0.27363574140377606,0.09691804121150939,0.0503003003003003,0.009173514596164459,-0.0005497633842175076,0.005608974358974359,0.01201923076923077,0.01
F4,N1,CORR,2,0.7,0.05,5000,0.27363574140377606,0.09691804121150939,0.0503003003003003,0.009173514596164459,-0.0005497633842175076,0.008016032064128256,0.008016032064128256,0.01
F4,N1,CORR,2,0.7,0.05,20000,0.27363574140377606,0.09691804121150939,0.0503003003003003,0.009173514596164459,-0.0005497633842175076,0.0,0.0,0.01
F4,N1,CORR,2,0.5,0.05,500,0.2603293438162508,0.09209880044714346,0.05062902902902903,0.008907961639507859,-0.0002199947175397126,0.011811811811811812,0.01061061061061061,0.01
F4,N1,CORR,2,0.5,0.05,2000,0.2603293438162508,0.09209880044714346,0.05062902902902903,0.008907961639507859,-0.0002199947175397126,0.01282051282051282,0.009615384615384616,0.01
F4,N1,CORR,2,0.5,0.05,5000,0.2603293438162508,0.09209880044714346,0.05062902902902903,0.008907961639507859,-0.0002199947175397126,0.012024048096192385,0.006012024048096192,0.01
F4,N1,CORR,2,0.5,0.05,20000,0.2603293438162508,0.09209880044714346,0.05062902902902903,0.008907961639507859,-0.0002199947175397126,0.0,0.0,0.01
F4,N1,CORR,2,0.3,0.05,500,0.23776934948969605,0.08442034036802167,0.050982582582582585,0.00922867018616687,-0.00038141074631857405,0.00960960960960961,0.012412412412412413,0.01
F4,N1,CORR,2,0.3,0.05,2000,0.23776934948969605,0.08442034036802167,0.050982582582582585,0.00922867018616687,-0.00038141074631857405,0.004807692307692308,0.009615384615384616,0.01
F4,N1,CORR,2,0.3,0.05,5000,0.23776934948969605,0.08442034036802167,0.050982582582582585,0.00922867018616687,-0.00038141074631857405,0.01002004008016032,0.008016032064128256,0.01
F4,N1,CORR,2,0.3,0.05,20000,0.23776934948969605,0.08442034036802167,0.050982582582582585,0.00922867018616687,-0.00038141074631857405,0.016129032258064516,0.008064516129032258,0.01
F4,N1,CORR,2,0.15,0.05,500,0.21510583694933316,0.07630265179076179,0.05052092092092092,0.008441951860987718,-0.0003444206123325718,0.011811811811811812,0.011411411411411412,0.01
F4,N1,CORR,2,0.15,0.05,2000,0.21510583694933316,0.07630265179076179,0.05052092092092092,0.008441951860987718,-0.0003444206123325718,0.01282051282051282,0.011217948717948718,0.01
F4,N1,CORR,2,0.15,0.05,5000,0.21510583694933316,0.07630265179076179,0.05052092092092092,0.008441951860987718,-0.0003444206123325718,0.006012024048096192,0.01603206412825651,0.01
F4,N1,CORR,2,0.15,0.05,20000,0.21510583694933316,0.07630265179076179,0.05052092092092092,0.008441951860987718,-0.0003444206123325718,0.008064516129032258,0.008064516129032258,0.01
F4,N1,CORR,2,0.0,0.05,500,0.19289779853343691,0.06840425581955328,0.050219819819819815,0.008392811051929357,-0.0005443465760977763,0.012412412412412413,0.01121121121121121,0.01
F4,N1,CORR,2,0.0,0.05,2000,0.19289779853343691,0.06840425581955328,0.050219819819819815,0.008392811051929357,-0.0005443465760977763,0.016025641025641024,0.007211538461538462,0.01
F4,N1,CORR,2,0.0,0.05,5000,0.19289779853343691,0.06840425581955328,0.050219819819819815,0.008392811051929357,-0.0005443465760977763,0.014028056112224449,0.026052104208416832,0.01
F4,N1,CORR,2,0.0,0.05,20000,0.19289779853343691,0.06840425581955328,0.050219819819819815,0.008392811051929357,-0.0005443465760977763,0.016129032258064516,0.0,0.01
F4,N1,CORR,4,0.7,0.05,500,0.272345125110011,0.09659360142105164,0.05012812812812813,0.009151299203867336,-0.0005149913386928483,0.00980980980980981,0.012612612612612612,0.01
F4,N1,CORR,4,0.7,0.05,2000,0.272345125110011,0.09659360142105164,0.05012812812812813,0.009151299203867336,-0.0005149913386928483,0.008012820512820512,0.01201923076923077,0.01
F4,N1,CORR,4,0.7,0.05,5000,0.272345125110011,0.09659360142105164,0.05012812812812813,0.009151299203867336,-0.0005149913386928483,0.008016032064128256,0.006012024048096192,0.01
F4,N1,CORR,4,0.7,0.05,20000,0.272345125110011,0.09659360142105164,0.05012812812812813,0.009151299203867336,-0.0005149913386928483,0.0,0.0,0.01
F4,N1,CORR,4,0.5,0.05,500,0.2553535938117185,0.0904012860878162,0.05056256256256257,0.008910698196768384,0.00010958392936088396,0.012412412412412413,0.013213213213213212,0.01
F4,N1,CORR,4,0.5,0.05,2000,0.2553535938117185,0.0904012860878162,0.05056256256256257,0.008910698196768384,0.00010958392936088396,0.01201923076923077,0.014423076923076924,0.01
F4,N1,CORR,4,0.5,0.05,5000,0.2553535938117185,0.0904012860878162,0.05056256256256257,0.008910698196768384,0.00010958392936088396,0.01002004008016032,0.008016032064128256,0.01
F4,N1,CORR,4,0.5,0.05,20000,0.2553535938117185,0.0904012860878162,0.05056256256256257,0.008910698196768384,0.00010958392936088396,0.0,0.0,0.01
F4,N1,CORR,4,0.3,0.05,500,0.21758264017307102,0.07707485323026869,0.05026746746746747,0.008277238375229345,-4.7853683292958805e-05,0.011411411411411412,0.01041041041041041,0.01
F4,N1,CORR,4,0.3,0.05,2000,0.21758264017307102,0.07707485323026869,0.05026746746746747,0.008277238375229345,-4.7853683292958805e-05,0.01282051282051282,0.01201923076923077,0.01
F4,N1,CORR,4,0.3,0.05,5000,0.21758264017307102,0.07707485323026869,0.05026746746746747,0.008277238375229345,-4.7853683292958805e-05,0.01002004008016032,0.012024048096192385,0.01
F4,N1,CORR,4,0.3,0.05,20000,0.21758264017307102,0.07707485323026869,0.05026746746746747,0.008277238375229345,-4.7853683292958805e-05,0.016129032258064516,0.0,0.01
F4,N1,CORR,4,0.15,0.05,500,0.17937632767821385,0.06381475749048424,0.05063103103103103,0.008584212621823562,-2.8683782470458833e-06,0.011811811811811812,0.014014014014014014,0.01
F4,N1,CORR,4,0.15,0.05,2000,0.17937632767821385,0.06381475749048424,0.05063103103103103,0.008584212621823562,-2.8683782470458833e-06,0.013621794871794872,0.011217948717948718,0.01
F4,N1,CORR,4,0.15,0.05,5000,0.17937632767821385,0.06381475749048424,0.05063103103103103,0.008584212621823562,-2.8683782470458833e-06,0.02404809619238477,0.01002004008016032,0.01
F4,N1,CORR,4,0.15,0.05,20000,0.17937632767821385,0.06381475749048424,0.05063103103103103,0.008584212621823562,-2.8683782470458833e-06,0.008064516129032258,0.0,0.01
F4,N1,CORR,4,0.0,0.05,500,0.13665703938420906,0.048623146430828296,0.05051171171171172,0.008774234707951835,0.000210024309244778,0.013013013013013013,0.012612612612612612,0.01
F4,N1,CORR,4,0.0,0.05,2000,0.13665703938420906,0.048623146430828296,0.05051171171171172,0.008774234707951835,0.000210024309244778,0.011217948717948718,0.009615384615384616,0.01
F4,N1,CORR,4,0.0,0.05,5000,0.13665703938420906,0.048623146430828296,0.05051171171171172,0.008774234707951835,0.000210024309244778,0.012024048096192385,0.01002004008016032,0.01
F4,N1,CORR,4,0.0,0.05,20000,0.13665703938420906,0.048623146430828296,0.05051171171171172,0.008774234707951835,0.000210024309244778,0.016129032258064516,0.008064516129032258,0.01
F4,N1,CORR,6,0.7,0.05,500,0.2722935145615591,0.09659965358457312,0.050116516516516524,0.009151663536614233,-0.0004848886918849798,0.00980980980980981,0.012612612612612612,0.01
F4,N1,CORR,6,0.7,0.05,2000,0.2722935145615591,0.09659965358457312,0.050116516516516524,0.009151663536614233,-0.0004848886918849798,0.008012820512820512,0.01201923076923077,0.01
F4,N1,CORR,6,0.7,0.05,5000,0.2722935145615591,0.09659965358457312,0.050116516516516524,0.009151663536614233,-0.0004848886918849798,0.008016032064128256,0.006012024048096192,0.01
F4,N1,CORR,6,0.7,0.05,20000,0.2722935145615591,0.09659965358457312,0.050116516516516524,0.009151663536614233,-0.0004848886918849798,0.0,0.0,0.01
F4,N1,CORR,6,0.5,0.05,500,0.2552484608200515,0.09035053292348891,0.050619419419419415,0.00898366812884484,0.00010917498403516403,0.012612612612612612,0.013013013013013013,0.01
F4,N1,CORR,6,0.5,0.05,2000,0.2552484608200515,0.09035053292348891,0.050619419419419415,0.00898366812884484,0.00010917498403516403,0.011217948717948718,0.013621794871794872,0.01
F4,N1,CORR,6,0.5,0.05,5000,0.2552484608200515,0.09035053292348891,0.050619419419419415,0.00898366812884484,0.00010917498403516403,0.008016032064128256,0.006012024048096192,0.01
F4,N1,CORR,6,0.5,0.05,20000,0.2552484608200515,0.09035053292348891,0.050619419419419415,0.00898366812884484,0.00010917498403516403,0.008064516129032258,0.0,0.01
F4,N1,CORR,6,0.3,0.05,500,0.21515044524969165,0.07624614124136628,0.05056256256256257,0.008269127293909767,-0.0002940823741120387,0.013013013013013013,0.01041041041041041,0.01
F4,N1,CORR,6,0.3,0.05,2000,0.21515044524969165,0.07624614124136628,0.05056256256256257,0.008269127293909767,-0.0002940823741120387,0.009615384615384616,0.015224358974358974,0.01
F4,N1,CORR,6,0.3,0.05,5000,0.21515044524969165,0.07624614124136628,0.05056256256256257,0.008269127293909767,-0.0002940823741120387,0.01603206412825651,0.02004008016032064,0.01
F4,N1,CORR,6,0.3,0.05,20000,0.21515044524969165,0.07624614124136628,0.05056256256256257,0.008269127293909767,-0.0002940823741120387,0.008064516129032258,0.0,0.01
F4,N1,CORR,6,0.15,0.05,500,0.1694538336499148,0.06018340132013742,0.05100540540540541,0.00835384837965817,-3.785112874891186e-05,0.011411411411411412,0.013013013013013013,0.01
F4,N1,CORR,6,0.15,0.05,2000,0.1694538336499148,0.06018340132013742,0.05100540540540541,0.00835384837965817,-3.785112874891186e-05,0.009615384615384616,0.01282051282051282,0.01
F4,N1,CORR,6,0.15,0.05,5000,0.1694538336499148,0.06018340132013742,0.05100540540540541,0.00835384837965817,-3.785112874891186e-05,0.012024048096192385,0.01002004008016032,0.01
F4,N1,CORR,6,0.15,0.05,20000,0.1694538336499148,0.06018340132013742,0.05100540540540541,0.00835384837965817,-3.785112874891186e-05,0.008064516129032258,0.0,0.01
F4,N1,CORR,6,0.0,0.05,500,0.11465743434433633,0.04110085115221,0.0508956956956957,0.008773631566005427,0.00017417059804761124,0.01061061061061061,0.01121121121121121,0.01
F4,N1,CORR,6,0.0,0.05,2000,0.11465743434433633,0.04110085115221,0.0508956956956957,0.008773631566005427,0.00017417059804761124,0.010416666666666666,0.008814102564102564,0.01
F4,N1,CORR,6,0.0,0.05,5000,0.11465743434433633,0.04110085115221,0.0508956956956957,0.008773631566005427,0.00017417059804761124,0.012024048096192385,0.014028056112224449,0.01
F4,N1,CORR,6,0.0,0.05,20000,0.11465743434433633,0.04110085115221,0.0508956956956957,0.008773631566005427,0.00017417059804761124,0.008064516129032258,0.008064516129032258,0.01
F4,N1,CORR,10,0.7,0.05,500,0.2722935145615591,0.09659965358457312,0.050116516516516524,0.009151663536614233,-0.0004848886918849798,0.00980980980980981,0.012612612612612612,0.01
F4,N1,CORR,10,0.7,0.05,2000,0.2722935145615591,0.09659965358457312,0.050116516516516524,0.009151663536614233,-0.0004848886918849798,0.008012820512820512,0.01201923076923077,0.01
F4,N1,CORR,10,0.7,0.05,5000,0.2722935145615591,0.09659965358457312,0.050116516516516524,0.009151663536614233,-0.0004848886918849798,0.008016032064128256,0.006012024048096192,0.01
F4,N1,CORR,10,0.7,0.05,20000,0.2722935145615591,0.09659965358457312,0.050116516516516524,0.009151663536614233,-0.0004848886918849798,0.0,0.0,0.01
F4,N1,CORR,10,0.5,0.05,500,0.25520874088645984,0.09034025839053986,0.050613013013013006,0.008979974829081017,0.00011409318451103685,0.012612612612612612,0.012812812812812813,0.01
F4,N1,CORR,10,0.5,0.05,2000,0.25520874088645984,0.09034025839053986,0.050613013013013006,0.008979974829081017,0.00011409318451103685,0.011217948717948718,0.013621794871794872,0.01
F4,N1,CORR,10,0.5,0.05,5000,0.25520874088645984,0.09034025839053986,0.050613013013013006,0.008979974829081017,0.00011409318451103685,0.008016032064128256,0.006012024048096192,0.01
F4,N1,CORR,10,0.5,0.05,20000,0.25520874088645984,0.09034025839053986,0.050613013013013006,0.008979974829081017,0.00011409318451103685,0.008064516129032258,0.0,0.01
F4,N1,CORR,10,0.3,0.05,500,0.2143454919095795,0.07594825098873481,0.05058058058058058,0.008337082265021898,-0.0002584437319130098,0.012812812812812813,0.010810810810810811,0.01
F4,N1,CORR,10,0.3,0.05,2000,0.2143454919095795,0.07594825098873481,0.05058058058058058,0.008337082265021898,-0.0002584437319130098,0.010416666666666666,0.014423076923076924,0.01
F4,N1,CORR,10,0.3,0.05,5000,0.2143454919095795,0.07594825098873481,0.05058058058058058,0.008337082265021898,-0.0002584437319130098,0.01603206412825651,0.02004008016032064,0.01
F4,N1,CORR,10,0.3,0.05,20000,0.2143454919095795,0.07594825098873481,0.05058058058058058,0.008337082265021898,-0.0002584437319130098,0.008064516129032258,0.0,0.01
F4,N1,CORR,10,0.15,0.05,500,0.16421368786370047,0.05808044334952225,0.051506706706706706,0.008510561993073736,1.0660866573367847e-05,0.011811811811811812,0.011811811811811812,0.01
F4,N1,CORR,10,0.15,0.05,2000,0.16421368786370047,0.05808044334952225,0.051506706706706706,0.008510561993073736,1.0660866573367847e-05,0.008012820512820512,0.01201923076923077,0.01
F4,N1,CORR,10,0.15,0.05,5000,0.16421368786370047,0.05808044334952225,0.051506706706706706,0.008510561993073736,1.0660866573367847e-05,0.01603206412825651,0.006012024048096192,0.01
F4,N1,CORR,10,0.15,0.05,20000,0.16421368786370047,0.05808044334952225,0.051506706706706706,0.008510561993073736,1.0660866573367847e-05,0.008064516129032258,0.0,0.01
F4,N1,CORR,10,0.0,0.05,500,0.09461910883970993,0.03362898298069458,0.05159639639639639,0.008754908145187427,0.0003793880723109309,0.01001001001001001,0.012212212212212211,0.01
F4,N1,CORR,10,0.0,0.05,2000,0.09461910883970993,0.03362898298069458,0.05159639639639639,0.008754908145187427,0.0003793880723109309,0.010416666666666666,0.008012820512820512,0.01
F4,N1,CORR,10,0.0,0.05,5000,0.09461910883970993,0.03362898298069458,0.05159639639639639,0.008754908145187427,0.0003793880723109309,0.01603206412825651,0.01002004008016032,0.01
F4,N1,CORR,10,0.0,0.05,20000,0.09461910883970993,0.03362898298069458,0.05159639639639639,0.008754908145187427,0.0003793880723109309,0.008064516129032258,0.008064516129032258,0.01
F4,N1,CORR,20,0.7,0.05,500,0.2722935145615591,0.09659965358457312,0.050116516516516524,0.009151663536614233,-0.0004848886918849798,0.00980980980980981,0.012612612612612612,0.01
F4,N1,CORR,20,0.7,0.05,2000,0.2722935145615591,0.09659965358457312,0.050116516516516524,0.009151663536614233,-0.0004848886918849798,0.008012820512820512,0.01201923076923077,0.01
F4,N1,CORR,20,0.7,0.05,5000,0.2722935145615591,0.09659965358457312,0.050116516516516524,0.009151663536614233,-0.0004848886918849798,0.008016032064128256,0.006012024048096192,0.01
F4,N1,CORR,20,0.7,0.05,20000,0.2722935145615591,0.09659965358457312,0.050116516516516524,0.009151663536614233,-0.0004848886918849798,0.0,0.0,0.01
F4,N1,CORR,20,0.5,0.05,500,0.25520874088645984,0.09034025839053986,0.050613013013013006,0.008979974829081017,0.00011409318451103685,0.012612612612612612,0.012812812812812813,0.01
F4,N1,CORR,20,0.5,0.05,2000,0.25520874088645984,0.09034025839053986,0.050613013013013006,0.008979974829081017,0.00011409318451103685,0.011217948717948718,0.013621794871794872,0.01
F4,N1,CORR,20,0.5,0.05,5000,0.25520874088645984,0.09034025839053986,0.050613013013013006,0.008979974829081017,0.00011409318451103685,0.008016032064128256,0.006012024048096192,0.01
F4,N1,CORR,20,0.5,0.05,20000,0.25520874088645984,0.09034025839053986,0.050613013013013006,0.008979974829081017,0.00011409318451103685,0.008064516129032258,0.0,0.01
F4,N1,CORR,20,0.3,0.05,500,0.21438978398842498,0.0759804226219328,0.050609809809809815,0.008322195622751348,-0.00024365449376521578,0.012812812812812813,0.010810810810810811,0.01
F4,N1,CORR,20,0.3,0.05,2000,0.21438978398842498,0.0759804226219328,0.050609809809809815,0.008322195622751348,-0.00024365449376521578,0.010416666666666666,0.014423076923076924,0.01
F4,N1,CORR,20,0.3,0.05,5000,0.21438978398842498,0.0759804226219328,0.050609809809809815,0.008322195622751348,-0.00024365449376521578,0.01603206412825651,0.02004008016032064,0.01
F4,N1,CORR,20,0.3,0.05,20000,0.21438978398842498,0.0759804226219328,0.050609809809809815,0.008322195622751348,-0.00024365449376521578,0.008064516129032258,0.0,0.01
F4,N1,CORR,20,0.15,0.05,500,0.16233549253560095,0.05733941963220788,0.05148708708708709,0.008595367249352663,-6.241821123689456e-05,0.011411411411411412,0.012212212212212211,0.01
F4,N1,CORR,20,0.15,0.05,2000,0.16233549253560095,0.05733941963220788,0.05148708708708709,0.008595367249352663,-6.241821123689456e-05,0.008814102564102564,0.01282051282051282,0.01
F4,N1,CORR,20,0.15,0.05,5000,0.16233549253560095,0.05733941963220788,0.05148708708708709,0.008595367249352663,-6.241821123689456e-05,0.01603206412825651,0.008016032064128256,0.01
F4,N1,CORR,20,0.15,0.05,20000,0.16233549253560095,0.05733941963220788,0.05148708708708709,0.008595367249352663,-6.241821123689456e-05,0.008064516129032258,0.016129032258064516,0.01
F4,N1,CORR,20,0.0,0.05,500,0.07534962891933694,0.0269306225528572,0.051190790790790794,0.008460407988899975,0.0003498477084254756,0.008208208208208207,0.012812812812812813,0.01
F4,N1,CORR,20,0.0,0.05,2000,0.07534962891933694,0.0269306225528572,0.051190790790790794,0.008460407988899975,0.0003498477084254756,0.008012820512820512,0.007211538461538462,0.01
F4,N1,CORR,20,0.0,0.05,5000,0.07534962891933694,0.0269306225528572,0.051190790790790794,0.008460407988899975,0.0003498477084254756,0.01603206412825651,0.014028056112224449,0.01
F4,N1,CORR,20,0.0,0.05,20000,0.07534962891933694,0.0269306225528572,0.051190790790790794,0.008460407988899975,0.0003498477084254756,0.008064516129032258,0.008064516129032258,0.01
F4,N1,CORR,50,0.7,0.05,500,0.2722935145615591,0.09659965358457312,0.050116516516516524,0.009151663536614233,-0.0004848886918849798,0.00980980980980981,0.012612612612612612,0.01
F4,N1,CORR,50,0.7,0.05,2000,0.2722935145615591,0.09659965358457312,0.050116516516516524,0.009151663536614233,-0.0004848886918849798,0.008012820512820512,0.01201923076923077,0.01
F4,N1,CORR,50,0.7,0.05,5000,0.2722935145615591,0.09659965358457312,0.050116516516516524,0.009151663536614233,-0.0004848886918849798,0.008016032064128256,0.006012024048096192,0.01
F4,N1,CORR,50,0.7,0.05,20000,0.2722935145615591,0.09659965358457312,0.050116516516516524,0.009151663536614233,-0.0004848886918849798,0.0,0.0,0.01
F4,N1,CORR,50,0.5,0.05,500,0.25520874088645984,0.09034025839053986,0.050613013013013006,0.008979974829081017,0.00011409318451103685,0.012612612612612612,0.012812812812812813,0.01
F4,N1,CORR,50,0.5,0.05,2000,0.25520874088645984,0.09034025839053986,0.050613013013013006,0.008979974829081017,0.00011409318451103685,0.011217948717948718,0.013621794871794872,0.01
F4,N1,CORR,50,0.5,0.05,5000,0.25520874088645984,0.09034025839053986,0.050613013013013006,0.008979974829081017,0.00011409318451103685,0.008016032064128256,0.006012024048096192,0.01
F4,N1,CORR,50,0.5,0.05,20000,0.25520874088645984,0.09034025839053986,0.050613013013013006,0.008979974829081017,0.00011409318451103685,0.008064516129032258,0.0,0.01
F4,N1,CORR,50,0.3,0.05,500,0.21438978398842498,0.0759804226219328,0.050609809809809815,0.008322195622751348,-0.00024365449376521578,0.012812812812812813,0.010810810810810811,0.01
F4,N1,CORR,50,0.3,0.05,2000,0.21438978398842498,0.0759804226219328,0.050609809809809815,0.008322195622751348,-0.00024365449376521578,0.010416666666666666,0.014423076923076924,0.01
F4,N1,CORR,50,0.3,0.05,5000,0.21438978398842498,0.0759804226219328,0.050609809809809815,0.008322195622751348,-0.00024365449376521578,0.01603206412825651,0.02004008016032064,0.01
F4,N1,CORR,50,0.3,0.05,20000,0.21438978398842498,0.0759804226219328,0.050609809809809815,0.008322195622751348,-0.00024365449376521578,0.008064516129032258,0.0,0.01
F4,N1,CORR,50,0.15,0.05,500,0.16240737438803987,0.05737395987099544,0.051542742742742745,0.008570927737998975,-7.791158359779998e-05,0.011611611611611611,0.012212212212212211,0.01
F4,N1,CORR,50,0.15,0.05,2000,0.16240737438803987,0.05737395987099544,0.051542742742742745,0.008570927737998975,-7.791158359779998e-05,0.008814102564102564,0.01282051282051282,0.01
F4,N1,CORR,50,0.15,0.05,5000,0.16240737438803987,0.05737395987099544,0.051542742742742745,0.008570927737998975,-7.791158359779998e-05,0.014028056112224449,0.008016032064128256,0.01
F4,N1,CORR,50,0.15,0.05,20000,0.16240737438803987,0.05737395987099544,0.051542742742742745,0.008570927737998975,-7.791158359779998e-05,0.008064516129032258,0.016129032258064516,0.01
F4,N1,CORR,50,0.0,0.05,500,0.07114542016849629,0.025410415580481387,0.05864664664664665,0.008295453186495895,0.00025600958039785274,0.00980980980980981,0.012012012012012012,0.01
F4,N1,CORR,50,0.0,0.05,2000,0.07114542016849629,0.025410415580481387,0.05864664664664665,0.008295453186495895,0.00025600958039785274,0.009615384615384616,0.007211538461538462,0.01
F4,N1,CORR,50,0.0,0.05,5000,0.07114542016849629,0.025410415580481387,0.05864664664664665,0.008295453186495895,0.00025600958039785274,0.014028056112224449,0.014028056112224449,0.01
F4,N1,CORR,50,0.0,0.05,20000,0.07114542016849629,0.025410415580481387,0.05864664664664665,0.008295453186495895,0.00025600958039785274,0.008064516129032258,0.008064516129032258,0.01
F4,N1,MEMLESS,1,1.0,0.1,500,0.43882496189025616,0.1557508370552302,0.10002482482482483,0.00817476416492669,-0.0005182006449129929,0.007807807807807808,0.012612612612612612,0.01
F4,N1,MEMLESS,1,1.0,0.1,2000,0.43882496189025616,0.1557508370552302,0.10002482482482483,0.00817476416492669,-0.0005182006449129929,0.013621794871794872,0.005608974358974359,0.01
F4,N1,MEMLESS,1,1.0,0.1,5000,0.43882496189025616,0.1557508370552302,0.10002482482482483,0.00817476416492669,-0.0005182006449129929,0.01603206412825651,0.002004008016032064,0.01
F4,N1,MEMLESS,1,1.0,0.1,20000,0.43882496189025616,0.1557508370552302,0.10002482482482483,0.00817476416492669,-0.0005182006449129929,0.024193548387096774,0.0,0.01
F4,N1,CORR,2,0.7,0.1,500,0.43024979585004275,0.15287668199391427,0.10043963963963964,0.008558923209719483,-0.0006480077006398601,0.01001001001001001,0.011011011011011011,0.01
F4,N1,CORR,2,0.7,0.1,2000,0.43024979585004275,0.15287668199391427,0.10043963963963964,0.008558923209719483,-0.0006480077006398601,0.010416666666666666,0.007211538461538462,0.01
F4,N1,CORR,2,0.7,0.1,5000,0.43024979585004275,0.15287668199391427,0.10043963963963964,0.008558923209719483,-0.0006480077006398601,0.01603206412825651,0.004008016032064128,0.01
F4,N1,CORR,2,0.7,0.1,20000,0.43024979585004275,0.15287668199391427,0.10043963963963964,0.008558923209719483,-0.0006480077006398601,0.024193548387096774,0.008064516129032258,0.01
F4,N1,CORR,2,0.5,0.1,500,0.4106241148725548,0.1464206566848298,0.10072192192192192,0.0087714918827473,-0.0004159687171741279,0.00940940940940941,0.012212212212212211,0.01
F4,N1,CORR,2,0.5,0.1,2000,0.4106241148725548,0.1464206566848298,0.10072192192192192,0.0087714918827473,-0.0004159687171741279,0.008012820512820512,0.011217948717948718,0.01
F4,N1,CORR,2,0.5,0.1,5000,0.4106241148725548,0.1464206566848298,0.10072192192192192,0.0087714918827473,-0.0004159687171741279,0.01002004008016032,0.01002004008016032,0.01
F4,N1,CORR,2,0.5,0.1,20000,0.4106241148725548,0.1464206566848298,0.10072192192192192,0.0087714918827473,-0.0004159687171741279,0.024193548387096774,0.0,0.01
F4,N1,CORR,2,0.3,0.1,500,0.3785558016974372,0.1350919914226327,0.10047927927927928,0.008417344679072871,-0.0002662073471750407,0.007407407407407408,0.01121121121121121,0.01
F4,N1,CORR,2,0.3,0.1,2000,0.3785558016974372,0.1350919914226327,0.10047927927927928,0.008417344679072871,-0.0002662073471750407,0.008012820512820512,0.008012820512820512,0.01
F4,N1,CORR,2,0.3,0.1,5000,0.3785558016974372,0.1350919914226327,0.10047927927927928,0.008417344679072871,-0.0002662073471750407,0.014028056112224449,0.01002004008016032,0.01
F4,N1,CORR,2,0.3,0.1,20000,0.3785558016974372,0.1350919914226327,0.10047927927927928,0.008417344679072871,-0.0002662073471750407,0.008064516129032258,0.0,0.01
F4,N1,CORR,2,0.15,0.1,500,0.3506405760875274,0.12488859794404623,0.10074754754754756,0.008497517295366826,-0.00011153779885730654,0.01041041041041041,0.013013013013013013,0.01
F4,N1,CORR,2,0.15,0.1,2000,0.3506405760875274,0.12488859794404623,0.10074754754754756,0.008497517295366826,-0.00011153779885730654,0.008012820512820512,0.01282051282051282,0.01
F4,N1,CORR,2,0.15,0.1,5000,0.3506405760875274,0.12488859794404623,0.10074754754754756,0.008497517295366826,-0.00011153779885730654,0.014028056112224449,0.012024048096192385,0.01
F4,N1,CORR,2,0.15,0.1,20000,0.3506405760875274,0.12488859794404623,0.10074754754754756,0.008497517295366826,-0.00011153779885730654,0.008064516129032258,0.016129032258064516,0.01
F4,N1,CORR,2,0.0,0.1,500,0.32248033498894907,0.11455454907701093,0.10085725725725725,0.008586262605451436,0.000135011529871784,0.01041041041041041,0.00940940940940941,0.01
F4,N1,CORR,2,0.0,0.1,2000,0.32248033498894907,0.11455454907701093,0.10085725725725725,0.008586262605451436,0.000135011529871784,0.008012820512820512,0.011217948717948718,0.01
F4,N1,CORR,2,0.0,0.1,5000,0.32248033498894907,0.11455454907701093,0.10085725725725725,0.008586262605451436,0.000135011529871784,0.012024048096192385,0.012024048096192385,0.01
F4,N1,CORR,2,0.0,0.1,20000,0.32248033498894907,0.11455454907701093,0.10085725725725725,0.008586262605451436,0.000135011529871784,0.008064516129032258,0.016129032258064516,0.01
F4,N1,CORR,4,0.7,0.1,500,0.42879325349722214,0.15233463077962756,0.10033953953953954,0.008602004086938888,-0.0005403377808716379,0.009209209209209208,0.011811811811811812,0.01
F4,N1,CORR,4,0.7,0.1,2000,0.42879325349722214,0.15233463077962756,0.10033953953953954,0.008602004086938888,-0.0005403377808716379,0.01282051282051282,0.00641025641025641,0.01
F4,N1,CORR,4,0.7,0.1,5000,0.42879325349722214,0.15233463077962756,0.10033953953953954,0.008602004086938888,-0.0005403377808716379,0.018036072144288578,0.008016032064128256,0.01
F4,N1,CORR,4,0.7,0.1,20000,0.42879325349722214,0.15233463077962756,0.10033953953953954,0.008602004086938888,-0.0005403377808716379,0.016129032258064516,0.0,0.01
F4,N1,CORR,4,0.5,0.1,500,0.4027769428225378,0.1437389814306551,0.10071831831831833,0.008526786006735256,7.318009735687621e-05,0.00960960960960961,0.014614614614614614,0.01
F4,N1,CORR,4,0.5,0.1,2000,0.4027769428225378,0.1437389814306551,0.10071831831831833,0.008526786006735256,7.318009735687621e-05,0.004807692307692308,0.014423076923076924,0.01
F4,N1,CORR,4,0.5,0.1,5000,0.4027769428225378,0.1437389814306551,0.10071831831831833,0.008526786006735256,7.318009735687621e-05,0.008016032064128256,0.008016032064128256,0.01
F4,N1,CORR,4,0.5,0.1,20000,0.4027769428225378,0.1437389814306551,0.10071831831831833,0.008526786006735256,7.318009735687621e-05,0.016129032258064516,0.016129032258064516,0.01
F4,N1,CORR,4,0.3,0.1,500,0.350212962603079,0.1245476965668833,0.09984824824824823,0.00837549635333511,0.0006510374485680176,0.01021021021021021,0.011011011011011011,0.01
F4,N1,CORR,4,0.3,0.1,2000,0.350212962603079,0.1245476965668833,0.09984824824824823,0.00837549635333511,0.0006510374485680176,0.007211538461538462,0.015224358974358974,0.01
F4,N1,CORR,4,0.3,0.1,5000,0.350212962603079,0.1245476965668833,0.09984824824824823,0.00837549635333511,0.0006510374485680176,0.008016032064128256,0.004008016032064128,0.01
F4,N1,CORR,4,0.3,0.1,20000,0.350212962603079,0.1245476965668833,0.09984824824824823,0.00837549635333511,0.0006510374485680176,0.016129032258064516,0.008064516129032258,0.01
F4,N1,CORR,4,0.15,0.1,500,0.29867118227950645,0.10589715934217019,0.10082682682682682,0.008694820640245604,0.0001716519880656954,0.00880880880880881,0.01001001001001001,0.01
F4,N1,CORR,4,0.15,0.1,2000,0.29867118227950645,0.10589715934217019,0.10082682682682682,0.008694820640245604,0.0001716519880656954,0.01201923076923077,0.011217948717948718,0.01
F4,N1,CORR,4,0.15,0.1,5000,0.29867118227950645,0.10589715934217019,0.10082682682682682,0.008694820640245604,0.0001716519880656954,0.008016032064128256,0.002004008016032064,0.01
F4,N1,CORR,4,0.15,0.1,20000,0.29867118227950645,0.10589715934217019,0.10082682682682682,0.008694820640245604,0.0001716519880656954,0.016129032258064516,0.0,0.01
F4,N1,CORR,4,0.0,0.1,500,0.23766339871968944,0.08445717303906773,0.10031631631631631,0.008345205615479414,-0.0003466246122452192,0.011011011011011011,0.012212212212212211,0.01
F4,N1,CORR,4,0.0,0.1,2000,0.23766339871968944,0.08445717303906773,0.10031631631631631,0.008345205615479414,-0.0003466246122452192,0.013621794871794872,0.015224358974358974,0.01
F4,N1,CORR,4,0.0,0.1,5000,0.23766339871968944,0.08445717303906773,0.10031631631631631,0.008345205615479414,-0.0003466246122452192,0.008016032064128256,0.008016032064128256,0.01
F4,N1,CORR,4,0.0,0.1,20000,0.23766339871968944,0.08445717303906773,0.10031631631631631,0.008345205615479414,-0.0003466246122452192,0.016129032258064516,0.0,0.01
F4,N1,CORR,6,0.7,0.1,500,0.4287692902179198,0.15232900298675864,0.10033953953953954,0.008572861489681753,-0.000570097418044284,0.009209209209209208,0.011811811811811812,0.01
F4,N1,CORR,6,0.7,0.1,2000,0.4287692902179198,0.15232900298675864,0.10033953953953954,0.008572861489681753,-0.000570097418044284,0.01282051282051282,0.00641025641025641,0.01
F4,N1,CORR,6,0.7,0.1,5000,0.4287692902179198,0.15232900298675864,0.10033953953953954,0.008572861489681753,-0.000570097418044284,0.01603206412825651,0.006012024048096192,0.01
F4,N1,CORR,6,0.7,0.1,20000,0.4287692902179198,0.15232900298675864,0.10033953953953954,0.008572861489681753,-0.000570097418044284,0.016129032258064516,0.0,0.01
F4,N1,CORR,6,0.5,0.1,500,0.40199413744662343,0.14340502500509936,0.10066506506506506,0.00858066540917209,5.84985749708354e-07,0.009009009009009009,0.013613613613613613,0.01
F4,N1,CORR,6,0.5,0.1,2000,0.40199413744662343,0.14340502500509936,0.10066506506506506,0.00858066540917209,5.84985749708354e-07,0.005608974358974359,0.01282051282051282,0.01
F4,N1,CORR,6,0.5,0.1,5000,0.40199413744662343,0.14340502500509936,0.10066506506506506,0.00858066540917209,5.84985749708354e-07,0.008016032064128256,0.01002004008016032,0.01
F4,N1,CORR,6,0.5,0.1,20000,0.40199413744662343,0.14340502500509936,0.10066506506506506,0.00858066540917209,5.84985749708354e-07,0.016129032258064516,0.016129032258064516,0.01
F4,N1,CORR,6,0.3,0.1,500,0.3452808271141455,0.12262998590491399,0.099981981981982,0.008616171136715279,0.00044400112481985635,0.00940940940940941,0.00980980980980981,0.01
F4,N1,CORR,6,0.3,0.1,2000,0.3452808271141455,0.12262998590491399,0.099981981981982,0.008616171136715279,0.00044400112481985635,0.01282051282051282,0.009615384615384616,0.01
F4,N1,CORR,6,0.3,0.1,5000,0.3452808271141455,0.12262998590491399,0.099981981981982,0.008616171136715279,0.00044400112481985635,0.01002004008016032,0.008016032064128256,0.01
F4,N1,CORR,6,0.3,0.1,20000,0.3452808271141455,0.12262998590491399,0.099981981981982,0.008616171136715279,0.00044400112481985635,0.008064516129032258,0.0,0.01
F4,N1,CORR,6,0.15,0.1,500,0.28303803314614817,0.10064024640130054,0.10125845845845845,0.008251364670536622,-0.00019261203213559363,0.00940940940940941,0.011611611611611611,0.01
F4,N1,CORR,6,0.15,0.1,2000,0.28303803314614817,0.10064024640130054,0.10125845845845845,0.008251364670536622,-0.00019261203213559363,0.009615384615384616,0.007211538461538462,0.01
F4,N1,CORR,6,0.15,0.1,5000,0.28303803314614817,0.10064024640130054,0.10125845845845845,0.008251364670536622,-0.00019261203213559363,0.012024048096192385,0.004008016032064128,0.01
F4,N1,CORR,6,0.15,0.1,20000,0.28303803314614817,0.10064024640130054,0.10125845845845845,0.008251364670536622,-0.00019261203213559363,0.008064516129032258,0.0,0.01
F4,N1,CORR,6,0.0,0.1,500,0.2030668847332917,0.0721909169653029,0.10029469469469468,0.008507756437304606,0.0003697323587264958,0.011611611611611611,0.011011011011011011,0.01
F4,N1,CORR,6,0.0,0.1,2000,0.2030668847332917,0.0721909169653029,0.10029469469469468,0.008507756437304606,0.0003697323587264958,0.01282051282051282,0.014423076923076924,0.01
F4,N1,CORR,6,0.0,0.1,5000,0.2030668847332917,0.0721909169653029,0.10029469469469468,0.008507756437304606,0.0003697323587264958,0.01603206412825651,0.006012024048096192,0.01
F4,N1,CORR,6,0.0,0.1,20000,0.2030668847332917,0.0721909169653029,0.10029469469469468,0.008507756437304606,0.0003697323587264958,0.008064516129032258,0.0,0.01
F4,N1,CORR,10,0.7,0.1,500,0.42877062624184953,0.15233027110249045,0.10034034034034034,0.008571868998409385,-0.0005708025556410702,0.009209209209209208,0.011811811811811812,0.01
F4,N1,CORR,10,0.7,0.1,2000,0.42877062624184953,0.15233027110249045,0.10034034034034034,0.008571868998409385,-0.0005708025556410702,0.01282051282051282,0.00641025641025641,0.01
F4,N1,CORR,10,0.7,0.1,5000,0.42877062624184953,0.15233027110249045,0.10034034034034034,0.008571868998409385,-0.0005708025556410702,0.01603206412825651,0.006012024048096192,0.01
F4,N1,CORR,10,0.7,0.1,20000,0.42877062624184953,0.15233027110249045,0.10034034034034034,0.008571868998409385,-0.0005708025556410702,0.016129032258064516,0.0,0.01
F4,N1,CORR,10,0.5,0.1,500,0.40194266610802665,0.1433880550167374,0.10066786786786786,0.008543732456261593,-3.316275863226668e-06,0.009009009009009009,0.013413413413413414,0.01
F4,N1,CORR,10,0.5,0.1,2000,0.40194266610802665,0.1433880550167374,0.10066786786786786,0.008543732456261593,-3.316275863226668e-06,0.005608974358974359,0.01282051282051282,0.01
F4,N1,CORR,10,0.5,0.1,5000,0.40194266610802665,0.1433880550167374,0.10066786786786786,0.008543732456261593,-3.316275863226668e-06,0.008016032064128256,0.01002004008016032,0.01
F4,N1,CORR,10,0.5,0.1,20000,0.40194266610802665,0.1433880550167374,0.10066786786786786,0.008543732456261593,-3.316275863226668e-06,0.016129032258064516,0.016129032258064516,0.01
F4,N1,CORR,10,0.3,0.1,500,0.3436524873288959,0.12200749333810613,0.09996156156156155,0.008698951803491952,0.0004225377876471233,0.009209209209209208,0.009209209209209208,0.01
F4,N1,CORR,10,0.3,0.1,2000,0.3436524873288959,0.12200749333810613,0.09996156156156155,0.008698951803491952,0.0004225377876471233,0.009615384615384616,0.007211538461538462,0.01
F4,N1,CORR,10,0.3,0.1,5000,0.3436524873288959,0.12200749333810613,0.09996156156156155,0.008698951803491952,0.0004225377876471233,0.012024048096192385,0.006012024048096192,0.01
F4,N1,CORR,10,0.3,0.1,20000,0.3436524873288959,0.12200749333810613,0.09996156156156155,0.008698951803491952,0.0004225377876471233,0.016129032258064516,0.0,0.01
F4,N1,CORR,10,0.15,0.1,500,0.27215288625562634,0.09604696744873728,0.10073913913913912,0.008218283793259736,-0.00024223064720964462,0.00940940940940941,0.00980980980980981,0.01
F4,N1,CORR,10,0.15,0.1,2000,0.27215288625562634,0.09604696744873728,0.10073913913913912,0.008218283793259736,-0.00024223064720964462,0.010416666666666666,0.008814102564102564,0.01
F4,N1,CORR,10,0.15,0.1,5000,0.27215288625562634,0.09604696744873728,0.10073913913913912,0.008218283793259736,-0.00024223064720964462,0.012024048096192385,0.004008016032064128,0.01
F4,N1,CORR,10,0.15,0.1,20000,0.27215288625562634,0.09604696744873728,0.10073913913913912,0.008218283793259736,-0.00024223064720964462,0.008064516129032258,0.0,0.01
F4,N1,CORR,10,0.0,0.1,500,0.17164795092016705,0.06109471851487086,0.10113953953953954,0.008986063589390329,0.00029745131335818446,0.00960960960960961,0.01041041041041041,0.01
F4,N1,CORR,10,0.0,0.1,2000,0.17164795092016705,0.06109471851487086,0.10113953953953954,0.008986063589390329,0.00029745131335818446,0.010416666666666666,0.013621794871794872,0.01
F4,N1,CORR,10,0.0,0.1,5000,0.17164795092016705,0.06109471851487086,0.10113953953953954,0.008986063589390329,0.00029745131335818446,0.018036072144288578,0.008016032064128256,0.01
F4,N1,CORR,10,0.0,0.1,20000,0.17164795092016705,0.06109471851487086,0.10113953953953954,0.008986063589390329,0.00029745131335818446,0.008064516129032258,0.0,0.01
F4,N1,CORR,20,0.7,0.1,500,0.42877062624184953,0.15233027110249045,0.10034034034034034,0.008571868998409385,-0.0005708025556410702,0.009209209209209208,0.011811811811811812,0.01
F4,N1,CORR,20,0.7,0.1,2000,0.42877062624184953,0.15233027110249045,0.10034034034034034,0.008571868998409385,-0.0005708025556410702,0.01282051282051282,0.00641025641025641,0.01
F4,N1,CORR,20,0.7,0.1,5000,0.42877062624184953,0.15233027110249045,0.10034034034034034,0.008571868998409385,-0.0005708025556410702,0.01603206412825651,0.006012024048096192,0.01
F4,N1,CORR,20,0.7,0.1,20000,0.42877062624184953,0.15233027110249045,0.10034034034034034,0.008571868998409385,-0.0005708025556410702,0.016129032258064516,0.0,0.01
F4,N1,CORR,20,0.5,0.1,500,0.40194301647623454,0.14338871116086477,0.10066826826826826,0.008545556321951756,-5.1738819979020405e-06,0.009009009009009009,0.013413413413413414,0.01
F4,N1,CORR,20,0.5,0.1,2000,0.40194301647623454,0.14338871116086477,0.10066826826826826,0.008545556321951756,-5.1738819979020405e-06,0.005608974358974359,0.01282051282051282,0.01
F4,N1,CORR,20,0.5,0.1,5000,0.40194301647623454,0.14338871116086477,0.10066826826826826,0.008545556321951756,-5.1738819979020405e-06,0.008016032064128256,0.01002004008016032,0.01
F4,N1,CORR,20,0.5,0.1,20000,0.40194301647623454,0.14338871116086477,0.10066826826826826,0.008545556321951756,-5.1738819979020405e-06,0.016129032258064516,0.016129032258064516,0.01
F4,N1,CORR,20,0.3,0.1,500,0.3437101274153318,0.12200123693763386,0.10003723723723723,0.008687159059621643,0.00042335065736504864,0.009209209209209208,0.009209209209209208,0.01
F4,N1,CORR,20,0.3,0.1,2000,0.3437101274153318,0.12200123693763386,0.10003723723723723,0.008687159059621643,0.00042335065736504864,0.009615384615384616,0.00641025641025641,0.01
F4,N1,CORR,20,0.3,0.1,5000,0.3437101274153318,0.12200123693763386,0.10003723723723723,0.008687159059621643,0.00042335065736504864,0.012024048096192385,0.004008016032064128,0.01
F4,N1,CORR,20,0.3,0.1,20000,0.3437101274153318,0.12200123693763386,0.10003723723723723,0.008687159059621643,0.00042335065736504864,0.016129032258064516,0.0,0.01
F4,N1,CORR,20,0.15,0.1,500,0.26923103153722766,0.09490288652676407,0.10081641641641641,0.008136907086523034,-0.0002006352839164399,0.01021021021021021,0.012412412412412413,0.01
F4,N1,CORR,20,0.15,0.1,2000,0.26923103153722766,0.09490288652676407,0.10081641641641641,0.008136907086523034,-0.0002006352839164399,0.011217948717948718,0.010416666666666666,0.01
F4,N1,CORR,20,0.15,0.1,5000,0.26923103153722766,0.09490288652676407,0.10081641641641641,0.008136907086523034,-0.0002006352839164399,0.008016032064128256,0.004008016032064128,0.01
F4,N1,CORR,20,0.15,0.1,20000,0.26923103153722766,0.09490288652676407,0.10081641641641641,0.008136907086523034,-0.0002006352839164399,0.008064516129032258,0.0,0.01
F4,N1,CORR,20,0.0,0.1,500,0.14351387916549269,0.05087810905901288,0.1023971971971972,0.008478764765805794,0.0003645852298070474,0.01041041041041041,0.014014014014014014,0.01
F4,N1,CORR,20,0.0,0.1,2000,0.14351387916549269,0.05087810905901288,0.1023971971971972,0.008478764765805794,0.0003645852298070474,0.01201923076923077,0.008012820512820512,0.01
F4,N1,CORR,20,0.0,0.1,5000,0.14351387916549269,0.05087810905901288,0.1023971971971972,0.008478764765805794,0.0003645852298070474,0.014028056112224449,0.008016032064128256,0.01
F4,N1,CORR,20,0.0,0.1,20000,0.14351387916549269,0.05087810905901288,0.1023971971971972,0.008478764765805794,0.0003645852298070474,0.008064516129032258,0.008064516129032258,0.01
F4,N1,CORR,50,0.7,0.1,500,0.42877062624184953,0.15233027110249045,0.10034034034034034,0.008571868998409385,-0.0005708025556410702,0.009209209209209208,0.011811811811811812,0.01
F4,N1,CORR,50,0.7,0.1,2000,0.42877062624184953,0.15233027110249045,0.10034034034034034,0.008571868998409385,-0.0005708025556410702,0.01282051282051282,0.00641025641025641,0.01
F4,N1,CORR,50,0.7,0.1,5000,0.42877062624184953,0.15233027110249045,0.10034034034034034,0.008571868998409385,-0.0005708025556410702,0.01603206412825651,0.006012024048096192,0.01
F4,N1,CORR,50,0.7,0.1,20000,0.42877062624184953,0.15233027110249045,0.10034034034034034,0.008571868998409385,-0.0005708025556410702,0.016129032258064516,0.0,0.01
F4,N1,CORR,50,0.5,0.1,500,0.40194301647623454,0.14338871116086477,0.10066826826826826,0.008545556321951756,-5.1738819979020405e-06,0.009009009009009009,0.013413413413413414,0.01
F4,N1,CORR,50,0.5,0.1,2000,0.40194301647623454,0.14338871116086477,0.10066826826826826,0.008545556321951756,-5.1738819979020405e-06,0.005608974358974359,0.01282051282051282,0.01
F4,N1,CORR,50,0.5,0.1,5000,0.40194301647623454,0.14338871116086477,0.10066826826826826,0.008545556321951756,-5.1738819979020405e-06,0.008016032064128256,0.01002004008016032,0.01
F4,N1,CORR,50,0.5,0.1,20000,0.40194301647623454,0.14338871116086477,0.10066826826826826,0.008545556321951756,-5.1738819979020405e-06,0.016129032258064516,0.016129032258064516,0.01
F4,N1,CORR,50,0.3,0.1,500,0.3437101274153318,0.12200123693763386,0.10003723723723723,0.008687159059621643,0.00042335065736504864,0.009209209209209208,0.009209209209209208,0.01
F4,N1,CORR,50,0.3,0.1,2000,0.3437101274153318,0.12200123693763386,0.10003723723723723,0.008687159059621643,0.00042335065736504864,0.009615384615384616,0.00641025641025641,0.01
F4,N1,CORR,50,0.3,0.1,5000,0.3437101274153318,0.12200123693763386,0.10003723723723723,0.008687159059621643,0.00042335065736504864,0.012024048096192385,0.004008016032064128,0.01
F4,N1,CORR,50,0.3,0.1,20000,0.3437101274153318,0.12200123693763386,0.10003723723723723,0.008687159059621643,0.00042335065736504864,0.016129032258064516,0.0,0.01
F4,N1,CORR,50,0.15,0.1,500,0.26932671911242767,0.09494884469920009,0.10090890890890891,0.008111519026966775,-0.00020467530024919722,0.01021021021021021,0.012412412412412413,0.01
F4,N1,CORR,50,0.15,0.1,2000,0.26932671911242767,0.09494884469920009,0.10090890890890891,0.008111519026966775,-0.00020467530024919722,0.011217948717948718,0.010416666666666666,0.01
F4,N1,CORR,50,0.15,0.1,5000,0.26932671911242767,0.09494884469920009,0.10090890890890891,0.008111519026966775,-0.00020467530024919722,0.008016032064128256,0.004008016032064128,0.01
F4,N1,CORR,50,0.15,0.1,20000,0.26932671911242767,0.09494884469920009,0.10090890890890891,0.008111519026966775,-0.00020467530024919722,0.008064516129032258,0.0,0.01
F4,N1,CORR,50,0.0,0.1,500,0.12578107726540713,0.04453138896597452,0.10601201201201203,0.008071333648788608,0.00022587680258369483,0.00960960960960961,0.012412412412412413,0.01
F4,N1,CORR,50,0.0,0.1,2000,0.12578107726540713,0.04453138896597452,0.10601201201201203,0.008071333648788608,0.00022587680258369483,0.009615384615384616,0.011217948717948718,0.01
F4,N1,CORR,50,0.0,0.1,5000,0.12578107726540713,0.04453138896597452,0.10601201201201203,0.008071333648788608,0.00022587680258369483,0.01603206412825651,0.01002004008016032,0.01
F4,N1,CORR,50,0.0,0.1,20000,0.12578107726540713,0.04453138896597452,0.10601201201201203,0.008071333648788608,0.00022587680258369483,0.008064516129032258,0.0,0.01
F4,N1,MEMLESS,1,1.0,0.2,500,0.649115994594289,0.23044671745092482,0.1999027027027027,0.008201066071545809,-0.00048452996555568584,0.01021021021021021,0.012412412412412413,0.01
F4,N1,MEMLESS,1,1.0,0.2,2000,0.649115994594289,0.23044671745092482,0.1999027027027027,0.008201066071545809,-0.00048452996555568584,0.008012820512820512,0.01201923076923077,0.01
F4,N1,MEMLESS,1,1.0,0.2,5000,0.649115994594289,0.23044671745092482,0.1999027027027027,0.008201066071545809,-0.00048452996555568584,0.008016032064128256,0.004008016032064128,0.01
F4,N1,MEMLESS,1,1.0,0.2,20000,0.649115994594289,0.23044671745092482,0.1999027027027027,0.008201066071545809,-0.00048452996555568584,0.016129032258064516,0.0,0.01
F4,N1,CORR,2,0.7,0.2,500,0.6378297989943458,0.22660766992691309,0.200385985985986,0.008643652059554969,-6.106490160961743e-05,0.00980980980980981,0.011811811811811812,0.01
F4,N1,CORR,2,0.7,0.2,2000,0.6378297989943458,0.22660766992691309,0.200385985985986,0.008643652059554969,-6.106490160961743e-05,0.009615384615384616,0.013621794871794872,0.01
F4,N1,CORR,2,0.7,0.2,5000,0.6378297989943458,0.22660766992691309,0.200385985985986,0.008643652059554969,-6.106490160961743e-05,0.028056112224448898,0.014028056112224449,0.01
F4,N1,CORR,2,0.7,0.2,20000,0.6378297989943458,0.22660766992691309,0.200385985985986,0.008643652059554969,-6.106490160961743e-05,0.008064516129032258,0.0,0.01
F4,N1,CORR,2,0.5,0.2,500,0.6140240559515852,0.21906481964639404,0.2003135135135135,0.008711943695687984,0.00024423106352431897,0.008608608608608608,0.012012012012012012,0.01
F4,N1,CORR,2,0.5,0.2,2000,0.6140240559515852,0.21906481964639404,0.2003135135135135,0.008711943695687984,0.00024423106352431897,0.009615384615384616,0.00641025641025641,0.01
F4,N1,CORR,2,0.5,0.2,5000,0.6140240559515852,0.21906481964639404,0.2003135135135135,0.008711943695687984,0.00024423106352431897,0.014028056112224449,0.004008016032064128,0.01
F4,N1,CORR,2,0.5,0.2,20000,0.6140240559515852,0.21906481964639404,0.2003135135135135,0.008711943695687984,0.00024423106352431897,0.016129032258064516,0.0,0.01
F4,N1,CORR,2,0.3,0.2,500,0.5760385055716994,0.20573786699640345,0.199011011011011,0.008570833661489096,-0.00013123863341070992,0.007007007007007007,0.00940940940940941,0.01
F4,N1,CORR,2,0.3,0.2,2000,0.5760385055716994,0.20573786699640345,0.199011011011011,0.008570833661489096,-0.00013123863341070992,0.013621794871794872,0.004807692307692308,0.01
F4,N1,CORR,2,0.3,0.2,5000,0.5760385055716994,0.20573786699640345,0.199011011011011,0.008570833661489096,-0.00013123863341070992,0.01603206412825651,0.01002004008016032,0.01
F4,N1,CORR,2,0.3,0.2,20000,0.5760385055716994,0.20573786699640345,0.199011011011011,0.008570833661489096,-0.00013123863341070992,0.024193548387096774,0.016129032258064516,0.01
F4,N1,CORR,2,0.15,0.2,500,0.5446845657278699,0.19469423389562576,0.1998262262262262,0.008929379810039918,-0.00033760003864877805,0.00980980980980981,0.009009009009009009,0.01
F4,N1,CORR,2,0.15,0.2,2000,0.5446845657278699,0.19469423389562576,0.1998262262262262,0.008929379810039918,-0.00033760003864877805,0.009615384615384616,0.008814102564102564,0.01
F4,N1,CORR,2,0.15,0.2,5000,0.5446845657278699,0.19469423389562576,0.1998262262262262,0.008929379810039918,-0.00033760003864877805,0.01603206412825651,0.01002004008016032,0.01
F4,N1,CORR,2,0.15,0.2,20000,0.5446845657278699,0.19469423389562576,0.1998262262262262,0.008929379810039918,-0.00033760003864877805,0.024193548387096774,0.024193548387096774,0.01
F4,N1,CORR,2,0.0,0.2,500,0.5119978623767615,0.18300577624833048,0.2005193193193193,0.008921179457400195,-0.00021146958886801126,0.01001001001001001,0.00980980980980981,0.01
F4,N1,CORR,2,0.0,0.2,2000,0.5119978623767615,0.18300577624833048,0.2005193193193193,0.008921179457400195,-0.00021146958886801126,0.009615384615384616,0.009615384615384616,0.01
F4,N1,CORR,2,0.0,0.2,5000,0.5119978623767615,0.18300577624833048,0.2005193193193193,0.008921179457400195,-0.00021146958886801126,0.01603206412825651,0.006012024048096192,0.01
F4,N1,CORR,2,0.0,0.2,20000,0.5119978623767615,0.18300577624833048,0.2005193193193193,0.008921179457400195,-0.00021146958886801126,0.04032258064516129,0.016129032258064516,0.01
F4,N1,CORR,4,0.7,0.2,500,0.6364677063812783,0.22641169863024804,0.20054734734734733,0.008635522894874913,1.8975836016197622e-05,0.008208208208208207,0.012012012012012012,0.01
F4,N1,CORR,4,0.7,0.2,2000,0.6364677063812783,0.22641169863024804,0.20054734734734733,0.008635522894874913,1.8975836016197622e-05,0.01201923076923077,0.01282051282051282,0.01
F4,N1,CORR,4,0.7,0.2,5000,0.6364677063812783,0.22641169863024804,0.20054734734734733,0.008635522894874913,1.8975836016197622e-05,0.028056112224448898,0.012024048096192385,0.01
F4,N1,CORR,4,0.7,0.2,20000,0.6364677063812783,0.22641169863024804,0.20054734734734733,0.008635522894874913,1.8975836016197622e-05,0.008064516129032258,0.0,0.01
F4,N1,CORR,4,0.5,0.2,500,0.6030283179535187,0.21520528508468065,0.19949749749749748,0.008719911249644063,6.983160072007239e-05,0.007607607607607607,0.013813813813813814,0.01
F4,N1,CORR,4,0.5,0.2,2000,0.6030283179535187,0.21520528508468065,0.19949749749749748,0.008719911249644063,6.983160072007239e-05,0.008814102564102564,0.004807692307692308,0.01
F4,N1,CORR,4,0.5,0.2,5000,0.6030283179535187,0.21520528508468065,0.19949749749749748,0.008719911249644063,6.983160072007239e-05,0.01002004008016032,0.008016032064128256,0.01
F4,N1,CORR,4,0.5,0.2,20000,0.6030283179535187,0.21520528508468065,0.19949749749749748,0.008719911249644063,6.983160072007239e-05,0.016129032258064516,0.008064516129032258,0.01
F4,N1,CORR,4,0.3,0.2,500,0.5444467053848449,0.1945031724416659,0.19983903903903905,0.008733125388045168,0.0004204644277050198,0.00940940940940941,0.010810810810810811,0.01
F4,N1,CORR,4,0.3,0.2,2000,0.5444467053848449,0.1945031724416659,0.19983903903903905,0.008733125388045168,0.0004204644277050198,0.01201923076923077,0.00641025641025641,0.01
F4,N1,CORR,4,0.3,0.2,5000,0.5444467053848449,0.1945031724416659,0.19983903903903905,0.008733125388045168,0.0004204644277050198,0.02404809619238477,0.01002004008016032,0.01
F4,N1,CORR,4,0.3,0.2,20000,0.5444467053848449,0.1945031724416659,0.19983903903903905,0.008733125388045168,0.0004204644277050198,0.016129032258064516,0.016129032258064516,0.01
F4,N1,CORR,4,0.15,0.2,500,0.48141543149167093,0.17162704261654646,0.20105505505505508,0.008475432035004272,-3.9312408634614264e-05,0.00880880880880881,0.01061061061061061,0.01
F4,N1,CORR,4,0.15,0.2,2000,0.48141543149167093,0.17162704261654646,0.20105505505505508,0.008475432035004272,-3.9312408634614264e-05,0.014423076923076924,0.010416666666666666,0.01
F4,N1,CORR,4,0.15,0.2,5000,0.48141543149167093,0.17162704261654646,0.20105505505505508,0.008475432035004272,-3.9312408634614264e-05,0.018036072144288578,0.006012024048096192,0.01
F4,N1,CORR,4,0.15,0.2,20000,0.48141543149167093,0.17162704261654646,0.20105505505505508,0.008475432035004272,-3.9312408634614264e-05,0.024193548387096774,0.008064516129032258,0.01
F4,N1,CORR,4,0.0,0.2,500,0.40582696320899403,0.1443677535495691,0.20180340340340341,0.008554062983763287,0.00029122926650057746,0.00980980980980981,0.00940940940940941,0.01
F4,N1,CORR,4,0.0,0.2,2000,0.40582696320899403,0.1443677535495691,0.20180340340340341,0.008554062983763287,0.00029122926650057746,0.013621794871794872,0.004807692307692308,0.01
F4,N1,CORR,4,0.0,0.2,5000,0.40582696320899403,0.1443677535495691,0.20180340340340341,0.008554062983763287,0.00029122926650057746,0.01002004008016032,0.002004008016032064,0.01
F4,N1,CORR,4,0.0,0.2,20000,0.40582696320899403,0.1443677535495691,0.20180340340340341,0.008554062983763287,0.00029122926650057746,0.008064516129032258,0.008064516129032258,0.01
F4,N1,CORR,6,0.7,0.2,500,0.636375285416787,0.22637478490322466,0.20051931931931935,0.008666258273444121,1.8994219268075872e-05,0.008408408408408409,0.011811811811811812,0.01
F4,N1,CORR,6,0.7,0.2,2000,0.636375285416787,0.22637478490322466,0.20051931931931935,0.008666258273444121,1.8994219268075872e-05,0.01201923076923077,0.01201923076923077,0.01
F4,N1,CORR,6,0.7,0.2,5000,0.636375285416787,0.22637478490322466,0.20051931931931935,0.008666258273444121,1.8994219268075872e-05,0.03006012024048096,0.012024048096192385,0.01
F4,N1,CORR,6,0.7,0.2,20000,0.636375285416787,0.22637478490322466,0.20051931931931935,0.008666258273444121,1.8994219268075872e-05,0.008064516129032258,0.0,0.01
F4,N1,CORR,6,0.5,0.2,500,0.6021775550379631,0.21482094071106192,0.19950790790790796,0.008591088525307614,-0.00016031004334887965,0.006206206206206206,0.012812812812812813,0.01
F4,N1,CORR,6,0.5,0.2,2000,0.6021775550379631,0.21482094071106192,0.19950790790790796,0.008591088525307614,-0.00016031004334887965,0.009615384615384616,0.007211538461538462,0.01
F4,N1,CORR,6,0.5,0.2,5000,0.6021775550379631,0.21482094071106192,0.19950790790790796,0.008591088525307614,-0.00016031004334887965,0.012024048096192385,0.008016032064128256,0.01
F4,N1,CORR,6,0.5,0.2,20000,0.6021775550379631,0.21482094071106192,0.19950790790790796,0.008591088525307614,-0.00016031004334887965,0.008064516129032258,0.008064516129032258,0.01
F4,N1,CORR,6,0.3,0.2,500,0.5380818226423082,0.192158731893425,0.20019939939939946,0.008636555353449293,0.00013355167032371465,0.009009009009009009,0.01041041041041041,0.01
F4,N1,CORR,6,0.3,0.2,2000,0.5380818226423082,0.192158731893425,0.20019939939939946,0.008636555353449293,0.00013355167032371465,0.01201923076923077,0.009615384615384616,0.01
F4,N1,CORR,6,0.3,0.2,5000,0.5380818226423082,0.192158731893425,0.20019939939939946,0.008636555353449293,0.00013355167032371465,0.012024048096192385,0.006012024048096192,0.01
F4,N1,CORR,6,0.3,0.2,20000,0.5380818226423082,0.192158731893425,0.20019939939939946,0.008636555353449293,0.00013355167032371465,0.016129032258064516,0.016129032258064516,0.01
F4,N1,CORR,6,0.15,0.2,500,0.4587321933241402,0.16327897562805568,0.2003355355355355,0.008288685726851699,-0.0004378911411574786,0.011011011011011011,0.011411411411411412,0.01
F4,N1,CORR,6,0.15,0.2,2000,0.4587321933241402,0.16327897562805568,0.2003355355355355,0.008288685726851699,-0.0004378911411574786,0.00641025641025641,0.007211538461538462,0.01
F4,N1,CORR,6,0.15,0.2,5000,0.4587321933241402,0.16327897562805568,0.2003355355355355,0.008288685726851699,-0.0004378911411574786,0.01002004008016032,0.004008016032064128,0.01
F4,N1,CORR,6,0.15,0.2,20000,0.4587321933241402,0.16327897562805568,0.2003355355355355,0.008288685726851699,-0.0004378911411574786,0.016129032258064516,0.016129032258064516,0.01
F4,N1,CORR,6,0.0,0.2,500,0.3579542017816707,0.1269062113552684,0.2019083083083083,0.008761002150161547,9.024346960777706e-05,0.009209209209209208,0.012012012012012012,0.01
F4,N1,CORR,6,0.0,0.2,2000,0.3579542017816707,0.1269062113552684,0.2019083083083083,0.008761002150161547,9.024346960777706e-05,0.009615384615384616,0.010416666666666666,0.01
F4,N1,CORR,6,0.0,0.2,5000,0.3579542017816707,0.1269062113552684,0.2019083083083083,0.008761002150161547,9.024346960777706e-05,0.006012024048096192,0.006012024048096192,0.01
F4,N1,CORR,6,0.0,0.2,20000,0.3579542017816707,0.1269062113552684,0.2019083083083083,0.008761002150161547,9.024346960777706e-05,0.016129032258064516,0.008064516129032258,0.01
F4,N1,CORR,10,0.7,0.2,500,0.6363828224258604,0.22638021603906566,0.20052492492492494,0.008660249980844038,1.963098637123198e-05,0.008408408408408409,0.011811811811811812,0.01
F4,N1,CORR,10,0.7,0.2,2000,0.6363828224258604,0.22638021603906566,0.20052492492492494,0.008660249980844038,1.963098637123198e-05,0.01201923076923077,0.01201923076923077,0.01
F4,N1,CORR,10,0.7,0.2,5000,0.6363828224258604,0.22638021603906566,0.20052492492492494,0.008660249980844038,1.963098637123198e-05,0.03006012024048096,0.012024048096192385,0.01
F4,N1,CORR,10,0.7,0.2,20000,0.6363828224258604,0.22638021603906566,0.20052492492492494,0.008660249980844038,1.963098637123198e-05,0.008064516129032258,0.0,0.01
F4,N1,CORR,10,0.5,0.2,500,0.6021784754123016,0.21481014395283407,0.19956356356356353,0.008604306337298851,-0.00011731135888250435,0.006206206206206206,0.012612612612612612,0.01
F4,N1,CORR,10,0.5,0.2,2000,0.6021784754123016,0.21481014395283407,0.19956356356356353,0.008604306337298851,-0.00011731135888250435,0.009615384615384616,0.00641025641025641,0.01
F4,N1,CORR,10,0.5,0.2,5000,0.6021784754123016,0.21481014395283407,0.19956356356356353,0.008604306337298851,-0.00011731135888250435,0.014028056112224449,0.006012024048096192,0.01
F4,N1,CORR,10,0.5,0.2,20000,0.6021784754123016,0.21481014395283407,0.19956356356356353,0.008604306337298851,-0.00011731135888250435,0.008064516129032258,0.008064516129032258,0.01
F4,N1,CORR,10,0.3,0.2,500,0.5356560070446995,0.19134250780163523,0.20002002002002,0.008520547015325066,0.00022266234864155594,0.009209209209209208,0.010810810810810811,0.01
F4,N1,CORR,10,0.3,0.2,2000,0.5356560070446995,0.19134250780163523,0.20002002002002,0.008520547015325066,0.00022266234864155594,0.01201923076923077,0.008814102564102564,0.01
F4,N1,CORR,10,0.3,0.2,5000,0.5356560070446995,0.19134250780163523,0.20002002002002,0.008520547015325066,0.00022266234864155594,0.01002004008016032,0.01002004008016032,0.01
F4,N1,CORR,10,0.3,0.2,20000,0.5356560070446995,0.19134250780163523,0.20002002002002,0.008520547015325066,0.00022266234864155594,0.008064516129032258,0.008064516129032258,0.01
F4,N1,CORR,10,0.15,0.2,500,0.4427538870660522,0.15703096204617345,0.19870150150150148,0.007923570930849387,-0.00015241363363221368,0.011611611611611611,0.01061061061061061,0.01
F4,N1,CORR,10,0.15,0.2,2000,0.4427538870660522,0.15703096204617345,0.19870150150150148,0.007923570930849387,-0.00015241363363221368,0.010416666666666666,0.00641025641025641,0.01
F4,N1,CORR,10,0.15,0.2,5000,0.4427538870660522,0.15703096204617345,0.19870150150150148,0.007923570930849387,-0.00015241363363221368,0.012024048096192385,0.01002004008016032,0.01
F4,N1,CORR,10,0.15,0.2,20000,0.4427538870660522,0.15703096204617345,0.19870150150150148,0.007923570930849387,-0.00015241363363221368,0.016129032258064516,0.008064516129032258,0.01
F4,N1,CORR,10,0.0,0.2,500,0.3064606304107413,0.10849038648913306,0.19846966966966967,0.00885128287236948,-0.00012676574454085574,0.01001001001001001,0.013613613613613613,0.01
F4,N1,CORR,10,0.0,0.2,2000,0.3064606304107413,0.10849038648913306,0.19846966966966967,0.00885128287236948,-0.00012676574454085574,0.01282051282051282,0.022435897435897436,0.01
F4,N1,CORR,10,0.0,0.2,5000,0.3064606304107413,0.10849038648913306,0.19846966966966967,0.00885128287236948,-0.00012676574454085574,0.014028056112224449,0.014028056112224449,0.01
F4,N1,CORR,10,0.0,0.2,20000,0.3064606304107413,0.10849038648913306,0.19846966966966967,0.00885128287236948,-0.00012676574454085574,0.008064516129032258,0.0,0.01
F4,N1,CORR,20,0.7,0.2,500,0.6363828224258604,0.22638021603906566,0.20052492492492494,0.008660249980844038,1.963098637123198e-05,0.008408408408408409,0.011811811811811812,0.01
F4,N1,CORR,20,0.7,0.2,2000,0.6363828224258604,0.22638021603906566,0.20052492492492494,0.008660249980844038,1.963098637123198e-05,0.01201923076923077,0.01201923076923077,0.01
F4,N1,CORR,20,0.7,0.2,5000,0.6363828224258604,0.22638021603906566,0.20052492492492494,0.008660249980844038,1.963098637123198e-05,0.03006012024048096,0.012024048096192385,0.01
F4,N1,CORR,20,0.7,0.2,20000,0.6363828224258604,0.22638021603906566,0.20052492492492494,0.008660249980844038,1.963098637123198e-05,0.008064516129032258,0.0,0.01
F4,N1,CORR,20,0.5,0.2,500,0.6021814409250505,0.2148104997944483,0.19956636636636632,0.008605920850042465,-0.00011309762708349325,0.006206206206206206,0.012612612612612612,0.01
F4,N1,CORR,20,0.5,0.2,2000,0.6021814409250505,0.2148104997944483,0.19956636636636632,0.008605920850042465,-0.00011309762708349325,0.009615384615384616,0.00641025641025641,0.01
F4,N1,CORR,20,0.5,0.2,5000,0.6021814409250505,0.2148104997944483,0.19956636636636632,0.008605920850042465,-0.00011309762708349325,0.014028056112224449,0.006012024048096192,0.01
F4,N1,CORR,20,0.5,0.2,20000,0.6021814409250505,0.2148104997944483,0.19956636636636632,0.008605920850042465,-0.00011309762708349325,0.008064516129032258,0.008064516129032258,0.01
F4,N1,CORR,20,0.3,0.2,500,0.5351989798870775,0.1911528221610107,0.19983503503503502,0.008569438166624534,0.00013223434611726919,0.009209209209209208,0.01121121121121121,0.01
F4,N1,CORR,20,0.3,0.2,2000,0.5351989798870775,0.1911528221610107,0.19983503503503502,0.008569438166624534,0.00013223434611726919,0.01201923076923077,0.008012820512820512,0.01
F4,N1,CORR,20,0.3,0.2,5000,0.5351989798870775,0.1911528221610107,0.19983503503503502,0.008569438166624534,0.00013223434611726919,0.008016032064128256,0.008016032064128256,0.01
F4,N1,CORR,20,0.3,0.2,20000,0.5351989798870775,0.1911528221610107,0.19983503503503502,0.008569438166624534,0.00013223434611726919,0.008064516129032258,0.008064516129032258,0.01
F4,N1,CORR,20,0.15,0.2,500,0.43847707180821954,0.1555914085657643,0.19868668668668668,0.007842729842204854,0.00013414195504261932,0.01061061061061061,0.01041041041041041,0.01
F4,N1,CORR,20,0.15,0.2,2000,0.43847707180821954,0.1555914085657643,0.19868668668668668,0.007842729842204854,0.00013414195504261932,0.010416666666666666,0.005608974358974359,0.01
F4,N1,CORR,20,0.15,0.2,5000,0.43847707180821954,0.1555914085657643,0.19868668668668668,0.007842729842204854,0.00013414195504261932,0.012024048096192385,0.006012024048096192,0.01
F4,N1,CORR,20,0.15,0.2,20000,0.43847707180821954,0.1555914085657643,0.19868668668668668,0.007842729842204854,0.00013414195504261932,0.016129032258064516,0.008064516129032258,0.01
F4,N1,CORR,20,0.0,0.2,500,0.26736022253246366,0.09480559496656643,0.20222862862862864,0.0085508409525252,0.0005124540435350734,0.009009009009009009,0.012012012012012012,0.01
F4,N1,CORR,20,0.0,0.2,2000,0.26736022253246366,0.09480559496656643,0.20222862862862864,0.0085508409525252,0.0005124540435350734,0.009615384615384616,0.010416666666666666,0.01
F4,N1,CORR,20,0.0,0.2,5000,0.26736022253246366,0.09480559496656643,0.20222862862862864,0.0085508409525252,0.0005124540435350734,0.018036072144288578,0.006012024048096192,0.01
F4,N1,CORR,20,0.0,0.2,20000,0.26736022253246366,0.09480559496656643,0.20222862862862864,0.0085508409525252,0.0005124540435350734,0.008064516129032258,0.0,0.01
F4,N1,CORR,50,0.7,0.2,500,0.6363828224258604,0.22638021603906566,0.20052492492492494,0.008660249980844038,1.963098637123198e-05,0.008408408408408409,0.011811811811811812,0.01
F4,N1,CORR,50,0.7,0.2,2000,0.6363828224258604,0.22638021603906566,0.20052492492492494,0.008660249980844038,1.963098637123198e-05,0.01201923076923077,0.01201923076923077,0.01
F4,N1,CORR,50,0.7,0.2,5000,0.6363828224258604,0.22638021603906566,0.20052492492492494,0.008660249980844038,1.963098637123198e-05,0.03006012024048096,0.012024048096192385,0.01
F4,N1,CORR,50,0.7,0.2,20000,0.6363828224258604,0.22638021603906566,0.20052492492492494,0.008660249980844038,1.963098637123198e-05,0.008064516129032258,0.0,0.01
F4,N1,CORR,50,0.5,0.2,500,0.6021814409250505,0.2148104997944483,0.19956636636636632,0.008605920850042465,-0.00011309762708349325,0.006206206206206206,0.012612612612612612,0.01
F4,N1,CORR,50,0.5,0.2,2000,0.6021814409250505,0.2148104997944483,0.19956636636636632,0.008605920850042465,-0.00011309762708349325,0.009615384615384616,0.00641025641025641,0.01
F4,N1,CORR,50,0.5,0.2,5000,0.6021814409250505,0.2148104997944483,0.19956636636636632,0.008605920850042465,-0.00011309762708349325,0.014028056112224449,0.006012024048096192,0.01
F4,N1,CORR,50,0.5,0.2,20000,0.6021814409250505,0.2148104997944483,0.19956636636636632,0.008605920850042465,-0.00011309762708349325,0.008064516129032258,0.008064516129032258,0.01
F4,N1,CORR,50,0.3,0.2,500,0.5351989798870775,0.1911528221610107,0.19983503503503502,0.008569438166624534,0.00013223434611726919,0.009209209209209208,0.01121121121121121,0.01
F4,N1,CORR,50,0.3,0.2,2000,0.5351989798870775,0.1911528221610107,0.19983503503503502,0.008569438166624534,0.00013223434611726919,0.01201923076923077,0.008012820512820512,0.01
F4,N1,CORR,50,0.3,0.2,5000,0.5351989798870775,0.1911528221610107,0.19983503503503502,0.008569438166624534,0.00013223434611726919,0.008016032064128256,0.008016032064128256,0.01
F4,N1,CORR,50,0.3,0.2,20000,0.5351989798870775,0.1911528221610107,0.19983503503503502,0.008569438166624534,0.00013223434611726919,0.008064516129032258,0.008064516129032258,0.01
F4,N1,CORR,50,0.15,0.2,500,0.4383799818622727,0.15553532575113915,0.1987227227227227,0.007835960466206104,0.00018487945418500196,0.01061061061061061,0.010810810810810811,0.01
F4,N1,CORR,50,0.15,0.2,2000,0.4383799818622727,0.15553532575113915,0.1987227227227227,0.007835960466206104,0.00018487945418500196,0.010416666666666666,0.00641025641025641,0.01
F4,N1,CORR,50,0.15,0.2,5000,0.4383799818622727,0.15553532575113915,0.1987227227227227,0.007835960466206104,0.00018487945418500196,0.012024048096192385,0.006012024048096192,0.01
F4,N1,CORR,50,0.15,0.2,20000,0.4383799818622727,0.15553532575113915,0.1987227227227227,0.007835960466206104,0.00018487945418500196,0.016129032258064516,0.008064516129032258,0.01
F4,N1,CORR,50,0.0,0.2,500,0.2361640859380923,0.08385908538556812,0.20455735735735736,0.008520112067683694,0.000372176722875908,0.00980980980980981,0.012612612612612612,0.01
F4,N1,CORR,50,0.0,0.2,2000,0.2361640859380923,0.08385908538556812,0.20455735735735736,0.008520112067683694,0.000372176722875908,0.009615384615384616,0.011217948717948718,0.01
F4,N1,CORR,50,0.0,0.2,5000,0.2361640859380923,0.08385908538556812,0.20455735735735736,0.008520112067683694,0.000372176722875908,0.01603206412825651,0.012024048096192385,0.01
F4,N1,CORR,50,0.0,0.2,20000,0.2361640859380923,0.08385908538556812,0.20455735735735736,0.008520112067683694,0.000372176722875908,0.008064516129032258,0.008064516129032258,0.01
F4,N1,MEMLESS,1,1.0,0.3,500,0.7829769040081347,0.2776185512314613,0.3001353353353353,0.008733767140709288,-4.98185472493094e-05,0.011411411411411412,0.011411411411411412,0.01
F4,N1,MEMLESS,1,1.0,0.3,2000,0.7829769040081347,0.2776185512314613,0.3001353353353353,0.008733767140709288,-4.98185472493094e-05,0.010416666666666666,0.007211538461538462,0.01
F4,N1,MEMLESS,1,1.0,0.3,5000,0.7829769040081347,0.2776185512314613,0.3001353353353353,0.008733767140709288,-4.98185472493094e-05,0.02004008016032064,0.006012024048096192,0.01
F4,N1,MEMLESS,1,1.0,0.3,20000,0.7829769040081347,0.2776185512314613,0.3001353353353353,0.008733767140709288,-4.98185472493094e-05,0.008064516129032258,0.0,0.01
F4,N1,CORR,2,0.7,0.3,500,0.7721386142994394,0.27477275230932113,0.30043323323323323,0.0083033068700324,0.00011788419931682471,0.009009009009009009,0.011611611611611611,0.01
F4,N1,CORR,2,0.7,0.3,2000,0.7721386142994394,0.27477275230932113,0.30043323323323323,0.0083033068700324,0.00011788419931682471,0.008814102564102564,0.009615384615384616,0.01
F4,N1,CORR,2,0.7,0.3,5000,0.7721386142994394,0.27477275230932113,0.30043323323323323,0.0083033068700324,0.00011788419931682471,0.022044088176352707,0.008016032064128256,0.01
F4,N1,CORR,2,0.7,0.3,20000,0.7721386142994394,0.27477275230932113,0.30043323323323323,0.0083033068700324,0.00011788419931682471,0.0,0.0,0.01
F4,N1,CORR,2,0.5,0.3,500,0.750244721957045,0.2670761593367166,0.30038558558558554,0.008560343283279561,0.0002508393847804574,0.007007007007007007,0.013613613613613613,0.01
F4,N1,CORR,2,0.5,0.3,2000,0.750244721957045,0.2670761593367166,0.30038558558558554,0.008560343283279561,0.0002508393847804574,0.008012820512820512,0.010416666666666666,0.01
F4,N1,CORR,2,0.5,0.3,5000,0.750244721957045,0.2670761593367166,0.30038558558558554,0.008560343283279561,0.0002508393847804574,0.014028056112224449,0.006012024048096192,0.01
F4,N1,CORR,2,0.5,0.3,20000,0.750244721957045,0.2670761593367166,0.30038558558558554,0.008560343283279561,0.0002508393847804574,0.0,0.0,0.01
F4,N1,CORR,2,0.3,0.3,500,0.7162415819524081,0.255056253284216,0.29992112112112107,0.00868983935853144,-0.00010027591319679826,0.007007007007007007,0.012412412412412413,0.01
F4,N1,CORR,2,0.3,0.3,2000,0.7162415819524081,0.255056253284216,0.29992112112112107,0.00868983935853144,-0.00010027591319679826,0.004006410256410256,0.009615384615384616,0.01
F4,N1,CORR,2,0.3,0.3,5000,0.7162415819524081,0.255056253284216,0.29992112112112107,0.00868983935853144,-0.00010027591319679826,0.018036072144288578,0.008016032064128256,0.01
F4,N1,CORR,2,0.3,0.3,20000,0.7162415819524081,0.255056253284216,0.29992112112112107,0.00868983935853144,-0.00010027591319679826,0.008064516129032258,0.0,0.01
F4,N1,CORR,2,0.15,0.3,500,0.6848583139750204,0.24389712852576773,0.2999027027027027,0.008579962798553924,0.00015514625310254667,0.010810810810810811,0.012212212212212211,0.01
F4,N1,CORR,2,0.15,0.3,2000,0.6848583139750204,0.24389712852576773,0.2999027027027027,0.008579962798553924,0.00015514625310254667,0.008012820512820512,0.007211538461538462,0.01
F4,N1,CORR,2,0.15,0.3,5000,0.6848583139750204,0.24389712852576773,0.2999027027027027,0.008579962798553924,0.00015514625310254667,0.014028056112224449,0.004008016032064128,0.01
F4,N1,CORR,2,0.15,0.3,20000,0.6848583139750204,0.24389712852576773,0.2999027027027027,0.008579962798553924,0.00015514625310254667,0.008064516129032258,0.0,0.01
F4,N1,CORR,2,0.0,0.3,500,0.6524679659621192,0.23266310880816307,0.3006878878878879,0.008514933049926352,0.0002095515976933783,0.00880880880880881,0.012412412412412413,0.01
F4,N1,CORR,2,0.0,0.3,2000,0.6524679659621192,0.23266310880816307,0.3006878878878879,0.008514933049926352,0.0002095515976933783,0.008814102564102564,0.009615384615384616,0.01
F4,N1,CORR,2,0.0,0.3,5000,0.6524679659621192,0.23266310880816307,0.3006878878878879,0.008514933049926352,0.0002095515976933783,0.02004008016032064,0.002004008016032064,0.01
F4,N1,CORR,2,0.0,0.3,20000,0.6524679659621192,0.23266310880816307,0.3006878878878879,0.008514933049926352,0.0002095515976933783,0.024193548387096774,0.0,0.01
F4,N1,CORR,4,0.7,0.3,500,0.7709485961510627,0.2740969306363463,0.3006318318318318,0.008407987905476947,-4.981984355109003e-05,0.00960960960960961,0.011011011011011011,0.01
F4,N1,CORR,4,0.7,0.3,2000,0.7709485961510627,0.2740969306363463,0.3006318318318318,0.008407987905476947,-4.981984355109003e-05,0.007211538461538462,0.007211538461538462,0.01
F4,N1,CORR,4,0.7,0.3,5000,0.7709485961510627,0.2740969306363463,0.3006318318318318,0.008407987905476947,-4.981984355109003e-05,0.012024048096192385,0.006012024048096192,0.01
F4,N1,CORR,4,0.7,0.3,20000,0.7709485961510627,0.2740969306363463,0.3006318318318318,0.008407987905476947,-4.981984355109003e-05,0.008064516129032258,0.0,0.01
F4,N1,CORR,4,0.5,0.3,500,0.7412579075983711,0.2637594203791895,0.3001401401401401,0.008090970009931534,-8.874661508439258e-05,0.007807807807807808,0.011011011011011011,0.01
F4,N1,CORR,4,0.5,0.3,2000,0.7412579075983711,0.2637594203791895,0.3001401401401401,0.008090970009931534,-8.874661508439258e-05,0.00641025641025641,0.008814102564102564,0.01
F4,N1,CORR,4,0.5,0.3,5000,0.7412579075983711,0.2637594203791895,0.3001401401401401,0.008090970009931534,-8.874661508439258e-05,0.006012024048096192,0.014028056112224449,0.01
F4,N1,CORR,4,0.5,0.3,20000,0.7412579075983711,0.2637594203791895,0.3001401401401401,0.008090970009931534,-8.874661508439258e-05,0.008064516129032258,0.0,0.01
F4,N1,CORR,4,0.3,0.3,500,0.6853461986439133,0.24434259663335514,0.3004152152152152,0.00872864180979082,-4.763968494387771e-05,0.008208208208208207,0.00980980980980981,0.01
F4,N1,CORR,4,0.3,0.3,2000,0.6853461986439133,0.24434259663335514,0.3004152152152152,0.00872864180979082,-4.763968494387771e-05,0.008012820512820512,0.008814102564102564,0.01
F4,N1,CORR,4,0.3,0.3,5000,0.6853461986439133,0.24434259663335514,0.3004152152152152,0.00872864180979082,-4.763968494387771e-05,0.01603206412825651,0.01603206412825651,0.01
F4,N1,CORR,4,0.3,0.3,20000,0.6853461986439133,0.24434259663335514,0.3004152152152152,0.00872864180979082,-4.763968494387771e-05,0.008064516129032258,0.008064516129032258,0.01
F4,N1,CORR,4,0.15,0.3,500,0.6191617753009078,0.22099553047338058,0.29955435435435435,0.00901325019782565,1.59741706058861e-05,0.00940940940940941,0.01001001001001001,0.01
F4,N1,CORR,4,0.15,0.3,2000,0.6191617753009078,0.22099553047338058,0.29955435435435435,0.00901325019782565,1.59741706058861e-05,0.008012820512820512,0.008012820512820512,0.01
F4,N1,CORR,4,0.15,0.3,5000,0.6191617753009078,0.22099553047338058,0.29955435435435435,0.00901325019782565,1.59741706058861e-05,0.01603206412825651,0.014028056112224449,0.01
F4,N1,CORR,4,0.15,0.3,20000,0.6191617753009078,0.22099553047338058,0.29955435435435435,0.00901325019782565,1.59741706058861e-05,0.024193548387096774,0.016129032258064516,0.01
F4,N1,CORR,4,0.0,0.3,500,0.5399026369786303,0.19243830107058868,0.3011515515515516,0.008283573592591843,6.805099736378095e-05,0.01001001001001001,0.01041041041041041,0.01
F4,N1,CORR,4,0.0,0.3,2000,0.5399026369786303,0.19243830107058868,0.3011515515515516,0.008283573592591843,6.805099736378095e-05,0.011217948717948718,0.01201923076923077,0.01
F4,N1,CORR,4,0.0,0.3,5000,0.5399026369786303,0.19243830107058868,0.3011515515515516,0.008283573592591843,6.805099736378095e-05,0.01603206412825651,0.01002004008016032,0.01
F4,N1,CORR,4,0.0,0.3,20000,0.5399026369786303,0.19243830107058868,0.3011515515515516,0.008283573592591843,6.805099736378095e-05,0.016129032258064516,0.0,0.01
F4,N1,CORR,6,0.7,0.3,500,0.770846580066152,0.2740788712294043,0.30056856856856856,0.008428686212550558,-7.738678000427153e-05,0.01001001001001001,0.011011011011011011,0.01
F4,N1,CORR,6,0.7,0.3,2000,0.770846580066152,0.2740788712294043,0.30056856856856856,0.008428686212550558,-7.738678000427153e-05,0.007211538461538462,0.009615384615384616,0.01
F4,N1,CORR,6,0.7,0.3,5000,0.770846580066152,0.2740788712294043,0.30056856856856856,0.008428686212550558,-7.738678000427153e-05,0.012024048096192385,0.004008016032064128,0.01
F4,N1,CORR,6,0.7,0.3,20000,0.770846580066152,0.2740788712294043,0.30056856856856856,0.008428686212550558,-7.738678000427153e-05,0.008064516129032258,0.0,0.01
F4,N1,CORR,6,0.5,0.3,500,0.7407736155305568,0.2633935199059363,0.30042482482482485,0.008174392817923697,-8.901441481852388e-05,0.009209209209209208,0.013413413413413414,0.01
F4,N1,CORR,6,0.5,0.3,2000,0.7407736155305568,0.2633935199059363,0.30042482482482485,0.008174392817923697,-8.901441481852388e-05,0.00641025641025641,0.011217948717948718,0.01
F4,N1,CORR,6,0.5,0.3,5000,0.7407736155305568,0.2633935199059363,0.30042482482482485,0.008174392817923697,-8.901441481852388e-05,0.006012024048096192,0.014028056112224449,0.01
F4,N1,CORR,6,0.5,0.3,20000,0.7407736155305568,0.2633935199059363,0.30042482482482485,0.008174392817923697,-8.901441481852388e-05,0.008064516129032258,0.0,0.01
F4,N1,CORR,6,0.3,0.3,500,0.678572379269404,0.24201943300623135,0.3003119119119119,0.008648215210874596,0.00014002551294017482,0.007607607607607607,0.013413413413413414,0.01
F4,N1,CORR,6,0.3,0.3,2000,0.678572379269404,0.24201943300623135,0.3003119119119119,0.008648215210874596,0.00014002551294017482,0.008814102564102564,0.007211538461538462,0.01
F4,N1,CORR,6,0.3,0.3,5000,0.678572379269404,0.24201943300623135,0.3003119119119119,0.008648215210874596,0.00014002551294017482,0.018036072144288578,0.012024048096192385,0.01
F4,N1,CORR,6,0.3,0.3,20000,0.678572379269404,0.24201943300623135,0.3003119119119119,0.008648215210874596,0.00014002551294017482,0.016129032258064516,0.008064516129032258,0.01
F4,N1,CORR,6,0.15,0.3,500,0.5987949714829375,0.21412445312223405,0.3008788788788789,0.009035052604744478,0.00017028283808888172,0.008408408408408409,0.010810810810810811,0.01
F4,N1,CORR,6,0.15,0.3,2000,0.5987949714829375,0.21412445312223405,0.3008788788788789,0.009035052604744478,0.00017028283808888172,0.009615384615384616,0.008012820512820512,0.01
F4,N1,CORR,6,0.15,0.3,5000,0.5987949714829375,0.21412445312223405,0.3008788788788789,0.009035052604744478,0.00017028283808888172,0.01002004008016032,0.006012024048096192,0.01
F4,N1,CORR,6,0.15,0.3,20000,0.5987949714829375,0.21412445312223405,0.3008788788788789,0.009035052604744478,0.00017028283808888172,0.024193548387096774,0.0,0.01
F4,N1,CORR,6,0.0,0.3,500,0.4865205896180502,0.1732338530144869,0.3010622622622623,0.008362692756253582,0.00011309481949923349,0.01021021021021021,0.013813813813813814,0.01
F4,N1,CORR,6,0.0,0.3,2000,0.4865205896180502,0.1732338530144869,0.3010622622622623,0.008362692756253582,0.00011309481949923349,0.010416666666666666,0.009615384615384616,0.01
F4,N1,CORR,6,0.0,0.3,5000,0.4865205896180502,0.1732338530144869,0.3010622622622623,0.008362692756253582,0.00011309481949923349,0.014028056112224449,0.008016032064128256,0.01
F4,N1,CORR,6,0.0,0.3,20000,0.4865205896180502,0.1732338530144869,0.3010622622622623,0.008362692756253582,0.00011309481949923349,0.0,0.0,0.01
F4,N1,CORR,10,0.7,0.3,500,0.7708494058765409,0.27408080966991843,0.30057177177177175,0.00842758292679726,-8.100694984207606e-05,0.01001001001001001,0.011011011011011011,0.01
F4,N1,CORR,10,0.7,0.3,2000,0.7708494058765409,0.27408080966991843,0.30057177177177175,0.00842758292679726,-8.100694984207606e-05,0.007211538461538462,0.009615384615384616,0.01
F4,N1,CORR,10,0.7,0.3,5000,0.7708494058765409,0.27408080966991843,0.30057177177177175,0.00842758292679726,-8.100694984207606e-05,0.012024048096192385,0.004008016032064128,0.01
F4,N1,CORR,10,0.7,0.3,20000,0.7708494058765409,0.27408080966991843,0.30057177177177175,0.00842758292679726,-8.100694984207606e-05,0.008064516129032258,0.0,0.01
F4,N1,CORR,10,0.5,0.3,500,0.7406687308653318,0.26338336613210866,0.3004104104104104,0.008183762931533401,-0.00011475778557225556,0.009009009009009009,0.013213213213213212,0.01
F4,N1,CORR,10,0.5,0.3,2000,0.7406687308653318,0.26338336613210866,0.3004104104104104,0.008183762931533401,-0.00011475778557225556,0.005608974358974359,0.010416666666666666,0.01
F4,N1,CORR,10,0.5,0.3,5000,0.7406687308653318,0.26338336613210866,0.3004104104104104,0.008183762931533401,-0.00011475778557225556,0.004008016032064128,0.014028056112224449,0.01
F4,N1,CORR,10,0.5,0.3,20000,0.7406687308653318,0.26338336613210866,0.3004104104104104,0.008183762931533401,-0.00011475778557225556,0.008064516129032258,0.0,0.01
F4,N1,CORR,10,0.3,0.3,500,0.6758476769823645,0.24074390951645672,0.29977497497497496,0.008548774847878011,0.00010463913225112861,0.008208208208208207,0.012612612612612612,0.01
F4,N1,CORR,10,0.3,0.3,2000,0.6758476769823645,0.24074390951645672,0.29977497497497496,0.008548774847878011,0.00010463913225112861,0.011217948717948718,0.00641025641025641,0.01
F4,N1,CORR,10,0.3,0.3,5000,0.6758476769823645,0.24074390951645672,0.29977497497497496,0.008548774847878011,0.00010463913225112861,0.02404809619238477,0.014028056112224449,0.01
F4,N1,CORR,10,0.3,0.3,20000,0.6758476769823645,0.24074390951645672,0.29977497497497496,0.008548774847878011,0.00010463913225112861,0.008064516129032258,0.008064516129032258,0.01
F4,N1,CORR,10,0.15,0.3,500,0.5827248093665283,0.20751636200750392,0.29895015015015014,0.008635348327778332,-0.00022808233997545778,0.00880880880880881,0.01061061061061061,0.01
F4,N1,CORR,10,0.15,0.3,2000,0.5827248093665283,0.20751636200750392,0.29895015015015014,0.008635348327778332,-0.00022808233997545778,0.011217948717948718,0.004807692307692308,0.01
F4,N1,CORR,10,0.15,0.3,5000,0.5827248093665283,0.20751636200750392,0.29895015015015014,0.008635348327778332,-0.00022808233997545778,0.01002004008016032,0.002004008016032064,0.01
F4,N1,CORR,10,0.15,0.3,20000,0.5827248093665283,0.20751636200750392,0.29895015015015014,0.008635348327778332,-0.00022808233997545778,0.016129032258064516,0.0,0.01
F4,N1,CORR,10,0.0,0.3,500,0.4342664660190783,0.15402520339947876,0.3019727727727728,0.008455439121723751,-0.00012235297948958395,0.01001001001001001,0.01041041041041041,0.01
F4,N1,CORR,10,0.0,0.3,2000,0.4342664660190783,0.15402520339947876,0.3019727727727728,0.008455439121723751,-0.00012235297948958395,0.010416666666666666,0.016025641025641024,0.01
F4,N1,CORR,10,0.0,0.3,5000,0.4342664660190783,0.15402520339947876,0.3019727727727728,0.008455439121723751,-0.00012235297948958395,0.006012024048096192,0.002004008016032064,0.01
F4,N1,CORR,10,0.0,0.3,20000,0.4342664660190783,0.15402520339947876,0.3019727727727728,0.008455439121723751,-0.00012235297948958395,0.016129032258064516,0.008064516129032258,0.01
F4,N1,CORR,20,0.7,0.3,500,0.7708494058765409,0.27408080966991843,0.30057177177177175,0.00842758292679726,-8.100694984207606e-05,0.01001001001001001,0.011011011011011011,0.01
F4,N1,CORR,20,0.7,0.3,2000,0.7708494058765409,0.27408080966991843,0.30057177177177175,0.00842758292679726,-8.100694984207606e-05,0.007211538461538462,0.009615384615384616,0.01
F4,N1,CORR,20,0.7,0.3,5000,0.7708494058765409,0.27408080966991843,0.30057177177177175,0.00842758292679726,-8.100694984207606e-05,0.012024048096192385,0.004008016032064128,0.01
F4,N1,CORR,20,0.7,0.3,20000,0.7708494058765409,0.27408080966991843,0.30057177177177175,0.00842758292679726,-8.100694984207606e-05,0.008064516129032258,0.0,0.01
F4,N1,CORR,20,0.5,0.3,500,0.7406731626515066,0.26338293371687455,0.3004148148148148,0.008182708244799998,-0.00011466934260266379,0.009009009009009009,0.013213213213213212,0.01
F4,N1,CORR,20,0.5,0.3,2000,0.7406731626515066,0.26338293371687455,0.3004148148148148,0.008182708244799998,-0.00011466934260266379,0.005608974358974359,0.010416666666666666,0.01
F4,N1,CORR,20,0.5,0.3,5000,0.7406731626515066,0.26338293371687455,0.3004148148148148,0.008182708244799998,-0.00011466934260266379,0.004008016032064128,0.014028056112224449,0.01
F4,N1,CORR,20,0.5,0.3,20000,0.7406731626515066,0.26338293371687455,0.3004148148148148,0.008182708244799998,-0.00011466934260266379,0.008064516129032258,0.0,0.01
F4,N1,CORR,20,0.3,0.3,500,0.6755678289735212,0.24065473065954293,0.29964924924924924,0.00853378853807414,0.00010239312684168531,0.008408408408408409,0.012812812812812813,0.01
F4,N1,CORR,20,0.3,0.3,2000,0.6755678289735212,0.24065473065954293,0.29964924924924924,0.00853378853807414,0.00010239312684168531,0.01282051282051282,0.007211538461538462,0.01
F4,N1,CORR,20,0.3,0.3,5000,0.6755678289735212,0.24065473065954293,0.29964924924924924,0.00853378853807414,0.00010239312684168531,0.02004008016032064,0.012024048096192385,0.01
F4,N1,CORR,20,0.3,0.3,20000,0.6755678289735212,0.24065473065954293,0.29964924924924924,0.00853378853807414,0.00010239312684168531,0.008064516129032258,0.008064516129032258,0.01
F4,N1,CORR,20,0.15,0.3,500,0.5793170615888419,0.2061846146830335,0.29961321321321327,0.00859540402977705,-0.00017164822119978163,0.00940940940940941,0.01061061061061061,0.01
F4,N1,CORR,20,0.15,0.3,2000,0.5793170615888419,0.2061846146830335,0.29961321321321327,0.00859540402977705,-0.00017164822119978163,0.01282051282051282,0.00641025641025641,0.01
F4,N1,CORR,20,0.15,0.3,5000,0.5793170615888419,0.2061846146830335,0.29961321321321327,0.00859540402977705,-0.00017164822119978163,0.012024048096192385,0.004008016032064128,0.01
F4,N1,CORR,20,0.15,0.3,20000,0.5793170615888419,0.2061846146830335,0.29961321321321327,0.00859540402977705,-0.00017164822119978163,0.016129032258064516,0.0,0.01
F4,N1,CORR,20,0.0,0.3,500,0.37958988662862525,0.13462710206832817,0.2991807807807808,0.008653734595092184,0.00017521937387770525,0.00940940940940941,0.012612612612612612,0.01
F4,N1,CORR,20,0.0,0.3,2000,0.37958988662862525,0.13462710206832817,0.2991807807807808,0.008653734595092184,0.00017521937387770525,0.01282051282051282,0.005608974358974359,0.01
F4,N1,CORR,20,0.0,0.3,5000,0.37958988662862525,0.13462710206832817,0.2991807807807808,0.008653734595092184,0.00017521937387770525,0.014028056112224449,0.004008016032064128,0.01
F4,N1,CORR,20,0.0,0.3,20000,0.37958988662862525,0.13462710206832817,0.2991807807807808,0.008653734595092184,0.00017521937387770525,0.008064516129032258,0.0,0.01
F4,N1,CORR,50,0.7,0.3,500,0.7708494058765409,0.27408080966991843,0.30057177177177175,0.00842758292679726,-8.100694984207606e-05,0.01001001001001001,0.011011011011011011,0.01
F4,N1,CORR,50,0.7,0.3,2000,0.7708494058765409,0.27408080966991843,0.30057177177177175,0.00842758292679726,-8.100694984207606e-05,0.007211538461538462,0.009615384615384616,0.01
F4,N1,CORR,50,0.7,0.3,5000,0.7708494058765409,0.27408080966991843,0.30057177177177175,0.00842758292679726,-8.100694984207606e-05,0.012024048096192385,0.004008016032064128,0.01
F4,N1,CORR,50,0.7,0.3,20000,0.7708494058765409,0.27408080966991843,0.30057177177177175,0.00842758292679726,-8.100694984207606e-05,0.008064516129032258,0.0,0.01
F4,N1,CORR,50,0.5,0.3,500,0.7406731626515066,0.26338293371687455,0.3004148148148148,0.008182708244799998,-0.00011466934260266379,0.009009009009009009,0.013213213213213212,0.01
F4,N1,CORR,50,0.5,0.3,2000,0.7406731626515066,0.26338293371687455,0.3004148148148148,0.008182708244799998,-0.00011466934260266379,0.005608974358974359,0.010416666666666666,0.01
F4,N1,CORR,50,0.5,0.3,5000,0.7406731626515066,0.26338293371687455,0.3004148148148148,0.008182708244799998,-0.00011466934260266379,0.004008016032064128,0.014028056112224449,0.01
F4,N1,CORR,50,0.5,0.3,20000,0.7406731626515066,0.26338293371687455,0.3004148148148148,0.008182708244799998,-0.00011466934260266379,0.008064516129032258,0.0,0.01
F4,N1,CORR,50,0.3,0.3,500,0.6755678289735212,0.24065473065954293,0.29964924924924924,0.00853378853807414,0.00010239312684168531,0.008408408408408409,0.012812812812812813,0.01
F4,N1,CORR,50,0.3,0.3,2000,0.6755678289735212,0.24065473065954293,0.29964924924924924,0.00853378853807414,0.00010239312684168531,0.01282051282051282,0.007211538461538462,0.01
F4,N1,CORR,50,0.3,0.3,5000,0.6755678289735212,0.24065473065954293,0.29964924924924924,0.00853378853807414,0.00010239312684168531,0.02004008016032064,0.012024048096192385,0.01
F4,N1,CORR,50,0.3,0.3,20000,0.6755678289735212,0.24065473065954293,0.29964924924924924,0.00853378853807414,0.00010239312684168531,0.008064516129032258,0.008064516129032258,0.01
F4,N1,CORR,50,0.15,0.3,500,0.5792631121980556,0.20616835348336549,0.2996856856856857,0.008607630636285508,-0.00019246518045879543,0.00960960960960961,0.01041041041041041,0.01
F4,N1,CORR,50,0.15,0.3,2000,0.5792631121980556,0.20616835348336549,0.2996856856856857,0.008607630636285508,-0.00019246518045879543,0.01201923076923077,0.00641025641025641,0.01
F4,N1,CORR,50,0.15,0.3,5000,0.5792631121980556,0.20616835348336549,0.2996856856856857,0.008607630636285508,-0.00019246518045879543,0.012024048096192385,0.004008016032064128,0.01
F4,N1,CORR,50,0.15,0.3,20000,0.5792631121980556,0.20616835348336549,0.2996856856856857,0.008607630636285508,-0.00019246518045879543,0.016129032258064516,0.0,0.01
F4,N1,CORR,50,0.0,0.3,500,0.3429945341150313,0.12131590888014353,0.30302942942942945,0.008591860832566878,0.00031966348320200866,0.009009009009009009,0.012812812812812813,0.01
F4,N1,CORR,50,0.0,0.3,2000,0.3429945341150313,0.12131590888014353,0.30302942942942945,0.008591860832566878,0.00031966348320200866,0.011217948717948718,0.008012820512820512,0.01
F4,N1,CORR,50,0.0,0.3,5000,0.3429945341150313,0.12131590888014353,0.30302942942942945,0.008591860832566878,0.00031966348320200866,0.012024048096192385,0.01002004008016032,0.01
F4,N1,CORR,50,0.0,0.3,20000,0.3429945341150313,0.12131590888014353,0.30302942942942945,0.008591860832566878,0.00031966348320200866,0.008064516129032258,0.0,0.01
F4,N1,MEMLESS,1,1.0,0.5,500,0.9285522987180768,0.330003766751386,0.5001297297297297,0.00865418548009253,0.00041843300228218037,0.013013013013013013,0.011611611611611611,0.01
F4,N1,MEMLESS,1,1.0,0.5,2000,0.9285522987180768,0.330003766751386,0.5001297297297297,0.00865418548009253,0.00041843300228218037,0.009615384615384616,0.01282051282051282,0.01
F4,N1,MEMLESS,1,1.0,0.5,5000,0.9285522987180768,0.330003766751386,0.5001297297297297,0.00865418548009253,0.00041843300228218037,0.012024048096192385,0.006012024048096192,0.01
F4,N1,MEMLESS,1,1.0,0.5,20000,0.9285522987180768,0.330003766751386,0.5001297297297297,0.00865418548009253,0.00041843300228218037,0.008064516129032258,0.016129032258064516,0.01
F4,N1,CORR,2,0.7,0.5,500,0.9230129895318878,0.32813623488853644,0.5006114114114114,0.008582186069246645,0.0007504482686500052,0.01041041041041041,0.01001001001001001,0.01
F4,N1,CORR,2,0.7,0.5,2000,0.9230129895318878,0.32813623488853644,0.5006114114114114,0.008582186069246645,0.0007504482686500052,0.008012820512820512,0.013621794871794872,0.01
F4,N1,CORR,2,0.7,0.5,5000,0.9230129895318878,0.32813623488853644,0.5006114114114114,0.008582186069246645,0.0007504482686500052,0.018036072144288578,0.008016032064128256,0.01
F4,N1,CORR,2,0.7,0.5,20000,0.9230129895318878,0.32813623488853644,0.5006114114114114,0.008582186069246645,0.0007504482686500052,0.016129032258064516,0.024193548387096774,0.01
F4,N1,CORR,2,0.5,0.5,500,0.9104819595914282,0.3234766073767037,0.5009185185185185,0.0084126260197426,0.0003412005682153213,0.008008008008008008,0.010810810810810811,0.01
F4,N1,CORR,2,0.5,0.5,2000,0.9104819595914282,0.3234766073767037,0.5009185185185185,0.0084126260197426,0.0003412005682153213,0.007211538461538462,0.008012820512820512,0.01
F4,N1,CORR,2,0.5,0.5,5000,0.9104819595914282,0.3234766073767037,0.5009185185185185,0.0084126260197426,0.0003412005682153213,0.012024048096192385,0.01002004008016032,0.01
F4,N1,CORR,2,0.5,0.5,20000,0.9104819595914282,0.3234766073767037,0.5009185185185185,0.0084126260197426,0.0003412005682153213,0.016129032258064516,0.008064516129032258,0.01
F4,N1,CORR,2,0.3,0.5,500,0.8881186663217397,0.315066625890539,0.49992232232232225,0.008207144568636172,0.00018283469321398824,0.00940940940940941,0.01001001001001001,0.01
F4,N1,CORR,2,0.3,0.5,2000,0.8881186663217397,0.315066625890539,0.49992232232232225,0.008207144568636172,0.00018283469321398824,0.008012820512820512,0.007211538461538462,0.01
F4,N1,CORR,2,0.3,0.5,5000,0.8881186663217397,0.315066625890539,0.49992232232232225,0.008207144568636172,0.00018283469321398824,0.012024048096192385,0.012024048096192385,0.01
F4,N1,CORR,2,0.3,0.5,20000,0.8881186663217397,0.315066625890539,0.49992232232232225,0.008207144568636172,0.00018283469321398824,0.024193548387096774,0.008064516129032258,0.01
F4,N1,CORR,2,0.15,0.5,500,0.866172015839833,0.3076726970421039,0.5001285285285285,0.008319034934892116,-0.00010346816628098858,0.00960960960960961,0.010810810810810811,0.01
F4,N1,CORR,2,0.15,0.5,2000,0.866172015839833,0.3076726970421039,0.5001285285285285,0.008319034934892116,-0.00010346816628098858,0.008012820512820512,0.01282051282051282,0.01
F4,N1,CORR,2,0.15,0.5,5000,0.866172015839833,0.3076726970421039,0.5001285285285285,0.008319034934892116,-0.00010346816628098858,0.012024048096192385,0.01002004008016032,0.01
F4,N1,CORR,2,0.15,0.5,20000,0.866172015839833,0.3076726970421039,0.5001285285285285,0.008319034934892116,-0.00010346816628098858,0.008064516129032258,0.0,0.01
F4,N1,CORR,2,0.0,0.5,500,0.8415572957857579,0.2989823524819864,0.5011043043043042,0.008429485362360304,-0.00010922485153245675,0.009209209209209208,0.00940940940940941,0.01
F4,N1,CORR,2,0.0,0.5,2000,0.8415572957857579,0.2989823524819864,0.5011043043043042,0.008429485362360304,-0.00010922485153245675,0.007211538461538462,0.013621794871794872,0.01
F4,N1,CORR,2,0.0,0.5,5000,0.8415572957857579,0.2989823524819864,0.5011043043043042,0.008429485362360304,-0.00010922485153245675,0.018036072144288578,0.008016032064128256,0.01
F4,N1,CORR,2,0.0,0.5,20000,0.8415572957857579,0.2989823524819864,0.5011043043043042,0.008429485362360304,-0.00010922485153245675,0.024193548387096774,0.0,0.01
F4,N1,CORR,4,0.7,0.5,500,0.9226631356545931,0.3281349675230083,0.500659059059059,0.008540564900055607,0.0007167558780961864,0.011611611611611611,0.012212212212212211,0.01
F4,N1,CORR,4,0.7,0.5,2000,0.9226631356545931,0.3281349675230083,0.500659059059059,0.008540564900055607,0.0007167558780961864,0.008814102564102564,0.011217948717948718,0.01
F4,N1,CORR,4,0.7,0.5,5000,0.9226631356545931,0.3281349675230083,0.500659059059059,0.008540564900055607,0.0007167558780961864,0.018036072144288578,0.006012024048096192,0.01
F4,N1,CORR,4,0.7,0.5,20000,0.9226631356545931,0.3281349675230083,0.500659059059059,0.008540564900055607,0.0007167558780961864,0.016129032258064516,0.016129032258064516,0.01
F4,N1,CORR,4,0.5,0.5,500,0.9055726870321567,0.32138635167213714,0.4990702702702703,0.008324120480673845,0.0005415715535970972,0.008208208208208207,0.008608608608608608,0.01
F4,N1,CORR,4,0.5,0.5,2000,0.9055726870321567,0.32138635167213714,0.4990702702702703,0.008324120480673845,0.0005415715535970972,0.01201923076923077,0.00641025641025641,0.01
F4,N1,CORR,4,0.5,0.5,5000,0.9055726870321567,0.32138635167213714,0.4990702702702703,0.008324120480673845,0.0005415715535970972,0.02404809619238477,0.01603206412825651,0.01
F4,N1,CORR,4,0.5,0.5,20000,0.9055726870321567,0.32138635167213714,0.4990702702702703,0.008324120480673845,0.0005415715535970972,0.016129032258064516,0.008064516129032258,0.01
F4,N1,CORR,4,0.3,0.5,500,0.8692608161280763,0.30891880566554514,0.5000612612612613,0.008248736835075435,0.00011521404284821856,0.00960960960960961,0.011011011011011011,0.01
F4,N1,CORR,4,0.3,0.5,2000,0.8692608161280763,0.30891880566554514,0.5000612612612613,0.008248736835075435,0.00011521404284821856,0.007211538461538462,0.010416666666666666,0.01
F4,N1,CORR,4,0.3,0.5,5000,0.8692608161280763,0.30891880566554514,0.5000612612612613,0.008248736835075435,0.00011521404284821856,0.014028056112224449,0.006012024048096192,0.01
F4,N1,CORR,4,0.3,0.5,20000,0.8692608161280763,0.30891880566554514,0.5000612612612613,0.008248736835075435,0.00011521404284821856,0.008064516129032258,0.0,0.01
F4,N1,CORR,4,0.15,0.5,500,0.8192022431807756,0.2912963303046888,0.4995147147147147,0.008559389427352572,-0.0003448509603091831,0.007807807807807808,0.00960960960960961,0.01
F4,N1,CORR,4,0.15,0.5,2000,0.8192022431807756,0.2912963303046888,0.4995147147147147,0.008559389427352572,-0.0003448509603091831,0.008012820512820512,0.011217948717948718,0.01
F4,N1,CORR,4,0.15,0.5,5000,0.8192022431807756,0.2912963303046888,0.4995147147147147,0.008559389427352572,-0.0003448509603091831,0.012024048096192385,0.014028056112224449,0.01
F4,N1,CORR,4,0.15,0.5,20000,0.8192022431807756,0.2912963303046888,0.4995147147147147,0.008559389427352572,-0.0003448509603091831,0.008064516129032258,0.0,0.01
F4,N1,CORR,4,0.0,0.5,500,0.7493972617243425,0.2667681372762555,0.5024284284284284,0.00872560163067091,-0.00038721562748235075,0.01021021021021021,0.01041041041041041,0.01
F4,N1,CORR,4,0.0,0.5,2000,0.7493972617243425,0.2667681372762555,0.5024284284284284,0.00872560163067091,-0.00038721562748235075,0.008814102564102564,0.009615384615384616,0.01
F4,N1,CORR,4,0.0,0.5,5000,0.7493972617243425,0.2667681372762555,0.5024284284284284,0.00872560163067091,-0.00038721562748235075,0.01603206412825651,0.006012024048096192,0.01
F4,N1,CORR,4,0.0,0.5,20000,0.7493972617243425,0.2667681372762555,0.5024284284284284,0.00872560163067091,-0.00038721562748235075,0.008064516129032258,0.0,0.01
F4,N1,CORR,6,0.7,0.5,500,0.9226589744738567,0.328155989285066,0.5006674674674674,0.00852634439153996,0.000735100005043717,0.01121121121121121,0.011611611611611611,0.01
F4,N1,CORR,6,0.7,0.5,2000,0.9226589744738567,0.328155989285066,0.5006674674674674,0.00852634439153996,0.000735100005043717,0.009615384615384616,0.011217948717948718,0.01
F4,N1,CORR,6,0.7,0.5,5000,0.9226589744738567,0.328155989285066,0.5006674674674674,0.00852634439153996,0.000735100005043717,0.018036072144288578,0.006012024048096192,0.01
F4,N1,CORR,6,0.7,0.5,20000,0.9226589744738567,0.328155989285066,0.5006674674674674,0.00852634439153996,0.000735100005043717,0.016129032258064516,0.016129032258064516,0.01
F4,N1,CORR,6,0.5,0.5,500,0.9054221408424656,0.32123779035511923,0.49923083083083086,0.008448558366750207,0.0005240629593717412,0.007607607607607607,0.011011011011011011,0.01
F4,N1,CORR,6,0.5,0.5,2000,0.9054221408424656,0.32123779035511923,0.49923083083083086,0.008448558366750207,0.0005240629593717412,0.011217948717948718,0.008814102564102564,0.01
F4,N1,CORR,6,0.5,0.5,5000,0.9054221408424656,0.32123779035511923,0.49923083083083086,0.008448558366750207,0.0005240629593717412,0.026052104208416832,0.018036072144288578,0.01
F4,N1,CORR,6,0.5,0.5,20000,0.9054221408424656,0.32123779035511923,0.49923083083083086,0.008448558366750207,0.0005240629593717412,0.016129032258064516,0.008064516129032258,0.01
F4,N1,CORR,6,0.3,0.5,500,0.8656015966467582,0.3076239434335426,0.49988828828828824,0.008527448551418147,0.00016001522873716498,0.008408408408408409,0.010810810810810811,0.01
F4,N1,CORR,6,0.3,0.5,2000,0.8656015966467582,0.3076239434335426,0.49988828828828824,0.008527448551418147,0.00016001522873716498,0.004807692307692308,0.00641025641025641,0.01
F4,N1,CORR,6,0.3,0.5,5000,0.8656015966467582,0.3076239434335426,0.49988828828828824,0.008527448551418147,0.00016001522873716498,0.012024048096192385,0.004008016032064128,0.01
F4,N1,CORR,6,0.3,0.5,20000,0.8656015966467582,0.3076239434335426,0.49988828828828824,0.008527448551418147,0.00016001522873716498,0.008064516129032258,0.0,0.01
F4,N1,CORR,6,0.15,0.5,500,0.8025588895356374,0.2854367010026138,0.4987127127127128,0.008671448392305351,-0.0001819376858439374,0.008208208208208207,0.012212212212212211,0.01
F4,N1,CORR,6,0.15,0.5,2000,0.8025588895356374,0.2854367010026138,0.4987127127127128,0.008671448392305351,-0.0001819376858439374,0.010416666666666666,0.007211538461538462,0.01
F4,N1,CORR,6,0.15,0.5,5000,0.8025588895356374,0.2854367010026138,0.4987127127127128,0.008671448392305351,-0.0001819376858439374,0.018036072144288578,0.01002004008016032,0.01
F4,N1,CORR,6,0.15,0.5,20000,0.8025588895356374,0.2854367010026138,0.4987127127127128,0.008671448392305351,-0.0001819376858439374,0.008064516129032258,0.008064516129032258,0.01
F4,N1,CORR,6,0.0,0.5,500,0.7001509697072111,0.2505131937715668,0.5020288288288287,0.008637515261879553,0.00011775583965796307,0.01021021021021021,0.011811811811811812,0.01
F4,N1,CORR,6,0.0,0.5,2000,0.7001509697072111,0.2505131937715668,0.5020288288288287,0.008637515261879553,0.00011775583965796307,0.010416666666666666,0.00641025641025641,0.01
F4,N1,CORR,6,0.0,0.5,5000,0.7001509697072111,0.2505131937715668,0.5020288288288287,0.008637515261879553,0.00011775583965796307,0.02004008016032064,0.002004008016032064,0.01
F4,N1,CORR,6,0.0,0.5,20000,0.7001509697072111,0.2505131937715668,0.5020288288288287,0.008637515261879553,0.00011775583965796307,0.024193548387096774,0.0,0.01
F4,N1,CORR,10,0.7,0.5,500,0.9226607542153489,0.3281537020653314,0.5006714714714715,0.008524587557474388,0.000733675600016253,0.01121121121121121,0.011611611611611611,0.01
F4,N1,CORR,10,0.7,0.5,2000,0.9226607542153489,0.3281537020653314,0.5006714714714715,0.008524587557474388,0.000733675600016253,0.009615384615384616,0.011217948717948718,0.01
F4,N1,CORR,10,0.7,0.5,5000,0.9226607542153489,0.3281537020653314,0.5006714714714715,0.008524587557474388,0.000733675600016253,0.018036072144288578,0.006012024048096192,0.01
F4,N1,CORR,10,0.7,0.5,20000,0.9226607542153489,0.3281537020653314,0.5006714714714715,0.008524587557474388,0.000733675600016253,0.016129032258064516,0.016129032258064516,0.01
F4,N1,CORR,10,0.5,0.5,500,0.9054703729008463,0.3212782083002863,0.4993561561561562,0.008406484355169474,0.0005324231061169491,0.007207207207207207,0.01121121121121121,0.01
F4,N1,CORR,10,0.5,0.5,2000,0.9054703729008463,0.3212782083002863,0.4993561561561562,0.008406484355169474,0.0005324231061169491,0.010416666666666666,0.008814102564102564,0.01
F4,N1,CORR,10,0.5,0.5,5000,0.9054703729008463,0.3212782083002863,0.4993561561561562,0.008406484355169474,0.0005324231061169491,0.028056112224448898,0.02004008016032064,0.01
F4,N1,CORR,10,0.5,0.5,20000,0.9054703729008463,0.3212782083002863,0.4993561561561562,0.008406484355169474,0.0005324231061169491,0.016129032258064516,0.008064516129032258,0.01
F4,N1,CORR,10,0.3,0.5,500,0.8646033645816443,0.30723935046198125,0.49990310310310304,0.008491505989291824,0.0001884910014199935,0.007607607607607607,0.01121121121121121,0.01
F4,N1,CORR,10,0.3,0.5,2000,0.8646033645816443,0.30723935046198125,0.49990310310310304,0.008491505989291824,0.0001884910014199935,0.004807692307692308,0.009615384615384616,0.01
F4,N1,CORR,10,0.3,0.5,5000,0.8646033645816443,0.30723935046198125,0.49990310310310304,0.008491505989291824,0.0001884910014199935,0.014028056112224449,0.0,0.01
F4,N1,CORR,10,0.3,0.5,20000,0.8646033645816443,0.30723935046198125,0.49990310310310304,0.008491505989291824,0.0001884910014199935,0.008064516129032258,0.008064516129032258,0.01
F4,N1,CORR,10,0.15,0.5,500,0.7940568270726864,0.28215461724527346,0.4999107107107107,0.008129345391708917,-0.0002629720372325415,0.008608608608608608,0.00980980980980981,0.01
F4,N1,CORR,10,0.15,0.5,2000,0.7940568270726864,0.28215461724527346,0.4999107107107107,0.008129345391708917,-0.0002629720372325415,0.010416666666666666,0.009615384615384616,0.01
F4,N1,CORR,10,0.15,0.5,5000,0.7940568270726864,0.28215461724527346,0.4999107107107107,0.008129345391708917,-0.0002629720372325415,0.02004008016032064,0.008016032064128256,0.01
F4,N1,CORR,10,0.15,0.5,20000,0.7940568270726864,0.28215461724527346,0.4999107107107107,0.008129345391708917,-0.0002629720372325415,0.008064516129032258,0.0,0.01
F4,N1,CORR,10,0.0,0.5,500,0.6461695415158647,0.2293569041186512,0.500556956956957,0.008716842657001019,-0.000310890761021581,0.00880880880880881,0.010810810810810811,0.01
F4,N1,CORR,10,0.0,0.5,2000,0.6461695415158647,0.2293569041186512,0.500556956956957,0.008716842657001019,-0.000310890761021581,0.011217948717948718,0.008012820512820512,0.01
F4,N1,CORR,10,0.0,0.5,5000,0.6461695415158647,0.2293569041186512,0.500556956956957,0.008716842657001019,-0.000310890761021581,0.01002004008016032,0.002004008016032064,0.01
F4,N1,CORR,10,0.0,0.5,20000,0.6461695415158647,0.2293569041186512,0.500556956956957,0.008716842657001019,-0.000310890761021581,0.0,0.016129032258064516,0.01
F4,N1,CORR,20,0.7,0.5,500,0.9226607542153489,0.3281537020653314,0.5006714714714715,0.008524587557474388,0.000733675600016253,0.01121121121121121,0.011611611611611611,0.01
F4,N1,CORR,20,0.7,0.5,2000,0.9226607542153489,0.3281537020653314,0.5006714714714715,0.008524587557474388,0.000733675600016253,0.009615384615384616,0.011217948717948718,0.01
F4,N1,CORR,20,0.7,0.5,5000,0.9226607542153489,0.3281537020653314,0.5006714714714715,0.008524587557474388,0.000733675600016253,0.018036072144288578,0.006012024048096192,0.01
F4,N1,CORR,20,0.7,0.5,20000,0.9226607542153489,0.3281537020653314,0.5006714714714715,0.008524587557474388,0.000733675600016253,0.016129032258064516,0.016129032258064516,0.01
F4,N1,CORR,20,0.5,0.5,500,0.905470836399424,0.32127625178113056,0.499356956956957,0.00840576420535367,0.0005344282839828501,0.007207207207207207,0.01121121121121121,0.01
F4,N1,CORR,20,0.5,0.5,2000,0.905470836399424,0.32127625178113056,0.499356956956957,0.00840576420535367,0.0005344282839828501,0.010416666666666666,0.008814102564102564,0.01
F4,N1,CORR,20,0.5,0.5,5000,0.905470836399424,0.32127625178113056,0.499356956956957,0.00840576420535367,0.0005344282839828501,0.028056112224448898,0.02004008016032064,0.01
F4,N1,CORR,20,0.5,0.5,20000,0.905470836399424,0.32127625178113056,0.499356956956957,0.00840576420535367,0.0005344282839828501,0.016129032258064516,0.008064516129032258,0.01
F4,N1,CORR,20,0.3,0.5,500,0.8645694242649659,0.3072378348882556,0.4999227227227228,0.008421654665352047,0.000208111252192605,0.007807807807807808,0.011811811811811812,0.01
F4,N1,CORR,20,0.3,0.5,2000,0.8645694242649659,0.3072378348882556,0.4999227227227228,0.008421654665352047,0.000208111252192605,0.005608974358974359,0.009615384615384616,0.01
F4,N1,CORR,20,0.3,0.5,5000,0.8645694242649659,0.3072378348882556,0.4999227227227228,0.008421654665352047,0.000208111252192605,0.014028056112224449,0.0,0.01
F4,N1,CORR,20,0.3,0.5,20000,0.8645694242649659,0.3072378348882556,0.4999227227227228,0.008421654665352047,0.000208111252192605,0.008064516129032258,0.008064516129032258,0.01
F4,N1,CORR,20,0.15,0.5,500,0.7914705298567363,0.28148272009100045,0.499606006006006,0.008220755070210046,-0.00016066205375756077,0.00940940940940941,0.011411411411411412,0.01
F4,N1,CORR,20,0.15,0.5,2000,0.7914705298567363,0.28148272009100045,0.499606006006006,0.008220755070210046,-0.00016066205375756077,0.010416666666666666,0.010416666666666666,0.01
F4,N1,CORR,20,0.15,0.5,5000,0.7914705298567363,0.28148272009100045,0.499606006006006,0.008220755070210046,-0.00016066205375756077,0.02404809619238477,0.01002004008016032,0.01
F4,N1,CORR,20,0.15,0.5,20000,0.7914705298567363,0.28148272009100045,0.499606006006006,0.008220755070210046,-0.00016066205375756077,0.016129032258064516,0.008064516129032258,0.01
F4,N1,CORR,20,0.0,0.5,500,0.5940560124065299,0.2101850028509374,0.501927927927928,0.008641152478447144,0.00026545982917221327,0.009209209209209208,0.012412412412412413,0.01
F4,N1,CORR,20,0.0,0.5,2000,0.5940560124065299,0.2101850028509374,0.501927927927928,0.008641152478447144,0.00026545982917221327,0.007211538461538462,0.010416666666666666,0.01
F4,N1,CORR,20,0.0,0.5,5000,0.5940560124065299,0.2101850028509374,0.501927927927928,0.008641152478447144,0.00026545982917221327,0.01002004008016032,0.004008016032064128,0.01
F4,N1,CORR,20,0.0,0.5,20000,0.5940560124065299,0.2101850028509374,0.501927927927928,0.008641152478447144,0.00026545982917221327,0.008064516129032258,0.0,0.01
F4,N1,CORR,50,0.7,0.5,500,0.9226607542153489,0.3281537020653314,0.5006714714714715,0.008524587557474388,0.000733675600016253,0.01121121121121121,0.011611611611611611,0.01
F4,N1,CORR,50,0.7,0.5,2000,0.9226607542153489,0.3281537020653314,0.5006714714714715,0.008524587557474388,0.000733675600016253,0.009615384615384616,0.011217948717948718,0.01
F4,N1,CORR,50,0.7,0.5,5000,0.9226607542153489,0.3281537020653314,0.5006714714714715,0.008524587557474388,0.000733675600016253,0.018036072144288578,0.006012024048096192,0.01
F4,N1,CORR,50,0.7,0.5,20000,0.9226607542153489,0.3281537020653314,0.5006714714714715,0.008524587557474388,0.000733675600016253,0.016129032258064516,0.016129032258064516,0.01
F4,N1,CORR,50,0.5,0.5,500,0.905470836399424,0.32127625178113056,0.499356956956957,0.00840576420535367,0.0005344282839828501,0.007207207207207207,0.01121121121121121,0.01
F4,N1,CORR,50,0.5,0.5,2000,0.905470836399424,0.32127625178113056,0.499356956956957,0.00840576420535367,0.0005344282839828501,0.010416666666666666,0.008814102564102564,0.01
F4,N1,CORR,50,0.5,0.5,5000,0.905470836399424,0.32127625178113056,0.499356956956957,0.00840576420535367,0.0005344282839828501,0.028056112224448898,0.02004008016032064,0.01
F4,N1,CORR,50,0.5,0.5,20000,0.905470836399424,0.32127625178113056,0.499356956956957,0.00840576420535367,0.0005344282839828501,0.016129032258064516,0.008064516129032258,0.01
F4,N1,CORR,50,0.3,0.5,500,0.8645694242649659,0.3072378348882556,0.4999227227227228,0.008421654665352047,0.000208111252192605,0.007807807807807808,0.011811811811811812,0.01
F4,N1,CORR,50,0.3,0.5,2000,0.8645694242649659,0.3072378348882556,0.4999227227227228,0.008421654665352047,0.000208111252192605,0.005608974358974359,0.009615384615384616,0.01
F4,N1,CORR,50,0.3,0.5,5000,0.8645694242649659,0.3072378348882556,0.4999227227227228,0.008421654665352047,0.000208111252192605,0.014028056112224449,0.0,0.01
F4,N1,CORR,50,0.3,0.5,20000,0.8645694242649659,0.3072378348882556,0.4999227227227228,0.008421654665352047,0.000208111252192605,0.008064516129032258,0.008064516129032258,0.01
F4,N1,CORR,50,0.15,0.5,500,0.7913050961807714,0.28142044240615516,0.49945305305305304,0.008226251346649028,-0.00014644260145587351,0.00940940940940941,0.011411411411411412,0.01
F4,N1,CORR,50,0.15,0.5,2000,0.7913050961807714,0.28142044240615516,0.49945305305305304,0.008226251346649028,-0.00014644260145587351,0.010416666666666666,0.010416666666666666,0.01
F4,N1,CORR,50,0.15,0.5,5000,0.7913050961807714,0.28142044240615516,0.49945305305305304,0.008226251346649028,-0.00014644260145587351,0.02404809619238477,0.01002004008016032,0.01
F4,N1,CORR,50,0.15,0.5,20000,0.7913050961807714,0.28142044240615516,0.49945305305305304,0.008226251346649028,-0.00014644260145587351,0.016129032258064516,0.008064516129032258,0.01
F4,N1,CORR,50,0.0,0.5,500,0.5488957026530392,0.19406781886026078,0.5014402402402403,0.008737579234088326,0.0001121864198529678,0.00960960960960961,0.013413413413413414,0.01
F4,N1,CORR,50,0.0,0.5,2000,0.5488957026530392,0.19406781886026078,0.5014402402402403,0.008737579234088326,0.0001121864198529678,0.008012820512820512,0.01201923076923077,0.01
F4,N1,CORR,50,0.0,0.5,5000,0.5488957026530392,0.19406781886026078,0.5014402402402403,0.008737579234088326,0.0001121864198529678,0.014028056112224449,0.006012024048096192,0.01
F4,N1,CORR,50,0.0,0.5,20000,0.5488957026530392,0.19406781886026078,0.5014402402402403,0.008737579234088326,0.0001121864198529678,0.008064516129032258,0.008064516129032258,0.01
F4,N2,MEMLESS,1,1.0,0.02,500,0.3432780152777336,0.1024374467833474,0.019206006006006006,0.12316191238376131,0.12316191238376133,0.44804804804804804,0.3891891891891892,0.01
F4,N2,MEMLESS,1,1.0,0.02,2000,0.3432780152777336,0.1024374467833474,0.019206006006006006,0.12316191238376131,0.12316191238376133,0.9631410256410257,0.9823717948717948,0.01
F4,N2,MEMLESS,1,1.0,0.02,5000,0.3432780152777336,0.1024374467833474,0.019206006006006006,0.12316191238376131,0.12316191238376133,1.0,1.0,0.01
F4,N2,MEMLESS,1,1.0,0.02,20000,0.3432780152777336,0.1024374467833474,0.019206006006006006,0.12316191238376131,0.12316191238376133,1.0,1.0,0.01
F4,N2,CORR,2,0.7,0.02,500,0.34069607347135933,0.08756136096242033,0.019586786786786783,0.08058040369168795,0.06819233817873757,0.16036036036036036,0.1941941941941942,0.01
F4,N2,CORR,2,0.7,0.02,2000,0.34069607347135933,0.08756136096242033,0.019586786786786783,0.08058040369168795,0.06819233817873757,0.5328525641025641,0.8341346153846154,0.01
F4,N2,CORR,2,0.7,0.02,5000,0.34069607347135933,0.08756136096242033,0.019586786786786783,0.08058040369168795,0.06819233817873757,0.8797595190380761,1.0,0.01
F4,N2,CORR,2,0.7,0.02,20000,0.34069607347135933,0.08756136096242033,0.019586786786786783,0.08058040369168795,0.06819233817873757,1.0,1.0,0.01
F4,N2,CORR,2,0.5,0.02,500,0.32842092756598534,0.073111171787329,0.01957877877877878,0.07375125933693223,0.02248640066337383,0.04684684684684685,0.1009009009009009,0.01
F4,N2,CORR,2,0.5,0.02,2000,0.32842092756598534,0.073111171787329,0.01957877877877878,0.07375125933693223,0.02248640066337383,0.08733974358974358,0.625801282051282,0.01
F4,N2,CORR,2,0.5,0.02,5000,0.32842092756598534,0.073111171787329,0.01957877877877878,0.07375125933693223,0.02248640066337383,0.17034068136272545,0.9839679358717435,0.01
F4,N2,CORR,2,0.5,0.02,20000,0.32842092756598534,0.073111171787329,0.01957877877877878,0.07375125933693223,0.02248640066337383,0.6290322580645161,1.0,0.01
F4,N2,CORR,2,0.3,0.02,500,0.30958807100135244,0.059279568670780616,0.019786586586586587,0.06839085053011884,-0.016466955014666624,0.028628628628628628,0.07427427427427427,0.01
F4,N2,CORR,2,0.3,0.02,2000,0.30958807100135244,0.059279568670780616,0.019786586586586587,0.06839085053011884,-0.016466955014666624,0.05368589743589743,0.5352564102564102,0.01
F4,N2,CORR,2,0.3,0.02,5000,0.30958807100135244,0.059279568670780616,0.019786586586586587,0.06839085053011884,-0.016466955014666624,0.08016032064128256,0.9679358717434869,0.01
F4,N2,CORR,2,0.3,0.02,20000,0.30958807100135244,0.059279568670780616,0.019786586586586587,0.06839085053011884,-0.016466955014666624,0.2903225806451613,1.0,0.01
F4,N2,CORR,2,0.15,0.02,500,0.29580349804633393,0.053271843487930244,0.019975175175175178,0.06579295976033349,-0.028902802436593048,0.037237237237237236,0.06886886886886887,0.01
F4,N2,CORR,2,0.15,0.02,2000,0.29580349804633393,0.053271843487930244,0.019975175175175178,0.06579295976033349,-0.028902802436593048,0.10817307692307693,0.5296474358974359,0.01
F4,N2,CORR,2,0.15,0.02,5000,0.29580349804633393,0.053271843487930244,0.019975175175175178,0.06579295976033349,-0.028902802436593048,0.250501002004008,0.9679358717434869,0.01
F4,N2,CORR,2,0.15,0.02,20000,0.29580349804633393,0.053271843487930244,0.019975175175175178,0.06579295976033349,-0.028902802436593048,0.8709677419354839,1.0,0.01
F4,N2,CORR,2,0.0,0.02,500,0.28472549824969123,0.050877515292182575,0.0201001001001001,0.06456644024694794,-0.030284974530440434,0.03563563563563563,0.06886886886886887,0.01
F4,N2,CORR,2,0.0,0.02,2000,0.28472549824969123,0.050877515292182575,0.0201001001001001,0.06456644024694794,-0.030284974530440434,0.11217948717948718,0.4935897435897436,0.01
F4,N2,CORR,2,0.0,0.02,5000,0.28472549824969123,0.050877515292182575,0.0201001001001001,0.06456644024694794,-0.030284974530440434,0.2625250501002004,0.9438877755511023,0.01
F4,N2,CORR,2,0.0,0.02,20000,0.28472549824969123,0.050877515292182575,0.0201001001001001,0.06456644024694794,-0.030284974530440434,0.9193548387096774,1.0,0.01
F4,N2,CORR,4,0.7,0.02,500,0.3407868542844589,0.08673194295607656,0.019676476476476475,0.07593428385565455,0.07082672528804287,0.16436436436436436,0.18498498498498497,0.01
F4,N2,CORR,4,0.7,0.02,2000,0.3407868542844589,0.08673194295607656,0.019676476476476475,0.07593428385565455,0.07082672528804287,0.5641025641025641,0.8020833333333334,0.01
F4,N2,CORR,4,0.7,0.02,5000,0.3407868542844589,0.08673194295607656,0.019676476476476475,0.07593428385565455,0.07082672528804287,0.8937875751503006,1.0,0.01
F4,N2,CORR,4,0.7,0.02,20000,0.3407868542844589,0.08673194295607656,0.019676476476476475,0.07593428385565455,0.07082672528804287,1.0,1.0,0.01
F4,N2,CORR,4,0.5,0.02,500,0.32589300187887127,0.06940057897532646,0.01981621621621622,0.050035183376124406,0.03201856160414262,0.05325325325325325,0.07047047047047048,0.01
F4,N2,CORR,4,0.5,0.02,2000,0.32589300187887127,0.06940057897532646,0.01981621621621622,0.050035183376124406,0.03201856160414262,0.14342948717948717,0.41346153846153844,0.01
F4,N2,CORR,4,0.5,0.02,5000,0.32589300187887127,0.06940057897532646,0.01981621621621622,0.050035183376124406,0.03201856160414262,0.2985971943887776,0.9118236472945892,0.01
F4,N2,CORR,4,0.5,0.02,20000,0.32589300187887127,0.06940057897532646,0.01981621621621622,0.050035183376124406,0.03201856160414262,0.8709677419354839,1.0,0.01
F4,N2,CORR,4,0.3,0.02,500,0.2944538479000905,0.04793552799656533,0.02031351351351351,0.026042865255066515,0.002103192436054527,0.014214214214214213,0.023023023023023025,0.01
F4,N2,CORR,4,0.3,0.02,2000,0.2944538479000905,0.04793552799656533,0.02031351351351351,0.026042865255066515,0.002103192436054527,0.01842948717948718,0.07051282051282051,0.01
F4,N2,CORR,4,0.3,0.02,5000,0.2944538479000905,0.04793552799656533,0.02031351351351351,0.026042865255066515,0.002103192436054527,0.014028056112224449,0.22845691382765532,0.01
F4,N2,CORR,4,0.3,0.02,20000,0.2944538479000905,0.04793552799656533,0.02031351351351351,0.026042865255066515,0.002103192436054527,0.024193548387096774,0.9758064516129032,0.01
F4,N2,CORR,4,0.15,0.02,500,0.2537063929000014,0.032074983392450816,0.020321521521521526,0.020076008095795878,-0.00577355258675749,0.012612612612612612,0.013613613613613613,0.01
F4,N2,CORR,4,0.15,0.02,2000,0.2537063929000014,0.032074983392450816,0.020321521521521526,0.020076008095795878,-0.00577355258675749,0.017628205128205128,0.026442307692307692,0.01
F4,N2,CORR,4,0.15,0.02,5000,0.2537063929000014,0.032074983392450816,0.020321521521521526,0.020076008095795878,-0.00577355258675749,0.01603206412825651,0.06813627254509018,0.01
F4,N2,CORR,4,0.15,0.02,20000,0.2537063929000014,0.032074983392450816,0.020321521521521526,0.020076008095795878,-0.00577355258675749,0.056451612903225805,0.5080645161290323,0.01
F4,N2,CORR,4,0.0,0.02,500,0.20771107799376942,0.021558548362739294,0.020163363363363364,0.017673050894533856,-0.005835238928706695,0.011011011011011011,0.013213213213213212,0.01
F4,N2,CORR,4,0.0,0.02,2000,0.20771107799376942,0.021558548362739294,0.020163363363363364,0.017673050894533856,-0.005835238928706695,0.016025641025641024,0.020833333333333332,0.01
F4,N2,CORR,4,0.0,0.02,5000,0.20771107799376942,0.021558548362739294,0.020163363363363364,0.017673050894533856,-0.005835238928706695,0.01603206412825651,0.07214428857715431,0.01
F4,N2,CORR,4,0.0,0.02,20000,0.20771107799376942,0.021558548362739294,0.020163363363363364,0.017673050894533856,-0.005835238928706695,0.03225806451612903,0.5,0.01
F4,N2,CORR,6,0.7,0.02,500,0.34079686305775353,0.08673165003575564,0.01967847847847848,0.07592490351400491,0.07084000911496448,0.16456456456456456,0.18498498498498497,0.01
F4,N2,CORR,6,0.7,0.02,2000,0.34079686305775353,0.08673165003575564,0.01967847847847848,0.07592490351400491,0.07084000911496448,0.5641025641025641,0.8020833333333334,0.01
F4,N2,CORR,6,0.7,0.02,5000,0.34079686305775353,0.08673165003575564,0.01967847847847848,0.07592490351400491,0.07084000911496448,0.8957915831663327,1.0,0.01
F4,N2,CORR,6,0.7,0.02,20000,0.34079686305775353,0.08673165003575564,0.01967847847847848,0.07592490351400491,0.07084000911496448,1.0,1.0,0.01
F4,N2,CORR,6,0.5,0.02,500,0.32581466960960725,0.06945061726623904,0.01982222222222222,0.050190673731672464,0.03218424033560383,0.053653653653653655,0.06986986986986987,0.01
F4,N2,CORR,6,0.5,0.02,2000,0.32581466960960725,0.06945061726623904,0.01982222222222222,0.050190673731672464,0.03218424033560383,0.14342948717948717,0.41346153846153844,0.01
F4,N2,CORR,6,0.5,0.02,5000,0.32581466960960725,0.06945061726623904,0.01982222222222222,0.050190673731672464,0.03218424033560383,0.2985971943887776,0.905811623246493,0.01
F4,N2,CORR,6,0.5,0.02,20000,0.32581466960960725,0.06945061726623904,0.01982222222222222,0.050190673731672464,0.03218424033560383,0.8709677419354839,1.0,0.01
F4,N2,CORR,6,0.3,0.02,500,0.2931872070584339,0.04801750958896328,0.02037557557557558,0.02500655695981748,0.003011173633572355,0.015215215215215214,0.022622622622622622,0.01
F4,N2,CORR,6,0.3,0.02,2000,0.2931872070584339,0.04801750958896328,0.02037557557557558,0.02500655695981748,0.003011173633572355,0.022435897435897436,0.07051282051282051,0.01
F4,N2,CORR,6,0.3,0.02,5000,0.2931872070584339,0.04801750958896328,0.02037557557557558,0.02500655695981748,0.003011173633572355,0.018036072144288578,0.21442885771543085,0.01
F4,N2,CORR,6,0.3,0.02,20000,0.2931872070584339,0.04801750958896328,0.02037557557557558,0.02500655695981748,0.003011173633572355,0.024193548387096774,0.9516129032258065,0.01
F4,N2,CORR,6,0.15,0.02,500,0.24133989190129515,0.030712334494985106,0.020042442442442444,0.012767838284170436,-0.003508242476182618,0.012812812812812813,0.013813813813813814,0.01
F4,N2,CORR,6,0.15,0.02,2000,0.24133989190129515,0.030712334494985106,0.020042442442442444,0.012767838284170436,-0.003508242476182618,0.01842948717948718,0.019230769230769232,0.01
F4,N2,CORR,6,0.15,0.02,5000,0.24133989190129515,0.030712334494985106,0.020042442442442444,0.012767838284170436,-0.003508242476182618,0.014028056112224449,0.03807615230460922,0.01
F4,N2,CORR,6,0.15,0.02,20000,0.24133989190129515,0.030712334494985106,0.020042442442442444,0.012767838284170436,-0.003508242476182618,0.024193548387096774,0.12903225806451613,0.01
F4,N2,CORR,6,0.0,0.02,500,0.1622066065227848,0.015454038106734411,0.019497497497497497,0.01024203066832401,-0.002268844603246936,0.009009009009009009,0.011011011011011011,0.01
F4,N2,CORR,6,0.0,0.02,2000,0.1622066065227848,0.015454038106734411,0.019497497497497497,0.01024203066832401,-0.002268844603246936,0.013621794871794872,0.008012820512820512,0.01
F4,N2,CORR,6,0.0,0.02,5000,0.1622066065227848,0.015454038106734411,0.019497497497497497,0.01024203066832401,-0.002268844603246936,0.012024048096192385,0.01603206412825651,0.01
F4,N2,CORR,6,0.0,0.02,20000,0.1622066065227848,0.015454038106734411,0.019497497497497497,0.01024203066832401,-0.002268844603246936,0.016129032258064516,0.024193548387096774,0.01
F4,N2,CORR,10,0.7,0.02,500,0.34079686305775353,0.08673165003575564,0.01967847847847848,0.07592490351400491,0.07084000911496448,0.16456456456456456,0.18498498498498497,0.01
F4,N2,CORR,10,0.7,0.02,2000,0.34079686305775353,0.08673165003575564,0.01967847847847848,0.07592490351400491,0.07084000911496448,0.5641025641025641,0.8020833333333334,0.01
F4,N2,CORR,10,0.7,0.02,5000,0.34079686305775353,0.08673165003575564,0.01967847847847848,0.07592490351400491,0.07084000911496448,0.8957915831663327,1.0,0.01
F4,N2,CORR,10,0.7,0.02,20000,0.34079686305775353,0.08673165003575564,0.01967847847847848,0.07592490351400491,0.07084000911496448,1.0,1.0,0.01
F4,N2,CORR,10,0.5,0.02,500,0.3258224552444097,0.06946496576215827,0.019824224224224224,0.05020642150845148,0.032193823240668495,0.053653653653653655,0.06986986986986987,0.01
F4,N2,CORR,10,0.5,0.02,2000,0.3258224552444097,0.06946496576215827,0.019824224224224224,0.05020642150845148,0.032193823240668495,0.14342948717948717,0.41346153846153844,0.01
F4,N2,CORR,10,0.5,0.02,5000,0.3258224552444097,0.06946496576215827,0.019824224224224224,0.05020642150845148,0.032193823240668495,0.2985971943887776,0.9078156312625251,0.01
F4,N2,CORR,10,0.5,0.02,20000,0.3258224552444097,0.06946496576215827,0.019824224224224224,0.05020642150845148,0.032193823240668495,0.8709677419354839,1.0,0.01
F4,N2,CORR,10,0.3,0.02,500,0.29322531527174234,0.048066734546089125,0.0203987987987988,0.025113827526289333,0.0030559398562470413,0.015215215215215214,0.02242242242242242,0.01
F4,N2,CORR,10,0.3,0.02,2000,0.29322531527174234,0.048066734546089125,0.0203987987987988,0.025113827526289333,0.0030559398562470413,0.022435897435897436,0.07051282051282051,0.01
F4,N2,CORR,10,0.3,0.02,5000,0.29322531527174234,0.048066734546089125,0.0203987987987988,0.025113827526289333,0.0030559398562470413,0.018036072144288578,0.2124248496993988,0.01
F4,N2,CORR,10,0.3,0.02,20000,0.29322531527174234,0.048066734546089125,0.0203987987987988,0.025113827526289333,0.0030559398562470413,0.024193548387096774,0.9516129032258065,0.01
F4,N2,CORR,10,0.15,0.02,500,0.2385646062222348,0.03072163977862071,0.020020820820820823,0.012657732285063282,-0.003158642572173699,0.012212212212212211,0.013413413413413414,0.01
F4,N2,CORR,10,0.15,0.02,2000,0.2385646062222348,0.03072163977862071,0.020020820820820823,0.012657732285063282,-0.003158642572173699,0.017628205128205128,0.019230769230769232,0.01
F4,N2,CORR,10,0.15,0.02,5000,0.2385646062222348,0.03072163977862071,0.020020820820820823,0.012657732285063282,-0.003158642572173699,0.018036072144288578,0.03206412825651302,0.01
F4,N2,CORR,10,0.15,0.02,20000,0.2385646062222348,0.03072163977862071,0.020020820820820823,0.012657732285063282,-0.003158642572173699,0.016129032258064516,0.10483870967741936,0.01
F4,N2,CORR,10,0.0,0.02,500,0.12687260575975798,0.013439334868004733,0.02102822822822823,0.009028265165785483,-0.0009588783971781683,0.01061061061061061,0.01041041041041041,0.01
F4,N2,CORR,10,0.0,0.02,2000,0.12687260575975798,0.013439334868004733,0.02102822822822823,0.009028265165785483,-0.0009588783971781683,0.015224358974358974,0.009615384615384616,0.01
F4,N2,CORR,10,0.0,0.02,5000,0.12687260575975798,0.013439334868004733,0.02102822822822823,0.009028265165785483,-0.0009588783971781683,0.012024048096192385,0.02404809619238477,0.01
F4,N2,CORR,10,0.0,0.02,20000,0.12687260575975798,0.013439334868004733,0.02102822822822823,0.009028265165785483,-0.0009588783971781683,0.016129032258064516,0.008064516129032258,0.01
F4,N2,CORR,20,0.7,0.02,500,0.34079686305775353,0.08673165003575564,0.01967847847847848,0.07592490351400491,0.07084000911496448,0.16456456456456456,0.18498498498498497,0.01
F4,N2,CORR,20,0.7,0.02,2000,0.34079686305775353,0.08673165003575564,0.01967847847847848,0.07592490351400491,0.07084000911496448,0.5641025641025641,0.8020833333333334,0.01
F4,N2,CORR,20,0.7,0.02,5000,0.34079686305775353,0.08673165003575564,0.01967847847847848,0.07592490351400491,0.07084000911496448,0.8957915831663327,1.0,0.01
F4,N2,CORR,20,0.7,0.02,20000,0.34079686305775353,0.08673165003575564,0.01967847847847848,0.07592490351400491,0.07084000911496448,1.0,1.0,0.01
F4,N2,CORR,20,0.5,0.02,500,0.3258224552444097,0.06946496576215827,0.019824224224224224,0.05020642150845148,0.032193823240668495,0.053653653653653655,0.06986986986986987,0.01
F4,N2,CORR,20,0.5,0.02,2000,0.3258224552444097,0.06946496576215827,0.019824224224224224,0.05020642150845148,0.032193823240668495,0.14342948717948717,0.41346153846153844,0.01
F4,N2,CORR,20,0.5,0.02,5000,0.3258224552444097,0.06946496576215827,0.019824224224224224,0.05020642150845148,0.032193823240668495,0.2985971943887776,0.9078156312625251,0.01
F4,N2,CORR,20,0.5,0.02,20000,0.3258224552444097,0.06946496576215827,0.019824224224224224,0.05020642150845148,0.032193823240668495,0.8709677419354839,1.0,0.01
F4,N2,CORR,20,0.3,0.02,500,0.29322531527174234,0.048066734546089125,0.0203987987987988,0.025113827526289333,0.0030559398562470413,0.015215215215215214,0.02242242242242242,0.01
F4,N2,CORR,20,0.3,0.02,2000,0.29322531527174234,0.048066734546089125,0.0203987987987988,0.025113827526289333,0.0030559398562470413,0.022435897435897436,0.07051282051282051,0.01
F4,N2,CORR,20,0.3,0.02,5000,0.29322531527174234,0.048066734546089125,0.0203987987987988,0.025113827526289333,0.0030559398562470413,0.018036072144288578,0.2124248496993988,0.01
F4,N2,CORR,20,0.3,0.02,20000,0.29322531527174234,0.048066734546089125,0.0203987987987988,0.025113827526289333,0.0030559398562470413,0.024193548387096774,0.9516129032258065,0.01
F4,N2,CORR,20,0.15,0.02,500,0.23859776968494983,0.030763333212819696,0.020044044044044043,0.012691652355576073,-0.0031453956841007856,0.012012012012012012,0.013413413413413414,0.01
F4,N2,CORR,20,0.15,0.02,2000,0.23859776968494983,0.030763333212819696,0.020044044044044043,0.012691652355576073,-0.0031453956841007856,0.017628205128205128,0.019230769230769232,0.01
F4,N2,CORR,20,0.15,0.02,5000,0.23859776968494983,0.030763333212819696,0.020044044044044043,0.012691652355576073,-0.0031453956841007856,0.018036072144288578,0.03206412825651302,0.01
F4,N2,CORR,20,0.15,0.02,20000,0.23859776968494983,0.030763333212819696,0.020044044044044043,0.012691652355576073,-0.0031453956841007856,0.016129032258064516,0.10483870967741936,0.01
F4,N2,CORR,20,0.0,0.02,500,0.09117258280318458,0.012211040424398472,0.023323723723723728,0.00807836438530031,-0.0005663392712548607,0.010810810810810811,0.00980980980980981,0.01
F4,N2,CORR,20,0.0,0.02,2000,0.09117258280318458,0.012211040424398472,0.023323723723723728,0.00807836438530031,-0.0005663392712548607,0.016025641025641024,0.009615384615384616,0.01
F4,N2,CORR,20,0.0,0.02,5000,0.09117258280318458,0.012211040424398472,0.023323723723723728,0.00807836438530031,-0.0005663392712548607,0.01603206412825651,0.012024048096192385,0.01
F4,N2,CORR,20,0.0,0.02,20000,0.09117258280318458,0.012211040424398472,0.023323723723723728,0.00807836438530031,-0.0005663392712548607,0.0,0.008064516129032258,0.01
F4,N2,CORR,50,0.7,0.02,500,0.34079686305775353,0.08673165003575564,0.01967847847847848,0.07592490351400491,0.07084000911496448,0.16456456456456456,0.18498498498498497,0.01
F4,N2,CORR,50,0.7,0.02,2000,0.34079686305775353,0.08673165003575564,0.01967847847847848,0.07592490351400491,0.07084000911496448,0.5641025641025641,0.8020833333333334,0.01
F4,N2,CORR,50,0.7,0.02,5000,0.34079686305775353,0.08673165003575564,0.01967847847847848,0.07592490351400491,0.07084000911496448,0.8957915831663327,1.0,0.01
F4,N2,CORR,50,0.7,0.02,20000,0.34079686305775353,0.08673165003575564,0.01967847847847848,0.07592490351400491,0.07084000911496448,1.0,1.0,0.01
F4,N2,CORR,50,0.5,0.02,500,0.3258224552444097,0.06946496576215827,0.019824224224224224,0.05020642150845148,0.032193823240668495,0.053653653653653655,0.06986986986986987,0.01
F4,N2,CORR,50,0.5,0.02,2000,0.3258224552444097,0.06946496576215827,0.019824224224224224,0.05020642150845148,0.032193823240668495,0.14342948717948717,0.41346153846153844,0.01
F4,N2,CORR,50,0.5,0.02,5000,0.3258224552444097,0.06946496576215827,0.019824224224224224,0.05020642150845148,0.032193823240668495,0.2985971943887776,0.9078156312625251,0.01
F4,N2,CORR,50,0.5,0.02,20000,0.3258224552444097,0.06946496576215827,0.019824224224224224,0.05020642150845148,0.032193823240668495,0.8709677419354839,1.0,0.01
F4,N2,CORR,50,0.3,0.02,500,0.29322531527174234,0.048066734546089125,0.0203987987987988,0.025113827526289333,0.0030559398562470413,0.015215215215215214,0.02242242242242242,0.01
F4,N2,CORR,50,0.3,0.02,2000,0.29322531527174234,0.048066734546089125,0.0203987987987988,0.025113827526289333,0.0030559398562470413,0.022435897435897436,0.07051282051282051,0.01
F4,N2,CORR,50,0.3,0.02,5000,0.29322531527174234,0.048066734546089125,0.0203987987987988,0.025113827526289333,0.0030559398562470413,0.018036072144288578,0.2124248496993988,0.01
F4,N2,CORR,50,0.3,0.02,20000,0.29322531527174234,0.048066734546089125,0.0203987987987988,0.025113827526289333,0.0030559398562470413,0.024193548387096774,0.9516129032258065,0.01
F4,N2,CORR,50,0.15,0.02,500,0.23859776968494983,0.030763333212819696,0.020044044044044043,0.012691652355576073,-0.0031453956841007856,0.012012012012012012,0.013413413413413414,0.01
F4,N2,CORR,50,0.15,0.02,2000,0.23859776968494983,0.030763333212819696,0.020044044044044043,0.012691652355576073,-0.0031453956841007856,0.017628205128205128,0.019230769230769232,0.01
F4,N2,CORR,50,0.15,0.02,5000,0.23859776968494983,0.030763333212819696,0.020044044044044043,0.012691652355576073,-0.0031453956841007856,0.018036072144288578,0.03206412825651302,0.01
F4,N2,CORR,50,0.15,0.02,20000,0.23859776968494983,0.030763333212819696,0.020044044044044043,0.012691652355576073,-0.0031453956841007856,0.016129032258064516,0.10483870967741936,0.01
F4,N2,CORR,50,0.0,0.02,500,0.0742651229637375,0.013710815572201086,0.031985185185185186,0.008530589847083847,-0.00020996953744273534,0.01021021021021021,0.01121121121121121,0.01
F4,N2,CORR,50,0.0,0.02,2000,0.0742651229637375,0.013710815572201086,0.031985185185185186,0.008530589847083847,-0.00020996953744273534,0.016826923076923076,0.009615384615384616,0.01
F4,N2,CORR,50,0.0,0.02,5000,0.0742651229637375,0.013710815572201086,0.031985185185185186,0.008530589847083847,-0.00020996953744273534,0.01603206412825651,0.01603206412825651,0.01
F4,N2,CORR,50,0.0,0.02,20000,0.0742651229637375,0.013710815572201086,0.031985185185185186,0.008530589847083847,-0.00020996953744273534,0.008064516129032258,0.008064516129032258,0.01
F4,N2,MEMLESS,1,1.0,0.05,500,0.47984377814769646,0.11656163857929368,0.04945585585585586,0.04272799190889418,0.03452082159610889,0.05985985985985986,0.05225225225225225,0.01
F4,N2,MEMLESS,1,1.0,0.05,2000,0.47984377814769646,0.11656163857929368,0.04945585585585586,0.04272799190889418,0.03452082159610889,0.1578525641025641,0.2724358974358974,0.01
F4,N2,MEMLESS,1,1.0,0.05,5000,0.47984377814769646,0.11656163857929368,0.04945585585585586,0.04272799190889418,0.03452082159610889,0.3687374749498998,0.7394789579158316,0.01
F4,N2,MEMLESS,1,1.0,0.05,20000,0.47984377814769646,0.11656163857929368,0.04945585585585586,0.04272799190889418,0.03452082159610889,0.9274193548387096,1.0,0.01
F4,N2,CORR,2,0.7,0.05,500,0.47356549009356014,0.10175483546914257,0.049434634634634635,0.035229619772908866,-5.4347758207022266e-05,0.023423423423423424,0.03183183183183183,0.01
F4,N2,CORR,2,0.7,0.05,2000,0.47356549009356014,0.10175483546914257,0.049434634634634635,0.035229619772908866,-5.4347758207022266e-05,0.022435897435897436,0.13381410256410256,0.01
F4,N2,CORR,2,0.7,0.05,5000,0.47356549009356014,0.10175483546914257,0.049434634634634635,0.035229619772908866,-5.4347758207022266e-05,0.03006012024048096,0.44889779559118237,0.01
F4,N2,CORR,2,0.7,0.05,20000,0.47356549009356014,0.10175483546914257,0.049434634634634635,0.035229619772908866,-5.4347758207022266e-05,0.024193548387096774,1.0,0.01
F4,N2,CORR,2,0.5,0.05,500,0.4599676788883532,0.09095687313174292,0.048991391391391394,0.03611915558865164,-0.018995911530360714,0.024224224224224225,0.028428428428428427,0.01
F4,N2,CORR,2,0.5,0.05,2000,0.4599676788883532,0.09095687313174292,0.048991391391391394,0.03611915558865164,-0.018995911530360714,0.05448717948717949,0.15064102564102563,0.01
F4,N2,CORR,2,0.5,0.05,5000,0.4599676788883532,0.09095687313174292,0.048991391391391394,0.03611915558865164,-0.018995911530360714,0.10821643286573146,0.5731462925851704,0.01
F4,N2,CORR,2,0.5,0.05,20000,0.4599676788883532,0.09095687313174292,0.048991391391391394,0.03611915558865164,-0.018995911530360714,0.46774193548387094,1.0,0.01
F4,N2,CORR,2,0.3,0.05,500,0.4420393451212117,0.08148268939173171,0.04874234234234234,0.04099253132271555,-0.03194308335751378,0.03303303303303303,0.04044044044044044,0.01
F4,N2,CORR,2,0.3,0.05,2000,0.4420393451212117,0.08148268939173171,0.04874234234234234,0.04099253132271555,-0.03194308335751378,0.10817307692307693,0.23397435897435898,0.01
F4,N2,CORR,2,0.3,0.05,5000,0.4420393451212117,0.08148268939173171,0.04874234234234234,0.04099253132271555,-0.03194308335751378,0.280561122244489,0.7595190380761523,0.01
F4,N2,CORR,2,0.3,0.05,20000,0.4420393451212117,0.08148268939173171,0.04874234234234234,0.04099253132271555,-0.03194308335751378,0.9354838709677419,1.0,0.01
F4,N2,CORR,2,0.15,0.05,500,0.42787917655525015,0.07643652397842231,0.04874554554554555,0.04508465215741698,-0.03618071629618509,0.041841841841841844,0.04704704704704705,0.01
F4,N2,CORR,2,0.15,0.05,2000,0.42787917655525015,0.07643652397842231,0.04874554554554555,0.04508465215741698,-0.03618071629618509,0.14903846153846154,0.3108974358974359,0.01
F4,N2,CORR,2,0.15,0.05,5000,0.42787917655525015,0.07643652397842231,0.04874554554554555,0.04508465215741698,-0.03618071629618509,0.38877755511022044,0.8356713426853707,0.01
F4,N2,CORR,2,0.15,0.05,20000,0.42787917655525015,0.07643652397842231,0.04874554554554555,0.04508465215741698,-0.03618071629618509,0.9758064516129032,1.0,0.01
F4,N2,CORR,2,0.0,0.05,500,0.413656468680236,0.07284540560928729,0.048442842842842844,0.04928106231399252,-0.03672326390849752,0.04084084084084084,0.05445445445445445,0.01
F4,N2,CORR,2,0.0,0.05,2000,0.413656468680236,0.07284540560928729,0.048442842842842844,0.04928106231399252,-0.03672326390849752,0.1578525641025641,0.36939102564102566,0.01
F4,N2,CORR,2,0.0,0.05,5000,0.413656468680236,0.07284540560928729,0.048442842842842844,0.04928106231399252,-0.03672326390849752,0.3847695390781563,0.905811623246493,0.01
F4,N2,CORR,2,0.0,0.05,20000,0.413656468680236,0.07284540560928729,0.048442842842842844,0.04928106231399252,-0.03672326390849752,0.967741935483871,1.0,0.01
F4,N2,CORR,4,0.7,0.05,500,0.4729820782407703,0.10034916355252613,0.04949629629629629,0.030215498881385007,0.005497962336449788,0.024424424424424423,0.028428428428428427,0.01
F4,N2,CORR,4,0.7,0.05,2000,0.4729820782407703,0.10034916355252613,0.04949629629629629,0.030215498881385007,0.005497962336449788,0.022435897435897436,0.09935897435897435,0.01
F4,N2,CORR,4,0.7,0.05,5000,0.4729820782407703,0.10034916355252613,0.04949629629629629,0.030215498881385007,0.005497962336449788,0.03006012024048096,0.3466933867735471,0.01
F4,N2,CORR,4,0.7,0.05,20000,0.4729820782407703,0.10034916355252613,0.04949629629629629,0.030215498881385007,0.005497962336449788,0.0967741935483871,0.9838709677419355,0.01
F4,N2,CORR,4,0.5,0.05,500,0.4555425494139429,0.08553082625690013,0.049304904904904905,0.023842653076919126,-0.003885625909016154,0.017417417417417418,0.02122122122122122,0.01
F4,N2,CORR,4,0.5,0.05,2000,0.4555425494139429,0.08553082625690013,0.049304904904904905,0.023842653076919126,-0.003885625909016154,0.020032051282051284,0.055288461538461536,0.01
F4,N2,CORR,4,0.5,0.05,5000,0.4555425494139429,0.08553082625690013,0.049304904904904905,0.023842653076919126,-0.003885625909016154,0.026052104208416832,0.19238476953907815,0.01
F4,N2,CORR,4,0.5,0.05,20000,0.4555425494139429,0.08553082625690013,0.049304904904904905,0.023842653076919126,-0.003885625909016154,0.04838709677419355,0.8790322580645161,0.01
F4,N2,CORR,4,0.3,0.05,500,0.4224287259932196,0.06648950143073695,0.04827907907907908,0.02219577193697659,-0.007728613402243583,0.013613613613613613,0.018018018018018018,0.01
F4,N2,CORR,4,0.3,0.05,2000,0.4224287259932196,0.06648950143073695,0.04827907907907908,0.02219577193697659,-0.007728613402243583,0.014423076923076924,0.036057692307692304,0.01
F4,N2,CORR,4,0.3,0.05,5000,0.4224287259932196,0.06648950143073695,0.04827907907907908,0.02219577193697659,-0.007728613402243583,0.026052104208416832,0.10020040080160321,0.01
F4,N2,CORR,4,0.3,0.05,20000,0.4224287259932196,0.06648950143073695,0.04827907907907908,0.02219577193697659,-0.007728613402243583,0.08064516129032258,0.7258064516129032,0.01
F4,N2,CORR,4,0.15,0.05,500,0.3889214844417008,0.051335458432034076,0.048500900900900895,0.023082513252008566,-0.009987156614683987,0.01121121121121121,0.015615615615615615,0.01
F4,N2,CORR,4,0.15,0.05,2000,0.3889214844417008,0.051335458432034076,0.048500900900900895,0.023082513252008566,-0.009987156614683987,0.015224358974358974,0.032852564102564104,0.01
F4,N2,CORR,4,0.15,0.05,5000,0.3889214844417008,0.051335458432034076,0.048500900900900895,0.023082513252008566,-0.009987156614683987,0.03006012024048096,0.11623246492985972,0.01
F4,N2,CORR,4,0.15,0.05,20000,0.3889214844417008,0.051335458432034076,0.048500900900900895,0.023082513252008566,-0.009987156614683987,0.11290322580645161,0.7903225806451613,0.01
F4,N2,CORR,4,0.0,0.05,500,0.34567926653814807,0.03839969885487037,0.04923843843843844,0.02466546262715931,-0.010588120906424353,0.01061061061061061,0.016616616616616616,0.01
F4,N2,CORR,4,0.0,0.05,2000,0.34567926653814807,0.03839969885487037,0.04923843843843844,0.02466546262715931,-0.010588120906424353,0.015224358974358974,0.05929487179487179,0.01
F4,N2,CORR,4,0.0,0.05,5000,0.34567926653814807,0.03839969885487037,0.04923843843843844,0.02466546262715931,-0.010588120906424353,0.026052104208416832,0.19839679358717435,0.01
F4,N2,CORR,4,0.0,0.05,20000,0.34567926653814807,0.03839969885487037,0.04923843843843844,0.02466546262715931,-0.010588120906424353,0.10483870967741936,0.9516129032258065,0.01
F4,N2,CORR,6,0.7,0.05,500,0.47298496067870344,0.10038409972097526,0.04949829829829829,0.0302889830521628,0.005593006925596923,0.024424424424424423,0.02822822822822823,0.01
F4,N2,CORR,6,0.7,0.05,2000,0.47298496067870344,0.10038409972097526,0.04949829829829829,0.0302889830521628,0.005593006925596923,0.023237179487179488,0.10016025641025642,0.01
F4,N2,CORR,6,0.7,0.05,5000,0.47298496067870344,0.10038409972097526,0.04949829829829829,0.0302889830521628,0.005593006925596923,0.03206412825651302,0.34468937875751504,0.01
F4,N2,CORR,6,0.7,0.05,20000,0.47298496067870344,0.10038409972097526,0.04949829829829829,0.0302889830521628,0.005593006925596923,0.10483870967741936,0.9838709677419355,0.01
F4,N2,CORR,6,0.5,0.05,500,0.4551710094857144,0.0857292695532172,0.04929809809809809,0.023818051016515823,-0.00298371489992996,0.017417417417417418,0.021021021021021023,0.01
F4,N2,CORR,6,0.5,0.05,2000,0.4551710094857144,0.0857292695532172,0.04929809809809809,0.023818051016515823,-0.00298371489992996,0.019230769230769232,0.058493589743589744,0.01
F4,N2,CORR,6,0.5,0.05,5000,0.4551710094857144,0.0857292695532172,0.04929809809809809,0.023818051016515823,-0.00298371489992996,0.02004008016032064,0.18637274549098196,0.01
F4,N2,CORR,6,0.5,0.05,20000,0.4551710094857144,0.0857292695532172,0.04929809809809809,0.023818051016515823,-0.00298371489992996,0.04838709677419355,0.8951612903225806,0.01
F4,N2,CORR,6,0.3,0.05,500,0.4198403634621291,0.06659841053601205,0.04839959959959961,0.01788342494216668,-0.005063186944890696,0.013413413413413414,0.016616616616616616,0.01
F4,N2,CORR,6,0.3,0.05,2000,0.4198403634621291,0.06659841053601205,0.04839959959959961,0.01788342494216668,-0.005063186944890696,0.015224358974358974,0.036057692307692304,0.01
F4,N2,CORR,6,0.3,0.05,5000,0.4198403634621291,0.06659841053601205,0.04839959959959961,0.01788342494216668,-0.005063186944890696,0.02004008016032064,0.07014028056112225,0.01
F4,N2,CORR,6,0.3,0.05,20000,0.4198403634621291,0.06659841053601205,0.04839959959959961,0.01788342494216668,-0.005063186944890696,0.04838709677419355,0.5564516129032258,0.01
F4,N2,CORR,6,0.15,0.05,500,0.37713577656062464,0.05020498197322751,0.04881881881881881,0.012890855231705654,-0.005710808873743755,0.01061061061061061,0.01001001001001001,0.01
F4,N2,CORR,6,0.15,0.05,2000,0.37713577656062464,0.05020498197322751,0.04881881881881881,0.012890855231705654,-0.005710808873743755,0.01842948717948718,0.01282051282051282,0.01
F4,N2,CORR,6,0.15,0.05,5000,0.37713577656062464,0.05020498197322751,0.04881881881881881,0.012890855231705654,-0.005710808873743755,0.02404809619238477,0.022044088176352707,0.01
F4,N2,CORR,6,0.15,0.05,20000,0.37713577656062464,0.05020498197322751,0.04881881881881881,0.012890855231705654,-0.005710808873743755,0.04838709677419355,0.12096774193548387,0.01
F4,N2,CORR,6,0.0,0.05,500,0.2989971183507914,0.031711340691610974,0.05075115115115115,0.012079959627266688,-0.005024394717241635,0.01061061061061061,0.011411411411411412,0.01
F4,N2,CORR,6,0.0,0.05,2000,0.2989971183507914,0.031711340691610974,0.05075115115115115,0.012079959627266688,-0.005024394717241635,0.016826923076923076,0.015224358974358974,0.01
F4,N2,CORR,6,0.0,0.05,5000,0.2989971183507914,0.031711340691610974,0.05075115115115115,0.012079959627266688,-0.005024394717241635,0.018036072144288578,0.03006012024048096,0.01
F4,N2,CORR,6,0.0,0.05,20000,0.2989971183507914,0.031711340691610974,0.05075115115115115,0.012079959627266688,-0.005024394717241635,0.056451612903225805,0.14516129032258066,0.01
F4,N2,CORR,10,0.7,0.05,500,0.47298496067870344,0.10038409972097526,0.04949829829829829,0.0302889830521628,0.005593006925596923,0.024424424424424423,0.02822822822822823,0.01
F4,N2,CORR,10,0.7,0.05,2000,0.47298496067870344,0.10038409972097526,0.04949829829829829,0.0302889830521628,0.005593006925596923,0.023237179487179488,0.10016025641025642,0.01
F4,N2,CORR,10,0.7,0.05,5000,0.47298496067870344,0.10038409972097526,0.04949829829829829,0.0302889830521628,0.005593006925596923,0.03206412825651302,0.34468937875751504,0.01
F4,N2,CORR,10,0.7,0.05,20000,0.47298496067870344,0.10038409972097526,0.04949829829829829,0.0302889830521628,0.005593006925596923,0.10483870967741936,0.9838709677419355,0.01
F4,N2,CORR,10,0.5,0.05,500,0.45519991742171795,0.08576343884007302,0.049312112112112116,0.023839200020541882,-0.0029701888164838843,0.017417417417417418,0.021021021021021023,0.01
F4,N2,CORR,10,0.5,0.05,2000,0.45519991742171795,0.08576343884007302,0.049312112112112116,0.023839200020541882,-0.0029701888164838843,0.019230769230769232,0.058493589743589744,0.01
F4,N2,CORR,10,0.5,0.05,5000,0.45519991742171795,0.08576343884007302,0.049312112112112116,0.023839200020541882,-0.0029701888164838843,0.02004008016032064,0.18637274549098196,0.01
F4,N2,CORR,10,0.5,0.05,20000,0.45519991742171795,0.08576343884007302,0.049312112112112116,0.023839200020541882,-0.0029701888164838843,0.04838709677419355,0.9032258064516129,0.01
F4,N2,CORR,10,0.3,0.05,500,0.4192510930624369,0.06681206544789696,0.048360360360360365,0.018079630356337535,-0.004778170762182189,0.014014014014014014,0.016416416416416415,0.01
F4,N2,CORR,10,0.3,0.05,2000,0.4192510930624369,0.06681206544789696,0.048360360360360365,0.018079630356337535,-0.004778170762182189,0.013621794871794872,0.03365384615384615,0.01
F4,N2,CORR,10,0.3,0.05,5000,0.4192510930624369,0.06681206544789696,0.048360360360360365,0.018079630356337535,-0.004778170762182189,0.022044088176352707,0.07414829659318638,0.01
F4,N2,CORR,10,0.3,0.05,20000,0.4192510930624369,0.06681206544789696,0.048360360360360365,0.018079630356337535,-0.004778170762182189,0.04838709677419355,0.5564516129032258,0.01
F4,N2,CORR,10,0.15,0.05,500,0.37297466630741094,0.05082463744544711,0.04921561561561561,0.01247689239371841,-0.005132439695739188,0.011811811811811812,0.01121121121121121,0.01
F4,N2,CORR,10,0.15,0.05,2000,0.37297466630741094,0.05082463744544711,0.04921561561561561,0.01247689239371841,-0.005132439695739188,0.016826923076923076,0.013621794871794872,0.01
F4,N2,CORR,10,0.15,0.05,5000,0.37297466630741094,0.05082463744544711,0.04921561561561561,0.01247689239371841,-0.005132439695739188,0.028056112224448898,0.026052104208416832,0.01
F4,N2,CORR,10,0.15,0.05,20000,0.37297466630741094,0.05082463744544711,0.04921561561561561,0.01247689239371841,-0.005132439695739188,0.04838709677419355,0.10483870967741936,0.01
F4,N2,CORR,10,0.0,0.05,500,0.23470051746098983,0.027472686922689973,0.05023063063063063,0.008533400475592699,-0.0029963796166346548,0.00940940940940941,0.01121121121121121,0.01
F4,N2,CORR,10,0.0,0.05,2000,0.23470051746098983,0.027472686922689973,0.05023063063063063,0.008533400475592699,-0.0029963796166346548,0.013621794871794872,0.01201923076923077,0.01
F4,N2,CORR,10,0.0,0.05,5000,0.23470051746098983,0.027472686922689973,0.05023063063063063,0.008533400475592699,-0.0029963796166346548,0.012024048096192385,0.02404809619238477,0.01
F4,N2,CORR,10,0.0,0.05,20000,0.23470051746098983,0.027472686922689973,0.05023063063063063,0.008533400475592699,-0.0029963796166346548,0.016129032258064516,0.0,0.01
F4,N2,CORR,20,0.7,0.05,500,0.47298496067870344,0.10038409972097526,0.04949829829829829,0.0302889830521628,0.005593006925596923,0.024424424424424423,0.02822822822822823,0.01
F4,N2,CORR,20,0.7,0.05,2000,0.47298496067870344,0.10038409972097526,0.04949829829829829,0.0302889830521628,0.005593006925596923,0.023237179487179488,0.10016025641025642,0.01
F4,N2,CORR,20,0.7,0.05,5000,0.47298496067870344,0.10038409972097526,0.04949829829829829,0.0302889830521628,0.005593006925596923,0.03206412825651302,0.34468937875751504,0.01
F4,N2,CORR,20,0.7,0.05,20000,0.47298496067870344,0.10038409972097526,0.04949829829829829,0.0302889830521628,0.005593006925596923,0.10483870967741936,0.9838709677419355,0.01
F4,N2,CORR,20,0.5,0.05,500,0.45519991742171795,0.08576343884007302,0.049312112112112116,0.023839200020541882,-0.0029701888164838843,0.017417417417417418,0.021021021021021023,0.01
F4,N2,CORR,20,0.5,0.05,2000,0.45519991742171795,0.08576343884007302,0.049312112112112116,0.023839200020541882,-0.0029701888164838843,0.019230769230769232,0.058493589743589744,0.01
F4,N2,CORR,20,0.5,0.05,5000,0.45519991742171795,0.08576343884007302,0.049312112112112116,0.023839200020541882,-0.0029701888164838843,0.02004008016032064,0.18637274549098196,0.01
F4,N2,CORR,20,0.5,0.05,20000,0.45519991742171795,0.08576343884007302,0.049312112112112116,0.023839200020541882,-0.0029701888164838843,0.04838709677419355,0.9032258064516129,0.01
F4,N2,CORR,20,0.3,0.05,500,0.41925953486909984,0.06681860155757809,0.04836636636636636,0.018077805079347364,-0.004776322248479055,0.014014014014014014,0.016416416416416415,0.01
F4,N2,CORR,20,0.3,0.05,2000,0.41925953486909984,0.06681860155757809,0.04836636636636636,0.018077805079347364,-0.004776322248479055,0.013621794871794872,0.03365384615384615,0.01
F4,N2,CORR,20,0.3,0.05,5000,0.41925953486909984,0.06681860155757809,0.04836636636636636,0.018077805079347364,-0.004776322248479055,0.022044088176352707,0.07414829659318638,0.01
F4,N2,CORR,20,0.3,0.05,20000,0.41925953486909984,0.06681860155757809,0.04836636636636636,0.018077805079347364,-0.004776322248479055,0.04838709677419355,0.5564516129032258,0.01
F4,N2,CORR,20,0.15,0.05,500,0.37216333852086997,0.05095161335326033,0.04919839839839841,0.012680391058793032,-0.00503329804152198,0.011611611611611611,0.011411411411411412,0.01
F4,N2,CORR,20,0.15,0.05,2000,0.37216333852086997,0.05095161335326033,0.04919839839839841,0.012680391058793032,-0.00503329804152198,0.016826923076923076,0.013621794871794872,0.01
F4,N2,CORR,20,0.15,0.05,5000,0.37216333852086997,0.05095161335326033,0.04919839839839841,0.012680391058793032,-0.00503329804152198,0.026052104208416832,0.026052104208416832,0.01
F4,N2,CORR,20,0.15,0.05,20000,0.37216333852086997,0.05095161335326033,0.04919839839839841,0.012680391058793032,-0.00503329804152198,0.04032258064516129,0.12096774193548387,0.01
F4,N2,CORR,20,0.0,0.05,500,0.16682380073868594,0.024258577518375873,0.04990150150150151,0.008655078927893868,-0.0012185365217319746,0.01001001001001001,0.01041041041041041,0.01
F4,N2,CORR,20,0.0,0.05,2000,0.16682380073868594,0.024258577518375873,0.04990150150150151,0.008655078927893868,-0.0012185365217319746,0.01282051282051282,0.008814102564102564,0.01
F4,N2,CORR,20,0.0,0.05,5000,0.16682380073868594,0.024258577518375873,0.04990150150150151,0.008655078927893868,-0.0012185365217319746,0.012024048096192385,0.01603206412825651,0.01
F4,N2,CORR,20,0.0,0.05,20000,0.16682380073868594,0.024258577518375873,0.04990150150150151,0.008655078927893868,-0.0012185365217319746,0.016129032258064516,0.008064516129032258,0.01
F4,N2,CORR,50,0.7,0.05,500,0.47298496067870344,0.10038409972097526,0.04949829829829829,0.0302889830521628,0.005593006925596923,0.024424424424424423,0.02822822822822823,0.01
F4,N2,CORR,50,0.7,0.05,2000,0.47298496067870344,0.10038409972097526,0.04949829829829829,0.0302889830521628,0.005593006925596923,0.023237179487179488,0.10016025641025642,0.01
F4,N2,CORR,50,0.7,0.05,5000,0.47298496067870344,0.10038409972097526,0.04949829829829829,0.0302889830521628,0.005593006925596923,0.03206412825651302,0.34468937875751504,0.01
F4,N2,CORR,50,0.7,0.05,20000,0.47298496067870344,0.10038409972097526,0.04949829829829829,0.0302889830521628,0.005593006925596923,0.10483870967741936,0.9838709677419355,0.01
F4,N2,CORR,50,0.5,0.05,500,0.45519991742171795,0.08576343884007302,0.049312112112112116,0.023839200020541882,-0.0029701888164838843,0.017417417417417418,0.021021021021021023,0.01
F4,N2,CORR,50,0.5,0.05,2000,0.45519991742171795,0.08576343884007302,0.049312112112112116,0.023839200020541882,-0.0029701888164838843,0.019230769230769232,0.058493589743589744,0.01
F4,N2,CORR,50,0.5,0.05,5000,0.45519991742171795,0.08576343884007302,0.049312112112112116,0.023839200020541882,-0.0029701888164838843,0.02004008016032064,0.18637274549098196,0.01
F4,N2,CORR,50,0.5,0.05,20000,0.45519991742171795,0.08576343884007302,0.049312112112112116,0.023839200020541882,-0.0029701888164838843,0.04838709677419355,0.9032258064516129,0.01
F4,N2,CORR,50,0.3,0.05,500,0.41925953486909984,0.06681860155757809,0.04836636636636636,0.018077805079347364,-0.004776322248479055,0.014014014014014014,0.016416416416416415,0.01
F4,N2,CORR,50,0.3,0.05,2000,0.41925953486909984,0.06681860155757809,0.04836636636636636,0.018077805079347364,-0.004776322248479055,0.013621794871794872,0.03365384615384615,0.01
F4,N2,CORR,50,0.3,0.05,5000,0.41925953486909984,0.06681860155757809,0.04836636636636636,0.018077805079347364,-0.004776322248479055,0.022044088176352707,0.07414829659318638,0.01
F4,N2,CORR,50,0.3,0.05,20000,0.41925953486909984,0.06681860155757809,0.04836636636636636,0.018077805079347364,-0.004776322248479055,0.04838709677419355,0.5564516129032258,0.01
F4,N2,CORR,50,0.15,0.05,500,0.37216706851507747,0.05095830420580693,0.04920120120120121,0.012679682936407099,-0.00503114024881667,0.011611611611611611,0.011411411411411412,0.01
F4,N2,CORR,50,0.15,0.05,2000,0.37216706851507747,0.05095830420580693,0.04920120120120121,0.012679682936407099,-0.00503114024881667,0.016826923076923076,0.013621794871794872,0.01
F4,N2,CORR,50,0.15,0.05,5000,0.37216706851507747,0.05095830420580693,0.04920120120120121,0.012679682936407099,-0.00503114024881667,0.026052104208416832,0.026052104208416832,0.01
F4,N2,CORR,50,0.15,0.05,20000,0.37216706851507747,0.05095830420580693,0.04920120120120121,0.012679682936407099,-0.00503114024881667,0.04032258064516129,0.12096774193548387,0.01
F4,N2,CORR,50,0.0,0.05,500,0.12250104817161592,0.023803334817767655,0.057166366366366364,0.008189654436291294,-0.0005957964357121099,0.010810810810810811,0.010810810810810811,0.01
F4,N2,CORR,50,0.0,0.05,2000,0.12250104817161592,0.023803334817767655,0.057166366366366364,0.008189654436291294,-0.0005957964357121099,0.016025641025641024,0.005608974358974359,0.01
F4,N2,CORR,50,0.0,0.05,5000,0.12250104817161592,0.023803334817767655,0.057166366366366364,0.008189654436291294,-0.0005957964357121099,0.01603206412825651,0.012024048096192385,0.01
F4,N2,CORR,50,0.0,0.05,20000,0.12250104817161592,0.023803334817767655,0.057166366366366364,0.008189654436291294,-0.0005957964357121099,0.008064516129032258,0.0,0.01
F4,N2,MEMLESS,1,1.0,0.1,500,0.6069227734989691,0.14838048016594024,0.09933533533533533,0.030747549332326235,-0.030747549332326228,0.036836836836836834,0.01961961961961962,0.01
F4,N2,MEMLESS,1,1.0,0.1,2000,0.6069227734989691,0.14838048016594024,0.09933533533533533,0.030747549332326235,-0.030747549332326228,0.10336538461538461,0.038461538461538464,0.01
F4,N2,MEMLESS,1,1.0,0.1,5000,0.6069227734989691,0.14838048016594024,0.09933533533533533,0.030747549332326235,-0.030747549332326228,0.2545090180360721,0.13226452905811623,0.01
F4,N2,MEMLESS,1,1.0,0.1,20000,0.6069227734989691,0.14838048016594024,0.09933533533533533,0.030747549332326235,-0.030747549332326228,0.8629032258064516,0.7338709677419355,0.01
F4,N2,CORR,2,0.7,0.1,500,0.5991626143569002,0.13924604768016688,0.09916756756756756,0.03980619379843622,-0.03980619379843622,0.037237237237237236,0.018618618618618618,0.01
F4,N2,CORR,2,0.7,0.1,2000,0.5991626143569002,0.13924604768016688,0.09916756756756756,0.03980619379843622,-0.03980619379843622,0.1530448717948718,0.052884615384615384,0.01
F4,N2,CORR,2,0.7,0.1,5000,0.5991626143569002,0.13924604768016688,0.09916756756756756,0.03980619379843622,-0.03980619379843622,0.4468937875751503,0.21442885771543085,0.01
F4,N2,CORR,2,0.7,0.1,20000,0.5991626143569002,0.13924604768016688,0.09916756756756756,0.03980619379843622,-0.03980619379843622,0.9838709677419355,0.9516129032258065,0.01
F4,N2,CORR,2,0.5,0.1,500,0.5853441333729027,0.13147504057683135,0.09942582582582583,0.04268432880827098,-0.04268432880827099,0.03323323323323323,0.02002002002002002,0.01
F4,N2,CORR,2,0.5,0.1,2000,0.5853441333729027,0.13147504057683135,0.09942582582582583,0.04268432880827098,-0.04268432880827099,0.17467948717948717,0.07291666666666667,0.01
F4,N2,CORR,2,0.5,0.1,5000,0.5853441333729027,0.13147504057683135,0.09942582582582583,0.04268432880827098,-0.04268432880827099,0.5110220440881763,0.26452905811623245,0.01
F4,N2,CORR,2,0.5,0.1,20000,0.5853441333729027,0.13147504057683135,0.09942582582582583,0.04268432880827098,-0.04268432880827099,1.0,0.9758064516129032,0.01
F4,N2,CORR,2,0.3,0.1,500,0.5651254973950346,0.12181119691686888,0.09978378378378379,0.044337617266848796,-0.04433761726684879,0.03643643643643644,0.01981981981981982,0.01
F4,N2,CORR,2,0.3,0.1,2000,0.5651254973950346,0.12181119691686888,0.09978378378378379,0.044337617266848796,-0.04433761726684879,0.20112179487179488,0.06971153846153846,0.01
F4,N2,CORR,2,0.3,0.1,5000,0.5651254973950346,0.12181119691686888,0.09978378378378379,0.044337617266848796,-0.04433761726684879,0.5511022044088176,0.2965931863727455,0.01
F4,N2,CORR,2,0.3,0.1,20000,0.5651254973950346,0.12181119691686888,0.09978378378378379,0.044337617266848796,-0.04433761726684879,1.0,0.9919354838709677,0.01
F4,N2,CORR,2,0.15,0.1,500,0.5459660342371228,0.11371155143037778,0.09915475475475474,0.04434240281281523,-0.04434240281281523,0.03803803803803804,0.01981981981981982,0.01
F4,N2,CORR,2,0.15,0.1,2000,0.5459660342371228,0.11371155143037778,0.09915475475475474,0.04434240281281523,-0.04434240281281523,0.20032051282051283,0.07532051282051282,0.01
F4,N2,CORR,2,0.15,0.1,5000,0.5459660342371228,0.11371155143037778,0.09915475475475474,0.04434240281281523,-0.04434240281281523,0.561122244488978,0.2985971943887776,0.01
F4,N2,CORR,2,0.15,0.1,20000,0.5459660342371228,0.11371155143037778,0.09915475475475474,0.04434240281281523,-0.04434240281281523,0.9919354838709677,1.0,0.01
F4,N2,CORR,2,0.0,0.1,500,0.5283477616099287,0.1070296187199219,0.09923923923923926,0.04343257094765352,-0.04343257094765354,0.036836836836836834,0.02082082082082082,0.01
F4,N2,CORR,2,0.0,0.1,2000,0.5283477616099287,0.1070296187199219,0.09923923923923926,0.04343257094765352,-0.04343257094765354,0.1971153846153846,0.08173076923076923,0.01
F4,N2,CORR,2,0.0,0.1,5000,0.5283477616099287,0.1070296187199219,0.09923923923923926,0.04343257094765352,-0.04343257094765354,0.5430861723446894,0.31462925851703405,0.01
F4,N2,CORR,2,0.0,0.1,20000,0.5283477616099287,0.1070296187199219,0.09923923923923926,0.04343257094765352,-0.04343257094765354,1.0,1.0,0.01
F4,N2,CORR,4,0.7,0.1,500,0.5981841250399443,0.1384485816643105,0.09918038038038038,0.0350054120468154,-0.0350054120468154,0.028428428428428427,0.015615615615615615,0.01
F4,N2,CORR,4,0.7,0.1,2000,0.5981841250399443,0.1384485816643105,0.09918038038038038,0.0350054120468154,-0.0350054120468154,0.11217948717948718,0.036057692307692304,0.01
F4,N2,CORR,4,0.7,0.1,5000,0.5981841250399443,0.1384485816643105,0.09918038038038038,0.0350054120468154,-0.0350054120468154,0.33867735470941884,0.16432865731462926,0.01
F4,N2,CORR,4,0.7,0.1,20000,0.5981841250399443,0.1384485816643105,0.09918038038038038,0.0350054120468154,-0.0350054120468154,0.9435483870967742,0.8790322580645161,0.01
F4,N2,CORR,4,0.5,0.1,500,0.5796426869500394,0.12769741177331406,0.09953513513513514,0.029347183993728133,-0.02933973609594062,0.01761761761761762,0.012612612612612612,0.01
F4,N2,CORR,4,0.5,0.1,2000,0.5796426869500394,0.12769741177331406,0.09953513513513514,0.029347183993728133,-0.02933973609594062,0.07612179487179487,0.030448717948717948,0.01
F4,N2,CORR,4,0.5,0.1,5000,0.5796426869500394,0.12769741177331406,0.09953513513513514,0.029347183993728133,-0.02933973609594062,0.21042084168336672,0.1462925851703407,0.01
F4,N2,CORR,4,0.5,0.1,20000,0.5796426869500394,0.12769741177331406,0.09953513513513514,0.029347183993728133,-0.02933973609594062,0.8790322580645161,0.7580645161290323,0.01
F4,N2,CORR,4,0.3,0.1,500,0.5435495062338273,0.10797214034856939,0.09895535535535535,0.02338865627131597,-0.022412944931913165,0.012812812812812813,0.012812812812812813,0.01
F4,N2,CORR,4,0.3,0.1,2000,0.5435495062338273,0.10797214034856939,0.09895535535535535,0.02338865627131597,-0.022412944931913165,0.04487179487179487,0.023237179487179488,0.01
F4,N2,CORR,4,0.3,0.1,5000,0.5435495062338273,0.10797214034856939,0.09895535535535535,0.02338865627131597,-0.022412944931913165,0.12024048096192384,0.0841683366733467,0.01
F4,N2,CORR,4,0.3,0.1,20000,0.5435495062338273,0.10797214034856939,0.09895535535535535,0.02338865627131597,-0.022412944931913165,0.6209677419354839,0.717741935483871,0.01
F4,N2,CORR,4,0.15,0.1,500,0.5061980347789524,0.08793045824324798,0.0986978978978979,0.021390635187014787,-0.018636786693063546,0.012412412412412413,0.013813813813813814,0.01
F4,N2,CORR,4,0.15,0.1,2000,0.5061980347789524,0.08793045824324798,0.0986978978978979,0.021390635187014787,-0.018636786693063546,0.03445512820512821,0.03445512820512821,0.01
F4,N2,CORR,4,0.15,0.1,5000,0.5061980347789524,0.08793045824324798,0.0986978978978979,0.021390635187014787,-0.018636786693063546,0.0841683366733467,0.11623246492985972,0.01
F4,N2,CORR,4,0.15,0.1,20000,0.5061980347789524,0.08793045824324798,0.0986978978978979,0.021390635187014787,-0.018636786693063546,0.3870967741935484,0.7580645161290323,0.01
F4,N2,CORR,4,0.0,0.1,500,0.45989606077098844,0.06516332509767696,0.09719879879879878,0.024776990693697303,-0.015450481666391833,0.012812812812812813,0.01761761761761762,0.01
F4,N2,CORR,4,0.0,0.1,2000,0.45989606077098844,0.06516332509767696,0.09719879879879878,0.024776990693697303,-0.015450481666391833,0.022435897435897436,0.04487179487179487,0.01
F4,N2,CORR,4,0.0,0.1,5000,0.45989606077098844,0.06516332509767696,0.09719879879879878,0.024776990693697303,-0.015450481666391833,0.056112224448897796,0.16432865731462926,0.01
F4,N2,CORR,4,0.0,0.1,20000,0.45989606077098844,0.06516332509767696,0.09719879879879878,0.024776990693697303,-0.015450481666391833,0.29838709677419356,0.9274193548387096,0.01
F4,N2,CORR,6,0.7,0.1,500,0.5981224790719198,0.13841814669127847,0.09915915915915917,0.03494113122386375,-0.03494113122386373,0.028428428428428427,0.015415415415415416,0.01
F4,N2,CORR,6,0.7,0.1,2000,0.5981224790719198,0.13841814669127847,0.09915915915915917,0.03494113122386375,-0.03494113122386373,0.11217948717948718,0.036057692307692304,0.01
F4,N2,CORR,6,0.7,0.1,5000,0.5981224790719198,0.13841814669127847,0.09915915915915917,0.03494113122386375,-0.03494113122386373,0.3366733466933868,0.16633266533066132,0.01
F4,N2,CORR,6,0.7,0.1,20000,0.5981224790719198,0.13841814669127847,0.09915915915915917,0.03494113122386375,-0.03494113122386373,0.9354838709677419,0.8629032258064516,0.01
F4,N2,CORR,6,0.5,0.1,500,0.5792127980228767,0.12772178991601865,0.09952032032032034,0.02877351950449584,-0.028773511647949584,0.018018018018018018,0.013013013013013013,0.01
F4,N2,CORR,6,0.5,0.1,2000,0.5792127980228767,0.12772178991601865,0.09952032032032034,0.02877351950449584,-0.028773511647949584,0.07451923076923077,0.029647435897435896,0.01
F4,N2,CORR,6,0.5,0.1,5000,0.5792127980228767,0.12772178991601865,0.09952032032032034,0.02877351950449584,-0.028773511647949584,0.20440881763527055,0.13226452905811623,0.01
F4,N2,CORR,6,0.5,0.1,20000,0.5792127980228767,0.12772178991601865,0.09952032032032034,0.02877351950449584,-0.028773511647949584,0.8467741935483871,0.7096774193548387,0.01
F4,N2,CORR,6,0.3,0.1,500,0.5386930769164213,0.10668919339698547,0.09842162162162162,0.020361866575516738,-0.019624129355498475,0.012012012012012012,0.012012012012012012,0.01
F4,N2,CORR,6,0.3,0.1,2000,0.5386930769164213,0.10668919339698547,0.09842162162162162,0.020361866575516738,-0.019624129355498475,0.03125,0.01842948717948718,0.01
F4,N2,CORR,6,0.3,0.1,5000,0.5386930769164213,0.10668919339698547,0.09842162162162162,0.020361866575516738,-0.019624129355498475,0.09418837675350701,0.04408817635270541,0.01
F4,N2,CORR,6,0.3,0.1,20000,0.5386930769164213,0.10668919339698547,0.09842162162162162,0.020361866575516738,-0.019624129355498475,0.4435483870967742,0.41935483870967744,0.01
F4,N2,CORR,6,0.15,0.1,500,0.49353367067638454,0.08354957951539779,0.09918998998999,0.01481936027155958,-0.01281521579444974,0.010810810810810811,0.012012012012012012,0.01
F4,N2,CORR,6,0.15,0.1,2000,0.49353367067638454,0.08354957951539779,0.09918998998999,0.01481936027155958,-0.01281521579444974,0.016025641025641024,0.016826923076923076,0.01
F4,N2,CORR,6,0.15,0.1,5000,0.49353367067638454,0.08354957951539779,0.09918998998999,0.01481936027155958,-0.01281521579444974,0.04208416833667335,0.03406813627254509,0.01
F4,N2,CORR,6,0.15,0.1,20000,0.49353367067638454,0.08354957951539779,0.09918998998999,0.01481936027155958,-0.01281521579444974,0.20967741935483872,0.18548387096774194,0.01
F4,N2,CORR,6,0.0,0.1,500,0.41585147196096645,0.051558951742374376,0.09645205205205204,0.014201883220189962,-0.007780937601688785,0.01061061061061061,0.011411411411411412,0.01
F4,N2,CORR,6,0.0,0.1,2000,0.41585147196096645,0.051558951742374376,0.09645205205205204,0.014201883220189962,-0.007780937601688785,0.011217948717948718,0.021634615384615384,0.01
F4,N2,CORR,6,0.0,0.1,5000,0.41585147196096645,0.051558951742374376,0.09645205205205204,0.014201883220189962,-0.007780937601688785,0.022044088176352707,0.04208416833667335,0.01
F4,N2,CORR,6,0.0,0.1,20000,0.41585147196096645,0.051558951742374376,0.09645205205205204,0.014201883220189962,-0.007780937601688785,0.06451612903225806,0.31451612903225806,0.01
F4,N2,CORR,10,0.7,0.1,500,0.5981224790719198,0.13841814669127847,0.09915915915915917,0.03494113122386375,-0.03494113122386373,0.028428428428428427,0.015415415415415416,0.01
F4,N2,CORR,10,0.7,0.1,2000,0.5981224790719198,0.13841814669127847,0.09915915915915917,0.03494113122386375,-0.03494113122386373,0.11217948717948718,0.036057692307692304,0.01
F4,N2,CORR,10,0.7,0.1,5000,0.5981224790719198,0.13841814669127847,0.09915915915915917,0.03494113122386375,-0.03494113122386373,0.3366733466933868,0.16633266533066132,0.01
F4,N2,CORR,10,0.7,0.1,20000,0.5981224790719198,0.13841814669127847,0.09915915915915917,0.03494113122386375,-0.03494113122386373,0.9354838709677419,0.8629032258064516,0.01
F4,N2,CORR,10,0.5,0.1,500,0.5792393436298062,0.1277672879695698,0.09955195195195195,0.028745137878033386,-0.028741644146967213,0.018018018018018018,0.013013013013013013,0.01
F4,N2,CORR,10,0.5,0.1,2000,0.5792393436298062,0.1277672879695698,0.09955195195195195,0.028745137878033386,-0.028741644146967213,0.07371794871794872,0.030448717948717948,0.01
F4,N2,CORR,10,0.5,0.1,5000,0.5792393436298062,0.1277672879695698,0.09955195195195195,0.028745137878033386,-0.028741644146967213,0.20440881763527055,0.13226452905811623,0.01
F4,N2,CORR,10,0.5,0.1,20000,0.5792393436298062,0.1277672879695698,0.09955195195195195,0.028745137878033386,-0.028741644146967213,0.8467741935483871,0.7096774193548387,0.01
F4,N2,CORR,10,0.3,0.1,500,0.537530500677208,0.10660418762154075,0.09831631631631631,0.019705680760665364,-0.01900176062840837,0.013013013013013013,0.011811811811811812,0.01
F4,N2,CORR,10,0.3,0.1,2000,0.537530500677208,0.10660418762154075,0.09831631631631631,0.019705680760665364,-0.01900176062840837,0.03125,0.016826923076923076,0.01
F4,N2,CORR,10,0.3,0.1,5000,0.537530500677208,0.10660418762154075,0.09831631631631631,0.019705680760665364,-0.01900176062840837,0.09018036072144289,0.04609218436873747,0.01
F4,N2,CORR,10,0.3,0.1,20000,0.537530500677208,0.10660418762154075,0.09831631631631631,0.019705680760665364,-0.01900176062840837,0.41935483870967744,0.3548387096774194,0.01
F4,N2,CORR,10,0.15,0.1,500,0.48464495717898265,0.08194977537166456,0.0983991991991992,0.01277610577570189,-0.010418851985241723,0.01061061061061061,0.013813813813813814,0.01
F4,N2,CORR,10,0.15,0.1,2000,0.48464495717898265,0.08194977537166456,0.0983991991991992,0.01277610577570189,-0.010418851985241723,0.01282051282051282,0.015224358974358974,0.01
F4,N2,CORR,10,0.15,0.1,5000,0.48464495717898265,0.08194977537166456,0.0983991991991992,0.01277610577570189,-0.010418851985241723,0.03807615230460922,0.026052104208416832,0.01
F4,N2,CORR,10,0.15,0.1,20000,0.48464495717898265,0.08194977537166456,0.0983991991991992,0.01277610577570189,-0.010418851985241723,0.13709677419354838,0.12096774193548387,0.01
F4,N2,CORR,10,0.0,0.1,500,0.3602514671400492,0.0481846464680562,0.09998838838838842,0.00965196121349083,-0.005076561194233261,0.008208208208208207,0.01001001001001001,0.01
F4,N2,CORR,10,0.0,0.1,2000,0.3602514671400492,0.0481846464680562,0.09998838838838842,0.00965196121349083,-0.005076561194233261,0.015224358974358974,0.008012820512820512,0.01
F4,N2,CORR,10,0.0,0.1,5000,0.3602514671400492,0.0481846464680562,0.09998838838838842,0.00965196121349083,-0.005076561194233261,0.018036072144288578,0.006012024048096192,0.01
F4,N2,CORR,10,0.0,0.1,20000,0.3602514671400492,0.0481846464680562,0.09998838838838842,0.00965196121349083,-0.005076561194233261,0.04032258064516129,0.024193548387096774,0.01
F4,N2,CORR,20,0.7,0.1,500,0.5981224790719198,0.13841814669127847,0.09915915915915917,0.03494113122386375,-0.03494113122386373,0.028428428428428427,0.015415415415415416,0.01
F4,N2,CORR,20,0.7,0.1,2000,0.5981224790719198,0.13841814669127847,0.09915915915915917,0.03494113122386375,-0.03494113122386373,0.11217948717948718,0.036057692307692304,0.01
F4,N2,CORR,20,0.7,0.1,5000,0.5981224790719198,0.13841814669127847,0.09915915915915917,0.03494113122386375,-0.03494113122386373,0.3366733466933868,0.16633266533066132,0.01
F4,N2,CORR,20,0.7,0.1,20000,0.5981224790719198,0.13841814669127847,0.09915915915915917,0.03494113122386375,-0.03494113122386373,0.9354838709677419,0.8629032258064516,0.01
F4,N2,CORR,20,0.5,0.1,500,0.5792393436298062,0.1277672879695698,0.09955195195195195,0.028745137878033386,-0.028741644146967213,0.018018018018018018,0.013013013013013013,0.01
F4,N2,CORR,20,0.5,0.1,2000,0.5792393436298062,0.1277672879695698,0.09955195195195195,0.028745137878033386,-0.028741644146967213,0.07371794871794872,0.030448717948717948,0.01
F4,N2,CORR,20,0.5,0.1,5000,0.5792393436298062,0.1277672879695698,0.09955195195195195,0.028745137878033386,-0.028741644146967213,0.20440881763527055,0.13226452905811623,0.01
F4,N2,CORR,20,0.5,0.1,20000,0.5792393436298062,0.1277672879695698,0.09955195195195195,0.028745137878033386,-0.028741644146967213,0.8467741935483871,0.7096774193548387,0.01
F4,N2,CORR,20,0.3,0.1,500,0.5374691111254246,0.10657665760115081,0.0983119119119119,0.019669665935866838,-0.018965832772110437,0.013013013013013013,0.011811811811811812,0.01
F4,N2,CORR,20,0.3,0.1,2000,0.5374691111254246,0.10657665760115081,0.0983119119119119,0.019669665935866838,-0.018965832772110437,0.03125,0.016826923076923076,0.01
F4,N2,CORR,20,0.3,0.1,5000,0.5374691111254246,0.10657665760115081,0.0983119119119119,0.019669665935866838,-0.018965832772110437,0.08817635270541083,0.04609218436873747,0.01
F4,N2,CORR,20,0.3,0.1,20000,0.5374691111254246,0.10657665760115081,0.0983119119119119,0.019669665935866838,-0.018965832772110437,0.4032258064516129,0.3629032258064516,0.01
F4,N2,CORR,20,0.15,0.1,500,0.48315562455746147,0.0818570975438591,0.09852452452452452,0.012587463513846174,-0.009972347982505075,0.01061061061061061,0.013213213213213212,0.01
F4,N2,CORR,20,0.15,0.1,2000,0.48315562455746147,0.0818570975438591,0.09852452452452452,0.012587463513846174,-0.009972347982505075,0.011217948717948718,0.013621794871794872,0.01
F4,N2,CORR,20,0.15,0.1,5000,0.48315562455746147,0.0818570975438591,0.09852452452452452,0.012587463513846174,-0.009972347982505075,0.036072144288577156,0.026052104208416832,0.01
F4,N2,CORR,20,0.15,0.1,20000,0.48315562455746147,0.0818570975438591,0.09852452452452452,0.012587463513846174,-0.009972347982505075,0.10483870967741936,0.11290322580645161,0.01
F4,N2,CORR,20,0.0,0.1,500,0.27582057832979673,0.04406107065651152,0.09927447447447448,0.008478087319614027,-0.0029125358873418137,0.010810810810810811,0.011011011011011011,0.01
F4,N2,CORR,20,0.0,0.1,2000,0.27582057832979673,0.04406107065651152,0.09927447447447448,0.008478087319614027,-0.0029125358873418137,0.01201923076923077,0.008012820512820512,0.01
F4,N2,CORR,20,0.0,0.1,5000,0.27582057832979673,0.04406107065651152,0.09927447447447448,0.008478087319614027,-0.0029125358873418137,0.012024048096192385,0.018036072144288578,0.01
F4,N2,CORR,20,0.0,0.1,20000,0.27582057832979673,0.04406107065651152,0.09927447447447448,0.008478087319614027,-0.0029125358873418137,0.008064516129032258,0.008064516129032258,0.01
F4,N2,CORR,50,0.7,0.1,500,0.5981224790719198,0.13841814669127847,0.09915915915915917,0.03494113122386375,-0.03494113122386373,0.028428428428428427,0.015415415415415416,0.01
F4,N2,CORR,50,0.7,0.1,2000,0.5981224790719198,0.13841814669127847,0.09915915915915917,0.03494113122386375,-0.03494113122386373,0.11217948717948718,0.036057692307692304,0.01
F4,N2,CORR,50,0.7,0.1,5000,0.5981224790719198,0.13841814669127847,0.09915915915915917,0.03494113122386375,-0.03494113122386373,0.3366733466933868,0.16633266533066132,0.01
F4,N2,CORR,50,0.7,0.1,20000,0.5981224790719198,0.13841814669127847,0.09915915915915917,0.03494113122386375,-0.03494113122386373,0.9354838709677419,0.8629032258064516,0.01
F4,N2,CORR,50,0.5,0.1,500,0.5792393436298062,0.1277672879695698,0.09955195195195195,0.028745137878033386,-0.028741644146967213,0.018018018018018018,0.013013013013013013,0.01
F4,N2,CORR,50,0.5,0.1,2000,0.5792393436298062,0.1277672879695698,0.09955195195195195,0.028745137878033386,-0.028741644146967213,0.07371794871794872,0.030448717948717948,0.01
F4,N2,CORR,50,0.5,0.1,5000,0.5792393436298062,0.1277672879695698,0.09955195195195195,0.028745137878033386,-0.028741644146967213,0.20440881763527055,0.13226452905811623,0.01
F4,N2,CORR,50,0.5,0.1,20000,0.5792393436298062,0.1277672879695698,0.09955195195195195,0.028745137878033386,-0.028741644146967213,0.8467741935483871,0.7096774193548387,0.01
F4,N2,CORR,50,0.3,0.1,500,0.5374691111254246,0.10657665760115081,0.0983119119119119,0.019669665935866838,-0.018965832772110437,0.013013013013013013,0.011811811811811812,0.01
F4,N2,CORR,50,0.3,0.1,2000,0.5374691111254246,0.10657665760115081,0.0983119119119119,0.019669665935866838,-0.018965832772110437,0.03125,0.016826923076923076,0.01
F4,N2,CORR,50,0.3,0.1,5000,0.5374691111254246,0.10657665760115081,0.0983119119119119,0.019669665935866838,-0.018965832772110437,0.08817635270541083,0.04609218436873747,0.01
F4,N2,CORR,50,0.3,0.1,20000,0.5374691111254246,0.10657665760115081,0.0983119119119119,0.019669665935866838,-0.018965832772110437,0.4032258064516129,0.3629032258064516,0.01
F4,N2,CORR,50,0.15,0.1,500,0.4831704208384079,0.08186986812204416,0.09855215215215216,0.01258052932581867,-0.009966203762119279,0.01061061061061061,0.013413413413413414,0.01
F4,N2,CORR,50,0.15,0.1,2000,0.4831704208384079,0.08186986812204416,0.09855215215215216,0.01258052932581867,-0.009966203762119279,0.011217948717948718,0.013621794871794872,0.01
F4,N2,CORR,50,0.15,0.1,5000,0.4831704208384079,0.08186986812204416,0.09855215215215216,0.01258052932581867,-0.009966203762119279,0.036072144288577156,0.026052104208416832,0.01
F4,N2,CORR,50,0.15,0.1,20000,0.4831704208384079,0.08186986812204416,0.09855215215215216,0.01258052932581867,-0.009966203762119279,0.11290322580645161,0.11290322580645161,0.01
F4,N2,CORR,50,0.0,0.1,500,0.19995670953530048,0.04155005912911841,0.10219059059059062,0.008906270159253271,-0.0011888566552672847,0.01041041041041041,0.01021021021021021,0.01
F4,N2,CORR,50,0.0,0.1,2000,0.19995670953530048,0.04155005912911841,0.10219059059059062,0.008906270159253271,-0.0011888566552672847,0.016826923076923076,0.005608974358974359,0.01
F4,N2,CORR,50,0.0,0.1,5000,0.19995670953530048,0.04155005912911841,0.10219059059059062,0.008906270159253271,-0.0011888566552672847,0.012024048096192385,0.01002004008016032,0.01
F4,N2,CORR,50,0.0,0.1,20000,0.19995670953530048,0.04155005912911841,0.10219059059059062,0.008906270159253271,-0.0011888566552672847,0.024193548387096774,0.0,0.01
F4,N2,MEMLESS,1,1.0,0.2,500,0.7607763419920333,0.20997857558158606,0.19995995995995994,0.06037092915416272,-0.060370929154162714,0.07307307307307308,0.03063063063063063,0.01
F4,N2,MEMLESS,1,1.0,0.2,2000,0.7607763419920333,0.20997857558158606,0.19995995995995994,0.06037092915416272,-0.060370929154162714,0.4150641025641026,0.2155448717948718,0.01
F4,N2,MEMLESS,1,1.0,0.2,5000,0.7607763419920333,0.20997857558158606,0.19995995995995994,0.06037092915416272,-0.060370929154162714,0.8577154308617234,0.7214428857715431,0.01
F4,N2,MEMLESS,1,1.0,0.2,20000,0.7607763419920333,0.20997857558158606,0.19995995995995994,0.06037092915416272,-0.060370929154162714,1.0,1.0,0.01
F4,N2,CORR,2,0.7,0.2,500,0.7527681338824651,0.20684450507612923,0.2001293293293293,0.051826678573111816,-0.05182667857311182,0.045445445445445445,0.026826826826826827,0.01
F4,N2,CORR,2,0.7,0.2,2000,0.7527681338824651,0.20684450507612923,0.2001293293293293,0.051826678573111816,-0.05182667857311182,0.29086538461538464,0.1794871794871795,0.01
F4,N2,CORR,2,0.7,0.2,5000,0.7527681338824651,0.20684450507612923,0.2001293293293293,0.051826678573111816,-0.05182667857311182,0.7134268537074149,0.625250501002004,0.01
F4,N2,CORR,2,0.7,0.2,20000,0.7527681338824651,0.20684450507612923,0.2001293293293293,0.051826678573111816,-0.05182667857311182,1.0,1.0,0.01
F4,N2,CORR,2,0.5,0.2,500,0.737850618849127,0.19998469922773737,0.20070150150150148,0.04839748644353323,-0.04839748644353323,0.033633633633633635,0.026426426426426425,0.01
F4,N2,CORR,2,0.5,0.2,2000,0.737850618849127,0.19998469922773737,0.20070150150150148,0.04839748644353323,-0.04839748644353323,0.23717948717948717,0.16185897435897437,0.01
F4,N2,CORR,2,0.5,0.2,5000,0.737850618849127,0.19998469922773737,0.20070150150150148,0.04839748644353323,-0.04839748644353323,0.6492985971943888,0.5991983967935872,0.01
F4,N2,CORR,2,0.5,0.2,20000,0.737850618849127,0.19998469922773737,0.20070150150150148,0.04839748644353323,-0.04839748644353323,1.0,1.0,0.01
F4,N2,CORR,2,0.3,0.2,500,0.7143869990405449,0.1886477895421384,0.20068028028028032,0.047267062562310586,-0.04726706256231058,0.03283283283283283,0.024824824824824825,0.01
F4,N2,CORR,2,0.3,0.2,2000,0.7143869990405449,0.1886477895421384,0.20068028028028032,0.047267062562310586,-0.04726706256231058,0.21314102564102563,0.1482371794871795,0.01
F4,N2,CORR,2,0.3,0.2,5000,0.7143869990405449,0.1886477895421384,0.20068028028028032,0.047267062562310586,-0.04726706256231058,0.6232464929859719,0.5791583166332666,0.01
F4,N2,CORR,2,0.3,0.2,20000,0.7143869990405449,0.1886477895421384,0.20068028028028032,0.047267062562310586,-0.04726706256231058,1.0,1.0,0.01
F4,N2,CORR,2,0.15,0.2,500,0.6930422610882755,0.17827606947244212,0.2000936936936937,0.0472783002672916,-0.04727830026729159,0.033433433433433433,0.025825825825825825,0.01
F4,N2,CORR,2,0.15,0.2,2000,0.6930422610882755,0.17827606947244212,0.2000936936936937,0.0472783002672916,-0.04727830026729159,0.21314102564102563,0.14342948717948717,0.01
F4,N2,CORR,2,0.15,0.2,5000,0.6930422610882755,0.17827606947244212,0.2000936936936937,0.0472783002672916,-0.04727830026729159,0.5991983967935872,0.5511022044088176,0.01
F4,N2,CORR,2,0.15,0.2,20000,0.6930422610882755,0.17827606947244212,0.2000936936936937,0.0472783002672916,-0.04727830026729159,1.0,1.0,0.01
F4,N2,CORR,2,0.0,0.2,500,0.6709959419812667,0.1678033969979642,0.19942022022022018,0.04771499397719099,-0.04771499397719098,0.03863863863863864,0.023623623623623625,0.01
F4,N2,CORR,2,0.0,0.2,2000,0.6709959419812667,0.1678033969979642,0.19942022022022018,0.04771499397719099,-0.04771499397719098,0.21474358974358973,0.12980769230769232,0.01
F4,N2,CORR,2,0.0,0.2,5000,0.6709959419812667,0.1678033969979642,0.19942022022022018,0.04771499397719099,-0.04771499397719098,0.6352705410821643,0.5050100200400801,0.01
F4,N2,CORR,2,0.0,0.2,20000,0.6709959419812667,0.1678033969979642,0.19942022022022018,0.04771499397719099,-0.04771499397719098,1.0,1.0,0.01
F4,N2,CORR,4,0.7,0.2,500,0.7519803709719898,0.20734230905866385,0.20037317317317316,0.04819295018866593,-0.048192950188665915,0.03843843843843844,0.024024024024024024,0.01
F4,N2,CORR,4,0.7,0.2,2000,0.7519803709719898,0.20734230905866385,0.20037317317317316,0.04819295018866593,-0.048192950188665915,0.23477564102564102,0.1546474358974359,0.01
F4,N2,CORR,4,0.7,0.2,5000,0.7519803709719898,0.20734230905866385,0.20037317317317316,0.04819295018866593,-0.048192950188665915,0.625250501002004,0.5531062124248497,0.01
F4,N2,CORR,4,0.7,0.2,20000,0.7519803709719898,0.20734230905866385,0.20037317317317316,0.04819295018866593,-0.048192950188665915,1.0,1.0,0.01
F4,N2,CORR,4,0.5,0.2,500,0.7312927148932192,0.19822465023108196,0.20057817817817816,0.03979629148068088,-0.039703148843752735,0.022622622622622622,0.01821821821821822,0.01
F4,N2,CORR,4,0.5,0.2,2000,0.7312927148932192,0.19822465023108196,0.20057817817817816,0.03979629148068088,-0.039703148843752735,0.14342948717948717,0.10416666666666667,0.01
F4,N2,CORR,4,0.5,0.2,5000,0.7312927148932192,0.19822465023108196,0.20057817817817816,0.03979629148068088,-0.039703148843752735,0.4168336673346693,0.44488977955911824,0.01
F4,N2,CORR,4,0.5,0.2,20000,0.7312927148932192,0.19822465023108196,0.20057817817817816,0.03979629148068088,-0.039703148843752735,0.9919354838709677,1.0,0.01
F4,N2,CORR,4,0.3,0.2,500,0.6916809339128059,0.1786841621857322,0.20006926926926927,0.03312255831294525,-0.03236835443361451,0.01761761761761762,0.016216216216216217,0.01
F4,N2,CORR,4,0.3,0.2,2000,0.6916809339128059,0.1786841621857322,0.20006926926926927,0.03312255831294525,-0.03236835443361451,0.07852564102564102,0.07051282051282051,0.01
F4,N2,CORR,4,0.3,0.2,5000,0.6916809339128059,0.1786841621857322,0.20006926926926927,0.03312255831294525,-0.03236835443361451,0.2725450901803607,0.3286573146292585,0.01
F4,N2,CORR,4,0.3,0.2,20000,0.6916809339128059,0.1786841621857322,0.20006926926926927,0.03312255831294525,-0.03236835443361451,0.9758064516129032,1.0,0.01
F4,N2,CORR,4,0.15,0.2,500,0.6480877419213078,0.15583687542213645,0.19924924924924928,0.030851542024488067,-0.02891427170052262,0.015015015015015015,0.014814814814814815,0.01
F4,N2,CORR,4,0.15,0.2,2000,0.6480877419213078,0.15583687542213645,0.19924924924924928,0.030851542024488067,-0.02891427170052262,0.0625,0.05128205128205128,0.01
F4,N2,CORR,4,0.15,0.2,5000,0.6480877419213078,0.15583687542213645,0.19924924924924928,0.030851542024488067,-0.02891427170052262,0.218436873747495,0.2865731462925852,0.01
F4,N2,CORR,4,0.15,0.2,20000,0.6480877419213078,0.15583687542213645,0.19924924924924928,0.030851542024488067,-0.02891427170052262,0.9032258064516129,0.9919354838709677,0.01
F4,N2,CORR,4,0.0,0.2,500,0.5967014268475309,0.1270380202325088,0.19901261261261266,0.029155698190431754,-0.025573246698041317,0.013013013013013013,0.013813813813813814,0.01
F4,N2,CORR,4,0.0,0.2,2000,0.5967014268475309,0.1270380202325088,0.19901261261261266,0.029155698190431754,-0.025573246698041317,0.057692307692307696,0.05929487179487179,0.01
F4,N2,CORR,4,0.0,0.2,5000,0.5967014268475309,0.1270380202325088,0.19901261261261266,0.029155698190431754,-0.025573246698041317,0.156312625250501,0.2565130260521042,0.01
F4,N2,CORR,4,0.0,0.2,20000,0.5967014268475309,0.1270380202325088,0.19901261261261266,0.029155698190431754,-0.025573246698041317,0.7419354838709677,0.9838709677419355,0.01
F4,N2,CORR,6,0.7,0.2,500,0.7519862540431151,0.2073629687669976,0.2003987987987988,0.04814767282250879,-0.0481476728225088,0.03923923923923924,0.023823823823823823,0.01
F4,N2,CORR,6,0.7,0.2,2000,0.7519862540431151,0.2073629687669976,0.2003987987987988,0.04814767282250879,-0.0481476728225088,0.23237179487179488,0.15384615384615385,0.01
F4,N2,CORR,6,0.7,0.2,5000,0.7519862540431151,0.2073629687669976,0.2003987987987988,0.04814767282250879,-0.0481476728225088,0.627254509018036,0.5511022044088176,0.01
F4,N2,CORR,6,0.7,0.2,20000,0.7519862540431151,0.2073629687669976,0.2003987987987988,0.04814767282250879,-0.0481476728225088,1.0,1.0,0.01
F4,N2,CORR,6,0.5,0.2,500,0.7305708350518805,0.1982667843812492,0.20042962962962962,0.039095652981472585,-0.038999446472509705,0.022022022022022022,0.018018018018018018,0.01
F4,N2,CORR,6,0.5,0.2,2000,0.7305708350518805,0.1982667843812492,0.20042962962962962,0.039095652981472585,-0.038999446472509705,0.13942307692307693,0.09375,0.01
F4,N2,CORR,6,0.5,0.2,5000,0.7305708350518805,0.1982667843812492,0.20042962962962962,0.039095652981472585,-0.038999446472509705,0.4028056112224449,0.41282565130260523,0.01
F4,N2,CORR,6,0.5,0.2,20000,0.7305708350518805,0.1982667843812492,0.20042962962962962,0.039095652981472585,-0.038999446472509705,0.9919354838709677,1.0,0.01
F4,N2,CORR,6,0.3,0.2,500,0.6870995156509225,0.17726312765769198,0.20013133133133135,0.03084383310330435,-0.02986070772013123,0.015415415415415416,0.016216216216216217,0.01
F4,N2,CORR,6,0.3,0.2,2000,0.6870995156509225,0.17726312765769198,0.20013133133133135,0.03084383310330435,-0.02986070772013123,0.06009615384615385,0.06169871794871795,0.01
F4,N2,CORR,6,0.3,0.2,5000,0.6870995156509225,0.17726312765769198,0.20013133133133135,0.03084383310330435,-0.02986070772013123,0.22444889779559118,0.2745490981963928,0.01
F4,N2,CORR,6,0.3,0.2,20000,0.6870995156509225,0.17726312765769198,0.20013133133133135,0.03084383310330435,-0.02986070772013123,0.9193548387096774,0.9919354838709677,0.01
F4,N2,CORR,6,0.15,0.2,500,0.6335550741777872,0.14928240236382362,0.19967447447447448,0.025850582563176298,-0.023744483264557897,0.014614614614614614,0.015415415415415416,0.01
F4,N2,CORR,6,0.15,0.2,2000,0.6335550741777872,0.14928240236382362,0.19967447447447448,0.025850582563176298,-0.023744483264557897,0.044070512820512824,0.030448717948717948,0.01
F4,N2,CORR,6,0.15,0.2,5000,0.6335550741777872,0.14928240236382362,0.19967447447447448,0.025850582563176298,-0.023744483264557897,0.13627254509018036,0.156312625250501,0.01
F4,N2,CORR,6,0.15,0.2,20000,0.6335550741777872,0.14928240236382362,0.19967447447447448,0.025850582563176298,-0.023744483264557897,0.6612903225806451,0.9193548387096774,0.01
F4,N2,CORR,6,0.0,0.2,500,0.556607721148568,0.10554858166345418,0.19742502502502504,0.019265874091961465,-0.01629432716079487,0.010810810810810811,0.012412412412412413,0.01
F4,N2,CORR,6,0.0,0.2,2000,0.556607721148568,0.10554858166345418,0.19742502502502504,0.019265874091961465,-0.01629432716079487,0.021634615384615384,0.028044871794871796,0.01
F4,N2,CORR,6,0.0,0.2,5000,0.556607721148568,0.10554858166345418,0.19742502502502504,0.019265874091961465,-0.01629432716079487,0.06012024048096192,0.10020040080160321,0.01
F4,N2,CORR,6,0.0,0.2,20000,0.556607721148568,0.10554858166345418,0.19742502502502504,0.019265874091961465,-0.01629432716079487,0.3467741935483871,0.6693548387096774,0.01
F4,N2,CORR,10,0.7,0.2,500,0.7519907080759194,0.20736646236210488,0.2004036036036036,0.04814608094293558,-0.04814608094293558,0.03923923923923924,0.023823823823823823,0.01
F4,N2,CORR,10,0.7,0.2,2000,0.7519907080759194,0.20736646236210488,0.2004036036036036,0.04814608094293558,-0.04814608094293558,0.23237179487179488,0.15384615384615385,0.01
F4,N2,CORR,10,0.7,0.2,5000,0.7519907080759194,0.20736646236210488,0.2004036036036036,0.04814608094293558,-0.04814608094293558,0.627254509018036,0.5511022044088176,0.01
F4,N2,CORR,10,0.7,0.2,20000,0.7519907080759194,0.20736646236210488,0.2004036036036036,0.04814608094293558,-0.04814608094293558,1.0,1.0,0.01
F4,N2,CORR,10,0.5,0.2,500,0.7303743522468789,0.1982280269126206,0.2003171171171171,0.03904035781511105,-0.03893446106026314,0.02142142142142142,0.018418418418418417,0.01
F4,N2,CORR,10,0.5,0.2,2000,0.7303743522468789,0.1982280269126206,0.2003171171171171,0.03904035781511105,-0.03893446106026314,0.13782051282051283,0.09294871794871795,0.01
F4,N2,CORR,10,0.5,0.2,5000,0.7303743522468789,0.1982280269126206,0.2003171171171171,0.03904035781511105,-0.03893446106026314,0.40080160320641284,0.40681362725450904,0.01
F4,N2,CORR,10,0.5,0.2,20000,0.7303743522468789,0.1982280269126206,0.2003171171171171,0.03904035781511105,-0.03893446106026314,0.9919354838709677,1.0,0.01
F4,N2,CORR,10,0.3,0.2,500,0.685322610803911,0.17674432414628405,0.1997229229229229,0.030309436110533064,-0.029271555238444918,0.016016016016016016,0.016816816816816817,0.01
F4,N2,CORR,10,0.3,0.2,2000,0.685322610803911,0.17674432414628405,0.1997229229229229,0.030309436110533064,-0.029271555238444918,0.057692307692307696,0.055288461538461536,0.01
F4,N2,CORR,10,0.3,0.2,5000,0.685322610803911,0.17674432414628405,0.1997229229229229,0.030309436110533064,-0.029271555238444918,0.22244488977955912,0.2625250501002004,0.01
F4,N2,CORR,10,0.3,0.2,20000,0.685322610803911,0.17674432414628405,0.1997229229229229,0.030309436110533064,-0.029271555238444918,0.9032258064516129,0.9919354838709677,0.01
F4,N2,CORR,10,0.15,0.2,500,0.6255390246108746,0.14695349082116252,0.20061421421421421,0.023136977890027156,-0.020957612706566976,0.012412412412412413,0.014214214214214213,0.01
F4,N2,CORR,10,0.15,0.2,2000,0.6255390246108746,0.14695349082116252,0.20061421421421421,0.023136977890027156,-0.020957612706566976,0.038461538461538464,0.030448717948717948,0.01
F4,N2,CORR,10,0.15,0.2,5000,0.6255390246108746,0.14695349082116252,0.20061421421421421,0.023136977890027156,-0.020957612706566976,0.09218436873747494,0.1062124248496994,0.01
F4,N2,CORR,10,0.15,0.2,20000,0.6255390246108746,0.14695349082116252,0.20061421421421421,0.023136977890027156,-0.020957612706566976,0.4838709677419355,0.7258064516129032,0.01
F4,N2,CORR,10,0.0,0.2,500,0.5047911673927801,0.08734395287057123,0.19385185185185186,0.012270237664068994,-0.008202302349256455,0.01121121121121121,0.010810810810810811,0.01
F4,N2,CORR,10,0.0,0.2,2000,0.5047911673927801,0.08734395287057123,0.19385185185185186,0.012270237664068994,-0.008202302349256455,0.01282051282051282,0.01282051282051282,0.01
F4,N2,CORR,10,0.0,0.2,5000,0.5047911673927801,0.08734395287057123,0.19385185185185186,0.012270237664068994,-0.008202302349256455,0.026052104208416832,0.01603206412825651,0.01
F4,N2,CORR,10,0.0,0.2,20000,0.5047911673927801,0.08734395287057123,0.19385185185185186,0.012270237664068994,-0.008202302349256455,0.04838709677419355,0.12096774193548387,0.01
F4,N2,CORR,20,0.7,0.2,500,0.7519907080759194,0.20736646236210488,0.2004036036036036,0.04814608094293558,-0.04814608094293558,0.03923923923923924,0.023823823823823823,0.01
F4,N2,CORR,20,0.7,0.2,2000,0.7519907080759194,0.20736646236210488,0.2004036036036036,0.04814608094293558,-0.04814608094293558,0.23237179487179488,0.15384615384615385,0.01
F4,N2,CORR,20,0.7,0.2,5000,0.7519907080759194,0.20736646236210488,0.2004036036036036,0.04814608094293558,-0.04814608094293558,0.627254509018036,0.5511022044088176,0.01
F4,N2,CORR,20,0.7,0.2,20000,0.7519907080759194,0.20736646236210488,0.2004036036036036,0.04814608094293558,-0.04814608094293558,1.0,1.0,0.01
F4,N2,CORR,20,0.5,0.2,500,0.7303750911716864,0.19822727596590733,0.2003179179179179,0.039041446949832116,-0.03893555019498421,0.02142142142142142,0.018418418418418417,0.01
F4,N2,CORR,20,0.5,0.2,2000,0.7303750911716864,0.19822727596590733,0.2003179179179179,0.039041446949832116,-0.03893555019498421,0.13782051282051283,0.09294871794871795,0.01
F4,N2,CORR,20,0.5,0.2,5000,0.7303750911716864,0.19822727596590733,0.2003179179179179,0.039041446949832116,-0.03893555019498421,0.40080160320641284,0.40681362725450904,0.01
F4,N2,CORR,20,0.5,0.2,20000,0.7303750911716864,0.19822727596590733,0.2003179179179179,0.039041446949832116,-0.03893555019498421,0.9919354838709677,1.0,0.01
F4,N2,CORR,20,0.3,0.2,500,0.6852111219042493,0.17670608501071386,0.19970370370370372,0.03031764526211111,-0.029264773224511837,0.015815815815815815,0.017217217217217216,0.01
F4,N2,CORR,20,0.3,0.2,2000,0.6852111219042493,0.17670608501071386,0.19970370370370372,0.03031764526211111,-0.029264773224511837,0.057692307692307696,0.05448717948717949,0.01
F4,N2,CORR,20,0.3,0.2,5000,0.6852111219042493,0.17670608501071386,0.19970370370370372,0.03031764526211111,-0.029264773224511837,0.218436873747495,0.25250501002004005,0.01
F4,N2,CORR,20,0.3,0.2,20000,0.6852111219042493,0.17670608501071386,0.19970370370370372,0.03031764526211111,-0.029264773224511837,0.9112903225806451,0.9919354838709677,0.01
F4,N2,CORR,20,0.15,0.2,500,0.6224342654962939,0.1458145107044122,0.20014654654654657,0.02233497283730411,-0.020142636260131807,0.012012012012012012,0.014614614614614614,0.01
F4,N2,CORR,20,0.15,0.2,2000,0.6224342654962939,0.1458145107044122,0.20014654654654657,0.02233497283730411,-0.020142636260131807,0.03365384615384615,0.027243589743589744,0.01
F4,N2,CORR,20,0.15,0.2,5000,0.6224342654962939,0.1458145107044122,0.20014654654654657,0.02233497283730411,-0.020142636260131807,0.09819639278557114,0.08817635270541083,0.01
F4,N2,CORR,20,0.15,0.2,20000,0.6224342654962939,0.1458145107044122,0.20014654654654657,0.02233497283730411,-0.020142636260131807,0.41935483870967744,0.6370967741935484,0.01
F4,N2,CORR,20,0.0,0.2,500,0.4368493305786059,0.08139203541234488,0.1994302302302302,0.009712009018622446,-0.004876433277756628,0.01041041041041041,0.01041041041041041,0.01
F4,N2,CORR,20,0.0,0.2,2000,0.4368493305786059,0.08139203541234488,0.1994302302302302,0.009712009018622446,-0.004876433277756628,0.013621794871794872,0.00641025641025641,0.01
F4,N2,CORR,20,0.0,0.2,5000,0.4368493305786059,0.08139203541234488,0.1994302302302302,0.009712009018622446,-0.004876433277756628,0.02004008016032064,0.01603206412825651,0.01
F4,N2,CORR,20,0.0,0.2,20000,0.4368493305786059,0.08139203541234488,0.1994302302302302,0.009712009018622446,-0.004876433277756628,0.04838709677419355,0.03225806451612903,0.01
F4,N2,CORR,50,0.7,0.2,500,0.7519907080759194,0.20736646236210488,0.2004036036036036,0.04814608094293558,-0.04814608094293558,0.03923923923923924,0.023823823823823823,0.01
F4,N2,CORR,50,0.7,0.2,2000,0.7519907080759194,0.20736646236210488,0.2004036036036036,0.04814608094293558,-0.04814608094293558,0.23237179487179488,0.15384615384615385,0.01
F4,N2,CORR,50,0.7,0.2,5000,0.7519907080759194,0.20736646236210488,0.2004036036036036,0.04814608094293558,-0.04814608094293558,0.627254509018036,0.5511022044088176,0.01
F4,N2,CORR,50,0.7,0.2,20000,0.7519907080759194,0.20736646236210488,0.2004036036036036,0.04814608094293558,-0.04814608094293558,1.0,1.0,0.01
F4,N2,CORR,50,0.5,0.2,500,0.7303750911716864,0.19822727596590733,0.2003179179179179,0.039041446949832116,-0.03893555019498421,0.02142142142142142,0.018418418418418417,0.01
F4,N2,CORR,50,0.5,0.2,2000,0.7303750911716864,0.19822727596590733,0.2003179179179179,0.039041446949832116,-0.03893555019498421,0.13782051282051283,0.09294871794871795,0.01
F4,N2,CORR,50,0.5,0.2,5000,0.7303750911716864,0.19822727596590733,0.2003179179179179,0.039041446949832116,-0.03893555019498421,0.40080160320641284,0.40681362725450904,0.01
F4,N2,CORR,50,0.5,0.2,20000,0.7303750911716864,0.19822727596590733,0.2003179179179179,0.039041446949832116,-0.03893555019498421,0.9919354838709677,1.0,0.01
F4,N2,CORR,50,0.3,0.2,500,0.6852111219042493,0.17670608501071386,0.19970370370370372,0.03031764526211111,-0.029264773224511837,0.015815815815815815,0.017217217217217216,0.01
F4,N2,CORR,50,0.3,0.2,2000,0.6852111219042493,0.17670608501071386,0.19970370370370372,0.03031764526211111,-0.029264773224511837,0.057692307692307696,0.05448717948717949,0.01
F4,N2,CORR,50,0.3,0.2,5000,0.6852111219042493,0.17670608501071386,0.19970370370370372,0.03031764526211111,-0.029264773224511837,0.218436873747495,0.25250501002004005,0.01
F4,N2,CORR,50,0.3,0.2,20000,0.6852111219042493,0.17670608501071386,0.19970370370370372,0.03031764526211111,-0.029264773224511837,0.9112903225806451,0.9919354838709677,0.01
F4,N2,CORR,50,0.15,0.2,500,0.6224917461881784,0.14582265742101833,0.20026346346346346,0.022322489682764693,-0.020135869328635817,0.012012012012012012,0.014814814814814815,0.01
F4,N2,CORR,50,0.15,0.2,2000,0.6224917461881784,0.14582265742101833,0.20026346346346346,0.022322489682764693,-0.020135869328635817,0.03445512820512821,0.027243589743589744,0.01
F4,N2,CORR,50,0.15,0.2,5000,0.6224917461881784,0.14582265742101833,0.20026346346346346,0.022322489682764693,-0.020135869328635817,0.09819639278557114,0.08817635270541083,0.01
F4,N2,CORR,50,0.15,0.2,20000,0.6224917461881784,0.14582265742101833,0.20026346346346346,0.022322489682764693,-0.020135869328635817,0.41935483870967744,0.6370967741935484,0.01
F4,N2,CORR,50,0.0,0.2,500,0.34284747282994027,0.07852663010567923,0.20056216216216213,0.008541821383571431,-0.0023041452452239176,0.00940940940940941,0.01121121121121121,0.01
F4,N2,CORR,50,0.0,0.2,2000,0.34284747282994027,0.07852663010567923,0.20056216216216213,0.008541821383571431,-0.0023041452452239176,0.010416666666666666,0.008814102564102564,0.01
F4,N2,CORR,50,0.0,0.2,5000,0.34284747282994027,0.07852663010567923,0.20056216216216213,0.008541821383571431,-0.0023041452452239176,0.01603206412825651,0.014028056112224449,0.01
F4,N2,CORR,50,0.0,0.2,20000,0.34284747282994027,0.07852663010567923,0.20056216216216213,0.008541821383571431,-0.0023041452452239176,0.024193548387096774,0.008064516129032258,0.01
F4,N2,MEMLESS,1,1.0,0.3,500,0.8534541308315482,0.25916039940606306,0.299813013013013,0.053080769405275945,-0.05308076940527596,0.05025025025025025,0.024624624624624624,0.01
F4,N2,MEMLESS,1,1.0,0.3,2000,0.8534541308315482,0.25916039940606306,0.299813013013013,0.053080769405275945,-0.05308076940527596,0.33573717948717946,0.1466346153846154,0.01
F4,N2,MEMLESS,1,1.0,0.3,5000,0.8534541308315482,0.25916039940606306,0.299813013013013,0.053080769405275945,-0.05308076940527596,0.7454909819639278,0.6072144288577155,0.01
F4,N2,MEMLESS,1,1.0,0.3,20000,0.8534541308315482,0.25916039940606306,0.299813013013013,0.053080769405275945,-0.05308076940527596,1.0,1.0,0.01
F4,N2,CORR,2,0.7,0.3,500,0.8455479242760905,0.25777091454954176,0.29907347347347346,0.042923465204298926,-0.04292346520429891,0.028428428428428427,0.01901901901901902,0.01
F4,N2,CORR,2,0.7,0.3,2000,0.8455479242760905,0.25777091454954176,0.29907347347347346,0.042923465204298926,-0.04292346520429891,0.1778846153846154,0.10176282051282051,0.01
F4,N2,CORR,2,0.7,0.3,5000,0.8455479242760905,0.25777091454954176,0.29907347347347346,0.042923465204298926,-0.04292346520429891,0.5170340681362725,0.4468937875751503,0.01
F4,N2,CORR,2,0.7,0.3,20000,0.8455479242760905,0.25777091454954176,0.29907347347347346,0.042923465204298926,-0.04292346520429891,1.0,1.0,0.01
F4,N2,CORR,2,0.5,0.3,500,0.8314915382866356,0.2510186325766761,0.29923883883883884,0.03951859419451893,-0.03942689045378169,0.026426426426426425,0.018418418418418417,0.01
F4,N2,CORR,2,0.5,0.3,2000,0.8314915382866356,0.2510186325766761,0.29923883883883884,0.03951859419451893,-0.03942689045378169,0.14102564102564102,0.08733974358974358,0.01
F4,N2,CORR,2,0.5,0.3,5000,0.8314915382866356,0.2510186325766761,0.29923883883883884,0.03951859419451893,-0.03942689045378169,0.4288577154308617,0.4288577154308617,0.01
F4,N2,CORR,2,0.5,0.3,20000,0.8314915382866356,0.2510186325766761,0.29923883883883884,0.03951859419451893,-0.03942689045378169,1.0,1.0,0.01
F4,N2,CORR,2,0.3,0.3,500,0.8107876514888815,0.23964555873964588,0.300404004004004,0.039460293257083695,-0.03921971165131022,0.022822822822822823,0.01881881881881882,0.01
F4,N2,CORR,2,0.3,0.3,2000,0.8107876514888815,0.23964555873964588,0.300404004004004,0.039460293257083695,-0.03921971165131022,0.1362179487179487,0.10977564102564102,0.01
F4,N2,CORR,2,0.3,0.3,5000,0.8107876514888815,0.23964555873964588,0.300404004004004,0.039460293257083695,-0.03921971165131022,0.4088176352705411,0.45691382765531063,0.01
F4,N2,CORR,2,0.3,0.3,20000,0.8107876514888815,0.23964555873964588,0.300404004004004,0.039460293257083695,-0.03921971165131022,1.0,1.0,0.01
F4,N2,CORR,2,0.15,0.3,500,0.7911220049959715,0.22904893471406926,0.300596996996997,0.0405377088961241,-0.04041317044509812,0.023223223223223222,0.01961961961961962,0.01
F4,N2,CORR,2,0.15,0.3,2000,0.7911220049959715,0.22904893471406926,0.300596996996997,0.0405377088961241,-0.04041317044509812,0.1546474358974359,0.11378205128205128,0.01
F4,N2,CORR,2,0.15,0.3,5000,0.7911220049959715,0.22904893471406926,0.300596996996997,0.0405377088961241,-0.04041317044509812,0.43687374749499,0.4749498997995992,0.01
F4,N2,CORR,2,0.15,0.3,20000,0.7911220049959715,0.22904893471406926,0.300596996996997,0.0405377088961241,-0.04041317044509812,1.0,1.0,0.01
F4,N2,CORR,2,0.0,0.3,500,0.770081395492781,0.21739008792714684,0.3007299299299299,0.04268635594344278,-0.042575986811665356,0.025425425425425426,0.02182182182182182,0.01
F4,N2,CORR,2,0.0,0.3,2000,0.770081395492781,0.21739008792714684,0.3007299299299299,0.04268635594344278,-0.042575986811665356,0.17067307692307693,0.12740384615384615,0.01
F4,N2,CORR,2,0.0,0.3,5000,0.770081395492781,0.21739008792714684,0.3007299299299299,0.04268635594344278,-0.042575986811665356,0.4969939879759519,0.5490981963927856,0.01
F4,N2,CORR,2,0.0,0.3,20000,0.770081395492781,0.21739008792714684,0.3007299299299299,0.04268635594344278,-0.042575986811665356,1.0,1.0,0.01
F4,N2,CORR,4,0.7,0.3,500,0.8446967755875682,0.2579434862977481,0.2991131131131131,0.04082906578532606,-0.04082906578532606,0.026426426426426425,0.017217217217217216,0.01
F4,N2,CORR,4,0.7,0.3,2000,0.8446967755875682,0.2579434862977481,0.2991131131131131,0.04082906578532606,-0.04082906578532606,0.16506410256410256,0.08333333333333333,0.01
F4,N2,CORR,4,0.7,0.3,5000,0.8446967755875682,0.2579434862977481,0.2991131131131131,0.04082906578532606,-0.04082906578532606,0.46292585170340683,0.3867735470941884,0.01
F4,N2,CORR,4,0.7,0.3,20000,0.8446967755875682,0.2579434862977481,0.2991131131131131,0.04082906578532606,-0.04082906578532606,1.0,1.0,0.01
F4,N2,CORR,4,0.5,0.3,500,0.8262028107252384,0.24977264558606602,0.2996996996996997,0.03459429701611495,-0.03419881184358346,0.018018018018018018,0.014414414414414415,0.01
F4,N2,CORR,4,0.5,0.3,2000,0.8262028107252384,0.24977264558606602,0.2996996996996997,0.03459429701611495,-0.03419881184358346,0.0953525641025641,0.06891025641025642,0.01
F4,N2,CORR,4,0.5,0.3,5000,0.8262028107252384,0.24977264558606602,0.2996996996996997,0.03459429701611495,-0.03419881184358346,0.3026052104208417,0.312625250501002,0.01
F4,N2,CORR,4,0.5,0.3,20000,0.8262028107252384,0.24977264558606602,0.2996996996996997,0.03459429701611495,-0.03419881184358346,0.9758064516129032,1.0,0.01
F4,N2,CORR,4,0.3,0.3,500,0.7904397240443047,0.2312444837357056,0.30064664664664664,0.032074743385383915,-0.03091586837704305,0.013413413413413414,0.014214214214214213,0.01
F4,N2,CORR,4,0.3,0.3,2000,0.7904397240443047,0.2312444837357056,0.30064664664664664,0.032074743385383915,-0.03091586837704305,0.0673076923076923,0.07131410256410256,0.01
F4,N2,CORR,4,0.3,0.3,5000,0.7904397240443047,0.2312444837357056,0.30064664664664664,0.032074743385383915,-0.03091586837704305,0.24849699398797595,0.3186372745490982,0.01
F4,N2,CORR,4,0.3,0.3,20000,0.7904397240443047,0.2312444837357056,0.30064664664664664,0.032074743385383915,-0.03091586837704305,0.9193548387096774,0.9919354838709677,0.01
F4,N2,CORR,4,0.15,0.3,500,0.7481507247468187,0.20837637275860543,0.3001913913913914,0.03102318139061718,-0.030051651084678496,0.015615615615615615,0.012212212212212211,0.01
F4,N2,CORR,4,0.15,0.3,2000,0.7481507247468187,0.20837637275860543,0.3001913913913914,0.03102318139061718,-0.030051651084678496,0.07211538461538461,0.05929487179487179,0.01
F4,N2,CORR,4,0.15,0.3,5000,0.7481507247468187,0.20837637275860543,0.3001913913913914,0.03102318139061718,-0.030051651084678496,0.218436873747495,0.31462925851703405,0.01
F4,N2,CORR,4,0.15,0.3,20000,0.7481507247468187,0.20837637275860543,0.3001913913913914,0.03102318139061718,-0.030051651084678496,0.9354838709677419,1.0,0.01
F4,N2,CORR,4,0.0,0.3,500,0.6927564419756159,0.17736050220162078,0.29776456456456457,0.031159968886998585,-0.029909855931170654,0.015415415415415416,0.015415415415415416,0.01
F4,N2,CORR,4,0.0,0.3,2000,0.6927564419756159,0.17736050220162078,0.29776456456456457,0.031159968886998585,-0.029909855931170654,0.06330128205128205,0.06891025641025642,0.01
F4,N2,CORR,4,0.0,0.3,5000,0.6927564419756159,0.17736050220162078,0.29776456456456457,0.031159968886998585,-0.029909855931170654,0.24248496993987975,0.31462925851703405,0.01
F4,N2,CORR,4,0.0,0.3,20000,0.6927564419756159,0.17736050220162078,0.29776456456456457,0.031159968886998585,-0.029909855931170654,0.9516129032258065,1.0,0.01
F4,N2,CORR,6,0.7,0.3,500,0.8446667425060547,0.25791930192746954,0.2991043043043043,0.04082102890778987,-0.04082102890778988,0.026626626626626626,0.01701701701701702,0.01
F4,N2,CORR,6,0.7,0.3,2000,0.8446667425060547,0.25791930192746954,0.2991043043043043,0.04082102890778987,-0.04082102890778988,0.1642628205128205,0.08974358974358974,0.01
F4,N2,CORR,6,0.7,0.3,5000,0.8446667425060547,0.25791930192746954,0.2991043043043043,0.04082102890778987,-0.04082102890778988,0.4709418837675351,0.3867735470941884,0.01
F4,N2,CORR,6,0.7,0.3,20000,0.8446667425060547,0.25791930192746954,0.2991043043043043,0.04082102890778987,-0.04082102890778988,1.0,1.0,0.01
F4,N2,CORR,6,0.5,0.3,500,0.8257479357570545,0.24980618598569226,0.29975495495495497,0.034338983864216924,-0.03388410977362717,0.017817817817817817,0.014214214214214213,0.01
F4,N2,CORR,6,0.5,0.3,2000,0.8257479357570545,0.24980618598569226,0.29975495495495497,0.034338983864216924,-0.03388410977362717,0.09294871794871795,0.0673076923076923,0.01
F4,N2,CORR,6,0.5,0.3,5000,0.8257479357570545,0.24980618598569226,0.29975495495495497,0.034338983864216924,-0.03388410977362717,0.3106212424849699,0.2985971943887776,0.01
F4,N2,CORR,6,0.5,0.3,20000,0.8257479357570545,0.24980618598569226,0.29975495495495497,0.034338983864216924,-0.03388410977362717,0.9758064516129032,1.0,0.01
F4,N2,CORR,6,0.3,0.3,500,0.7864646855128621,0.22997798689636226,0.30096936936936936,0.03039093343175495,-0.029139937416849976,0.013813813813813814,0.014414414414414415,0.01
F4,N2,CORR,6,0.3,0.3,2000,0.7864646855128621,0.22997798689636226,0.30096936936936936,0.03039093343175495,-0.029139937416849976,0.0625,0.058493589743589744,0.01
F4,N2,CORR,6,0.3,0.3,5000,0.7864646855128621,0.22997798689636226,0.30096936936936936,0.03039093343175495,-0.029139937416849976,0.19839679358717435,0.26452905811623245,0.01
F4,N2,CORR,6,0.3,0.3,20000,0.7864646855128621,0.22997798689636226,0.30096936936936936,0.03039093343175495,-0.029139937416849976,0.9032258064516129,0.9838709677419355,0.01
F4,N2,CORR,6,0.15,0.3,500,0.7328532871599047,0.20190579242492285,0.29966126126126125,0.02746624543319097,-0.02612537412136698,0.014614614614614614,0.013013013013013013,0.01
F4,N2,CORR,6,0.15,0.3,2000,0.7328532871599047,0.20190579242492285,0.29966126126126125,0.02746624543319097,-0.02612537412136698,0.046474358974358976,0.04326923076923077,0.01
F4,N2,CORR,6,0.15,0.3,5000,0.7328532871599047,0.20190579242492285,0.29966126126126125,0.02746624543319097,-0.02612537412136698,0.1523046092184369,0.20641282565130262,0.01
F4,N2,CORR,6,0.15,0.3,20000,0.7328532871599047,0.20190579242492285,0.29966126126126125,0.02746624543319097,-0.02612537412136698,0.8064516129032258,0.9758064516129032,0.01
F4,N2,CORR,6,0.0,0.3,500,0.655454087060411,0.15669819844791433,0.29922922922922923,0.02383194656939047,-0.022296957880246326,0.012212212212212211,0.011011011011011011,0.01
F4,N2,CORR,6,0.0,0.3,2000,0.655454087060411,0.15669819844791433,0.29922922922922923,0.02383194656939047,-0.022296957880246326,0.03365384615384615,0.03766025641025641,0.01
F4,N2,CORR,6,0.0,0.3,5000,0.655454087060411,0.15669819844791433,0.29922922922922923,0.02383194656939047,-0.022296957880246326,0.10420841683366733,0.14428857715430862,0.01
F4,N2,CORR,6,0.0,0.3,20000,0.655454087060411,0.15669819844791433,0.29922922922922923,0.02383194656939047,-0.022296957880246326,0.5564516129032258,0.9435483870967742,0.01
F4,N2,CORR,10,0.7,0.3,500,0.8446707462967074,0.25792185872510826,0.29911071071071066,0.04081811711890145,-0.04081811711890146,0.026626626626626626,0.01701701701701702,0.01
F4,N2,CORR,10,0.7,0.3,2000,0.8446707462967074,0.25792185872510826,0.29911071071071066,0.04081811711890145,-0.04081811711890146,0.1642628205128205,0.08974358974358974,0.01
F4,N2,CORR,10,0.7,0.3,5000,0.8446707462967074,0.25792185872510826,0.29911071071071066,0.04081811711890145,-0.04081811711890146,0.4709418837675351,0.3867735470941884,0.01
F4,N2,CORR,10,0.7,0.3,20000,0.8446707462967074,0.25792185872510826,0.29911071071071066,0.04081811711890145,-0.04081811711890146,1.0,1.0,0.01
F4,N2,CORR,10,0.5,0.3,500,0.8255982114450456,0.2497164825270907,0.29962722722722723,0.03432249699794136,-0.0338668471869548,0.01761761761761762,0.014214214214214213,0.01
F4,N2,CORR,10,0.5,0.3,2000,0.8255982114450456,0.2497164825270907,0.29962722722722723,0.03432249699794136,-0.0338668471869548,0.09455128205128205,0.0673076923076923,0.01
F4,N2,CORR,10,0.5,0.3,5000,0.8255982114450456,0.2497164825270907,0.29962722722722723,0.03432249699794136,-0.0338668471869548,0.30861723446893785,0.3046092184368738,0.01
F4,N2,CORR,10,0.5,0.3,20000,0.8255982114450456,0.2497164825270907,0.29962722722722723,0.03432249699794136,-0.0338668471869548,0.9758064516129032,1.0,0.01
F4,N2,CORR,10,0.3,0.3,500,0.7852300636652728,0.22957342927087107,0.3010482482482482,0.030038076312839775,-0.028823055075964065,0.014014014014014014,0.013213213213213212,0.01
F4,N2,CORR,10,0.3,0.3,2000,0.7852300636652728,0.22957342927087107,0.3010482482482482,0.030038076312839775,-0.028823055075964065,0.057692307692307696,0.058493589743589744,0.01
F4,N2,CORR,10,0.3,0.3,5000,0.7852300636652728,0.22957342927087107,0.3010482482482482,0.030038076312839775,-0.028823055075964065,0.1963927855711423,0.26452905811623245,0.01
F4,N2,CORR,10,0.3,0.3,20000,0.7852300636652728,0.22957342927087107,0.3010482482482482,0.030038076312839775,-0.028823055075964065,0.9032258064516129,0.9838709677419355,0.01
F4,N2,CORR,10,0.15,0.3,500,0.7236250425547708,0.19862045614423368,0.29934574574574574,0.025680660914675673,-0.02365823166492391,0.013013013013013013,0.013413413413413414,0.01
F4,N2,CORR,10,0.15,0.3,2000,0.7236250425547708,0.19862045614423368,0.29934574574574574,0.025680660914675673,-0.02365823166492391,0.040865384615384616,0.03125,0.01
F4,N2,CORR,10,0.15,0.3,5000,0.7236250425547708,0.19862045614423368,0.29934574574574574,0.025680660914675673,-0.02365823166492391,0.11823647294589178,0.15831663326653306,0.01
F4,N2,CORR,10,0.15,0.3,20000,0.7236250425547708,0.19862045614423368,0.29934574574574574,0.025680660914675673,-0.02365823166492391,0.6612903225806451,0.9032258064516129,0.01
F4,N2,CORR,10,0.0,0.3,500,0.6082656526520673,0.1348072158427236,0.29557157157157155,0.016111624894274215,-0.013603878555574052,0.00940940940940941,0.01001001001001001,0.01
F4,N2,CORR,10,0.0,0.3,2000,0.6082656526520673,0.1348072158427236,0.29557157157157155,0.016111624894274215,-0.013603878555574052,0.013621794871794872,0.019230769230769232,0.01
F4,N2,CORR,10,0.0,0.3,5000,0.6082656526520673,0.1348072158427236,0.29557157157157155,0.016111624894274215,-0.013603878555574052,0.04008016032064128,0.036072144288577156,0.01
F4,N2,CORR,10,0.0,0.3,20000,0.6082656526520673,0.1348072158427236,0.29557157157157155,0.016111624894274215,-0.013603878555574052,0.18548387096774194,0.3870967741935484,0.01
F4,N2,CORR,20,0.7,0.3,500,0.8446707462967074,0.25792185872510826,0.29911071071071066,0.04081811711890145,-0.04081811711890146,0.026626626626626626,0.01701701701701702,0.01
F4,N2,CORR,20,0.7,0.3,2000,0.8446707462967074,0.25792185872510826,0.29911071071071066,0.04081811711890145,-0.04081811711890146,0.1642628205128205,0.08974358974358974,0.01
F4,N2,CORR,20,0.7,0.3,5000,0.8446707462967074,0.25792185872510826,0.29911071071071066,0.04081811711890145,-0.04081811711890146,0.4709418837675351,0.3867735470941884,0.01
F4,N2,CORR,20,0.7,0.3,20000,0.8446707462967074,0.25792185872510826,0.29911071071071066,0.04081811711890145,-0.04081811711890146,1.0,1.0,0.01
F4,N2,CORR,20,0.5,0.3,500,0.8255992480007454,0.2497205595120147,0.29962882882882885,0.034324429225316304,-0.03386653684642109,0.01761761761761762,0.014214214214214213,0.01
F4,N2,CORR,20,0.5,0.3,2000,0.8255992480007454,0.2497205595120147,0.29962882882882885,0.034324429225316304,-0.03386653684642109,0.09455128205128205,0.0673076923076923,0.01
F4,N2,CORR,20,0.5,0.3,5000,0.8255992480007454,0.2497205595120147,0.29962882882882885,0.034324429225316304,-0.03386653684642109,0.30861723446893785,0.3046092184368738,0.01
F4,N2,CORR,20,0.5,0.3,20000,0.8255992480007454,0.2497205595120147,0.29962882882882885,0.034324429225316304,-0.03386653684642109,0.9758064516129032,1.0,0.01
F4,N2,CORR,20,0.3,0.3,500,0.7849475975845343,0.22938249110837197,0.3008340340340341,0.03004617587164807,-0.028820450591124792,0.014014014014014014,0.013813813813813814,0.01
F4,N2,CORR,20,0.3,0.3,2000,0.7849475975845343,0.22938249110837197,0.3008340340340341,0.03004617587164807,-0.028820450591124792,0.058493589743589744,0.06009615384615385,0.01
F4,N2,CORR,20,0.3,0.3,5000,0.7849475975845343,0.22938249110837197,0.3008340340340341,0.03004617587164807,-0.028820450591124792,0.1903807615230461,0.2685370741482966,0.01
F4,N2,CORR,20,0.3,0.3,20000,0.7849475975845343,0.22938249110837197,0.3008340340340341,0.03004617587164807,-0.028820450591124792,0.8870967741935484,0.9838709677419355,0.01
F4,N2,CORR,20,0.15,0.3,500,0.7210606255839251,0.19769788035575547,0.29942342342342343,0.02512508191597147,-0.023006551008570245,0.014614614614614614,0.013213213213213212,0.01
F4,N2,CORR,20,0.15,0.3,2000,0.7210606255839251,0.19769788035575547,0.29942342342342343,0.02512508191597147,-0.023006551008570245,0.03685897435897436,0.030448717948717948,0.01
F4,N2,CORR,20,0.15,0.3,5000,0.7210606255839251,0.19769788035575547,0.29942342342342343,0.02512508191597147,-0.023006551008570245,0.12424849699398798,0.15030060120240482,0.01
F4,N2,CORR,20,0.15,0.3,20000,0.7210606255839251,0.19769788035575547,0.29942342342342343,0.02512508191597147,-0.023006551008570245,0.6532258064516129,0.8870967741935484,0.01
F4,N2,CORR,20,0.0,0.3,500,0.5435322796794076,0.11500935079108826,0.2902850850850851,0.010456283818853399,-0.005661269824687512,0.01001001001001001,0.012212212212212211,0.01
F4,N2,CORR,20,0.0,0.3,2000,0.5435322796794076,0.11500935079108826,0.2902850850850851,0.010456283818853399,-0.005661269824687512,0.009615384615384616,0.008814102564102564,0.01
F4,N2,CORR,20,0.0,0.3,5000,0.5435322796794076,0.11500935079108826,0.2902850850850851,0.010456283818853399,-0.005661269824687512,0.03006012024048096,0.022044088176352707,0.01
F4,N2,CORR,20,0.0,0.3,20000,0.5435322796794076,0.11500935079108826,0.2902850850850851,0.010456283818853399,-0.005661269824687512,0.06451612903225806,0.056451612903225805,0.01
F4,N2,CORR,50,0.7,0.3,500,0.8446707462967074,0.25792185872510826,0.29911071071071066,0.04081811711890145,-0.04081811711890146,0.026626626626626626,0.01701701701701702,0.01
F4,N2,CORR,50,0.7,0.3,2000,0.8446707462967074,0.25792185872510826,0.29911071071071066,0.04081811711890145,-0.04081811711890146,0.1642628205128205,0.08974358974358974,0.01
F4,N2,CORR,50,0.7,0.3,5000,0.8446707462967074,0.25792185872510826,0.29911071071071066,0.04081811711890145,-0.04081811711890146,0.4709418837675351,0.3867735470941884,0.01
F4,N2,CORR,50,0.7,0.3,20000,0.8446707462967074,0.25792185872510826,0.29911071071071066,0.04081811711890145,-0.04081811711890146,1.0,1.0,0.01
F4,N2,CORR,50,0.5,0.3,500,0.8255992480007454,0.2497205595120147,0.29962882882882885,0.034324429225316304,-0.03386653684642109,0.01761761761761762,0.014214214214214213,0.01
F4,N2,CORR,50,0.5,0.3,2000,0.8255992480007454,0.2497205595120147,0.29962882882882885,0.034324429225316304,-0.03386653684642109,0.09455128205128205,0.0673076923076923,0.01
F4,N2,CORR,50,0.5,0.3,5000,0.8255992480007454,0.2497205595120147,0.29962882882882885,0.034324429225316304,-0.03386653684642109,0.30861723446893785,0.3046092184368738,0.01
F4,N2,CORR,50,0.5,0.3,20000,0.8255992480007454,0.2497205595120147,0.29962882882882885,0.034324429225316304,-0.03386653684642109,0.9758064516129032,1.0,0.01
F4,N2,CORR,50,0.3,0.3,500,0.7849493971378969,0.2293871995412246,0.3008368368368368,0.03004526666777288,-0.028820859998142417,0.014014014014014014,0.013813813813813814,0.01
F4,N2,CORR,50,0.3,0.3,2000,0.7849493971378969,0.2293871995412246,0.3008368368368368,0.03004526666777288,-0.028820859998142417,0.058493589743589744,0.06009615384615385,0.01
F4,N2,CORR,50,0.3,0.3,5000,0.7849493971378969,0.2293871995412246,0.3008368368368368,0.03004526666777288,-0.028820859998142417,0.1903807615230461,0.2685370741482966,0.01
F4,N2,CORR,50,0.3,0.3,20000,0.7849493971378969,0.2293871995412246,0.3008368368368368,0.03004526666777288,-0.028820859998142417,0.8870967741935484,0.9838709677419355,0.01
F4,N2,CORR,50,0.15,0.3,500,0.7209265726125309,0.19764424434212102,0.29937217217217216,0.025128093801296075,-0.022964364904079743,0.014614614614614614,0.013413413413413414,0.01
F4,N2,CORR,50,0.15,0.3,2000,0.7209265726125309,0.19764424434212102,0.29937217217217216,0.025128093801296075,-0.022964364904079743,0.035256410256410256,0.030448717948717948,0.01
F4,N2,CORR,50,0.15,0.3,5000,0.7209265726125309,0.19764424434212102,0.29937217217217216,0.025128093801296075,-0.022964364904079743,0.12625250501002003,0.1523046092184369,0.01
F4,N2,CORR,50,0.15,0.3,20000,0.7209265726125309,0.19764424434212102,0.29937217217217216,0.025128093801296075,-0.022964364904079743,0.6532258064516129,0.8870967741935484,0.01
F4,N2,CORR,50,0.0,0.3,500,0.4615851164042906,0.11326577513058834,0.29794674674674676,0.008775411920113798,-0.003106004178491764,0.011611611611611611,0.01061061061061061,0.01
F4,N2,CORR,50,0.0,0.3,2000,0.4615851164042906,0.11326577513058834,0.29794674674674676,0.008775411920113798,-0.003106004178491764,0.014423076923076924,0.008814102564102564,0.01
F4,N2,CORR,50,0.0,0.3,5000,0.4615851164042906,0.11326577513058834,0.29794674674674676,0.008775411920113798,-0.003106004178491764,0.022044088176352707,0.012024048096192385,0.01
F4,N2,CORR,50,0.0,0.3,20000,0.4615851164042906,0.11326577513058834,0.29794674674674676,0.008775411920113798,-0.003106004178491764,0.024193548387096774,0.016129032258064516,0.01
F4,N2,MEMLESS,1,1.0,0.5,500,0.9524684757938442,0.32130017971867875,0.5003395395395395,0.02317871494105255,-0.02315889004234528,0.012812812812812813,0.011811811811811812,0.01
F4,N2,MEMLESS,1,1.0,0.5,2000,0.9524684757938442,0.32130017971867875,0.5003395395395395,0.02317871494105255,-0.02315889004234528,0.04246794871794872,0.026442307692307692,0.01
F4,N2,MEMLESS,1,1.0,0.5,5000,0.9524684757938442,0.32130017971867875,0.5003395395395395,0.02317871494105255,-0.02315889004234528,0.1282565130260521,0.06212424849699399,0.01
F4,N2,MEMLESS,1,1.0,0.5,20000,0.9524684757938442,0.32130017971867875,0.5003395395395395,0.02317871494105255,-0.02315889004234528,0.6774193548387096,0.5564516129032258,0.01
F4,N2,CORR,2,0.7,0.5,500,0.9489751073636101,0.32060772942353566,0.5011827827827827,0.01949729959177506,-0.018875101088603144,0.011011011011011011,0.010810810810810811,0.01
F4,N2,CORR,2,0.7,0.5,2000,0.9489751073636101,0.32060772942353566,0.5011827827827827,0.01949729959177506,-0.018875101088603144,0.029647435897435896,0.019230769230769232,0.01
F4,N2,CORR,2,0.7,0.5,5000,0.9489751073636101,0.32060772942353566,0.5011827827827827,0.01949729959177506,-0.018875101088603144,0.0781563126252505,0.04809619238476954,0.01
F4,N2,CORR,2,0.7,0.5,20000,0.9489751073636101,0.32060772942353566,0.5011827827827827,0.01949729959177506,-0.018875101088603144,0.45161290322580644,0.3870967741935484,0.01
F4,N2,CORR,2,0.5,0.5,500,0.9407863048942017,0.316737857209865,0.5011479479479479,0.019245709741052504,-0.018110735972647705,0.01061061061061061,0.01041041041041041,0.01
F4,N2,CORR,2,0.5,0.5,2000,0.9407863048942017,0.316737857209865,0.5011479479479479,0.019245709741052504,-0.018110735972647705,0.01842948717948718,0.016826923076923076,0.01
F4,N2,CORR,2,0.5,0.5,5000,0.9407863048942017,0.316737857209865,0.5011479479479479,0.019245709741052504,-0.018110735972647705,0.06813627254509018,0.03206412825651302,0.01
F4,N2,CORR,2,0.5,0.5,20000,0.9407863048942017,0.316737857209865,0.5011479479479479,0.019245709741052504,-0.018110735972647705,0.4112903225806452,0.33064516129032256,0.01
F4,N2,CORR,2,0.3,0.5,500,0.9271619566360287,0.30909291377216436,0.5016484484484485,0.0208279813253415,-0.01912403649257253,0.01041041041041041,0.011011011011011011,0.01
F4,N2,CORR,2,0.3,0.5,2000,0.9271619566360287,0.30909291377216436,0.5016484484484485,0.0208279813253415,-0.01912403649257253,0.024839743589743588,0.019230769230769232,0.01
F4,N2,CORR,2,0.3,0.5,5000,0.9271619566360287,0.30909291377216436,0.5016484484484485,0.0208279813253415,-0.01912403649257253,0.0781563126252505,0.06012024048096192,0.01
F4,N2,CORR,2,0.3,0.5,20000,0.9271619566360287,0.30909291377216436,0.5016484484484485,0.0208279813253415,-0.01912403649257253,0.46774193548387094,0.532258064516129,0.01
F4,N2,CORR,2,0.15,0.5,500,0.913047879708971,0.3009024492662065,0.5010742742742742,0.023307423713790063,-0.021555024747101626,0.012212212212212211,0.012812812812812813,0.01
F4,N2,CORR,2,0.15,0.5,2000,0.913047879708971,0.3009024492662065,0.5010742742742742,0.023307423713790063,-0.021555024747101626,0.028846153846153848,0.023237179487179488,0.01
F4,N2,CORR,2,0.15,0.5,5000,0.913047879708971,0.3009024492662065,0.5010742742742742,0.023307423713790063,-0.021555024747101626,0.09619238476953908,0.09418837675350701,0.01
F4,N2,CORR,2,0.15,0.5,20000,0.913047879708971,0.3009024492662065,0.5010742742742742,0.023307423713790063,-0.021555024747101626,0.5806451612903226,0.7096774193548387,0.01
F4,N2,CORR,2,0.0,0.5,500,0.8967547897499486,0.29056914612682283,0.5005429429429429,0.026198198133819878,-0.02479650154923123,0.013013013013013013,0.012412412412412413,0.01
F4,N2,CORR,2,0.0,0.5,2000,0.8967547897499486,0.29056914612682283,0.5005429429429429,0.026198198133819878,-0.02479650154923123,0.04326923076923077,0.029647435897435896,0.01
F4,N2,CORR,2,0.0,0.5,5000,0.8967547897499486,0.29056914612682283,0.5005429429429429,0.026198198133819878,-0.02479650154923123,0.13026052104208416,0.1402805611222445,0.01
F4,N2,CORR,2,0.0,0.5,20000,0.8967547897499486,0.29056914612682283,0.5005429429429429,0.026198198133819878,-0.02479650154923123,0.7419354838709677,0.8629032258064516,0.01
F4,N2,CORR,4,0.7,0.5,500,0.9487427449428212,0.3206413506021736,0.501286086086086,0.01916144413803506,-0.0186123455234637,0.011811811811811812,0.011011011011011011,0.01
F4,N2,CORR,4,0.7,0.5,2000,0.9487427449428212,0.3206413506021736,0.501286086086086,0.01916144413803506,-0.0186123455234637,0.027243589743589744,0.022435897435897436,0.01
F4,N2,CORR,4,0.7,0.5,5000,0.9487427449428212,0.3206413506021736,0.501286086086086,0.01916144413803506,-0.0186123455234637,0.06813627254509018,0.04208416833667335,0.01
F4,N2,CORR,4,0.7,0.5,20000,0.9487427449428212,0.3206413506021736,0.501286086086086,0.01916144413803506,-0.0186123455234637,0.4596774193548387,0.33064516129032256,0.01
F4,N2,CORR,4,0.5,0.5,500,0.9386788149993806,0.3161510434216323,0.5023435435435435,0.01826749299203924,-0.016917912437304887,0.01061061061061061,0.01061061061061061,0.01
F4,N2,CORR,4,0.5,0.5,2000,0.9386788149993806,0.3161510434216323,0.5023435435435435,0.01826749299203924,-0.016917912437304887,0.016826923076923076,0.020833333333333332,0.01
F4,N2,CORR,4,0.5,0.5,5000,0.9386788149993806,0.3161510434216323,0.5023435435435435,0.01826749299203924,-0.016917912437304887,0.05811623246492986,0.04208416833667335,0.01
F4,N2,CORR,4,0.5,0.5,20000,0.9386788149993806,0.3161510434216323,0.5023435435435435,0.01826749299203924,-0.016917912437304887,0.3467741935483871,0.3225806451612903,0.01
F4,N2,CORR,4,0.3,0.5,500,0.9145772451942862,0.3027121638095064,0.5004652652652654,0.019601823674745097,-0.01790620108577771,0.011011011011011011,0.011611611611611611,0.01
F4,N2,CORR,4,0.3,0.5,2000,0.9145772451942862,0.3027121638095064,0.5004652652652654,0.019601823674745097,-0.01790620108577771,0.02403846153846154,0.01842948717948718,0.01
F4,N2,CORR,4,0.3,0.5,5000,0.9145772451942862,0.3027121638095064,0.5004652652652654,0.019601823674745097,-0.01790620108577771,0.056112224448897796,0.06412825651302605,0.01
F4,N2,CORR,4,0.3,0.5,20000,0.9145772451942862,0.3027121638095064,0.5004652652652654,0.019601823674745097,-0.01790620108577771,0.4032258064516129,0.4838709677419355,0.01
F4,N2,CORR,4,0.15,0.5,500,0.8823360314011504,0.284299593581234,0.49915515515515524,0.022440230709819084,-0.020796612816628632,0.011811811811811812,0.010810810810810811,0.01
F4,N2,CORR,4,0.15,0.5,2000,0.8823360314011504,0.284299593581234,0.49915515515515524,0.022440230709819084,-0.020796612816628632,0.027243589743589744,0.02403846153846154,0.01
F4,N2,CORR,4,0.15,0.5,5000,0.8823360314011504,0.284299593581234,0.49915515515515524,0.022440230709819084,-0.020796612816628632,0.09018036072144289,0.10020040080160321,0.01
F4,N2,CORR,4,0.15,0.5,20000,0.8823360314011504,0.284299593581234,0.49915515515515524,0.022440230709819084,-0.020796612816628632,0.5645161290322581,0.7419354838709677,0.01
F4,N2,CORR,4,0.0,0.5,500,0.8366967127575236,0.257953514526953,0.5001061061061062,0.025980855355931042,-0.025225297533330977,0.012012012012012012,0.01001001001001001,0.01
F4,N2,CORR,4,0.0,0.5,2000,0.8366967127575236,0.257953514526953,0.5001061061061062,0.025980855355931042,-0.025225297533330977,0.040865384615384616,0.035256410256410256,0.01
F4,N2,CORR,4,0.0,0.5,5000,0.8366967127575236,0.257953514526953,0.5001061061061062,0.025980855355931042,-0.025225297533330977,0.12024048096192384,0.1523046092184369,0.01
F4,N2,CORR,4,0.0,0.5,20000,0.8366967127575236,0.257953514526953,0.5001061061061062,0.025980855355931042,-0.025225297533330977,0.7741935483870968,0.9354838709677419,0.01
F4,N2,CORR,6,0.7,0.5,500,0.9487135842015192,0.3206455433759015,0.5012192192192192,0.01917263481407006,-0.01861762098967432,0.012012012012012012,0.01121121121121121,0.01
F4,N2,CORR,6,0.7,0.5,2000,0.9487135842015192,0.3206455433759015,0.5012192192192192,0.01917263481407006,-0.01861762098967432,0.027243589743589744,0.023237179487179488,0.01
F4,N2,CORR,6,0.7,0.5,5000,0.9487135842015192,0.3206455433759015,0.5012192192192192,0.01917263481407006,-0.01861762098967432,0.06412825651302605,0.03807615230460922,0.01
F4,N2,CORR,6,0.7,0.5,20000,0.9487135842015192,0.3206455433759015,0.5012192192192192,0.01917263481407006,-0.01861762098967432,0.45161290322580644,0.3387096774193548,0.01
F4,N2,CORR,6,0.5,0.5,500,0.9385645353866299,0.3161319281110774,0.5024816816816816,0.01812845019301544,-0.016881970493953413,0.011611611611611611,0.011011011011011011,0.01
F4,N2,CORR,6,0.5,0.5,2000,0.9385645353866299,0.3161319281110774,0.5024816816816816,0.01812845019301544,-0.016881970493953413,0.016826923076923076,0.022435897435897436,0.01
F4,N2,CORR,6,0.5,0.5,5000,0.9385645353866299,0.3161319281110774,0.5024816816816816,0.01812845019301544,-0.016881970493953413,0.06412825651302605,0.04008016032064128,0.01
F4,N2,CORR,6,0.5,0.5,20000,0.9385645353866299,0.3161319281110774,0.5024816816816816,0.01812845019301544,-0.016881970493953413,0.3387096774193548,0.31451612903225806,0.01
F4,N2,CORR,6,0.3,0.5,500,0.9121333150891187,0.30157431617466746,0.4999727727727727,0.019273255603065677,-0.017590025782457466,0.01041041041041041,0.012612612612612612,0.01
F4,N2,CORR,6,0.3,0.5,2000,0.9121333150891187,0.30157431617466746,0.4999727727727727,0.019273255603065677,-0.017590025782457466,0.020833333333333332,0.013621794871794872,0.01
F4,N2,CORR,6,0.3,0.5,5000,0.9121333150891187,0.30157431617466746,0.4999727727727727,0.019273255603065677,-0.017590025782457466,0.05410821643286573,0.05410821643286573,0.01
F4,N2,CORR,6,0.3,0.5,20000,0.9121333150891187,0.30157431617466746,0.4999727727727727,0.019273255603065677,-0.017590025782457466,0.3790322580645161,0.46774193548387094,0.01
F4,N2,CORR,6,0.15,0.5,500,0.8726229940983401,0.2793640606435438,0.5002566566566566,0.021510151603193618,-0.01969639271250824,0.011611611611611611,0.011811811811811812,0.01
F4,N2,CORR,6,0.15,0.5,2000,0.8726229940983401,0.2793640606435438,0.5002566566566566,0.021510151603193618,-0.01969639271250824,0.029647435897435896,0.021634615384615384,0.01
F4,N2,CORR,6,0.15,0.5,5000,0.8726229940983401,0.2793640606435438,0.5002566566566566,0.021510151603193618,-0.01969639271250824,0.0781563126252505,0.08216432865731463,0.01
F4,N2,CORR,6,0.15,0.5,20000,0.8726229940983401,0.2793640606435438,0.5002566566566566,0.021510151603193618,-0.01969639271250824,0.4838709677419355,0.6612903225806451,0.01
F4,N2,CORR,6,0.0,0.5,500,0.8039199388816146,0.23982624028579147,0.5002118118118117,0.023805394081048953,-0.022892360393928737,0.01061061061061061,0.00980980980980981,0.01
F4,N2,CORR,6,0.0,0.5,2000,0.8039199388816146,0.23982624028579147,0.5002118118118117,0.023805394081048953,-0.022892360393928737,0.038461538461538464,0.03125,0.01
F4,N2,CORR,6,0.0,0.5,5000,0.8039199388816146,0.23982624028579147,0.5002118118118117,0.023805394081048953,-0.022892360393928737,0.11222444889779559,0.1062124248496994,0.01
F4,N2,CORR,6,0.0,0.5,20000,0.8039199388816146,0.23982624028579147,0.5002118118118117,0.023805394081048953,-0.022892360393928737,0.6451612903225806,0.9032258064516129,0.01
F4,N2,CORR,10,0.7,0.5,500,0.9487049068635411,0.32065166291914854,0.501195995995996,0.019174042889176627,-0.018619069346118722,0.012012012012012012,0.01121121121121121,0.01
F4,N2,CORR,10,0.7,0.5,2000,0.9487049068635411,0.32065166291914854,0.501195995995996,0.019174042889176627,-0.018619069346118722,0.027243589743589744,0.023237179487179488,0.01
F4,N2,CORR,10,0.7,0.5,5000,0.9487049068635411,0.32065166291914854,0.501195995995996,0.019174042889176627,-0.018619069346118722,0.06412825651302605,0.03807615230460922,0.01
F4,N2,CORR,10,0.7,0.5,20000,0.9487049068635411,0.32065166291914854,0.501195995995996,0.019174042889176627,-0.018619069346118722,0.45161290322580644,0.3387096774193548,0.01
F4,N2,CORR,10,0.5,0.5,500,0.9385353568399145,0.3161362644297383,0.5024568568568569,0.018147203127813923,-0.016896550732914982,0.011611611611611611,0.011411411411411412,0.01
F4,N2,CORR,10,0.5,0.5,2000,0.9385353568399145,0.3161362644297383,0.5024568568568569,0.018147203127813923,-0.016896550732914982,0.016826923076923076,0.023237179487179488,0.01
F4,N2,CORR,10,0.5,0.5,5000,0.9385353568399145,0.3161362644297383,0.5024568568568569,0.018147203127813923,-0.016896550732914982,0.06212424849699399,0.04208416833667335,0.01
F4,N2,CORR,10,0.5,0.5,20000,0.9385353568399145,0.3161362644297383,0.5024568568568569,0.018147203127813923,-0.016896550732914982,0.3387096774193548,0.3225806451612903,0.01
F4,N2,CORR,10,0.3,0.5,500,0.9117051015870917,0.3012767485754631,0.5003155155155155,0.019351205226238222,-0.017558790133457583,0.010810810810810811,0.011811811811811812,0.01
F4,N2,CORR,10,0.3,0.5,2000,0.9117051015870917,0.3012767485754631,0.5003155155155155,0.019351205226238222,-0.017558790133457583,0.020833333333333332,0.017628205128205128,0.01
F4,N2,CORR,10,0.3,0.5,5000,0.9117051015870917,0.3012767485754631,0.5003155155155155,0.019351205226238222,-0.017558790133457583,0.06212424849699399,0.06012024048096192,0.01
F4,N2,CORR,10,0.3,0.5,20000,0.9117051015870917,0.3012767485754631,0.5003155155155155,0.019351205226238222,-0.017558790133457583,0.4032258064516129,0.5080645161290323,0.01
F4,N2,CORR,10,0.15,0.5,500,0.8664747072018776,0.276961668261143,0.49985985985985976,0.020680281083417656,-0.018836160009172348,0.009009009009009009,0.011811811811811812,0.01
F4,N2,CORR,10,0.15,0.5,2000,0.8664747072018776,0.276961668261143,0.49985985985985976,0.020680281083417656,-0.018836160009172348,0.02403846153846154,0.022435897435897436,0.01
F4,N2,CORR,10,0.15,0.5,5000,0.8664747072018776,0.276961668261143,0.49985985985985976,0.020680281083417656,-0.018836160009172348,0.07414829659318638,0.07014028056112225,0.01
F4,N2,CORR,10,0.15,0.5,20000,0.8664747072018776,0.276961668261143,0.49985985985985976,0.020680281083417656,-0.018836160009172348,0.49193548387096775,0.6451612903225806,0.01
F4,N2,CORR,10,0.0,0.5,500,0.7648734196672112,0.21897940562986806,0.498408008008008,0.01984024751312105,-0.018234901396821348,0.007807807807807808,0.008608608608608608,0.01
F4,N2,CORR,10,0.0,0.5,2000,0.7648734196672112,0.21897940562986806,0.498408008008008,0.01984024751312105,-0.018234901396821348,0.020032051282051284,0.023237179487179488,0.01
F4,N2,CORR,10,0.0,0.5,5000,0.7648734196672112,0.21897940562986806,0.498408008008008,0.01984024751312105,-0.018234901396821348,0.05410821643286573,0.08016032064128256,0.01
F4,N2,CORR,10,0.0,0.5,20000,0.7648734196672112,0.21897940562986806,0.498408008008008,0.01984024751312105,-0.018234901396821348,0.3709677419354839,0.6129032258064516,0.01
F4,N2,CORR,20,0.7,0.5,500,0.9487049068635411,0.32065166291914854,0.501195995995996,0.019174042889176627,-0.018619069346118722,0.012012012012012012,0.01121121121121121,0.01
F4,N2,CORR,20,0.7,0.5,2000,0.9487049068635411,0.32065166291914854,0.501195995995996,0.019174042889176627,-0.018619069346118722,0.027243589743589744,0.023237179487179488,0.01
F4,N2,CORR,20,0.7,0.5,5000,0.9487049068635411,0.32065166291914854,0.501195995995996,0.019174042889176627,-0.018619069346118722,0.06412825651302605,0.03807615230460922,0.01
F4,N2,CORR,20,0.7,0.5,20000,0.9487049068635411,0.32065166291914854,0.501195995995996,0.019174042889176627,-0.018619069346118722,0.45161290322580644,0.3387096774193548,0.01
F4,N2,CORR,20,0.5,0.5,500,0.9385358807370265,0.31613783073027546,0.5024584584584585,0.01814676809454474,-0.016896362098030696,0.011611611611611611,0.011411411411411412,0.01
F4,N2,CORR,20,0.5,0.5,2000,0.9385358807370265,0.31613783073027546,0.5024584584584585,0.01814676809454474,-0.016896362098030696,0.016826923076923076,0.023237179487179488,0.01
F4,N2,CORR,20,0.5,0.5,5000,0.9385358807370265,0.31613783073027546,0.5024584584584585,0.01814676809454474,-0.016896362098030696,0.06212424849699399,0.04208416833667335,0.01
F4,N2,CORR,20,0.5,0.5,20000,0.9385358807370265,0.31613783073027546,0.5024584584584585,0.01814676809454474,-0.016896362098030696,0.3387096774193548,0.3225806451612903,0.01
F4,N2,CORR,20,0.3,0.5,500,0.911676751168898,0.3012392628411603,0.5003243243243243,0.019371522854633623,-0.017568196789302014,0.010810810810810811,0.011811811811811812,0.01
F4,N2,CORR,20,0.3,0.5,2000,0.911676751168898,0.3012392628411603,0.5003243243243243,0.019371522854633623,-0.017568196789302014,0.020833333333333332,0.017628205128205128,0.01
F4,N2,CORR,20,0.3,0.5,5000,0.911676751168898,0.3012392628411603,0.5003243243243243,0.019371522854633623,-0.017568196789302014,0.06012024048096192,0.05811623246492986,0.01
F4,N2,CORR,20,0.3,0.5,20000,0.911676751168898,0.3012392628411603,0.5003243243243243,0.019371522854633623,-0.017568196789302014,0.3951612903225806,0.5080645161290323,0.01
F4,N2,CORR,20,0.15,0.5,500,0.8648700528901323,0.2761351539499652,0.49963763763763763,0.02044860914928246,-0.018595383490157536,0.00940940940940941,0.012012012012012012,0.01
F4,N2,CORR,20,0.15,0.5,2000,0.8648700528901323,0.2761351539499652,0.49963763763763763,0.02044860914928246,-0.018595383490157536,0.02403846153846154,0.020032051282051284,0.01
F4,N2,CORR,20,0.15,0.5,5000,0.8648700528901323,0.2761351539499652,0.49963763763763763,0.02044860914928246,-0.018595383490157536,0.07014028056112225,0.06613226452905811,0.01
F4,N2,CORR,20,0.15,0.5,20000,0.8648700528901323,0.2761351539499652,0.49963763763763763,0.02044860914928246,-0.018595383490157536,0.4274193548387097,0.6370967741935484,0.01
F4,N2,CORR,20,0.0,0.5,500,0.718365943463577,0.19577065648084904,0.4949417417417417,0.013288524817406267,-0.009654349265281394,0.00880880880880881,0.00940940940940941,0.01
F4,N2,CORR,20,0.0,0.5,2000,0.718365943463577,0.19577065648084904,0.4949417417417417,0.013288524817406267,-0.009654349265281394,0.008814102564102564,0.015224358974358974,0.01
F4,N2,CORR,20,0.0,0.5,5000,0.718365943463577,0.19577065648084904,0.4949417417417417,0.013288524817406267,-0.009654349265281394,0.02404809619238477,0.03006012024048096,0.01
F4,N2,CORR,20,0.0,0.5,20000,0.718365943463577,0.19577065648084904,0.4949417417417417,0.013288524817406267,-0.009654349265281394,0.10483870967741936,0.12903225806451613,0.01
F4,N2,CORR,50,0.7,0.5,500,0.9487049068635411,0.32065166291914854,0.501195995995996,0.019174042889176627,-0.018619069346118722,0.012012012012012012,0.01121121121121121,0.01
F4,N2,CORR,50,0.7,0.5,2000,0.9487049068635411,0.32065166291914854,0.501195995995996,0.019174042889176627,-0.018619069346118722,0.027243589743589744,0.023237179487179488,0.01
F4,N2,CORR,50,0.7,0.5,5000,0.9487049068635411,0.32065166291914854,0.501195995995996,0.019174042889176627,-0.018619069346118722,0.06412825651302605,0.03807615230460922,0.01
F4,N2,CORR,50,0.7,0.5,20000,0.9487049068635411,0.32065166291914854,0.501195995995996,0.019174042889176627,-0.018619069346118722,0.45161290322580644,0.3387096774193548,0.01
F4,N2,CORR,50,0.5,0.5,500,0.9385358807370265,0.31613783073027546,0.5024584584584585,0.01814676809454474,-0.016896362098030696,0.011611611611611611,0.011411411411411412,0.01
F4,N2,CORR,50,0.5,0.5,2000,0.9385358807370265,0.31613783073027546,0.5024584584584585,0.01814676809454474,-0.016896362098030696,0.016826923076923076,0.023237179487179488,0.01
F4,N2,CORR,50,0.5,0.5,5000,0.9385358807370265,0.31613783073027546,0.5024584584584585,0.01814676809454474,-0.016896362098030696,0.06212424849699399,0.04208416833667335,0.01
F4,N2,CORR,50,0.5,0.5,20000,0.9385358807370265,0.31613783073027546,0.5024584584584585,0.01814676809454474,-0.016896362098030696,0.3387096774193548,0.3225806451612903,0.01
F4,N2,CORR,50,0.3,0.5,500,0.911676751168898,0.3012392628411603,0.5003243243243243,0.019371522854633623,-0.017568196789302014,0.010810810810810811,0.011811811811811812,0.01
F4,N2,CORR,50,0.3,0.5,2000,0.911676751168898,0.3012392628411603,0.5003243243243243,0.019371522854633623,-0.017568196789302014,0.020833333333333332,0.017628205128205128,0.01
F4,N2,CORR,50,0.3,0.5,5000,0.911676751168898,0.3012392628411603,0.5003243243243243,0.019371522854633623,-0.017568196789302014,0.06012024048096192,0.05811623246492986,0.01
F4,N2,CORR,50,0.3,0.5,20000,0.911676751168898,0.3012392628411603,0.5003243243243243,0.019371522854633623,-0.017568196789302014,0.3951612903225806,0.5080645161290323,0.01
F4,N2,CORR,50,0.15,0.5,500,0.8648425784762166,0.2761176660656612,0.49962402402402406,0.020437776795073432,-0.018580663976141224,0.00940940940940941,0.012012012012012012,0.01
F4,N2,CORR,50,0.15,0.5,2000,0.8648425784762166,0.2761176660656612,0.49962402402402406,0.020437776795073432,-0.018580663976141224,0.02403846153846154,0.020833333333333332,0.01
F4,N2,CORR,50,0.15,0.5,5000,0.8648425784762166,0.2761176660656612,0.49962402402402406,0.020437776795073432,-0.018580663976141224,0.07014028056112225,0.06613226452905811,0.01
F4,N2,CORR,50,0.15,0.5,20000,0.8648425784762166,0.2761176660656612,0.49962402402402406,0.020437776795073432,-0.018580663976141224,0.43548387096774194,0.6370967741935484,0.01
F4,N2,CORR,50,0.0,0.5,500,0.6559872807965118,0.18163278162770458,0.49120560560560556,0.009222121728393269,-0.003488264251162482,0.00980980980980981,0.00980980980980981,0.01
F4,N2,CORR,50,0.0,0.5,2000,0.6559872807965118,0.18163278162770458,0.49120560560560556,0.009222121728393269,-0.003488264251162482,0.011217948717948718,0.01201923076923077,0.01
F4,N2,CORR,50,0.0,0.5,5000,0.6559872807965118,0.18163278162770458,0.49120560560560556,0.009222121728393269,-0.003488264251162482,0.018036072144288578,0.014028056112224449,0.01
F4,N2,CORR,50,0.0,0.5,20000,0.6559872807965118,0.18163278162770458,0.49120560560560556,0.009222121728393269,-0.003488264251162482,0.024193548387096774,0.008064516129032258,0.01
