source,regime,scheduler,budget,W,L,beta,sigma_d,psi,max_rhat,power_acf1
F1_dither,N1,DITHER,0.02,500,,,0.0,0.14315692111491407,,0.014214214214214213
F1_dither,N1,DITHER,0.02,2000,,,0.0,0.14315692111491407,,0.011217948717948718
F1_dither,N1,DITHER,0.02,5000,,,0.0,0.14315692111491407,,0.018036072144288578
F1_dither,N1,DITHER,0.02,20000,,,0.0,0.14315692111491407,,0.0
F1_dither,N1,DITHER,0.05,500,,,0.0,0.27920236597049874,,0.00880880880880881
F1_dither,N1,DITHER,0.05,2000,,,0.0,0.27920236597049874,,0.016025641025641024
F1_dither,N1,DITHER,0.05,5000,,,0.0,0.27920236597049874,,0.01002004008016032
F1_dither,N1,DITHER,0.05,20000,,,0.0,0.27920236597049874,,0.024193548387096774
F1_dither,N1,DITHER,0.1,500,,,0.0,0.43882496189025616,,0.007807807807807808
F1_dither,N1,DITHER,0.1,2000,,,0.0,0.43882496189025616,,0.013621794871794872
F1_dither,N1,DITHER,0.1,5000,,,0.0,0.43882496189025616,,0.01603206412825651
F1_dither,N1,DITHER,0.1,20000,,,0.0,0.43882496189025616,,0.024193548387096774
F1_dither,N1,DITHER,0.2,500,,,0.0,0.649115994594289,,0.01021021021021021
F1_dither,N1,DITHER,0.2,2000,,,0.0,0.649115994594289,,0.008012820512820512
F1_dither,N1,DITHER,0.2,5000,,,0.0,0.649115994594289,,0.008016032064128256
F1_dither,N1,DITHER,0.2,20000,,,0.0,0.649115994594289,,0.016129032258064516
F1_dither,N1,DITHER,0.3,500,,,0.0,0.7829769040081347,,0.011411411411411412
F1_dither,N1,DITHER,0.3,2000,,,0.0,0.7829769040081347,,0.010416666666666666
F1_dither,N1,DITHER,0.3,5000,,,0.0,0.7829769040081347,,0.02004008016032064
F1_dither,N1,DITHER,0.3,20000,,,0.0,0.7829769040081347,,0.008064516129032258
F1_dither,N1,DITHER,0.5,500,,,0.0,0.9285522987180768,,0.013013013013013013
F1_dither,N1,DITHER,0.5,2000,,,0.0,0.9285522987180768,,0.009615384615384616
F1_dither,N1,DITHER,0.5,5000,,,0.0,0.9285522987180768,,0.012024048096192385
F1_dither,N1,DITHER,0.5,20000,,,0.0,0.9285522987180768,,0.008064516129032258
F1_dither,N1,DITHER,0.02,500,,,0.25,0.08779668972870792,,0.00940940940940941
F1_dither,N1,DITHER,0.02,2000,,,0.25,0.08779668972870792,,0.010416666666666666
F1_dither,N1,DITHER,0.02,5000,,,0.25,0.08779668972870792,,0.012024048096192385
F1_dither,N1,DITHER,0.02,20000,,,0.25,0.08779668972870792,,0.0
F1_dither,N1,DITHER,0.05,500,,,0.25,0.17692404622492258,,0.008608608608608608
F1_dither,N1,DITHER,0.05,2000,,,0.25,0.17692404622492258,,0.010416666666666666
F1_dither,N1,DITHER,0.05,5000,,,0.25,0.17692404622492258,,0.004008016032064128
F1_dither,N1,DITHER,0.05,20000,,,0.25,0.17692404622492258,,0.008064516129032258
F1_dither,N1,DITHER,0.1,500,,,0.25,0.2862162534846655,,0.011011011011011011
F1_dither,N1,DITHER,0.1,2000,,,0.25,0.2862162534846655,,0.007211538461538462
F1_dither,N1,DITHER,0.1,5000,,,0.25,0.2862162534846655,,0.01002004008016032
F1_dither,N1,DITHER,0.1,20000,,,0.25,0.2862162534846655,,0.016129032258064516
F1_dither,N1,DITHER,0.2,500,,,0.25,0.45336326630842655,,0.00880880880880881
F1_dither,N1,DITHER,0.2,2000,,,0.25,0.45336326630842655,,0.01282051282051282
F1_dither,N1,DITHER,0.2,5000,,,0.25,0.45336326630842655,,0.02004008016032064
F1_dither,N1,DITHER,0.2,20000,,,0.25,0.45336326630842655,,0.008064516129032258
F1_dither,N1,DITHER,0.3,500,,,0.25,0.5784438198571077,,0.010810810810810811
F1_dither,N1,DITHER,0.3,2000,,,0.25,0.5784438198571077,,0.016025641025641024
F1_dither,N1,DITHER,0.3,5000,,,0.25,0.5784438198571077,,0.018036072144288578
F1_dither,N1,DITHER,0.3,20000,,,0.25,0.5784438198571077,,0.016129032258064516
F1_dither,N1,DITHER,0.5,500,,,0.25,0.7637825115993857,,0.00940940940940941
F1_dither,N1,DITHER,0.5,2000,,,0.25,0.7637825115993857,,0.007211538461538462
F1_dither,N1,DITHER,0.5,5000,,,0.25,0.7637825115993857,,0.014028056112224449
F1_dither,N1,DITHER,0.5,20000,,,0.25,0.7637825115993857,,0.008064516129032258
F1_dither,N1,DITHER,0.02,500,,,0.5,0.0512842925013721,,0.011611611611611611
F1_dither,N1,DITHER,0.02,2000,,,0.5,0.0512842925013721,,0.009615384615384616
F1_dither,N1,DITHER,0.02,5000,,,0.5,0.0512842925013721,,0.01603206412825651
F1_dither,N1,DITHER,0.02,20000,,,0.5,0.0512842925013721,,0.0
F1_dither,N1,DITHER,0.05,500,,,0.5,0.10993542160950023,,0.010810810810810811
F1_dither,N1,DITHER,0.05,2000,,,0.5,0.10993542160950023,,0.008814102564102564
F1_dither,N1,DITHER,0.05,5000,,,0.5,0.10993542160950023,,0.008016032064128256
F1_dither,N1,DITHER,0.05,20000,,,0.5,0.10993542160950023,,0.0
F1_dither,N1,DITHER,0.1,500,,,0.5,0.19514086734576808,,0.012612612612612612
F1_dither,N1,DITHER,0.1,2000,,,0.5,0.19514086734576808,,0.008814102564102564
F1_dither,N1,DITHER,0.1,5000,,,0.5,0.19514086734576808,,0.006012024048096192
F1_dither,N1,DITHER,0.1,20000,,,0.5,0.19514086734576808,,0.0
F1_dither,N1,DITHER,0.2,500,,,0.5,0.33488017711739004,,0.010810810810810811
F1_dither,N1,DITHER,0.2,2000,,,0.5,0.33488017711739004,,0.010416666666666666
F1_dither,N1,DITHER,0.2,5000,,,0.5,0.33488017711739004,,0.006012024048096192
F1_dither,N1,DITHER,0.2,20000,,,0.5,0.33488017711739004,,0.008064516129032258
F1_dither,N1,DITHER,0.3,500,,,0.5,0.45510193707946167,,0.01041041041041041
F1_dither,N1,DITHER,0.3,2000,,,0.5,0.45510193707946167,,0.014423076923076924
F1_dither,N1,DITHER,0.3,5000,,,0.5,0.45510193707946167,,0.01603206412825651
F1_dither,N1,DITHER,0.3,20000,,,0.5,0.45510193707946167,,0.008064516129032258
F1_dither,N1,DITHER,0.5,500,,,0.5,0.6580067557811817,,0.013813813813813814
F1_dither,N1,DITHER,0.5,2000,,,0.5,0.6580067557811817,,0.014423076923076924
F1_dither,N1,DITHER,0.5,5000,,,0.5,0.6580067557811817,,0.022044088176352707
F1_dither,N1,DITHER,0.5,20000,,,0.5,0.6580067557811817,,0.008064516129032258
F1_dither,N1,DITHER,0.02,500,,,1.0,0.03286159651255233,,0.011411411411411412
F1_dither,N1,DITHER,0.02,2000,,,1.0,0.03286159651255233,,0.010416666666666666
F1_dither,N1,DITHER,0.02,5000,,,1.0,0.03286159651255233,,0.01603206412825651
F1_dither,N1,DITHER,0.02,20000,,,1.0,0.03286159651255233,,0.0
F1_dither,N1,DITHER,0.05,500,,,1.0,0.07653665087197908,,0.00980980980980981
F1_dither,N1,DITHER,0.05,2000,,,1.0,0.07653665087197908,,0.011217948717948718
F1_dither,N1,DITHER,0.05,5000,,,1.0,0.07653665087197908,,0.01603206412825651
F1_dither,N1,DITHER,0.05,20000,,,1.0,0.07653665087197908,,0.008064516129032258
F1_dither,N1,DITHER,0.1,500,,,1.0,0.14322887366677384,,0.011611611611611611
F1_dither,N1,DITHER,0.1,2000,,,1.0,0.14322887366677384,,0.011217948717948718
F1_dither,N1,DITHER,0.1,5000,,,1.0,0.14322887366677384,,0.006012024048096192
F1_dither,N1,DITHER,0.1,20000,,,1.0,0.14322887366677384,,0.008064516129032258
F1_dither,N1,DITHER,0.2,500,,,1.0,0.26491939658243735,,0.009009009009009009
F1_dither,N1,DITHER,0.2,2000,,,1.0,0.26491939658243735,,0.009615384615384616
F1_dither,N1,DITHER,0.2,5000,,,1.0,0.26491939658243735,,0.004008016032064128
F1_dither,N1,DITHER,0.2,20000,,,1.0,0.26491939658243735,,0.016129032258064516
F1_dither,N1,DITHER,0.3,500,,,1.0,0.37785359580552197,,0.00960960960960961
F1_dither,N1,DITHER,0.3,2000,,,1.0,0.37785359580552197,,0.01201923076923077
F1_dither,N1,DITHER,0.3,5000,,,1.0,0.37785359580552197,,0.018036072144288578
F1_dither,N1,DITHER,0.3,20000,,,1.0,0.37785359580552197,,0.008064516129032258
F1_dither,N1,DITHER,0.5,500,,,1.0,0.5839905018510368,,0.010810810810810811
F1_dither,N1,DITHER,0.5,2000,,,1.0,0.5839905018510368,,0.016025641025641024
F1_dither,N1,DITHER,0.5,5000,,,1.0,0.5839905018510368,,0.014028056112224449
F1_dither,N1,DITHER,0.5,20000,,,1.0,0.5839905018510368,,0.008064516129032258
F1_dither,N1,DITHER,0.02,500,,,2.0,0.025836493573455993,,0.01121121121121121
F1_dither,N1,DITHER,0.02,2000,,,2.0,0.025836493573455993,,0.010416666666666666
F1_dither,N1,DITHER,0.02,5000,,,2.0,0.025836493573455993,,0.018036072144288578
F1_dither,N1,DITHER,0.02,20000,,,2.0,0.025836493573455993,,0.016129032258064516
F1_dither,N1,DITHER,0.05,500,,,2.0,0.061905794561103594,,0.010810810810810811
F1_dither,N1,DITHER,0.05,2000,,,2.0,0.061905794561103594,,0.009615384615384616
F1_dither,N1,DITHER,0.05,5000,,,2.0,0.061905794561103594,,0.01603206412825651
F1_dither,N1,DITHER,0.05,20000,,,2.0,0.061905794561103594,,0.0
F1_dither,N1,DITHER,0.1,500,,,2.0,0.11982211658559809,,0.01021021021021021
F1_dither,N1,DITHER,0.1,2000,,,2.0,0.11982211658559809,,0.010416666666666666
F1_dither,N1,DITHER,0.1,5000,,,2.0,0.11982211658559809,,0.012024048096192385
F1_dither,N1,DITHER,0.1,20000,,,2.0,0.11982211658559809,,0.008064516129032258
F1_dither,N1,DITHER,0.2,500,,,2.0,0.2309524892215496,,0.00880880880880881
F1_dither,N1,DITHER,0.2,2000,,,2.0,0.2309524892215496,,0.011217948717948718
F1_dither,N1,DITHER,0.2,5000,,,2.0,0.2309524892215496,,0.004008016032064128
F1_dither,N1,DITHER,0.2,20000,,,2.0,0.2309524892215496,,0.008064516129032258
F1_dither,N1,DITHER,0.3,500,,,2.0,0.33811475686078757,,0.009209209209209208
F1_dither,N1,DITHER,0.3,2000,,,2.0,0.33811475686078757,,0.008814102564102564
F1_dither,N1,DITHER,0.3,5000,,,2.0,0.33811475686078757,,0.01002004008016032
F1_dither,N1,DITHER,0.3,20000,,,2.0,0.33811475686078757,,0.008064516129032258
F1_dither,N1,DITHER,0.5,500,,,2.0,0.5425086837887945,,0.01121121121121121
F1_dither,N1,DITHER,0.5,2000,,,2.0,0.5425086837887945,,0.01842948717948718
F1_dither,N1,DITHER,0.5,5000,,,2.0,0.5425086837887945,,0.018036072144288578
F1_dither,N1,DITHER,0.5,20000,,,2.0,0.5425086837887945,,0.0
F1_dither,N1,DITHER,0.02,500,,,4.0,0.022934967839440795,,0.01021021021021021
F1_dither,N1,DITHER,0.02,2000,,,4.0,0.022934967839440795,,0.01282051282051282
F1_dither,N1,DITHER,0.02,5000,,,4.0,0.022934967839440795,,0.012024048096192385
F1_dither,N1,DITHER,0.02,20000,,,4.0,0.022934967839440795,,0.008064516129032258
F1_dither,N1,DITHER,0.05,500,,,4.0,0.05525346907937944,,0.01041041041041041
F1_dither,N1,DITHER,0.05,2000,,,4.0,0.05525346907937944,,0.009615384615384616
F1_dither,N1,DITHER,0.05,5000,,,4.0,0.05525346907937944,,0.012024048096192385
F1_dither,N1,DITHER,0.05,20000,,,4.0,0.05525346907937944,,0.0
F1_dither,N1,DITHER,0.1,500,,,4.0,0.10906402673617731,,0.00980980980980981
F1_dither,N1,DITHER,0.1,2000,,,4.0,0.10906402673617731,,0.009615384615384616
F1_dither,N1,DITHER,0.1,5000,,,4.0,0.10906402673617731,,0.01603206412825651
F1_dither,N1,DITHER,0.1,20000,,,4.0,0.10906402673617731,,0.016129032258064516
F1_dither,N1,DITHER,0.2,500,,,4.0,0.21464867792690917,,0.01041041041041041
F1_dither,N1,DITHER,0.2,2000,,,4.0,0.21464867792690917,,0.010416666666666666
F1_dither,N1,DITHER,0.2,5000,,,4.0,0.21464867792690917,,0.01002004008016032
F1_dither,N1,DITHER,0.2,20000,,,4.0,0.21464867792690917,,0.0
F1_dither,N1,DITHER,0.3,500,,,4.0,0.31804254020866923,,0.01021021021021021
F1_dither,N1,DITHER,0.3,2000,,,4.0,0.31804254020866923,,0.008814102564102564
F1_dither,N1,DITHER,0.3,5000,,,4.0,0.31804254020866923,,0.008016032064128256
F1_dither,N1,DITHER,0.3,20000,,,4.0,0.31804254020866923,,0.008064516129032258
F1_dither,N1,DITHER,0.5,500,,,4.0,0.5211676986251774,,0.01041041041041041
F1_dither,N1,DITHER,0.5,2000,,,4.0,0.5211676986251774,,0.014423076923076924
F1_dither,N1,DITHER,0.5,5000,,,4.0,0.5211676986251774,,0.012024048096192385
F1_dither,N1,DITHER,0.5,20000,,,4.0,0.5211676986251774,,0.008064516129032258
F1_dither,N1,DITHER,0.02,500,,,-1.0,0.020056347855024935,,0.01021021021021021
F1_dither,N1,DITHER,0.02,2000,,,-1.0,0.020056347855024935,,0.010416666666666666
F1_dither,N1,DITHER,0.02,5000,,,-1.0,0.020056347855024935,,0.014028056112224449
F1_dither,N1,DITHER,0.02,20000,,,-1.0,0.020056347855024935,,0.0
F1_dither,N1,DITHER,0.05,500,,,-1.0,0.04945453697770101,,0.008608608608608608
F1_dither,N1,DITHER,0.05,2000,,,-1.0,0.04945453697770101,,0.007211538461538462
F1_dither,N1,DITHER,0.05,5000,,,-1.0,0.04945453697770101,,0.01603206412825651
F1_dither,N1,DITHER,0.05,20000,,,-1.0,0.04945453697770101,,0.0
F1_dither,N1,DITHER,0.1,500,,,-1.0,0.09929085842301838,,0.008608608608608608
F1_dither,N1,DITHER,0.1,2000,,,-1.0,0.09929085842301838,,0.010416666666666666
F1_dither,N1,DITHER,0.1,5000,,,-1.0,0.09929085842301838,,0.006012024048096192
F1_dither,N1,DITHER,0.1,20000,,,-1.0,0.09929085842301838,,0.008064516129032258
F1_dither,N1,DITHER,0.2,500,,,-1.0,0.19868482477299332,,0.011611611611611611
F1_dither,N1,DITHER,0.2,2000,,,-1.0,0.19868482477299332,,0.01282051282051282
F1_dither,N1,DITHER,0.2,5000,,,-1.0,0.19868482477299332,,0.014028056112224449
F1_dither,N1,DITHER,0.2,20000,,,-1.0,0.19868482477299332,,0.0
F1_dither,N1,DITHER,0.3,500,,,-1.0,0.29899981802291115,,0.008408408408408409
F1_dither,N1,DITHER,0.3,2000,,,-1.0,0.29899981802291115,,0.011217948717948718
F1_dither,N1,DITHER,0.3,5000,,,-1.0,0.29899981802291115,,0.018036072144288578
F1_dither,N1,DITHER,0.3,20000,,,-1.0,0.29899981802291115,,0.008064516129032258
F1_dither,N1,DITHER,0.5,500,,,-1.0,0.49938158296748353,,0.01041041041041041
F1_dither,N1,DITHER,0.5,2000,,,-1.0,0.49938158296748353,,0.01201923076923077
F1_dither,N1,DITHER,0.5,5000,,,-1.0,0.49938158296748353,,0.018036072144288578
F1_dither,N1,DITHER,0.5,20000,,,-1.0,0.49938158296748353,,0.008064516129032258
F1_dither,N2,DITHER,0.02,500,,,0.0,0.3432780152777336,,0.44804804804804804
F1_dither,N2,DITHER,0.02,2000,,,0.0,0.3432780152777336,,0.9631410256410257
F1_dither,N2,DITHER,0.02,5000,,,0.0,0.3432780152777336,,1.0
F1_dither,N2,DITHER,0.02,20000,,,0.0,0.3432780152777336,,1.0
F1_dither,N2,DITHER,0.05,500,,,0.0,0.47984377814769646,,0.05985985985985986
F1_dither,N2,DITHER,0.05,2000,,,0.0,0.47984377814769646,,0.1578525641025641
F1_dither,N2,DITHER,0.05,5000,,,0.0,0.47984377814769646,,0.3687374749498998
F1_dither,N2,DITHER,0.05,20000,,,0.0,0.47984377814769646,,0.9274193548387096
F1_dither,N2,DITHER,0.1,500,,,0.0,0.6069227734989691,,0.036836836836836834
F1_dither,N2,DITHER,0.1,2000,,,0.0,0.6069227734989691,,0.10336538461538461
F1_dither,N2,DITHER,0.1,5000,,,0.0,0.6069227734989691,,0.2545090180360721
F1_dither,N2,DITHER,0.1,20000,,,0.0,0.6069227734989691,,0.8629032258064516
F1_dither,N2,DITHER,0.2,500,,,0.0,0.7607763419920333,,0.07307307307307308
F1_dither,N2,DITHER,0.2,2000,,,0.0,0.7607763419920333,,0.4150641025641026
F1_dither,N2,DITHER,0.2,5000,,,0.0,0.7607763419920333,,0.8577154308617234
F1_dither,N2,DITHER,0.2,20000,,,0.0,0.7607763419920333,,1.0
F1_dither,N2,DITHER,0.3,500,,,0.0,0.8534541308315482,,0.05025025025025025
F1_dither,N2,DITHER,0.3,2000,,,0.0,0.8534541308315482,,0.33573717948717946
F1_dither,N2,DITHER,0.3,5000,,,0.0,0.8534541308315482,,0.7454909819639278
F1_dither,N2,DITHER,0.3,20000,,,0.0,0.8534541308315482,,1.0
F1_dither,N2,DITHER,0.5,500,,,0.0,0.9524684757938442,,0.012812812812812813
F1_dither,N2,DITHER,0.5,2000,,,0.0,0.9524684757938442,,0.04246794871794872
F1_dither,N2,DITHER,0.5,5000,,,0.0,0.9524684757938442,,0.1282565130260521
F1_dither,N2,DITHER,0.5,20000,,,0.0,0.9524684757938442,,0.6774193548387096
F1_dither,N2,DITHER,0.02,500,,,0.25,0.2975455757679561,,0.34614614614614614
F1_dither,N2,DITHER,0.02,2000,,,0.25,0.2975455757679561,,0.9206730769230769
F1_dither,N2,DITHER,0.02,5000,,,0.25,0.2975455757679561,,1.0
F1_dither,N2,DITHER,0.02,20000,,,0.25,0.2975455757679561,,1.0
F1_dither,N2,DITHER,0.05,500,,,0.25,0.3925285276547841,,0.17577577577577577
F1_dither,N2,DITHER,0.05,2000,,,0.25,0.3925285276547841,,0.6338141025641025
F1_dither,N2,DITHER,0.05,5000,,,0.25,0.3925285276547841,,0.9619238476953907
F1_dither,N2,DITHER,0.05,20000,,,0.25,0.3925285276547841,,1.0
F1_dither,N2,DITHER,0.1,500,,,0.25,0.484733946020054,,0.04824824824824825
F1_dither,N2,DITHER,0.1,2000,,,0.25,0.484733946020054,,0.1346153846153846
F1_dither,N2,DITHER,0.1,5000,,,0.25,0.484733946020054,,0.2785571142284569
F1_dither,N2,DITHER,0.1,20000,,,0.25,0.484733946020054,,0.8790322580645161
F1_dither,N2,DITHER,0.2,500,,,0.25,0.6046152888383758,,0.027227227227227226
F1_dither,N2,DITHER,0.2,2000,,,0.25,0.6046152888383758,,0.05448717948717949
F1_dither,N2,DITHER,0.2,5000,,,0.25,0.6046152888383758,,0.08817635270541083
F1_dither,N2,DITHER,0.2,20000,,,0.25,0.6046152888383758,,0.3629032258064516
F1_dither,N2,DITHER,0.3,500,,,0.25,0.6937018249446463,,0.051251251251251254
F1_dither,N2,DITHER,0.3,2000,,,0.25,0.6937018249446463,,0.18830128205128205
F1_dither,N2,DITHER,0.3,5000,,,0.25,0.6937018249446463,,0.4749498997995992
F1_dither,N2,DITHER,0.3,20000,,,0.25,0.6937018249446463,,0.9919354838709677
F1_dither,N2,DITHER,0.5,500,,,0.25,0.8247284136859497,,0.04804804804804805
F1_dither,N2,DITHER,0.5,2000,,,0.25,0.8247284136859497,,0.24919871794871795
F1_dither,N2,DITHER,0.5,5000,,,0.25,0.8247284136859497,,0.6052104208416834
F1_dither,N2,DITHER,0.5,20000,,,0.25,0.8247284136859497,,1.0
F1_dither,N2,DITHER,0.02,500,,,0.5,0.19137918876057572,,0.15975975975975976
F1_dither,N2,DITHER,0.02,2000,,,0.5,0.19137918876057572,,0.6097756410256411
F1_dither,N2,DITHER,0.02,5000,,,0.5,0.19137918876057572,,0.9619238476953907
F1_dither,N2,DITHER,0.02,20000,,,0.5,0.19137918876057572,,1.0
F1_dither,N2,DITHER,0.05,500,,,0.5,0.2773580325562335,,0.16336336336336335
F1_dither,N2,DITHER,0.05,2000,,,0.5,0.2773580325562335,,0.6410256410256411
F1_dither,N2,DITHER,0.05,5000,,,0.5,0.2773580325562335,,0.9619238476953907
F1_dither,N2,DITHER,0.05,20000,,,0.5,0.2773580325562335,,1.0
F1_dither,N2,DITHER,0.1,500,,,0.5,0.36746165416424037,,0.0988988988988989
F1_dither,N2,DITHER,0.1,2000,,,0.5,0.36746165416424037,,0.40625
F1_dither,N2,DITHER,0.1,5000,,,0.5,0.36746165416424037,,0.7975951903807615
F1_dither,N2,DITHER,0.1,20000,,,0.5,0.36746165416424037,,1.0
F1_dither,N2,DITHER,0.2,500,,,0.5,0.4941957291934989,,0.035035035035035036
F1_dither,N2,DITHER,0.2,2000,,,0.5,0.4941957291934989,,0.06810897435897435
F1_dither,N2,DITHER,0.2,5000,,,0.5,0.4941957291934989,,0.12224448897795591
F1_dither,N2,DITHER,0.2,20000,,,0.5,0.4941957291934989,,0.5080645161290323
F1_dither,N2,DITHER,0.3,500,,,0.5,0.5914610697908749,,0.02082082082082082
F1_dither,N2,DITHER,0.3,2000,,,0.5,0.5914610697908749,,0.041666666666666664
F1_dither,N2,DITHER,0.3,5000,,,0.5,0.5914610697908749,,0.04408817635270541
F1_dither,N2,DITHER,0.3,20000,,,0.5,0.5914610697908749,,0.10483870967741936
F1_dither,N2,DITHER,0.5,500,,,0.5,0.746797332107747,,0.04364364364364364
F1_dither,N2,DITHER,0.5,2000,,,0.5,0.746797332107747,,0.15865384615384615
F1_dither,N2,DITHER,0.5,5000,,,0.5,0.746797332107747,,0.3867735470941884
F1_dither,N2,DITHER,0.5,20000,,,0.5,0.746797332107747,,0.9838709677419355
F1_dither,N2,DITHER,0.02,500,,,1.0,0.086346924921768,,0.041841841841841844
F1_dither,N2,DITHER,0.02,2000,,,1.0,0.086346924921768,,0.12419871794871795
F1_dither,N2,DITHER,0.02,5000,,,1.0,0.086346924921768,,0.28256513026052105
F1_dither,N2,DITHER,0.02,20000,,,1.0,0.086346924921768,,0.9193548387096774
F1_dither,N2,DITHER,0.05,500,,,1.0,0.15358202327598092,,0.06146146146146146
F1_dither,N2,DITHER,0.05,2000,,,1.0,0.15358202327598092,,0.2155448717948718
F1_dither,N2,DITHER,0.05,5000,,,1.0,0.15358202327598092,,0.46693386773547096
F1_dither,N2,DITHER,0.05,20000,,,1.0,0.15358202327598092,,0.9919354838709677
F1_dither,N2,DITHER,0.1,500,,,1.0,0.23837020207144008,,0.05885885885885886
F1_dither,N2,DITHER,0.1,2000,,,1.0,0.23837020207144008,,0.22756410256410256
F1_dither,N2,DITHER,0.1,5000,,,1.0,0.23837020207144008,,0.5050100200400801
F1_dither,N2,DITHER,0.1,20000,,,1.0,0.23837020207144008,,0.9919354838709677
F1_dither,N2,DITHER,0.2,500,,,1.0,0.372186088920874,,0.03883883883883884
F1_dither,N2,DITHER,0.2,2000,,,1.0,0.372186088920874,,0.11137820512820513
F1_dither,N2,DITHER,0.2,5000,,,1.0,0.372186088920874,,0.23046092184368738
F1_dither,N2,DITHER,0.2,20000,,,1.0,0.372186088920874,,0.8145161290322581
F1_dither,N2,DITHER,0.3,500,,,1.0,0.4824201487900901,,0.026026026026026026
F1_dither,N2,DITHER,0.3,2000,,,1.0,0.4824201487900901,,0.03926282051282051
F1_dither,N2,DITHER,0.3,5000,,,1.0,0.4824201487900901,,0.04809619238476954
F1_dither,N2,DITHER,0.3,20000,,,1.0,0.4824201487900901,,0.18548387096774194
F1_dither,N2,DITHER,0.5,500,,,1.0,0.667843850051172,,0.023223223223223222
F1_dither,N2,DITHER,0.5,2000,,,1.0,0.667843850051172,,0.05689102564102564
F1_dither,N2,DITHER,0.5,5000,,,1.0,0.667843850051172,,0.09218436873747494
F1_dither,N2,DITHER,0.5,20000,,,1.0,0.667843850051172,,0.4274193548387097
F1_dither,N2,DITHER,0.02,500,,,2.0,0.043192142932079264,,0.01701701701701702
F1_dither,N2,DITHER,0.02,2000,,,2.0,0.043192142932079264,,0.022435897435897436
F1_dither,N2,DITHER,0.02,5000,,,2.0,0.043192142932079264,,0.03206412825651302
F1_dither,N2,DITHER,0.02,20000,,,2.0,0.043192142932079264,,0.08870967741935484
F1_dither,N2,DITHER,0.05,500,,,2.0,0.09123290998965858,,0.026226226226226227
F1_dither,N2,DITHER,0.05,2000,,,2.0,0.09123290998965858,,0.05048076923076923
F1_dither,N2,DITHER,0.05,5000,,,2.0,0.09123290998965858,,0.09418837675350701
F1_dither,N2,DITHER,0.05,20000,,,2.0,0.09123290998965858,,0.3709677419354839
F1_dither,N2,DITHER,0.1,500,,,2.0,0.1614201397788932,,0.032632632632632635
F1_dither,N2,DITHER,0.1,2000,,,2.0,0.1614201397788932,,0.07291666666666667
F1_dither,N2,DITHER,0.1,5000,,,2.0,0.1614201397788932,,0.13026052104208416
F1_dither,N2,DITHER,0.1,20000,,,2.0,0.1614201397788932,,0.532258064516129
F1_dither,N2,DITHER,0.2,500,,,2.0,0.2844340194448186,,0.03043043043043043
F1_dither,N2,DITHER,0.2,2000,,,2.0,0.2844340194448186,,0.06009615384615385
F1_dither,N2,DITHER,0.2,5000,,,2.0,0.2844340194448186,,0.09218436873747494
F1_dither,N2,DITHER,0.2,20000,,,2.0,0.2844340194448186,,0.4112903225806452
F1_dither,N2,DITHER,0.3,500,,,2.0,0.3955262867154628,,0.026426426426426425
F1_dither,N2,DITHER,0.3,2000,,,2.0,0.3955262867154628,,0.044070512820512824
F1_dither,N2,DITHER,0.3,5000,,,2.0,0.3955262867154628,,0.07214428857715431
F1_dither,N2,DITHER,0.3,20000,,,2.0,0.3955262867154628,,0.24193548387096775
F1_dither,N2,DITHER,0.5,500,,,2.0,0.596509735983415,,0.02242242242242242
F1_dither,N2,DITHER,0.5,2000,,,2.0,0.596509735983415,,0.027243589743589744
F1_dither,N2,DITHER,0.5,5000,,,2.0,0.596509735983415,,0.04208416833667335
F1_dither,N2,DITHER,0.5,20000,,,2.0,0.596509735983415,,0.06451612903225806
F1_dither,N2,DITHER,0.02,500,,,4.0,0.028904878095707555,,0.014014014014014014
F1_dither,N2,DITHER,0.02,2000,,,4.0,0.028904878095707555,,0.013621794871794872
F1_dither,N2,DITHER,0.02,5000,,,4.0,0.028904878095707555,,0.01603206412825651
F1_dither,N2,DITHER,0.02,20000,,,4.0,0.028904878095707555,,0.024193548387096774
F1_dither,N2,DITHER,0.05,500,,,4.0,0.06821366519005574,,0.017417417417417418
F1_dither,N2,DITHER,0.05,2000,,,4.0,0.06821366519005574,,0.016826923076923076
F1_dither,N2,DITHER,0.05,5000,,,4.0,0.06821366519005574,,0.022044088176352707
F1_dither,N2,DITHER,0.05,20000,,,4.0,0.06821366519005574,,0.04838709677419355
F1_dither,N2,DITHER,0.1,500,,,4.0,0.12866450770433713,,0.023023023023023025
F1_dither,N2,DITHER,0.1,2000,,,4.0,0.12866450770433713,,0.030448717948717948
F1_dither,N2,DITHER,0.1,5000,,,4.0,0.12866450770433713,,0.04609218436873747
F1_dither,N2,DITHER,0.1,20000,,,4.0,0.12866450770433713,,0.14516129032258066
F1_dither,N2,DITHER,0.2,500,,,4.0,0.2407380736168932,,0.025425425425425426
F1_dither,N2,DITHER,0.2,2000,,,4.0,0.2407380736168932,,0.04326923076923077
F1_dither,N2,DITHER,0.2,5000,,,4.0,0.2407380736168932,,0.03807615230460922
F1_dither,N2,DITHER,0.2,20000,,,4.0,0.2407380736168932,,0.12903225806451613
F1_dither,N2,DITHER,0.3,500,,,4.0,0.34766091910609986,,0.026026026026026026
F1_dither,N2,DITHER,0.3,2000,,,4.0,0.34766091910609986,,0.03766025641025641
F1_dither,N2,DITHER,0.3,5000,,,4.0,0.34766091910609986,,0.056112224448897796
F1_dither,N2,DITHER,0.3,20000,,,4.0,0.34766091910609986,,0.11290322580645161
F1_dither,N2,DITHER,0.5,500,,,4.0,0.5514813001240095,,0.023423423423423424
F1_dither,N2,DITHER,0.5,2000,,,4.0,0.5514813001240095,,0.029647435897435896
F1_dither,N2,DITHER,0.5,5000,,,4.0,0.5514813001240095,,0.036072144288577156
F1_dither,N2,DITHER,0.5,20000,,,4.0,0.5514813001240095,,0.04032258064516129
F1_dither,N2,DITHER,0.02,500,,,-1.0,0.020205852363701076,,0.012012012012012012
F1_dither,N2,DITHER,0.02,2000,,,-1.0,0.020205852363701076,,0.01201923076923077
F1_dither,N2,DITHER,0.02,5000,,,-1.0,0.020205852363701076,,0.01002004008016032
F1_dither,N2,DITHER,0.02,20000,,,-1.0,0.020205852363701076,,0.0
F1_dither,N2,DITHER,0.05,500,,,-1.0,0.05121939160493343,,0.012212212212212211
F1_dither,N2,DITHER,0.05,2000,,,-1.0,0.05121939160493343,,0.016025641025641024
F1_dither,N2,DITHER,0.05,5000,,,-1.0,0.05121939160493343,,0.01002004008016032
F1_dither,N2,DITHER,0.05,20000,,,-1.0,0.05121939160493343,,0.03225806451612903
F1_dither,N2,DITHER,0.1,500,,,-1.0,0.1028335719742855,,0.016816816816816817
F1_dither,N2,DITHER,0.1,2000,,,-1.0,0.1028335719742855,,0.020032051282051284
F1_dither,N2,DITHER,0.1,5000,,,-1.0,0.1028335719742855,,0.01603206412825651
F1_dither,N2,DITHER,0.1,20000,,,-1.0,0.1028335719742855,,0.024193548387096774
F1_dither,N2,DITHER,0.2,500,,,-1.0,0.20214310854624695,,0.024224224224224225
F1_dither,N2,DITHER,0.2,2000,,,-1.0,0.20214310854624695,,0.026442307692307692
F1_dither,N2,DITHER,0.2,5000,,,-1.0,0.20214310854624695,,0.02404809619238477
F1_dither,N2,DITHER,0.2,20000,,,-1.0,0.20214310854624695,,0.03225806451612903
F1_dither,N2,DITHER,0.3,500,,,-1.0,0.3013596305235066,,0.025825825825825825
F1_dither,N2,DITHER,0.3,2000,,,-1.0,0.3013596305235066,,0.024839743589743588
F1_dither,N2,DITHER,0.3,5000,,,-1.0,0.3013596305235066,,0.04008016032064128
F1_dither,N2,DITHER,0.3,20000,,,-1.0,0.3013596305235066,,0.04032258064516129
F1_dither,N2,DITHER,0.5,500,,,-1.0,0.502194299977427,,0.023423423423423424
F1_dither,N2,DITHER,0.5,2000,,,-1.0,0.502194299977427,,0.026442307692307692
F1_dither,N2,DITHER,0.5,5000,,,-1.0,0.502194299977427,,0.028056112224448898
F1_dither,N2,DITHER,0.5,20000,,,-1.0,0.502194299977427,,0.07258064516129033
F2_found_memory,N1,MEMLESS,0.02,,,,,0.1441100089798973,0.007794508971345449,
F2_found_memory,N1,BLOCK,0.02,,,,,0.02421042412755608,0.007235825281463228,
F2_found_memory,N1,AR,0.02,,,,,0.1441049782972147,0.00760194286925225,
F2_found_memory,N1,ENERGY,0.02,,,,,0.033796221649780196,0.006515643497536636,
F2_found_memory,N1,MAGDIFF,0.02,,,,,0.07472936102128386,0.006089589327277372,
F2_found_memory,N1,MEMLESS,0.02,,,,,0.14349372379037165,0.0071871018274207365,
F2_found_memory,N1,BLOCK,0.02,,,,,0.02514461923858319,0.008005817240874619,
F2_found_memory,N1,AR,0.02,,,,,0.14348676115485054,0.007167758435618286,
F2_found_memory,N1,ENERGY,0.02,,,,,0.030497665095320023,0.007133669450817282,
F2_found_memory,N1,MAGDIFF,0.02,,,,,0.07531590495847693,0.006773049604077859,
F2_found_memory,N1,MEMLESS,0.02,,,,,0.14480578440360406,0.008560650096853615,
F2_found_memory,N1,BLOCK,0.02,,,,,0.025997023703292963,0.00850385426725468,
F2_found_memory,N1,AR,0.02,,,,,0.14479771310723144,0.009151175130319648,
F2_found_memory,N1,ENERGY,0.02,,,,,0.03148556664712483,0.007948787867025884,
F2_found_memory,N1,MAGDIFF,0.02,,,,,0.07650911873510839,0.010593944879191356,
F2_found_memory,N1,MEMLESS,0.02,,,,,0.14494813632685755,0.00909919161627827,
F2_found_memory,N1,BLOCK,0.02,,,,,0.026435741033039268,0.004550547577940192,
F2_found_memory,N1,AR,0.02,,,,,0.14494560415366414,0.008545779043643129,
F2_found_memory,N1,ENERGY,0.02,,,,,0.03093831281003664,0.004068359882997358,
F2_found_memory,N1,MAGDIFF,0.02,,,,,0.07945374048737697,0.0037576393398492626,
F2_found_memory,N1,MEMLESS,0.02,,,,,0.14564271234403206,0.006609663471391096,
F2_found_memory,N1,BLOCK,0.02,,,,,0.025488018464007292,0.014798300269956823,
F2_found_memory,N1,AR,0.02,,,,,0.1456378691894817,0.007951568473996643,
F2_found_memory,N1,ENERGY,0.02,,,,,0.031868106322203854,0.01296936647371415,
F2_found_memory,N1,MAGDIFF,0.02,,,,,0.08198593617496458,0.007895171156438414,
F2_found_memory,N1,MEMLESS,0.02,,,,,0.14405864648545477,0.007374033726170186,
F2_found_memory,N1,BLOCK,0.02,,,,,0.025508222351604718,0.008334549061941037,
F2_found_memory,N1,AR,0.02,,,,,0.1440565479089794,0.006870785938197318,
F2_found_memory,N1,ENERGY,0.02,,,,,0.032040144000656884,0.01026229527727234,
F2_found_memory,N1,MAGDIFF,0.02,,,,,0.07577537888698359,0.008088293035871495,
F2_found_memory,N1,MEMLESS,0.02,,,,,0.1429154693145849,0.010661536563722538,
F2_found_memory,N1,BLOCK,0.02,,,,,0.025273604196621384,0.008676315338648844,
F2_found_memory,N1,AR,0.02,,,,,0.1429095044041476,0.009957594698752693,
F2_found_memory,N1,ENERGY,0.02,,,,,0.030105458832324773,0.009491072018945633,
F2_found_memory,N1,MAGDIFF,0.02,,,,,0.07509127730090984,0.008019589041705844,
F2_found_memory,N1,MEMLESS,0.02,,,,,0.1465205466116327,0.01118346866754366,
F2_found_memory,N1,BLOCK,0.02,,,,,0.024650815260236356,0.006908440863575699,
F2_found_memory,N1,AR,0.02,,,,,0.14651831674210306,0.011241711096489469,
F2_found_memory,N1,ENERGY,0.02,,,,,0.032001204220396234,0.004278231902362521,
F2_found_memory,N1,MAGDIFF,0.02,,,,,0.07985215946464308,0.009121646058605465,
F2_found_memory,N1,MEMLESS,0.02,,,,,0.14428025181345738,0.005959207047888935,
F2_found_memory,N1,BLOCK,0.02,,,,,0.023374820512004173,0.005583014218177771,
F2_found_memory,N1,AR,0.02,,,,,0.14427385321011976,0.006738187765109538,
F2_found_memory,N1,ENERGY,0.02,,,,,0.030664094474188937,0.006692840917224751,
F2_found_memory,N1,MAGDIFF,0.02,,,,,0.07493091339836461,0.00897094583537474,
F2_found_memory,N1,MEMLESS,0.02,,,,,0.14164981511201089,0.008311162081719795,
F2_found_memory,N1,BLOCK,0.02,,,,,0.0244741981251264,0.008072643349062143,
F2_found_memory,N1,AR,0.02,,,,,0.14164384518723416,0.007954043877269262,
F2_found_memory,N1,ENERGY,0.02,,,,,0.03281299294695205,0.00713526910225046,
F2_found_memory,N1,MAGDIFF,0.02,,,,,0.07743187980777749,0.009337374905944398,
F2_found_memory,N1,MEMLESS,0.02,,,,,0.1438830829914288,0.010909852003688927,
F2_found_memory,N1,BLOCK,0.02,,,,,0.025798586348059805,0.006943509118865882,
F2_found_memory,N1,AR,0.02,,,,,0.14387953572087267,0.00995357188851357,
F2_found_memory,N1,ENERGY,0.02,,,,,0.03140319758233785,0.007205144706328489,
F2_found_memory,N1,MAGDIFF,0.02,,,,,0.07403109818945601,0.009348173430140974,
F2_found_memory,N1,MEMLESS,0.02,,,,,0.14407923004528797,0.007834351833181395,
F2_found_memory,N1,BLOCK,0.02,,,,,0.025185970976667686,0.015761010828337346,
F2_found_memory,N1,AR,0.02,,,,,0.14407330970918902,0.00734328606589057,
F2_found_memory,N1,ENERGY,0.02,,,,,0.030392118218816436,0.012854194603933035,
F2_found_memory,N1,MAGDIFF,0.02,,,,,0.07755417140362245,0.011908887722209589,
F2_found_memory,N1,MEMLESS,0.02,,,,,0.14430293702078992,0.010272905909754998,
F2_found_memory,N1,BLOCK,0.02,,,,,0.026858947622258288,0.00960924945825337,
F2_found_memory,N1,AR,0.02,,,,,0.14430024905419944,0.00923471146350057,
F2_found_memory,N1,ENERGY,0.02,,,,,0.02925780975781233,0.011680557543750034,
F2_found_memory,N1,MAGDIFF,0.02,,,,,0.0792891898999657,0.007452347276626084,
F2_found_memory,N1,MEMLESS,0.02,,,,,0.14480360100372502,0.006855430087573029,
F2_found_memory,N1,BLOCK,0.02,,,,,0.026039640272796042,0.009890763884665501,
F2_found_memory,N1,AR,0.02,,,,,0.14479787208047917,0.006882847368330965,
F2_found_memory,N1,ENERGY,0.02,,,,,0.029787645530751538,0.009821297392750285,
F2_found_memory,N1,MAGDIFF,0.02,,,,,0.07936862280301511,0.008213431584403338,
F2_found_memory,N1,MEMLESS,0.02,,,,,0.1448358526490914,0.006235209036169592,
F2_found_memory,N1,BLOCK,0.02,,,,,0.026127726232963853,0.007021749656994176,
F2_found_memory,N1,AR,0.02,,,,,0.14483021540776117,0.006311285970825176,
F2_found_memory,N1,ENERGY,0.02,,,,,0.03132690526576701,0.005821574603351061,
F2_found_memory,N1,MAGDIFF,0.02,,,,,0.07503142881982089,0.008791050468344037,
F2_found_memory,N1,MEMLESS,0.02,,,,,0.14457735424673177,0.010909832389179993,
F2_found_memory,N1,BLOCK,0.02,,,,,0.02547006004704,0.009915944446276727,
F2_found_memory,N1,AR,0.02,,,,,0.14457084828082864,0.011047981677469875,
F2_found_memory,N1,ENERGY,0.02,,,,,0.03290111295647768,0.012275930064101732,
F2_found_memory,N1,MAGDIFF,0.02,,,,,0.07767155166918079,0.012066082034978323,
F2_found_memory,N1,MEMLESS,0.02,,,,,0.14366764551987143,0.008836064797836543,
F2_found_memory,N1,BLOCK,0.02,,,,,0.025008957856945048,0.011793045937485275,
F2_found_memory,N1,AR,0.02,,,,,0.14366150681435644,0.007905305294329482,
F2_found_memory,N1,ENERGY,0.02,,,,,0.03182861906673286,0.01188650566439134,
F2_found_memory,N1,MAGDIFF,0.02,,,,,0.07518036624205693,0.008936908918727466,
F2_found_memory,N1,MEMLESS,0.02,,,,,0.14085212970053976,0.005192096990262797,
F2_found_memory,N1,BLOCK,0.02,,,,,0.024195203391874146,0.006985016704229403,
F2_found_memory,N1,AR,0.02,,,,,0.14084906410108333,0.005218160642756177,
F2_found_memory,N1,ENERGY,0.02,,,,,0.030464760460925337,0.008401459783676105,
F2_found_memory,N1,MAGDIFF,0.02,,,,,0.0731645794560476,0.008764644414318073,
F2_found_memory,N1,MEMLESS,0.02,,,,,0.1442772755217794,0.005795274943802441,
F2_found_memory,N1,BLOCK,0.02,,,,,0.026308622833192914,0.00440741397214576,
F2_found_memory,N1,AR,0.02,,,,,0.14427423184563937,0.005859808552326517,
F2_found_memory,N1,ENERGY,0.02,,,,,0.03067402160360637,0.006466815598232501,
F2_found_memory,N1,MAGDIFF,0.02,,,,,0.07849879003349367,0.007802875047199324,
F2_found_memory,N1,MEMLESS,0.02,,,,,0.14504236523039024,0.011740539354772494,
F2_found_memory,N1,BLOCK,0.02,,,,,0.02544041959521536,0.011624987908742425,
F2_found_memory,N1,AR,0.02,,,,,0.14503632792621493,0.011118002190384979,
F2_found_memory,N1,ENERGY,0.02,,,,,0.031169076887679087,0.011882006161729372,
F2_found_memory,N1,MAGDIFF,0.02,,,,,0.0791591412488651,0.010061255846326217,
F2_found_memory,N1,MEMLESS,0.02,,,,,0.1446365872971132,0.009459130714466203,
F2_found_memory,N1,BLOCK,0.02,,,,,0.02560302327673625,0.00603890604253257,
F2_found_memory,N1,AR,0.02,,,,,0.14463220069454902,0.009441821467250639,
F2_found_memory,N1,ENERGY,0.02,,,,,0.032564052161428894,0.006135097169296528,
F2_found_memory,N1,MAGDIFF,0.02,,,,,0.07856149128557592,0.00898095853282591,
F2_found_memory,N1,MEMLESS,0.02,,,,,0.1441902199635407,0.008135164343943069,
F2_found_memory,N1,BLOCK,0.02,,,,,0.024849621829117118,0.005715179928443612,
F2_found_memory,N1,AR,0.02,,,,,0.14418246439333132,0.008222751341418944,
F2_found_memory,N1,ENERGY,0.02,,,,,0.029115468608988046,0.004971410890932629,
F2_found_memory,N1,MAGDIFF,0.02,,,,,0.07780289878482227,0.00524200270510376,
F2_found_memory,N1,MEMLESS,0.02,,,,,0.14336252400302493,0.012037866042779708,
F2_found_memory,N1,BLOCK,0.02,,,,,0.025914037623149172,0.005939234159693083,
F2_found_memory,N1,AR,0.02,,,,,0.14335883896901733,0.012399483932675282,
F2_found_memory,N1,ENERGY,0.02,,,,,0.03005738461756186,0.007067831384529699,
F2_found_memory,N1,MAGDIFF,0.02,,,,,0.07462076830883516,0.010265885981069723,
F2_found_memory,N1,MEMLESS,0.02,,,,,0.14212907024012933,0.007157730335682973,
F2_found_memory,N1,BLOCK,0.02,,,,,0.025595114085927243,0.005952751600702578,
F2_found_memory,N1,AR,0.02,,,,,0.14212373980483625,0.007592738736022513,
F2_found_memory,N1,ENERGY,0.02,,,,,0.029497255559014567,0.0064425485455041915,
F2_found_memory,N1,MAGDIFF,0.02,,,,,0.07742000435991296,0.006023764981904446,
F2_found_memory,N1,MEMLESS,0.02,,,,,0.1437551224972805,0.008679199279853339,
F2_found_memory,N1,BLOCK,0.02,,,,,0.02597419864825257,0.006688447902457364,
F2_found_memory,N1,AR,0.02,,,,,0.14375009965126956,0.008518193787991827,
F2_found_memory,N1,ENERGY,0.02,,,,,0.03161534308107136,0.008552527468289592,
F2_found_memory,N1,MAGDIFF,0.02,,,,,0.07365212551208654,0.006594300434748358,
F2_found_memory,N1,MEMLESS,0.02,,,,,0.14213260224377713,0.008186268114642434,
F2_found_memory,N1,BLOCK,0.02,,,,,0.025087671333927516,0.008410347804058802,
F2_found_memory,N1,AR,0.02,,,,,0.14212653149188795,0.007797573671559944,
F2_found_memory,N1,ENERGY,0.02,,,,,0.031171145122758367,0.00818530306243162,
F2_found_memory,N1,MAGDIFF,0.02,,,,,0.07418359458747288,0.006125736554324295,
F2_found_memory,N1,MEMLESS,0.02,,,,,0.1431583636343902,0.010658567337433094,
F2_found_memory,N1,BLOCK,0.02,,,,,0.025509688545771916,0.008090968831042069,
F2_found_memory,N1,AR,0.02,,,,,0.14315241129080222,0.011395972051010936,
F2_found_memory,N1,ENERGY,0.02,,,,,0.030860678319820464,0.006750302052340761,
F2_found_memory,N1,MAGDIFF,0.02,,,,,0.0765857187303527,0.009561531510980078,
F2_found_memory,N1,MEMLESS,0.02,,,,,0.1441398554335145,0.005899168406685748,
F2_found_memory,N1,BLOCK,0.02,,,,,0.02656782727614258,0.01225532402892669,
F2_found_memory,N1,AR,0.02,,,,,0.14413747141947178,0.005892508955557961,
F2_found_memory,N1,ENERGY,0.02,,,,,0.03186262534319296,0.011764765151806501,
F2_found_memory,N1,MAGDIFF,0.02,,,,,0.07881135619341367,0.009707769509769119,
F2_found_memory,N1,MEMLESS,0.02,,,,,0.1452012282068,0.011984897560064472,
F2_found_memory,N1,BLOCK,0.02,,,,,0.026270819089804855,0.01130715867726188,
F2_found_memory,N1,AR,0.02,,,,,0.14519717064923984,0.011748183313378463,
F2_found_memory,N1,ENERGY,0.02,,,,,0.03251043944966349,0.012044554682539094,
F2_found_memory,N1,MAGDIFF,0.02,,,,,0.07801248525443212,0.0079529699622696,
F2_found_memory,N1,MEMLESS,0.02,,,,,0.1433563613410243,0.005679646648740728,
F2_found_memory,N1,BLOCK,0.02,,,,,0.024611532316387297,0.005058291563074395,
F2_found_memory,N1,AR,0.02,,,,,0.14335081933620678,0.006151053207174617,
F2_found_memory,N1,ENERGY,0.02,,,,,0.03151868493445331,0.004899249730258144,
F2_found_memory,N1,MAGDIFF,0.02,,,,,0.07456000374316964,0.00678821343045831,
F2_found_memory,N1,MEMLESS,0.02,,,,,0.14357469208760004,0.00863762976596393,
F2_found_memory,N1,BLOCK,0.02,,,,,0.02438571354136559,0.008777160119415464,
F2_found_memory,N1,AR,0.02,,,,,0.14357018108513625,0.008774639609624713,
F2_found_memory,N1,ENERGY,0.02,,,,,0.031473006910196805,0.008630235211204627,
F2_found_memory,N1,MAGDIFF,0.02,,,,,0.07537831416427614,0.008296965999886724,
F2_found_memory,N1,MEMLESS,0.02,,,,,0.14366203828468813,0.00535466242436801,
F2_found_memory,N1,BLOCK,0.02,,,,,0.027211821963799142,0.007609987748630644,
F2_found_memory,N1,AR,0.02,,,,,0.14365485240271894,0.005167599077643381,
F2_found_memory,N1,ENERGY,0.02,,,,,0.03116244671128966,0.006450844370526463,
F2_found_memory,N1,MAGDIFF,0.02,,,,,0.07490675812660669,0.0037239345939975355,
F2_found_memory,N1,MEMLESS,0.02,,,,,0.14234355101490567,0.008872317253247025,
F2_found_memory,N1,BLOCK,0.02,,,,,0.025014849718108075,0.006093838185528931,
F2_found_memory,N1,AR,0.02,,,,,0.142340099378077,0.008455561641819112,
F2_found_memory,N1,ENERGY,0.02,,,,,0.030516422782954345,0.006864683779375029,
F2_found_memory,N1,MAGDIFF,0.02,,,,,0.07456138115676385,0.008048394821374389,
F2_found_memory,N1,MEMLESS,0.02,,,,,0.14369934264832776,0.010300318445742095,
F2_found_memory,N1,BLOCK,0.02,,,,,0.02489994642220484,0.00628276739922432,
F2_found_memory,N1,AR,0.02,,,,,0.14369631467973876,0.009968288314236805,
F2_found_memory,N1,ENERGY,0.02,,,,,0.031257560424493465,0.008158941416208916,
F2_found_memory,N1,MAGDIFF,0.02,,,,,0.07556720069060596,0.008955554815891373,
F2_found_memory,N1,MEMLESS,0.02,,,,,0.14355758271367822,0.0083613377864828,
F2_found_memory,N1,BLOCK,0.02,,,,,0.025482591426331587,0.010578432625600574,
F2_found_memory,N1,AR,0.02,,,,,0.1435556359056545,0.00836682144520786,
F2_found_memory,N1,ENERGY,0.02,,,,,0.031193071826716944,0.009981335751489021,
F2_found_memory,N1,MAGDIFF,0.02,,,,,0.07641949423500823,0.009595738825614337,
F2_found_memory,N1,MEMLESS,0.02,,,,,0.1445968957259495,0.010270929698012228,
F2_found_memory,N1,BLOCK,0.02,,,,,0.024003619108800014,0.005591186094191077,
F2_found_memory,N1,AR,0.02,,,,,0.1445891726021243,0.009812548628380147,
F2_found_memory,N1,ENERGY,0.02,,,,,0.0308435444498668,0.007809549848738373,
F2_found_memory,N1,MAGDIFF,0.02,,,,,0.0779757712978223,0.011781689263752346,
F2_found_memory,N1,MEMLESS,0.02,,,,,0.14184341281525817,0.006103660819473074,
F2_found_memory,N1,BLOCK,0.02,,,,,0.026306597534999997,0.007386588877086839,
F2_found_memory,N1,AR,0.02,,,,,0.14183885960790382,0.006603965728062933,
F2_found_memory,N1,ENERGY,0.02,,,,,0.032749541393442064,0.009887673883589658,
F2_found_memory,N1,MAGDIFF,0.02,,,,,0.0766881428433154,0.00971766668579814,
F2_found_memory,N1,MEMLESS,0.02,,,,,0.14362061999890832,0.01022833961225329,
F2_found_memory,N1,BLOCK,0.02,,,,,0.025119100197013005,0.007582682937399879,
F2_found_memory,N1,AR,0.02,,,,,0.1436150610071006,0.009762229993247362,
F2_found_memory,N1,ENERGY,0.02,,,,,0.03101949547852954,0.008707452223378527,
F2_found_memory,N1,MAGDIFF,0.02,,,,,0.07590663638357176,0.009074236982958941,
F2_found_memory,N1,MEMLESS,0.02,,,,,0.14229807895024524,0.008812081536028296,
F2_found_memory,N1,BLOCK,0.02,,,,,0.023979125859927067,0.012510563420312575,
F2_found_memory,N1,AR,0.02,,,,,0.14229303390494033,0.009079419264435892,
F2_found_memory,N1,ENERGY,0.02,,,,,0.03208553974560284,0.012703189424816463,
F2_found_memory,N1,MAGDIFF,0.02,,,,,0.07593211090386191,0.0086543236221589,
F2_found_memory,N1,MEMLESS,0.02,,,,,0.14481596017851864,0.010286204028927078,
F2_found_memory,N1,BLOCK,0.02,,,,,0.025828958438730256,0.008459861413600368,
F2_found_memory,N1,AR,0.02,,,,,0.14480980559711873,0.010111094708741431,
F2_found_memory,N1,ENERGY,0.02,,,,,0.031175518825154833,0.005966516067714951,
F2_found_memory,N1,MAGDIFF,0.02,,,,,0.07936897391545131,0.006476205505914214,
F2_found_memory,N1,MEMLESS,0.02,,,,,0.14203326740735625,0.00551736898720884,
F2_found_memory,N1,BLOCK,0.02,,,,,0.02509658985978757,0.006836829345949844,
F2_found_memory,N1,AR,0.02,,,,,0.14202924270067646,0.005791920021123114,
F2_found_memory,N1,ENERGY,0.02,,,,,0.029629816620532115,0.007705578164628074,
F2_found_memory,N1,MAGDIFF,0.02,,,,,0.07493307565627613,0.006680000824000174,
F2_found_memory,N1,MEMLESS,0.02,,,,,0.14263381250387958,0.013023912958955487,
F2_found_memory,N1,BLOCK,0.02,,,,,0.026709759690209858,0.011916021730837776,
F2_found_memory,N1,AR,0.02,,,,,0.14262952372660592,0.013379815642854035,
F2_found_memory,N1,ENERGY,0.02,,,,,0.03235660730357266,0.014067790744828914,
F2_found_memory,N1,MAGDIFF,0.02,,,,,0.07487776592000542,0.012261125914066435,
F2_found_memory,N1,MEMLESS,0.02,,,,,0.14280634311475213,0.011154029061042308,
F2_found_memory,N1,BLOCK,0.02,,,,,0.025297025222932475,0.01193946405374572,
F2_found_memory,N1,AR,0.02,,,,,0.1428035154928578,0.011339327816970892,
F2_found_memory,N1,ENERGY,0.02,,,,,0.030907889431451716,0.011296610688176017,
F2_found_memory,N1,MAGDIFF,0.02,,,,,0.07339416622900417,0.009551763609547577,
F2_found_memory,N1,MEMLESS,0.02,,,,,0.14373687190945708,0.009412283245609675,
F2_found_memory,N1,BLOCK,0.02,,,,,0.023940001275694928,0.00646984695505698,
F2_found_memory,N1,AR,0.02,,,,,0.1437334184186108,0.008988779004034476,
F2_found_memory,N1,ENERGY,0.02,,,,,0.03163699008672854,0.0063656427649938785,
F2_found_memory,N1,MAGDIFF,0.02,,,,,0.07569444895265248,0.004432584622204605,
F2_found_memory,N1,MEMLESS,0.02,,,,,0.14403452341140746,0.007978123461124151,
F2_found_memory,N1,BLOCK,0.02,,,,,0.02728133180835628,0.010561643976455754,
F2_found_memory,N1,AR,0.02,,,,,0.1440299351790459,0.008067738748367203,
F2_found_memory,N1,ENERGY,0.02,,,,,0.03267341691175052,0.009226281767826292,
F2_found_memory,N1,MAGDIFF,0.02,,,,,0.07631885642991973,0.00632107751875215,
F2_found_memory,N1,MEMLESS,0.02,,,,,0.14454103104501811,0.006288018078873081,
F2_found_memory,N1,BLOCK,0.02,,,,,0.024206571511114425,0.007661899888405062,
F2_found_memory,N1,AR,0.02,,,,,0.144536369254257,0.005841762465329767,
F2_found_memory,N1,ENERGY,0.02,,,,,0.032176158893623956,0.009377851581045269,
F2_found_memory,N1,MAGDIFF,0.02,,,,,0.08003323974391074,0.008185922039907515,
F2_found_memory,N1,MEMLESS,0.02,,,,,0.14155863736347882,0.010264743205462399,
F2_found_memory,N1,BLOCK,0.02,,,,,0.025083269659162574,0.008369356301773751,
F2_found_memory,N1,AR,0.02,,,,,0.14155625742125605,0.009251000138493696,
F2_found_memory,N1,ENERGY,0.02,,,,,0.028867765315303454,0.007912173568790959,
F2_found_memory,N1,MAGDIFF,0.02,,,,,0.07311241589260067,0.007206218240313569,
F2_found_memory,N1,MEMLESS,0.02,,,,,0.14592453733175986,0.006325956242624972,
F2_found_memory,N1,BLOCK,0.02,,,,,0.025248910068859112,0.004252071133325179,
F2_found_memory,N1,AR,0.02,,,,,0.14591767930209765,0.006752832162021552,
F2_found_memory,N1,ENERGY,0.02,,,,,0.032133611664073844,0.006332673879861309,
F2_found_memory,N1,MAGDIFF,0.02,,,,,0.07701325493586252,0.0069773718634531315,
F2_found_memory,N1,MEMLESS,0.02,,,,,0.14314818564410223,0.006603293882769373,
F2_found_memory,N1,BLOCK,0.02,,,,,0.026121386674344358,0.008463517012220841,
F2_found_memory,N1,AR,0.02,,,,,0.1431453246687848,0.00589625763022285,
F2_found_memory,N1,ENERGY,0.02,,,,,0.029411729942999208,0.00789605993039722,
F2_found_memory,N1,MAGDIFF,0.02,,,,,0.07512263037229337,0.006427922838310872,
F2_found_memory,N1,MEMLESS,0.02,,,,,0.1436686481161805,0.007735273464865185,
F2_found_memory,N1,BLOCK,0.02,,,,,0.02493481319404552,0.0063757927852300745,
F2_found_memory,N1,AR,0.02,,,,,0.14366488957673224,0.008083932935333651,
F2_found_memory,N1,ENERGY,0.02,,,,,0.03170530949589976,0.007730085983758652,
F2_found_memory,N1,MAGDIFF,0.02,,,,,0.07551862307408024,0.00809007685414193,
F2_found_memory,N1,MEMLESS,0.05,,,,,0.28062314974971225,0.010532951988950098,
F2_found_memory,N1,BLOCK,0.05,,,,,0.06009663604233107,0.007276226709853753,
F2_found_memory,N1,AR,0.05,,,,,0.28061732732432326,0.0103434598198735,
F2_found_memory,N1,ENERGY,0.05,,,,,0.07578146094192693,0.006772203600944016,
F2_found_memory,N1,MAGDIFF,0.05,,,,,0.1526986320092295,0.008126337342367796,
F2_found_memory,N1,MEMLESS,0.05,,,,,0.278755289676501,0.012210890878481859,
F2_found_memory,N1,BLOCK,0.05,,,,,0.059881357200114727,0.008759320618258015,
F2_found_memory,N1,AR,0.05,,,,,0.2787465169495765,0.012520153695450694,
F2_found_memory,N1,ENERGY,0.05,,,,,0.0719181129302831,0.009075000424553297,
F2_found_memory,N1,MAGDIFF,0.05,,,,,0.15179667152770793,0.010357515115925219,
F2_found_memory,N1,MEMLESS,0.05,,,,,0.28078838950436114,0.008343271019558028,
F2_found_memory,N1,BLOCK,0.05,,,,,0.06244497665292218,0.009197352178431834,
F2_found_memory,N1,AR,0.05,,,,,0.28078063286087523,0.0080871734247289,
F2_found_memory,N1,ENERGY,0.05,,,,,0.0728434439753824,0.008193768622002143,
F2_found_memory,N1,MAGDIFF,0.05,,,,,0.15519784226825872,0.009172952174142395,
F2_found_memory,N1,MEMLESS,0.05,,,,,0.28066553215152695,0.00869304939982504,
F2_found_memory,N1,BLOCK,0.05,,,,,0.061776829364259996,0.003745523780273903,
F2_found_memory,N1,AR,0.05,,,,,0.2806604012288051,0.007452367665637442,
F2_found_memory,N1,ENERGY,0.05,,,,,0.07221934686727284,0.005931165120321295,
F2_found_memory,N1,MAGDIFF,0.05,,,,,0.15719206158336824,0.0048915640853500475,
F2_found_memory,N1,MEMLESS,0.05,,,,,0.2810080200937488,0.008406422205231396,
F2_found_memory,N1,BLOCK,0.05,,,,,0.06260021720677475,0.013877282884925199,
F2_found_memory,N1,AR,0.05,,,,,0.28099944020836015,0.0088597655549864,
F2_found_memory,N1,ENERGY,0.05,,,,,0.07177586488011095,0.013518456726568895,
F2_found_memory,N1,MAGDIFF,0.05,,,,,0.15828832838315657,0.011059724555166713,
F2_found_memory,N1,MEMLESS,0.05,,,,,0.278756811638755,0.010178614949093775,
F2_found_memory,N1,BLOCK,0.05,,,,,0.06243372371324081,0.008319964504504292,
F2_found_memory,N1,AR,0.05,,,,,0.27874768101914527,0.00975842852448906,
F2_found_memory,N1,ENERGY,0.05,,,,,0.07236923146909463,0.007585507516356165,
F2_found_memory,N1,MAGDIFF,0.05,,,,,0.15299511999786777,0.009455190421524555,
F2_found_memory,N1,MEMLESS,0.05,,,,,0.2775630614171508,0.00803319983723059,
F2_found_memory,N1,BLOCK,0.05,,,,,0.06365188461093306,0.007502325335598382,
F2_found_memory,N1,AR,0.05,,,,,0.2775527952069878,0.008655034501113686,
F2_found_memory,N1,ENERGY,0.05,,,,,0.0751188644990832,0.00919084584870088,
F2_found_memory,N1,MAGDIFF,0.05,,,,,0.15235105622336192,0.007022322545074442,
F2_found_memory,N1,MEMLESS,0.05,,,,,0.2828112701334364,0.009835346061351787,
F2_found_memory,N1,BLOCK,0.05,,,,,0.062276893687387515,0.007732807637969982,
F2_found_memory,N1,AR,0.05,,,,,0.2828026514656715,0.010292458026641154,
F2_found_memory,N1,ENERGY,0.05,,,,,0.07605919028223251,0.003974450915384469,
F2_found_memory,N1,MAGDIFF,0.05,,,,,0.1589645366246686,0.009359958217459882,
F2_found_memory,N1,MEMLESS,0.05,,,,,0.2784713571035968,0.007676480600164768,
F2_found_memory,N1,BLOCK,0.05,,,,,0.05771934543851278,0.004736782635663155,
F2_found_memory,N1,AR,0.05,,,,,0.2784620177423845,0.007997680185947525,
F2_found_memory,N1,ENERGY,0.05,,,,,0.07232997838808398,0.0062737727399241935,
F2_found_memory,N1,MAGDIFF,0.05,,,,,0.15261522253368418,0.006796802404565935,
F2_found_memory,N1,MEMLESS,0.05,,,,,0.27563850792279215,0.006500595459762813,
F2_found_memory,N1,BLOCK,0.05,,,,,0.061501940633512456,0.006794450939848154,
F2_found_memory,N1,AR,0.05,,,,,0.2756278604894019,0.005166358069890352,
F2_found_memory,N1,ENERGY,0.05,,,,,0.07414500014590437,0.009436043538338712,
F2_found_memory,N1,MAGDIFF,0.05,,,,,0.15169191774651666,0.007008033226458053,
F2_found_memory,N1,MEMLESS,0.05,,,,,0.2785956016795494,0.009637958404024129,
F2_found_memory,N1,BLOCK,0.05,,,,,0.06245721513950156,0.006093166360275854,
F2_found_memory,N1,AR,0.05,,,,,0.27858588184585775,0.010472428758582944,
F2_found_memory,N1,ENERGY,0.05,,,,,0.07451280002431641,0.006652830781374063,
F2_found_memory,N1,MAGDIFF,0.05,,,,,0.1521809632081047,0.010615737291721768,
F2_found_memory,N1,MEMLESS,0.05,,,,,0.2799650255508827,0.006475190039177164,
F2_found_memory,N1,BLOCK,0.05,,,,,0.062174007600132794,0.016411017709402183,
F2_found_memory,N1,AR,0.05,,,,,0.2799563062457804,0.00612142670874635,
F2_found_memory,N1,ENERGY,0.05,,,,,0.07179796901154044,0.015551977017255776,
F2_found_memory,N1,MAGDIFF,0.05,,,,,0.15360542764881902,0.011503122017412644,
F2_found_memory,N1,MEMLESS,0.05,,,,,0.2789683201852389,0.009640824562155132,
F2_found_memory,N1,BLOCK,0.05,,,,,0.0634684378359602,0.010312644393734714,
F2_found_memory,N1,AR,0.05,,,,,0.2789618963934218,0.010060755246300181,
F2_found_memory,N1,ENERGY,0.05,,,,,0.07492579264854915,0.009596731242098842,
F2_found_memory,N1,MAGDIFF,0.05,,,,,0.15598329321805335,0.007965461907745185,
F2_found_memory,N1,MEMLESS,0.05,,,,,0.2788289346331887,0.01000925911736316,
F2_found_memory,N1,BLOCK,0.05,,,,,0.06239661460793499,0.009737842006125513,
F2_found_memory,N1,AR,0.05,,,,,0.2788220236647096,0.009679851196964863,
F2_found_memory,N1,ENERGY,0.05,,,,,0.07179749002995463,0.00879902327769606,
F2_found_memory,N1,MAGDIFF,0.05,,,,,0.1558938430830992,0.005705050008328205,
F2_found_memory,N1,MEMLESS,0.05,,,,,0.2797333333834168,0.009334422083401862,
F2_found_memory,N1,BLOCK,0.05,,,,,0.06240952526441084,0.006268254771477418,
F2_found_memory,N1,AR,0.05,,,,,0.2797226374528208,0.009885070564744405,
F2_found_memory,N1,ENERGY,0.05,,,,,0.07346531407742332,0.007725025890775156,
F2_found_memory,N1,MAGDIFF,0.05,,,,,0.15079585333685191,0.011086549945062476,
F2_found_memory,N1,MEMLESS,0.05,,,,,0.27988869111247944,0.011879007612449408,
F2_found_memory,N1,BLOCK,0.05,,,,,0.060359041890801185,0.01003249557726487,
F2_found_memory,N1,AR,0.05,,,,,0.2798817645433458,0.01212864352272295,
F2_found_memory,N1,ENERGY,0.05,,,,,0.07253041630686065,0.00803440438173034,
F2_found_memory,N1,MAGDIFF,0.05,,,,,0.1539518673955492,0.011112192153608487,
F2_found_memory,N1,MEMLESS,0.05,,,,,0.27988659450353653,0.007835032457559897,
F2_found_memory,N1,BLOCK,0.05,,,,,0.06349521522866652,0.011953483615846536,
F2_found_memory,N1,AR,0.05,,,,,0.27987601837269926,0.006923464362878789,
F2_found_memory,N1,ENERGY,0.05,,,,,0.07446208314735574,0.009795619681021748,
F2_found_memory,N1,MAGDIFF,0.05,,,,,0.1536586876560366,0.0054174625280894026,
F2_found_memory,N1,MEMLESS,0.05,,,,,0.27644788526974867,0.010874338931810158,
F2_found_memory,N1,BLOCK,0.05,,,,,0.05910331126793055,0.006001389747600679,
F2_found_memory,N1,AR,0.05,,,,,0.27643881666522274,0.011511224626698503,
F2_found_memory,N1,ENERGY,0.05,,,,,0.07113048947425565,0.006481312243786113,
F2_found_memory,N1,MAGDIFF,0.05,,,,,0.1488133501288927,0.004739769381078864,
F2_found_memory,N1,MEMLESS,0.05,,,,,0.27945169912870776,0.006411335972485885,
F2_found_memory,N1,BLOCK,0.05,,,,,0.06353219499738495,0.005980136485759169,
F2_found_memory,N1,AR,0.05,,,,,0.27944496668555635,0.006264220926559408,
F2_found_memory,N1,ENERGY,0.05,,,,,0.07192688900387424,0.006288876813266191,
F2_found_memory,N1,MAGDIFF,0.05,,,,,0.15429296517245666,0.007380817595460408,
F2_found_memory,N1,MEMLESS,0.05,,,,,0.2813727722026931,0.009220939983291779,
F2_found_memory,N1,BLOCK,0.05,,,,,0.06295242962602526,0.010957665829043407,
F2_found_memory,N1,AR,0.05,,,,,0.28136380283388396,0.010210205752278892,
F2_found_memory,N1,ENERGY,0.05,,,,,0.07221104339419804,0.009410606292087571,
F2_found_memory,N1,MAGDIFF,0.05,,,,,0.15751987446128807,0.00854385042187748,
F2_found_memory,N1,MEMLESS,0.05,,,,,0.27894474731938207,0.006170531880596363,
F2_found_memory,N1,BLOCK,0.05,,,,,0.0610764593123169,0.0057626021074362105,
F2_found_memory,N1,AR,0.05,,,,,0.27893564047822156,0.006465854564427027,
F2_found_memory,N1,ENERGY,0.05,,,,,0.07492010630207649,0.007730927097478742,
F2_found_memory,N1,MAGDIFF,0.05,,,,,0.1545547471163686,0.010137379797056647,
F2_found_memory,N1,MEMLESS,0.05,,,,,0.2786984553559638,0.0071935119803179836,
F2_found_memory,N1,BLOCK,0.05,,,,,0.061339354896767416,0.0060644315068139444,
F2_found_memory,N1,AR,0.05,,,,,0.27868968056509696,0.00666254239209589,
F2_found_memory,N1,ENERGY,0.05,,,,,0.07168365312848049,0.004402862038529494,
F2_found_memory,N1,MAGDIFF,0.05,,,,,0.15540424639072767,0.00670249211544817,
F2_found_memory,N1,MEMLESS,0.05,,,,,0.27813955198051543,0.008981226623610936,
F2_found_memory,N1,BLOCK,0.05,,,,,0.062239093288848,0.006334449399891931,
F2_found_memory,N1,AR,0.05,,,,,0.27813286299892626,0.008846682693322876,
F2_found_memory,N1,ENERGY,0.05,,,,,0.07393051784013216,0.006992783813573349,
F2_found_memory,N1,MAGDIFF,0.05,,,,,0.15233331979630196,0.009618366715639365,
F2_found_memory,N1,MEMLESS,0.05,,,,,0.27702905523541865,0.00798626069818437,
F2_found_memory,N1,BLOCK,0.05,,,,,0.061023254005766546,0.004689793320725954,
F2_found_memory,N1,AR,0.05,,,,,0.27702150467601727,0.008073899959829132,
F2_found_memory,N1,ENERGY,0.05,,,,,0.071165074808316,0.007262063499390741,
F2_found_memory,N1,MAGDIFF,0.05,,,,,0.1586636455367463,0.008771374735398749,
F2_found_memory,N1,MEMLESS,0.05,,,,,0.2796317612213247,0.0136500985962236,
F2_found_memory,N1,BLOCK,0.05,,,,,0.062009202466784465,0.0064906319423401375,
F2_found_memory,N1,AR,0.05,,,,,0.2796261839644499,0.013187680713395438,
F2_found_memory,N1,ENERGY,0.05,,,,,0.07405347799028156,0.005651072322829829,
F2_found_memory,N1,MAGDIFF,0.05,,,,,0.15311156903280373,0.005054595859852776,
F2_found_memory,N1,MEMLESS,0.05,,,,,0.2764713163153059,0.007779005528835398,
F2_found_memory,N1,BLOCK,0.05,,,,,0.06198364909715421,0.00826809544591861,
F2_found_memory,N1,AR,0.05,,,,,0.2764603759505368,0.009274254198422713,
F2_found_memory,N1,ENERGY,0.05,,,,,0.07170346975132671,0.009311383296123256,
F2_found_memory,N1,MAGDIFF,0.05,,,,,0.1503407249248855,0.006967504284942085,
F2_found_memory,N1,MEMLESS,0.05,,,,,0.2776558089992145,0.009197194236196356,
F2_found_memory,N1,BLOCK,0.05,,,,,0.06238815135094391,0.007694954385410125,
F2_found_memory,N1,AR,0.05,,,,,0.2776484652692546,0.009168966529252788,
F2_found_memory,N1,ENERGY,0.05,,,,,0.07397732703106942,0.009283032850532431,
F2_found_memory,N1,MAGDIFF,0.05,,,,,0.15239493028021292,0.014121966982330463,
F2_found_memory,N1,MEMLESS,0.05,,,,,0.2781493261592181,0.008631102307238096,
F2_found_memory,N1,BLOCK,0.05,,,,,0.06288501350916,0.010119044408774572,
F2_found_memory,N1,AR,0.05,,,,,0.27814238980930156,0.00815452937445094,
F2_found_memory,N1,ENERGY,0.05,,,,,0.07401606785118346,0.014378512366356228,
F2_found_memory,N1,MAGDIFF,0.05,,,,,0.15273413767588806,0.006021411900026845,
F2_found_memory,N1,MEMLESS,0.05,,,,,0.2817149191825672,0.008642724196300983,
F2_found_memory,N1,BLOCK,0.05,,,,,0.06163650785516515,0.011415123309424813,
F2_found_memory,N1,AR,0.05,,,,,0.2817066241485479,0.009033479269823569,
F2_found_memory,N1,ENERGY,0.05,,,,,0.07485950663345628,0.012957262368648522,
F2_found_memory,N1,MAGDIFF,0.05,,,,,0.15643622581828326,0.011192807375827004,
F2_found_memory,N1,MEMLESS,0.05,,,,,0.27888085984752586,0.006903367916803567,
F2_found_memory,N1,BLOCK,0.05,,,,,0.059612112851350645,0.00639490891050837,
F2_found_memory,N1,AR,0.05,,,,,0.2788756656984947,0.006219387227047047,
F2_found_memory,N1,ENERGY,0.05,,,,,0.07351124311925605,0.004317381589444681,
F2_found_memory,N1,MAGDIFF,0.05,,,,,0.15067059867976143,0.00802885696129745,
F2_found_memory,N1,MEMLESS,0.05,,,,,0.2792663309309491,0.01086106916030706,
F2_found_memory,N1,BLOCK,0.05,,,,,0.058951682865434174,0.008752446522063199,
F2_found_memory,N1,AR,0.05,,,,,0.27925299669714027,0.011530052971286916,
F2_found_memory,N1,ENERGY,0.05,,,,,0.07071890374260109,0.009216263953872346,
F2_found_memory,N1,MAGDIFF,0.05,,,,,0.1518459792786093,0.008614774919375368,
F2_found_memory,N1,MEMLESS,0.05,,,,,0.2786949459738005,0.007455619418552167,
F2_found_memory,N1,BLOCK,0.05,,,,,0.06436641637228166,0.006865787603385088,
F2_found_memory,N1,AR,0.05,,,,,0.27868563160393206,0.0068657974440870925,
F2_found_memory,N1,ENERGY,0.05,,,,,0.07510946286886933,0.004597640043368587,
F2_found_memory,N1,MAGDIFF,0.05,,,,,0.15350682796009518,0.0048285831744037,
F2_found_memory,N1,MEMLESS,0.05,,,,,0.27691009068493744,0.007492593145096407,
F2_found_memory,N1,BLOCK,0.05,,,,,0.06004936457049308,0.007703292428075915,
F2_found_memory,N1,AR,0.05,,,,,0.2769010951821144,0.006696516235056792,
F2_found_memory,N1,ENERGY,0.05,,,,,0.07375414492532538,0.005012450316840722,
F2_found_memory,N1,MAGDIFF,0.05,,,,,0.15241685546903785,0.007897902408496011,
F2_found_memory,N1,MEMLESS,0.05,,,,,0.27912392485850707,0.00781650296959645,
F2_found_memory,N1,BLOCK,0.05,,,,,0.062119515060034165,0.005929352949522159,
F2_found_memory,N1,AR,0.05,,,,,0.2791155710246381,0.008062583527787643,
F2_found_memory,N1,ENERGY,0.05,,,,,0.07129061682649723,0.010077794376071172,
F2_found_memory,N1,MAGDIFF,0.05,,,,,0.15356927887582872,0.007900287263279699,
F2_found_memory,N1,MEMLESS,0.05,,,,,0.2775708981570765,0.006712955421455824,
F2_found_memory,N1,BLOCK,0.05,,,,,0.06299511607670825,0.009098453685530337,
F2_found_memory,N1,AR,0.05,,,,,0.27756198878637445,0.007395567473608696,
F2_found_memory,N1,ENERGY,0.05,,,,,0.07239540640879162,0.009195841817381284,
F2_found_memory,N1,MAGDIFF,0.05,,,,,0.15296974910139002,0.010162353430542719,
F2_found_memory,N1,MEMLESS,0.05,,,,,0.27911136197773334,0.013806863881884054,
F2_found_memory,N1,BLOCK,0.05,,,,,0.06200577193912967,0.006190171538500265,
F2_found_memory,N1,AR,0.05,,,,,0.27909970864439965,0.013560385610531954,
F2_found_memory,N1,ENERGY,0.05,,,,,0.07166624340886554,0.006099481760103454,
F2_found_memory,N1,MAGDIFF,0.05,,,,,0.15572766436410598,0.010139696516295958,
F2_found_memory,N1,MEMLESS,0.05,,,,,0.2766784751969326,0.00959681932708027,
F2_found_memory,N1,BLOCK,0.05,,,,,0.063044259325236,0.008033002952925054,
F2_found_memory,N1,AR,0.05,,,,,0.27666653762697435,0.009646552636134304,
F2_found_memory,N1,ENERGY,0.05,,,,,0.07289936928746052,0.00800796322157967,
F2_found_memory,N1,MAGDIFF,0.05,,,,,0.15460275599773018,0.007248526287307931,
F2_found_memory,N1,MEMLESS,0.05,,,,,0.27932458542542987,0.006413168236666676,
F2_found_memory,N1,BLOCK,0.05,,,,,0.059355202707466165,0.005944233207769947,
F2_found_memory,N1,AR,0.05,,,,,0.27931328862470634,0.006175096216357275,
F2_found_memory,N1,ENERGY,0.05,,,,,0.07225901006265316,0.010678486359112322,
F2_found_memory,N1,MAGDIFF,0.05,,,,,0.15403777145425368,0.007471832340273754,
F2_found_memory,N1,MEMLESS,0.05,,,,,0.27689827201339906,0.009760763205177929,
F2_found_memory,N1,BLOCK,0.05,,,,,0.0610689570435697,0.010809978869515522,
F2_found_memory,N1,AR,0.05,,,,,0.27688941643537046,0.009014771030814836,
F2_found_memory,N1,ENERGY,0.05,,,,,0.07569717150675652,0.011234747749998773,
F2_found_memory,N1,MAGDIFF,0.05,,,,,0.15340581506654397,0.009527980275642408,
F2_found_memory,N1,MEMLESS,0.05,,,,,0.2798078898734047,0.007112064902570259,
F2_found_memory,N1,BLOCK,0.05,,,,,0.06247712994458011,0.007188916701603708,
F2_found_memory,N1,AR,0.05,,,,,0.27979821730953713,0.006268538492781008,
F2_found_memory,N1,ENERGY,0.05,,,,,0.07360327289805227,0.008956710372770479,
F2_found_memory,N1,MAGDIFF,0.05,,,,,0.15525529192203444,0.007122811680176038,
F2_found_memory,N1,MEMLESS,0.05,,,,,0.27692445829309914,0.009190380015248344,
F2_found_memory,N1,BLOCK,0.05,,,,,0.06041357498026705,0.005043212356374382,
F2_found_memory,N1,AR,0.05,,,,,0.2769136908878853,0.009492428261487145,
F2_found_memory,N1,ENERGY,0.05,,,,,0.07225868738437155,0.004866655284713779,
F2_found_memory,N1,MAGDIFF,0.05,,,,,0.1486877881002982,0.01042679994125971,
F2_found_memory,N1,MEMLESS,0.05,,,,,0.2780379018107885,0.011182008871261861,
F2_found_memory,N1,BLOCK,0.05,,,,,0.06381324526192163,0.010960371639283513,
F2_found_memory,N1,AR,0.05,,,,,0.2780291145602981,0.01123675536248177,
F2_found_memory,N1,ENERGY,0.05,,,,,0.07396165789227269,0.009259823326475512,
F2_found_memory,N1,MAGDIFF,0.05,,,,,0.15191423011010768,0.01306057798856177,
F2_found_memory,N1,MEMLESS,0.05,,,,,0.2768411524884555,0.008829273611013704,
F2_found_memory,N1,BLOCK,0.05,,,,,0.060642107363295006,0.012733318455629842,
F2_found_memory,N1,AR,0.05,,,,,0.2768331232613433,0.008471451902809506,
F2_found_memory,N1,ENERGY,0.05,,,,,0.07273064935721815,0.012009008000952427,
F2_found_memory,N1,MAGDIFF,0.05,,,,,0.15265084991780112,0.011145652510918218,
F2_found_memory,N1,MEMLESS,0.05,,,,,0.27834643118605573,0.007907956251223744,
F2_found_memory,N1,BLOCK,0.05,,,,,0.05814952920249436,0.007723965547123938,
F2_found_memory,N1,AR,0.05,,,,,0.2783384690020127,0.007804178392501558,
F2_found_memory,N1,ENERGY,0.05,,,,,0.0749195183037094,0.00841285779266576,
F2_found_memory,N1,MAGDIFF,0.05,,,,,0.1516648164114207,0.008357761313869533,
F2_found_memory,N1,MEMLESS,0.05,,,,,0.27819708526240355,0.009897843523505733,
F2_found_memory,N1,BLOCK,0.05,,,,,0.06126704614332014,0.010203668923181367,
F2_found_memory,N1,AR,0.05,,,,,0.2781917962097092,0.010017362369112529,
F2_found_memory,N1,ENERGY,0.05,,,,,0.0729355032332715,0.010211368537970144,
F2_found_memory,N1,MAGDIFF,0.05,,,,,0.15441174659462406,0.007172864439176389,
F2_found_memory,N1,MEMLESS,0.05,,,,,0.28043932580174824,0.006117977637132329,
F2_found_memory,N1,BLOCK,0.05,,,,,0.060782408006992986,0.006296405608191096,
F2_found_memory,N1,AR,0.05,,,,,0.2804312261133034,0.005546538862571589,
F2_found_memory,N1,ENERGY,0.05,,,,,0.07498005169255945,0.00877269267235089,
F2_found_memory,N1,MAGDIFF,0.05,,,,,0.15646376058907352,0.007038416498391275,
F2_found_memory,N1,MEMLESS,0.05,,,,,0.27505016926486825,0.013166116775422036,
F2_found_memory,N1,BLOCK,0.05,,,,,0.06186113094216025,0.008369871224666026,
F2_found_memory,N1,AR,0.05,,,,,0.2750436614841591,0.01409026379242859,
F2_found_memory,N1,ENERGY,0.05,,,,,0.07151934297281749,0.007719624392142084,
F2_found_memory,N1,MAGDIFF,0.05,,,,,0.15069572445722396,0.008933771092616904,
F2_found_memory,N1,MEMLESS,0.05,,,,,0.2813596025070451,0.007589730617257321,
F2_found_memory,N1,BLOCK,0.05,,,,,0.06165668934446238,0.003871405555677919,
F2_found_memory,N1,AR,0.05,,,,,0.2813543395170023,0.007393032950423548,
F2_found_memory,N1,ENERGY,0.05,,,,,0.0738300087128805,0.006907205741596203,
F2_found_memory,N1,MAGDIFF,0.05,,,,,0.15710418310366023,0.008589417193344629,
F2_found_memory,N1,MEMLESS,0.05,,,,,0.2777489674286328,0.011829893186471171,
F2_found_memory,N1,BLOCK,0.05,,,,,0.06213421034332868,0.008885355603630745,
F2_found_memory,N1,AR,0.05,,,,,0.2777408102781939,0.012274379882979624,
F2_found_memory,N1,ENERGY,0.05,,,,,0.07160109657648217,0.005621260473712785,
F2_found_memory,N1,MAGDIFF,0.05,,,,,0.15156348165777742,0.007618436616930205,
F2_found_memory,N1,MEMLESS,0.05,,,,,0.27876771587201865,0.01067802540936553,
F2_found_memory,N1,BLOCK,0.05,,,,,0.060319736600069174,0.005408043007689812,
F2_found_memory,N1,AR,0.05,,,,,0.2787583580534561,0.010244147548185133,
F2_found_memory,N1,ENERGY,0.05,,,,,0.0726593620947462,0.005694972695526442,
F2_found_memory,N1,MAGDIFF,0.05,,,,,0.15062262271498592,0.008093988861919633,
F2_found_memory,N1,MEMLESS,0.1,,,,,0.44132133907990356,0.011286210896228336,
F2_found_memory,N1,BLOCK,0.1,,,,,0.11774258335232458,0.006036330001625307,
F2_found_memory,N1,AR,0.1,,,,,0.44130635745421476,0.012175295082905263,
F2_found_memory,N1,ENERGY,0.1,,,,,0.14062016184831852,0.008842554144264816,
F2_found_memory,N1,MAGDIFF,0.1,,,,,0.2537506013221069,0.008270355128814076,
F2_found_memory,N1,MEMLESS,0.1,,,,,0.43932972818591554,0.006047275699507651,
F2_found_memory,N1,BLOCK,0.1,,,,,0.11947381766406102,0.009431952291585027,
F2_found_memory,N1,AR,0.1,,,,,0.4393164572833536,0.005798025893657426,
F2_found_memory,N1,ENERGY,0.1,,,,,0.13752393315839756,0.009654962240482097,
F2_found_memory,N1,MAGDIFF,0.1,,,,,0.25224943491241425,0.00892429919907463,
F2_found_memory,N1,MEMLESS,0.1,,,,,0.4409311979904335,0.008374849772793673,
F2_found_memory,N1,BLOCK,0.1,,,,,0.12000253678404382,0.010322747044252865,
F2_found_memory,N1,AR,0.1,,,,,0.4409156864229612,0.008697172785374541,
F2_found_memory,N1,ENERGY,0.1,,,,,0.1403427891027783,0.007449884262593219,
F2_found_memory,N1,MAGDIFF,0.1,,,,,0.256435379571119,0.007420642668016172,
F2_found_memory,N1,MEMLESS,0.1,,,,,0.44061958716347926,0.009181518280493626,
F2_found_memory,N1,BLOCK,0.1,,,,,0.12092173381734884,0.005974124324110464,
F2_found_memory,N1,AR,0.1,,,,,0.4406062198810322,0.008268501302896887,
F2_found_memory,N1,ENERGY,0.1,,,,,0.13994666991876367,0.004217886879649435,
F2_found_memory,N1,MAGDIFF,0.1,,,,,0.25584859887258365,0.004893328305760096,
F2_found_memory,N1,MEMLESS,0.1,,,,,0.4415003005284369,0.012733853931876772,
F2_found_memory,N1,BLOCK,0.1,,,,,0.1219612684328838,0.013678106101987093,
F2_found_memory,N1,AR,0.1,,,,,0.44148386761654507,0.01240738566847114,
F2_found_memory,N1,ENERGY,0.1,,,,,0.13863906856550445,0.010181919621986156,
F2_found_memory,N1,MAGDIFF,0.1,,,,,0.255212811310746,0.010248944508350939,
F2_found_memory,N1,MEMLESS,0.1,,,,,0.4401824864058525,0.005378517916505269,
F2_found_memory,N1,BLOCK,0.1,,,,,0.11993608098451461,0.00800402617833114,
F2_found_memory,N1,AR,0.1,,,,,0.44016828629394994,0.006196560888091665,
F2_found_memory,N1,ENERGY,0.1,,,,,0.13711729234633527,0.00474747346164965,
F2_found_memory,N1,MAGDIFF,0.1,,,,,0.25234447697789064,0.00699471612541253,
F2_found_memory,N1,MEMLESS,0.1,,,,,0.43807446361995955,0.007519139600414763,
F2_found_memory,N1,BLOCK,0.1,,,,,0.12386529876248892,0.006612902067862151,
F2_found_memory,N1,AR,0.1,,,,,0.43806245461674753,0.00767440025894928,
F2_found_memory,N1,ENERGY,0.1,,,,,0.14241645619301493,0.006396675194399099,
F2_found_memory,N1,MAGDIFF,0.1,,,,,0.24999626975607112,0.00511703677709132,
F2_found_memory,N1,MEMLESS,0.1,,,,,0.44404060826969993,0.009459545596629343,
F2_found_memory,N1,BLOCK,0.1,,,,,0.12073892658395058,0.010485231193663475,
F2_found_memory,N1,AR,0.1,,,,,0.4440210616336004,0.008924959362498508,
F2_found_memory,N1,ENERGY,0.1,,,,,0.13878586322690653,0.009660409261232369,
F2_found_memory,N1,MAGDIFF,0.1,,,,,0.2596654900049155,0.009191737312385139,
F2_found_memory,N1,MEMLESS,0.1,,,,,0.43732186676690676,0.008654218449129074,
F2_found_memory,N1,BLOCK,0.1,,,,,0.11714635964944314,0.006409756654109908,
F2_found_memory,N1,AR,0.1,,,,,0.4373112612480216,0.007393143910495075,
F2_found_memory,N1,ENERGY,0.1,,,,,0.1375715151757079,0.007744556640480976,
F2_found_memory,N1,MAGDIFF,0.1,,,,,0.2526942419566942,0.007950829330628607,
F2_found_memory,N1,MEMLESS,0.1,,,,,0.4353740459099245,0.006835945341230989,
F2_found_memory,N1,BLOCK,0.1,,,,,0.11732338692390734,0.006761128148273909,
F2_found_memory,N1,AR,0.1,,,,,0.4353536325231416,0.006135135722213474,
F2_found_memory,N1,ENERGY,0.1,,,,,0.1381160532320072,0.006360052895179544,
F2_found_memory,N1,MAGDIFF,0.1,,,,,0.2495082492908212,0.006300225927923621,
F2_found_memory,N1,MEMLESS,0.1,,,,,0.43758046084982044,0.009698770262263758,
F2_found_memory,N1,BLOCK,0.1,,,,,0.1199744468057336,0.005549840621972746,
F2_found_memory,N1,AR,0.1,,,,,0.43756721628081596,0.009580298876287604,
F2_found_memory,N1,ENERGY,0.1,,,,,0.13818747526865618,0.007201240962157005,
F2_found_memory,N1,MAGDIFF,0.1,,,,,0.2522601724089539,0.00832023397198939,
F2_found_memory,N1,MEMLESS,0.1,,,,,0.4411763163233682,0.006560046243730289,
F2_found_memory,N1,BLOCK,0.1,,,,,0.12108512007441848,0.014913667292220122,
F2_found_memory,N1,AR,0.1,,,,,0.44116420162494974,0.006825142510605335,
F2_found_memory,N1,ENERGY,0.1,,,,,0.13802414440734212,0.01364315923268639,
F2_found_memory,N1,MAGDIFF,0.1,,,,,0.25059711374617644,0.013438058312576847,
F2_found_memory,N1,MEMLESS,0.1,,,,,0.43890252991711304,0.014132425666787421,
F2_found_memory,N1,BLOCK,0.1,,,,,0.12288169514083727,0.009861933456125887,
F2_found_memory,N1,AR,0.1,,,,,0.43889132689909016,0.01436107833501466,
F2_found_memory,N1,ENERGY,0.1,,,,,0.14005575065684217,0.010352042220059443,
F2_found_memory,N1,MAGDIFF,0.1,,,,,0.25735880229720143,0.008837798450073143,
F2_found_memory,N1,MEMLESS,0.1,,,,,0.4377399810635114,0.007094697376193136,
F2_found_memory,N1,BLOCK,0.1,,,,,0.12069370971874341,0.011753097543620125,
F2_found_memory,N1,AR,0.1,,,,,0.43772901903335565,0.007033857509414253,
F2_found_memory,N1,ENERGY,0.1,,,,,0.1359109609190972,0.007189494725199889,
F2_found_memory,N1,MAGDIFF,0.1,,,,,0.2575619132865692,0.009032467613482035,
F2_found_memory,N1,MEMLESS,0.1,,,,,0.4393995368511977,0.009804416725240633,
F2_found_memory,N1,BLOCK,0.1,,,,,0.12222322962353363,0.007548767996474437,
F2_found_memory,N1,AR,0.1,,,,,0.43938843925605525,0.010726618845157812,
F2_found_memory,N1,ENERGY,0.1,,,,,0.13778882991061653,0.007079062822130724,
F2_found_memory,N1,MAGDIFF,0.1,,,,,0.25162824856211324,0.009045353965221834,
F2_found_memory,N1,MEMLESS,0.1,,,,,0.44019782139278074,0.009547862764231505,
F2_found_memory,N1,BLOCK,0.1,,,,,0.11916474618282585,0.011349511076345688,
F2_found_memory,N1,AR,0.1,,,,,0.44018371657441097,0.010220608003674683,
F2_found_memory,N1,ENERGY,0.1,,,,,0.13920220977456094,0.011446962387553777,
F2_found_memory,N1,MAGDIFF,0.1,,,,,0.25354292679030943,0.0070203263010575265,
F2_found_memory,N1,MEMLESS,0.1,,,,,0.4416011378724942,0.0071243281191784484,
F2_found_memory,N1,BLOCK,0.1,,,,,0.12177692336984865,0.01109673777940769,
F2_found_memory,N1,AR,0.1,,,,,0.44158685547163246,0.007092974923134934,
F2_found_memory,N1,ENERGY,0.1,,,,,0.13983305521498712,0.009914499406253809,
F2_found_memory,N1,MAGDIFF,0.1,,,,,0.2525191013359135,0.0045807953324506255,
F2_found_memory,N1,MEMLESS,0.1,,,,,0.437614643555982,0.006320369483772037,
F2_found_memory,N1,BLOCK,0.1,,,,,0.11613118916994963,0.005119180687776028,
F2_found_memory,N1,AR,0.1,,,,,0.4376048942717974,0.00598327342181618,
F2_found_memory,N1,ENERGY,0.1,,,,,0.13957083081029925,0.014060456290592317,
F2_found_memory,N1,MAGDIFF,0.1,,,,,0.25022888173531216,0.009277829688515909,
F2_found_memory,N1,MEMLESS,0.1,,,,,0.4395741174046106,0.007247049668917061,
F2_found_memory,N1,BLOCK,0.1,,,,,0.1187619517258534,0.007318111994446321,
F2_found_memory,N1,AR,0.1,,,,,0.43956214128417936,0.008006482935273214,
F2_found_memory,N1,ENERGY,0.1,,,,,0.13955193696765425,0.007907774659498434,
F2_found_memory,N1,MAGDIFF,0.1,,,,,0.25366455551644046,0.009989596913286528,
F2_found_memory,N1,MEMLESS,0.1,,,,,0.44166574874627046,0.008275563203717091,
F2_found_memory,N1,BLOCK,0.1,,,,,0.1207140730406309,0.011432952359512945,
F2_found_memory,N1,AR,0.1,,,,,0.44164884017616474,0.009210954264392713,
F2_found_memory,N1,ENERGY,0.1,,,,,0.1392290648486196,0.015417589973353064,
F2_found_memory,N1,MAGDIFF,0.1,,,,,0.2552767487139022,0.007173330385274226,
F2_found_memory,N1,MEMLESS,0.1,,,,,0.4390608290111887,0.007962372391410389,
F2_found_memory,N1,BLOCK,0.1,,,,,0.1218608708747776,0.0074719458890369775,
F2_found_memory,N1,AR,0.1,,,,,0.43904762269285375,0.008331130810718635,
F2_found_memory,N1,ENERGY,0.1,,,,,0.13680079822268834,0.00809525532566928,
F2_found_memory,N1,MAGDIFF,0.1,,,,,0.25461243167949393,0.010789677953480258,
F2_found_memory,N1,MEMLESS,0.1,,,,,0.43817502103502487,0.011383816163313387,
F2_found_memory,N1,BLOCK,0.1,,,,,0.12086448448972649,0.005060117292121935,
F2_found_memory,N1,AR,0.1,,,,,0.4381609863082171,0.010805844592703229,
F2_found_memory,N1,ENERGY,0.1,,,,,0.13628850995027483,0.005482060150602679,
F2_found_memory,N1,MAGDIFF,0.1,,,,,0.2532685953234688,0.004752676773471763,
F2_found_memory,N1,MEMLESS,0.1,,,,,0.4387215392251386,0.006775254573941436,
F2_found_memory,N1,BLOCK,0.1,,,,,0.12207281447053771,0.006323966877772182,
F2_found_memory,N1,AR,0.1,,,,,0.4387098476068333,0.007402285163581667,
F2_found_memory,N1,ENERGY,0.1,,,,,0.137375770909392,0.00926877527007329,
F2_found_memory,N1,MAGDIFF,0.1,,,,,0.2520387475676728,0.008392757460094782,
F2_found_memory,N1,MEMLESS,0.1,,,,,0.4375660930489029,0.00943215260984712,
F2_found_memory,N1,BLOCK,0.1,,,,,0.11968304243646664,0.0036896559278717027,
F2_found_memory,N1,AR,0.1,,,,,0.4375553890776381,0.009527698986343968,
F2_found_memory,N1,ENERGY,0.1,,,,,0.13620408584006688,0.0059470213934520325,
F2_found_memory,N1,MAGDIFF,0.1,,,,,0.2568950232511939,0.007650988402523448,
F2_found_memory,N1,MEMLESS,0.1,,,,,0.44029366712288515,0.006390792446974664,
F2_found_memory,N1,BLOCK,0.1,,,,,0.12017530569803421,0.008485530685065022,
F2_found_memory,N1,AR,0.1,,,,,0.4402774511064183,0.006991020199580044,
F2_found_memory,N1,ENERGY,0.1,,,,,0.138123782881279,0.009705509342524992,
F2_found_memory,N1,MAGDIFF,0.1,,,,,0.2527366192945104,0.006225545339866501,
F2_found_memory,N1,MEMLESS,0.1,,,,,0.43677963452112156,0.0071264414365786784,
F2_found_memory,N1,BLOCK,0.1,,,,,0.11823390442093154,0.008394287248452812,
F2_found_memory,N1,AR,0.1,,,,,0.4367687190512373,0.007586671637980629,
F2_found_memory,N1,ENERGY,0.1,,,,,0.13728703569462578,0.011503330408048601,
F2_found_memory,N1,MAGDIFF,0.1,,,,,0.24855288875819165,0.005244134512628552,
F2_found_memory,N1,MEMLESS,0.1,,,,,0.43687513917649573,0.010837203847514914,
F2_found_memory,N1,BLOCK,0.1,,,,,0.12275541431661721,0.00732925179593365,
F2_found_memory,N1,AR,0.1,,,,,0.4368656314789666,0.010321223441712775,
F2_found_memory,N1,ENERGY,0.1,,,,,0.13966641416283487,0.008721325091432194,
F2_found_memory,N1,MAGDIFF,0.1,,,,,0.2498864163421292,0.009486184216612141,
F2_found_memory,N1,MEMLESS,0.1,,,,,0.43851382292703156,0.006284981373787326,
F2_found_memory,N1,BLOCK,0.1,,,,,0.1217074492892353,0.0093520381833205,
F2_found_memory,N1,AR,0.1,,,,,0.43850274186122573,0.006718218169938387,
F2_found_memory,N1,ENERGY,0.1,,,,,0.14014478038775122,0.009046627050233815,
F2_found_memory,N1,MAGDIFF,0.1,,,,,0.2515243741474496,0.005776842947710917,
F2_found_memory,N1,MEMLESS,0.1,,,,,0.44218950419134645,0.0074009953177139555,
F2_found_memory,N1,BLOCK,0.1,,,,,0.11911058663658738,0.010543867188489327,
F2_found_memory,N1,AR,0.1,,,,,0.44217934006804827,0.008899887961805025,
F2_found_memory,N1,ENERGY,0.1,,,,,0.1397327506629248,0.013041952830297823,
F2_found_memory,N1,MAGDIFF,0.1,,,,,0.2565352299443045,0.008662222440704548,
F2_found_memory,N1,MEMLESS,0.1,,,,,0.4396008318587527,0.008947899990638641,
F2_found_memory,N1,BLOCK,0.1,,,,,0.11836483313813785,0.006484972473599418,
F2_found_memory,N1,AR,0.1,,,,,0.43958814590859463,0.008768177095638641,
F2_found_memory,N1,ENERGY,0.1,,,,,0.13926501674695665,0.006239676139547909,
F2_found_memory,N1,MAGDIFF,0.1,,,,,0.2486261990122453,0.006370937139472967,
F2_found_memory,N1,MEMLESS,0.1,,,,,0.4403132409089521,0.006544933495429031,
F2_found_memory,N1,BLOCK,0.1,,,,,0.11888677400929358,0.008166657346285106,
F2_found_memory,N1,AR,0.1,,,,,0.4402979322737822,0.007081256275814089,
F2_found_memory,N1,ENERGY,0.1,,,,,0.1368238867974578,0.0056478453515105085,
F2_found_memory,N1,MAGDIFF,0.1,,,,,0.25321777569283743,0.01351695889289296,
F2_found_memory,N1,MEMLESS,0.1,,,,,0.43905551554755834,0.007727339131803413,
F2_found_memory,N1,BLOCK,0.1,,,,,0.1206306257484166,0.006756417189015279,
F2_found_memory,N1,AR,0.1,,,,,0.43904265715518354,0.00826557407426925,
F2_found_memory,N1,ENERGY,0.1,,,,,0.13875198828522045,0.004259851168208635,
F2_found_memory,N1,MAGDIFF,0.1,,,,,0.25374225402582,0.006949492211790908,
F2_found_memory,N1,MEMLESS,0.1,,,,,0.43577477152803906,0.006716218757235396,
F2_found_memory,N1,BLOCK,0.1,,,,,0.11994518015156498,0.007610681985954627,
F2_found_memory,N1,AR,0.1,,,,,0.4357599859968308,0.0064992377126003335,
F2_found_memory,N1,ENERGY,0.1,,,,,0.14047721204201696,0.0064376427432289085,
F2_found_memory,N1,MAGDIFF,0.1,,,,,0.2509508324431825,0.009345674913967152,
F2_found_memory,N1,MEMLESS,0.1,,,,,0.43833932966553907,0.006852859241312695,
F2_found_memory,N1,BLOCK,0.1,,,,,0.12120178668242466,0.006193619703693838,
F2_found_memory,N1,AR,0.1,,,,,0.43832383047420453,0.006540078706707069,
F2_found_memory,N1,ENERGY,0.1,,,,,0.13597712735368447,0.007148687006258858,
F2_found_memory,N1,MAGDIFF,0.1,,,,,0.2522081208274545,0.006406246304861959,
F2_found_memory,N1,MEMLESS,0.1,,,,,0.4369195113888626,0.007768746274362685,
F2_found_memory,N1,BLOCK,0.1,,,,,0.12170324438211767,0.008831260068278104,
F2_found_memory,N1,AR,0.1,,,,,0.43690703429195543,0.008455520393280099,
F2_found_memory,N1,ENERGY,0.1,,,,,0.13681222927210754,0.007323976291552532,
F2_found_memory,N1,MAGDIFF,0.1,,,,,0.25179241442325373,0.007448237479937663,
F2_found_memory,N1,MEMLESS,0.1,,,,,0.43832239791396704,0.010085132720344234,
F2_found_memory,N1,BLOCK,0.1,,,,,0.1172221380305013,0.007981311326850989,
F2_found_memory,N1,AR,0.1,,,,,0.4383104156447515,0.010877877103637423,
F2_found_memory,N1,ENERGY,0.1,,,,,0.1378726082574229,0.0097692189426533,
F2_found_memory,N1,MAGDIFF,0.1,,,,,0.2556170725969566,0.013526995620910382,
F2_found_memory,N1,MEMLESS,0.1,,,,,0.43711575056448426,0.003947725817825617,
F2_found_memory,N1,BLOCK,0.1,,,,,0.12322374205278822,0.008862436589549088,
F2_found_memory,N1,AR,0.1,,,,,0.4371006209355488,0.004707296592003007,
F2_found_memory,N1,ENERGY,0.1,,,,,0.13998772351293196,0.008633064832493592,
F2_found_memory,N1,MAGDIFF,0.1,,,,,0.25287997557755065,0.009920650867309337,
F2_found_memory,N1,MEMLESS,0.1,,,,,0.4401653921180236,0.0061080011673418765,
F2_found_memory,N1,BLOCK,0.1,,,,,0.11742680404635979,0.007879067567034263,
F2_found_memory,N1,AR,0.1,,,,,0.4401541259753412,0.006476498639082415,
F2_found_memory,N1,ENERGY,0.1,,,,,0.13870943098385427,0.005539976676874652,
F2_found_memory,N1,MAGDIFF,0.1,,,,,0.25687672568414444,0.007120134540559611,
F2_found_memory,N1,MEMLESS,0.1,,,,,0.43661481278367426,0.009436959371034425,
F2_found_memory,N1,BLOCK,0.1,,,,,0.12107362929694669,0.01061709205151855,
F2_found_memory,N1,AR,0.1,,,,,0.43659936127261373,0.009108609820580042,
F2_found_memory,N1,ENERGY,0.1,,,,,0.14011689050860265,0.011802124484583043,
F2_found_memory,N1,MAGDIFF,0.1,,,,,0.25128527906376247,0.011764265370669172,
F2_found_memory,N1,MEMLESS,0.1,,,,,0.4398781456983589,0.006233683117574191,
F2_found_memory,N1,BLOCK,0.1,,,,,0.12120909763064724,0.008742836604081287,
F2_found_memory,N1,AR,0.1,,,,,0.43986543531825173,0.0059131781652602975,
F2_found_memory,N1,ENERGY,0.1,,,,,0.13825923575050797,0.008186631947531981,
F2_found_memory,N1,MAGDIFF,0.1,,,,,0.2531597026294891,0.006658534718033683,
F2_found_memory,N1,MEMLESS,0.1,,,,,0.43712834157452024,0.0066790972187094145,
F2_found_memory,N1,BLOCK,0.1,,,,,0.1196572794913289,0.0073205018166252805,
F2_found_memory,N1,AR,0.1,,,,,0.43711645014238654,0.006723463149888241,
F2_found_memory,N1,ENERGY,0.1,,,,,0.13693800850753443,0.007229801028027958,
F2_found_memory,N1,MAGDIFF,0.1,,,,,0.25250038954166587,0.01514374095783295,
F2_found_memory,N1,MEMLESS,0.1,,,,,0.43766734193033136,0.01071313447051693,
F2_found_memory,N1,BLOCK,0.1,,,,,0.12216160173349656,0.009353677093137067,
F2_found_memory,N1,AR,0.1,,,,,0.43765434497828054,0.01004669856484438,
F2_found_memory,N1,ENERGY,0.1,,,,,0.13864778064633843,0.011403442473416172,
F2_found_memory,N1,MAGDIFF,0.1,,,,,0.25363349200874946,0.015638244499060393,
F2_found_memory,N1,MEMLESS,0.1,,,,,0.4369980697287807,0.004052719004070008,
F2_found_memory,N1,BLOCK,0.1,,,,,0.1181176810520479,0.01342115189877612,
F2_found_memory,N1,AR,0.1,,,,,0.43698515888575296,0.00420071155343861,
F2_found_memory,N1,ENERGY,0.1,,,,,0.1390739238564795,0.009780657766769275,
F2_found_memory,N1,MAGDIFF,0.1,,,,,0.25241154643332414,0.008573333023759762,
F2_found_memory,N1,MEMLESS,0.1,,,,,0.4373889831249443,0.00823711071263759,
F2_found_memory,N1,BLOCK,0.1,,,,,0.11707510255286291,0.006780892282156863,
F2_found_memory,N1,AR,0.1,,,,,0.437376226997323,0.008687271395394144,
F2_found_memory,N1,ENERGY,0.1,,,,,0.1402962002913668,0.007381397364919052,
F2_found_memory,N1,MAGDIFF,0.1,,,,,0.2491850735042959,0.005461007263969548,
F2_found_memory,N1,MEMLESS,0.1,,,,,0.4378620680691585,0.008682059669743246,
F2_found_memory,N1,BLOCK,0.1,,,,,0.12068364230444299,0.007760595101682109,
F2_found_memory,N1,AR,0.1,,,,,0.43784334740287967,0.009184462953075298,
F2_found_memory,N1,ENERGY,0.1,,,,,0.13737621128625274,0.008835773267135564,
F2_found_memory,N1,MAGDIFF,0.1,,,,,0.25286768019526756,0.01119794790616784,
F2_found_memory,N1,MEMLESS,0.1,,,,,0.44010031570628916,0.00815105881333431,
F2_found_memory,N1,BLOCK,0.1,,,,,0.1186077314393584,0.006549038597267503,
F2_found_memory,N1,AR,0.1,,,,,0.4400908333168726,0.00881676191484131,
F2_found_memory,N1,ENERGY,0.1,,,,,0.14055837253341574,0.007820295189349033,
F2_found_memory,N1,MAGDIFF,0.1,,,,,0.25480773312358096,0.00854058065237641,
F2_found_memory,N1,MEMLESS,0.1,,,,,0.43428750240474384,0.004482576693861017,
F2_found_memory,N1,BLOCK,0.1,,,,,0.11803269037511227,0.00752800492217944,
F2_found_memory,N1,AR,0.1,,,,,0.4342694823369476,0.0057161680655896585,
F2_found_memory,N1,ENERGY,0.1,,,,,0.1369832872146631,0.007954368566865832,
F2_found_memory,N1,MAGDIFF,0.1,,,,,0.25062784475303557,0.00867658633518136,
F2_found_memory,N1,MEMLESS,0.1,,,,,0.44067099478293575,0.011667496183273982,
F2_found_memory,N1,BLOCK,0.1,,,,,0.12137459104312245,0.00445907970640024,
F2_found_memory,N1,AR,0.1,,,,,0.4406567086958772,0.011882112890097177,
F2_found_memory,N1,ENERGY,0.1,,,,,0.13919675650342087,0.006484893230537161,
F2_found_memory,N1,MAGDIFF,0.1,,,,,0.25499538949120376,0.0052776189845352706,
F2_found_memory,N1,MEMLESS,0.1,,,,,0.4373299290388158,0.011326932498271715,
F2_found_memory,N1,BLOCK,0.1,,,,,0.12164382246018857,0.0073391139424092595,
F2_found_memory,N1,AR,0.1,,,,,0.43731224485830267,0.012020034130824237,
F2_found_memory,N1,ENERGY,0.1,,,,,0.13643877406794097,0.008340243965364374,
F2_found_memory,N1,MAGDIFF,0.1,,,,,0.24956353416196758,0.007379968908930111,
F2_found_memory,N1,MEMLESS,0.1,,,,,0.4392745500942247,0.0076959793281911265,
F2_found_memory,N1,BLOCK,0.1,,,,,0.12245319597529766,0.0049575920177870846,
F2_found_memory,N1,AR,0.1,,,,,0.43925777302029567,0.007446267798502971,
F2_found_memory,N1,ENERGY,0.1,,,,,0.1373318784077096,0.007488999395048394,
F2_found_memory,N1,MAGDIFF,0.1,,,,,0.2490720322554452,0.010044984065573394,
F2_found_memory,N1,MEMLESS,0.2,,,,,0.6518724301615232,0.01032432432342293,
F2_found_memory,N1,BLOCK,0.2,,,,,0.2344849119669476,0.007486212515217939,
F2_found_memory,N1,AR,0.2,,,,,0.5200835934566655,0.00890239315688967,
F2_found_memory,N1,ENERGY,0.2,,,,,0.2588666930208231,0.007436203209128695,
F2_found_memory,N1,MAGDIFF,0.2,,,,,0.4056660867265896,0.012010702981119644,
F2_found_memory,N1,MEMLESS,0.2,,,,,0.6501594719247946,0.004343521418502764,
F2_found_memory,N1,BLOCK,0.2,,,,,0.23262738816527428,0.010399216021547851,
F2_found_memory,N1,AR,0.2,,,,,0.5143522940220465,0.004984727922617932,
F2_found_memory,N1,ENERGY,0.2,,,,,0.2601138786969822,0.007122635205327214,
F2_found_memory,N1,MAGDIFF,0.2,,,,,0.40469727549212214,0.005324700341091813,
F2_found_memory,N1,MEMLESS,0.2,,,,,0.6512911413206455,0.007544485155730553,
F2_found_memory,N1,BLOCK,0.2,,,,,0.2358105603529039,0.010134856640695201,
F2_found_memory,N1,AR,0.2,,,,,0.5175135069110128,0.009675570243518835,
F2_found_memory,N1,ENERGY,0.2,,,,,0.25869249841563413,0.011356244017280909,
F2_found_memory,N1,MAGDIFF,0.2,,,,,0.4047486664169822,0.007123701499638861,
F2_found_memory,N1,MEMLESS,0.2,,,,,0.6506228368071744,0.010877335896699643,
F2_found_memory,N1,BLOCK,0.2,,,,,0.23423335246589563,0.005766106291672538,
F2_found_memory,N1,AR,0.2,,,,,0.5137973864890437,0.007636218866645364,
F2_found_memory,N1,ENERGY,0.2,,,,,0.26060652331272915,0.010150148176129864,
F2_found_memory,N1,MAGDIFF,0.2,,,,,0.40766654713456146,0.009295968605553867,
F2_found_memory,N1,MEMLESS,0.2,,,,,0.6513422120198142,0.009642772385276785,
F2_found_memory,N1,BLOCK,0.2,,,,,0.23727280959863006,0.011675492896390034,
F2_found_memory,N1,AR,0.2,,,,,0.5182336469575511,0.01058969077776984,
F2_found_memory,N1,ENERGY,0.2,,,,,0.2579881836806573,0.010624839410622984,
F2_found_memory,N1,MAGDIFF,0.2,,,,,0.40510672683626275,0.011011930120578991,
F2_found_memory,N1,MEMLESS,0.2,,,,,0.6518909217588605,0.005805923237487363,
F2_found_memory,N1,BLOCK,0.2,,,,,0.232151637729783,0.007102178180035277,
F2_found_memory,N1,AR,0.2,,,,,0.5170560092657206,0.0056123581247647285,
F2_found_memory,N1,ENERGY,0.2,,,,,0.2607199615983079,0.009258719211287318,
F2_found_memory,N1,MAGDIFF,0.2,,,,,0.4061836913782014,0.013828938880648548,
F2_found_memory,N1,MEMLESS,0.2,,,,,0.6489400528157252,0.009058969451714215,
F2_found_memory,N1,BLOCK,0.2,,,,,0.23873851819956302,0.006380953278607106,
F2_found_memory,N1,AR,0.2,,,,,0.5172949959504151,0.005128768916924009,
F2_found_memory,N1,ENERGY,0.2,,,,,0.2637426976643318,0.005437083819985267,
F2_found_memory,N1,MAGDIFF,0.2,,,,,0.40078485614409726,0.005611653982481718,
F2_found_memory,N1,MEMLESS,0.2,,,,,0.6533069641236341,0.008732339621761296,
F2_found_memory,N1,BLOCK,0.2,,,,,0.23733331339609554,0.008521846003580944,
F2_found_memory,N1,AR,0.2,,,,,0.5139722799416225,0.00699216993257578,
F2_found_memory,N1,ENERGY,0.2,,,,,0.2595660560878058,0.013355456284116229,
F2_found_memory,N1,MAGDIFF,0.2,,,,,0.40729237554735415,0.006911541492074883,
F2_found_memory,N1,MEMLESS,0.2,,,,,0.6470382705745161,0.010648698097778648,
F2_found_memory,N1,BLOCK,0.2,,,,,0.2292366839832616,0.008005039307445982,
F2_found_memory,N1,AR,0.2,,,,,0.5100374383638444,0.008860145169629666,
F2_found_memory,N1,ENERGY,0.2,,,,,0.26060028364198096,0.006259039642951329,
F2_found_memory,N1,MAGDIFF,0.2,,,,,0.4008209528295681,0.008942587163776675,
F2_found_memory,N1,MEMLESS,0.2,,,,,0.6461359311218218,0.005734149555057544,
F2_found_memory,N1,BLOCK,0.2,,,,,0.23479211765215088,0.0077905445678663225,
F2_found_memory,N1,AR,0.2,,,,,0.5088948794521241,0.00997735171558354,
F2_found_memory,N1,ENERGY,0.2,,,,,0.2552502854002573,0.005958949352703566,
F2_found_memory,N1,MAGDIFF,0.2,,,,,0.39909667422119754,0.006827632486070663,
F2_found_memory,N1,MEMLESS,0.2,,,,,0.6482256114260017,0.006416688783609734,
F2_found_memory,N1,BLOCK,0.2,,,,,0.23622387938263292,0.006824620588063219,
F2_found_memory,N1,AR,0.2,,,,,0.5138319739650753,0.008156023443971238,
F2_found_memory,N1,ENERGY,0.2,,,,,0.2583736766082315,0.007198636646555918,
F2_found_memory,N1,MAGDIFF,0.2,,,,,0.40148094792014766,0.007264726291434297,
F2_found_memory,N1,MEMLESS,0.2,,,,,0.6530294765894504,0.006017937669896053,
F2_found_memory,N1,BLOCK,0.2,,,,,0.2358090752343005,0.015292880644638072,
F2_found_memory,N1,AR,0.2,,,,,0.5231633796419611,0.004037233326099361,
F2_found_memory,N1,ENERGY,0.2,,,,,0.2605249935659173,0.00839652717907064,
F2_found_memory,N1,MAGDIFF,0.2,,,,,0.4051155907603107,0.008096546383860157,
F2_found_memory,N1,MEMLESS,0.2,,,,,0.6484691031121802,0.009221628223816784,
F2_found_memory,N1,BLOCK,0.2,,,,,0.23540512481158166,0.011149932325691052,
F2_found_memory,N1,AR,0.2,,,,,0.5139217914079909,0.010393090927511046,
F2_found_memory,N1,ENERGY,0.2,,,,,0.2607505859123844,0.008057357726030402,
F2_found_memory,N1,MAGDIFF,0.2,,,,,0.4038382927427802,0.008497235149496277,
F2_found_memory,N1,MEMLESS,0.2,,,,,0.648031814476139,0.007614434619281117,
F2_found_memory,N1,BLOCK,0.2,,,,,0.23491399586274564,0.013496963443510694,
F2_found_memory,N1,AR,0.2,,,,,0.5137117230990155,0.007898756201457318,
F2_found_memory,N1,ENERGY,0.2,,,,,0.2573220264431449,0.0069864363125499195,
F2_found_memory,N1,MAGDIFF,0.2,,,,,0.4039361645899913,0.004378621574998363,
F2_found_memory,N1,MEMLESS,0.2,,,,,0.6487081914353314,0.007512333727734024,
F2_found_memory,N1,BLOCK,0.2,,,,,0.2377519410335644,0.0063969408270800575,
F2_found_memory,N1,AR,0.2,,,,,0.5120849862310218,0.01678613558143603,
F2_found_memory,N1,ENERGY,0.2,,,,,0.26059466899596245,0.005195873633716685,
F2_found_memory,N1,MAGDIFF,0.2,,,,,0.403751889103585,0.006316470127552153,
F2_found_memory,N1,MEMLESS,0.2,,,,,0.6505127221211923,0.007198494951316726,
F2_found_memory,N1,BLOCK,0.2,,,,,0.2362877643877347,0.010168575641631303,
F2_found_memory,N1,AR,0.2,,,,,0.5145158954558557,0.012400901133883271,
F2_found_memory,N1,ENERGY,0.2,,,,,0.26005051313555566,0.011657330325284737,
F2_found_memory,N1,MAGDIFF,0.2,,,,,0.39965510309138474,0.00920337617921088,
F2_found_memory,N1,MEMLESS,0.2,,,,,0.651751970640649,0.01074944101111921,
F2_found_memory,N1,BLOCK,0.2,,,,,0.23538855268299547,0.009239938601043248,
F2_found_memory,N1,AR,0.2,,,,,0.5104071815826658,0.005930533259630723,
F2_found_memory,N1,ENERGY,0.2,,,,,0.259399079089515,0.008557396541884291,
F2_found_memory,N1,MAGDIFF,0.2,,,,,0.40389657554688596,0.008595432470029482,
F2_found_memory,N1,MEMLESS,0.2,,,,,0.6490240037286001,0.007511942971513987,
F2_found_memory,N1,BLOCK,0.2,,,,,0.22925212952960497,0.008164783172059044,
F2_found_memory,N1,AR,0.2,,,,,0.5152657741160743,0.005658512475124354,
F2_found_memory,N1,ENERGY,0.2,,,,,0.2568425305669255,0.009119376992796576,
F2_found_memory,N1,MAGDIFF,0.2,,,,,0.4000855129113735,0.010149147613338098,
F2_found_memory,N1,MEMLESS,0.2,,,,,0.6505828105081851,0.003939255621021976,
F2_found_memory,N1,BLOCK,0.2,,,,,0.2344757389539411,0.007655372015900162,
F2_found_memory,N1,AR,0.2,,,,,0.5157038319723656,0.00633115374634599,
F2_found_memory,N1,ENERGY,0.2,,,,,0.259491968052783,0.006364761098447579,
F2_found_memory,N1,MAGDIFF,0.2,,,,,0.4041699756441923,0.010392821631530815,
F2_found_memory,N1,MEMLESS,0.2,,,,,0.6514123086618748,0.0129362734692257,
F2_found_memory,N1,BLOCK,0.2,,,,,0.23348290358341506,0.011115960966435415,
F2_found_memory,N1,AR,0.2,,,,,0.5152423324345963,0.01082419212076154,
F2_found_memory,N1,ENERGY,0.2,,,,,0.259060562396115,0.009932262696638904,
F2_found_memory,N1,MAGDIFF,0.2,,,,,0.4072967611127274,0.00927471851927395,
F2_found_memory,N1,MEMLESS,0.2,,,,,0.6491413074130493,0.009451541771642955,
F2_found_memory,N1,BLOCK,0.2,,,,,0.23650317344717497,0.007639863472074674,
F2_found_memory,N1,AR,0.2,,,,,0.514957215716215,0.007619395882984301,
F2_found_memory,N1,ENERGY,0.2,,,,,0.25875880424648556,0.006372519686244813,
F2_found_memory,N1,MAGDIFF,0.2,,,,,0.40546512351514985,0.0089628569095739,
F2_found_memory,N1,MEMLESS,0.2,,,,,0.6481654983937195,0.010290923473347867,
F2_found_memory,N1,BLOCK,0.2,,,,,0.23620037755414441,0.0070799149957220895,
F2_found_memory,N1,AR,0.2,,,,,0.5100473218656321,0.010757279734118564,
F2_found_memory,N1,ENERGY,0.2,,,,,0.2582815514787603,0.006291371655601656,
F2_found_memory,N1,MAGDIFF,0.2,,,,,0.40019291246338345,0.004586906221640844,
F2_found_memory,N1,MEMLESS,0.2,,,,,0.649881339904519,0.008289219816073706,
F2_found_memory,N1,BLOCK,0.2,,,,,0.2345405962147262,0.008090383338513198,
F2_found_memory,N1,AR,0.2,,,,,0.5180559405262638,0.007546507243552293,
F2_found_memory,N1,ENERGY,0.2,,,,,0.25987676085099304,0.004520309448188384,
F2_found_memory,N1,MAGDIFF,0.2,,,,,0.4044573079883364,0.011100959588445258,
F2_found_memory,N1,MEMLESS,0.2,,,,,0.6483582993905753,0.01027807563713864,
F2_found_memory,N1,BLOCK,0.2,,,,,0.22982729255196768,0.003253823998653832,
F2_found_memory,N1,AR,0.2,,,,,0.519700153866336,0.011562912383625182,
F2_found_memory,N1,ENERGY,0.2,,,,,0.25765315904738184,0.007236668442774955,
F2_found_memory,N1,MAGDIFF,0.2,,,,,0.4030220025621216,0.01134901821381193,
F2_found_memory,N1,MEMLESS,0.2,,,,,0.6516258567139835,0.008867285648812917,
F2_found_memory,N1,BLOCK,0.2,,,,,0.23337578019402336,0.008077568622138206,
F2_found_memory,N1,AR,0.2,,,,,0.5137052799014458,0.007210080684769288,
F2_found_memory,N1,ENERGY,0.2,,,,,0.2569595390449073,0.008676590217264154,
F2_found_memory,N1,MAGDIFF,0.2,,,,,0.4032356453538674,0.006247881430953193,
F2_found_memory,N1,MEMLESS,0.2,,,,,0.6478117968750161,0.007437562939150222,
F2_found_memory,N1,BLOCK,0.2,,,,,0.23558491464046838,0.0095058951232541,
F2_found_memory,N1,AR,0.2,,,,,0.5114987208625834,0.007921949005555151,
F2_found_memory,N1,ENERGY,0.2,,,,,0.2565445946188415,0.007300663765449786,
F2_found_memory,N1,MAGDIFF,0.2,,,,,0.3966374544220563,0.01001084732803356,
F2_found_memory,N1,MEMLESS,0.2,,,,,0.6473807036233814,0.0063533637094654325,
F2_found_memory,N1,BLOCK,0.2,,,,,0.2364765461933594,0.007053623670129655,
F2_found_memory,N1,AR,0.2,,,,,0.5121593898945064,0.005460033448838889,
F2_found_memory,N1,ENERGY,0.2,,,,,0.2568345924441247,0.008410102606228815,
F2_found_memory,N1,MAGDIFF,0.2,,,,,0.4032629811573483,0.004326218890551095,
F2_found_memory,N1,MEMLESS,0.2,,,,,0.6497841289583345,0.006006137449165486,
F2_found_memory,N1,BLOCK,0.2,,,,,0.2351027736976582,0.008502842298752042,
F2_found_memory,N1,AR,0.2,,,,,0.515566035032225,0.007800174155913421,
F2_found_memory,N1,ENERGY,0.2,,,,,0.26098022733285553,0.007026778926470296,
F2_found_memory,N1,MAGDIFF,0.2,,,,,0.40226068148818284,0.011185657580882647,
F2_found_memory,N1,MEMLESS,0.2,,,,,0.652485762404928,0.007423920820127064,
F2_found_memory,N1,BLOCK,0.2,,,,,0.23385702891997934,0.009602988640611317,
F2_found_memory,N1,AR,0.2,,,,,0.5226943138101949,0.009044369384956579,
F2_found_memory,N1,ENERGY,0.2,,,,,0.2584294920936314,0.008637572725337894,
F2_found_memory,N1,MAGDIFF,0.2,,,,,0.40676846586478926,0.0067960718509509485,
F2_found_memory,N1,MEMLESS,0.2,,,,,0.6499021695789987,0.009968014742344345,
F2_found_memory,N1,BLOCK,0.2,,,,,0.23437394082690308,0.006039745546190145,
F2_found_memory,N1,AR,0.2,,,,,0.5158465355053704,0.013418153940525186,
F2_found_memory,N1,ENERGY,0.2,,,,,0.25811150641434877,0.010728362980712662,
F2_found_memory,N1,MAGDIFF,0.2,,,,,0.4004304345584497,0.006790081103096729,
F2_found_memory,N1,MEMLESS,0.2,,,,,0.6520731023736472,0.006412521966674802,
F2_found_memory,N1,BLOCK,0.2,,,,,0.23623978179508423,0.006087151332852249,
F2_found_memory,N1,AR,0.2,,,,,0.5152876186771649,0.007449056167283273,
F2_found_memory,N1,ENERGY,0.2,,,,,0.25770336322582454,0.008313454361819657,
F2_found_memory,N1,MAGDIFF,0.2,,,,,0.40339138074657366,0.014536125881187776,
F2_found_memory,N1,MEMLESS,0.2,,,,,0.648889435300252,0.006380345985298614,
F2_found_memory,N1,BLOCK,0.2,,,,,0.23301696780357659,0.004272935475652896,
F2_found_memory,N1,AR,0.2,,,,,0.5136149477344467,0.007892773011529226,
F2_found_memory,N1,ENERGY,0.2,,,,,0.2597757337488637,0.0075578971598520015,
F2_found_memory,N1,MAGDIFF,0.2,,,,,0.40148690234342016,0.009133101146349635,
F2_found_memory,N1,MEMLESS,0.2,,,,,0.6453253350293172,0.0071324565901334,
F2_found_memory,N1,BLOCK,0.2,,,,,0.23775918863805554,0.011538789360622853,
F2_found_memory,N1,AR,0.2,,,,,0.5113875783319374,0.007944620342752616,
F2_found_memory,N1,ENERGY,0.2,,,,,0.25982793164149265,0.007868611748090724,
F2_found_memory,N1,MAGDIFF,0.2,,,,,0.3981430577296259,0.006979144402675606,
F2_found_memory,N1,MEMLESS,0.2,,,,,0.6481806030710376,0.011692969348443756,
F2_found_memory,N1,BLOCK,0.2,,,,,0.2335803826016367,0.007300270001284942,
F2_found_memory,N1,AR,0.2,,,,,0.512576412258712,0.009728420147076509,
F2_found_memory,N1,ENERGY,0.2,,,,,0.2580869000879279,0.0046146288907430505,
F2_found_memory,N1,MAGDIFF,0.2,,,,,0.4007009712202412,0.010686151502785141,
F2_found_memory,N1,MEMLESS,0.2,,,,,0.647208268942349,0.006944102459469841,
F2_found_memory,N1,BLOCK,0.2,,,,,0.23629983585524028,0.008784508536620664,
F2_found_memory,N1,AR,0.2,,,,,0.5105967195706709,0.006057802442967526,
F2_found_memory,N1,ENERGY,0.2,,,,,0.25850850060882613,0.00936782916918551,
F2_found_memory,N1,MAGDIFF,0.2,,,,,0.39928392731356627,0.0068773784105901235,
F2_found_memory,N1,MEMLESS,0.2,,,,,0.6476384802126776,0.006617339678479789,
F2_found_memory,N1,BLOCK,0.2,,,,,0.2340643763163485,0.007798699012612016,
F2_found_memory,N1,AR,0.2,,,,,0.5142858631965144,0.007030319597157388,
F2_found_memory,N1,ENERGY,0.2,,,,,0.25856030062470325,0.006944962095720712,
F2_found_memory,N1,MAGDIFF,0.2,,,,,0.40412821660832215,0.007593139197874325,
F2_found_memory,N1,MEMLESS,0.2,,,,,0.6498853075937873,0.005989102426763664,
F2_found_memory,N1,BLOCK,0.2,,,,,0.23620956547983996,0.006621899066640435,
F2_found_memory,N1,AR,0.2,,,,,0.5190383557477722,0.00437364118894875,
F2_found_memory,N1,ENERGY,0.2,,,,,0.25863268639115894,0.008607852449040644,
F2_found_memory,N1,MAGDIFF,0.2,,,,,0.40251072658845816,0.005832797061015022,
F2_found_memory,N1,MEMLESS,0.2,,,,,0.6509206049345172,0.008350495303352178,
F2_found_memory,N1,BLOCK,0.2,,,,,0.2329885953001571,0.010517875555158695,
F2_found_memory,N1,AR,0.2,,,,,0.5148436039247649,0.00849245499247613,
F2_found_memory,N1,ENERGY,0.2,,,,,0.25992197359668334,0.007706460270812066,
F2_found_memory,N1,MAGDIFF,0.2,,,,,0.40550071667293835,0.009510170221095255,
F2_found_memory,N1,MEMLESS,0.2,,,,,0.6472542644601286,0.008760406270991984,
F2_found_memory,N1,BLOCK,0.2,,,,,0.23468947019221756,0.01010500712003802,
F2_found_memory,N1,AR,0.2,,,,,0.5103795017220368,0.00937498667402615,
F2_found_memory,N1,ENERGY,0.2,,,,,0.2608626195398192,0.007374586871069552,
F2_found_memory,N1,MAGDIFF,0.2,,,,,0.4009050840103688,0.012020886086132164,
F2_found_memory,N1,MEMLESS,0.2,,,,,0.6500175716061193,0.005237339718464139,
F2_found_memory,N1,BLOCK,0.2,,,,,0.23242983948598445,0.007571988989374034,
F2_found_memory,N1,AR,0.2,,,,,0.5128937271719977,0.00457367017455268,
F2_found_memory,N1,ENERGY,0.2,,,,,0.2582154341878199,0.009725722167238356,
F2_found_memory,N1,MAGDIFF,0.2,,,,,0.405725386983433,0.005889117863839221,
F2_found_memory,N1,MEMLESS,0.2,,,,,0.647029186050738,0.007411730619718535,
F2_found_memory,N1,BLOCK,0.2,,,,,0.23195719374728135,0.006925001847063043,
F2_found_memory,N1,AR,0.2,,,,,0.5127433088576495,0.009325318561980716,
F2_found_memory,N1,ENERGY,0.2,,,,,0.25671206479193015,0.007212307126985475,
F2_found_memory,N1,MAGDIFF,0.2,,,,,0.403151798309979,0.0058675975204383595,
F2_found_memory,N1,MEMLESS,0.2,,,,,0.6483500506569708,0.008087993635513416,
F2_found_memory,N1,BLOCK,0.2,,,,,0.23573366772055554,0.010405780845686899,
F2_found_memory,N1,AR,0.2,,,,,0.5156159753181966,0.007130164107075715,
F2_found_memory,N1,ENERGY,0.2,,,,,0.25762727302201643,0.011370686342781256,
F2_found_memory,N1,MAGDIFF,0.2,,,,,0.40275500128855063,0.006365256447472702,
F2_found_memory,N1,MEMLESS,0.2,,,,,0.6472407917411062,0.010145148032104671,
F2_found_memory,N1,BLOCK,0.2,,,,,0.23058331283895278,0.011765914896673595,
F2_found_memory,N1,AR,0.2,,,,,0.5127316891135465,0.00848057990871804,
F2_found_memory,N1,ENERGY,0.2,,,,,0.25835668171078885,0.010445243367946166,
F2_found_memory,N1,MAGDIFF,0.2,,,,,0.4000206841989883,0.008095817442910524,
F2_found_memory,N1,MEMLESS,0.2,,,,,0.6470508970185386,0.00686916182579369,
F2_found_memory,N1,BLOCK,0.2,,,,,0.2316052866917832,0.0064331807635315714,
F2_found_memory,N1,AR,0.2,,,,,0.5128748579687358,0.009102252028787795,
F2_found_memory,N1,ENERGY,0.2,,,,,0.2598486485213424,0.005869131926063765,
F2_found_memory,N1,MAGDIFF,0.2,,,,,0.3997689219618042,0.008739670943902246,
F2_found_memory,N1,MEMLESS,0.2,,,,,0.6496086585006761,0.008712117437159755,
F2_found_memory,N1,BLOCK,0.2,,,,,0.23470201968230026,0.009804262328198303,
F2_found_memory,N1,AR,0.2,,,,,0.515632972432621,0.007361063666499388,
F2_found_memory,N1,ENERGY,0.2,,,,,0.2615301145045612,0.008435051844475065,
F2_found_memory,N1,MAGDIFF,0.2,,,,,0.40098011530943717,0.008191238925922864,
F2_found_memory,N1,MEMLESS,0.2,,,,,0.649923837350263,0.013374922696499482,
F2_found_memory,N1,BLOCK,0.2,,,,,0.2362434833065651,0.008026821561471765,
F2_found_memory,N1,AR,0.2,,,,,0.5164224608687291,0.0089270626265038,
F2_found_memory,N1,ENERGY,0.2,,,,,0.25798544303057913,0.007908198658214825,
F2_found_memory,N1,MAGDIFF,0.2,,,,,0.4018976356702461,0.015269880485463934,
F2_found_memory,N1,MEMLESS,0.2,,,,,0.6457873446630155,0.011383801334315082,
F2_found_memory,N1,BLOCK,0.2,,,,,0.23479670330598199,0.008882649939835712,
F2_found_memory,N1,AR,0.2,,,,,0.5082923420208715,0.0061671364029586215,
F2_found_memory,N1,ENERGY,0.2,,,,,0.2572364383346359,0.008490037720198592,
F2_found_memory,N1,MAGDIFF,0.2,,,,,0.3985354184649091,0.011048511240897766,
F2_found_memory,N1,MEMLESS,0.2,,,,,0.6501223564606641,0.00807227096547356,
F2_found_memory,N1,BLOCK,0.2,,,,,0.23483251531773672,0.003866603553798736,
F2_found_memory,N1,AR,0.2,,,,,0.5188958428347628,0.00981135768189464,
F2_found_memory,N1,ENERGY,0.2,,,,,0.2594236425963313,0.010979704038993917,
F2_found_memory,N1,MAGDIFF,0.2,,,,,0.4070740541137882,0.004807697288964058,
F2_found_memory,N1,MEMLESS,0.2,,,,,0.6488371254371631,0.008913751435023477,
F2_found_memory,N1,BLOCK,0.2,,,,,0.23510477359834492,0.005639073825553558,
F2_found_memory,N1,AR,0.2,,,,,0.518565187066511,0.012068203812947745,
F2_found_memory,N1,ENERGY,0.2,,,,,0.25902274975308287,0.009747420847627144,
F2_found_memory,N1,MAGDIFF,0.2,,,,,0.39959855142458706,0.008998297273965578,
F2_found_memory,N1,MEMLESS,0.2,,,,,0.6500242871101304,0.007211246333001404,
F2_found_memory,N1,BLOCK,0.2,,,,,0.23872486325033415,0.00835321935478994,
F2_found_memory,N1,AR,0.2,,,,,0.5144801048321591,0.007825988326026942,
F2_found_memory,N1,ENERGY,0.2,,,,,0.25963360580414696,0.0075520733751693984,
F2_found_memory,N1,MAGDIFF,0.2,,,,,0.39890055154303444,0.009627481051777733,
F2_found_memory,N1,MEMLESS,0.3,,,,,0.7849732236980794,0.008125832644696417,
F2_found_memory,N1,BLOCK,0.3,,,,,0.3482391501385251,0.007979176330530574,
F2_found_memory,N1,AR,0.3,,,,,0.576843493180659,0.005688879451726059,
F2_found_memory,N1,ENERGY,0.3,,,,,0.36937945597785315,0.008754142831237514,
F2_found_memory,N1,MAGDIFF,0.3,,,,,0.5238520949167037,0.0066770264026943076,
F2_found_memory,N1,MEMLESS,0.3,,,,,0.7835387470569626,0.006822830220754961,
F2_found_memory,N1,BLOCK,0.3,,,,,0.34376102954828136,0.008662933337472006,
F2_found_memory,N1,AR,0.3,,,,,0.5703804602386888,0.005792592251015143,
F2_found_memory,N1,ENERGY,0.3,,,,,0.3738837997421585,0.006981937529864171,
F2_found_memory,N1,MAGDIFF,0.3,,,,,0.5196532512369645,0.008792272008779497,
F2_found_memory,N1,MEMLESS,0.3,,,,,0.7842222875741955,0.008917419314078771,
F2_found_memory,N1,BLOCK,0.3,,,,,0.3475127025279716,0.008314484903337407,
F2_found_memory,N1,AR,0.3,,,,,0.5727595994194123,0.006120083694778631,
F2_found_memory,N1,ENERGY,0.3,,,,,0.3731517184145808,0.008605867262206508,
F2_found_memory,N1,MAGDIFF,0.3,,,,,0.5219131433017792,0.006920576508877623,
F2_found_memory,N1,MEMLESS,0.3,,,,,0.7834933918188238,0.009656277331513134,
F2_found_memory,N1,BLOCK,0.3,,,,,0.34928844460413444,0.006467474637064825,
F2_found_memory,N1,AR,0.3,,,,,0.5700880491134063,0.010153847383236473,
F2_found_memory,N1,ENERGY,0.3,,,,,0.36923458854258634,0.01076469518813659,
F2_found_memory,N1,MAGDIFF,0.3,,,,,0.5213675632212897,0.012166782529793701,
F2_found_memory,N1,MEMLESS,0.3,,,,,0.7840542426512848,0.009541324450523124,
F2_found_memory,N1,BLOCK,0.3,,,,,0.3504728708793515,0.011305969421807224,
F2_found_memory,N1,AR,0.3,,,,,0.5726751873758811,0.009423397953365798,
F2_found_memory,N1,ENERGY,0.3,,,,,0.37201989808179414,0.006548782951675982,
F2_found_memory,N1,MAGDIFF,0.3,,,,,0.5180988633441962,0.010062197905398142,
F2_found_memory,N1,MEMLESS,0.3,,,,,0.7848173307379647,0.007950280848065414,
F2_found_memory,N1,BLOCK,0.3,,,,,0.3440126116729521,0.006997864172726169,
F2_found_memory,N1,AR,0.3,,,,,0.5743135836090822,0.007586427392868164,
F2_found_memory,N1,ENERGY,0.3,,,,,0.37209777379883674,0.00819533544326326,
F2_found_memory,N1,MAGDIFF,0.3,,,,,0.5238702876506,0.010631697507223833,
F2_found_memory,N1,MEMLESS,0.3,,,,,0.7822226857087368,0.008442679383550058,
F2_found_memory,N1,BLOCK,0.3,,,,,0.34635484590106574,0.004362596683894002,
F2_found_memory,N1,AR,0.3,,,,,0.5734943106127709,0.0063346056920703265,
F2_found_memory,N1,ENERGY,0.3,,,,,0.3730887668816192,0.00453455759172422,
F2_found_memory,N1,MAGDIFF,0.3,,,,,0.5171888365349074,0.009179336536931346,
F2_found_memory,N1,MEMLESS,0.3,,,,,0.7856294788346775,0.008762062966175294,
F2_found_memory,N1,BLOCK,0.3,,,,,0.34654482477503323,0.0088356343543669,
F2_found_memory,N1,AR,0.3,,,,,0.5692245711570766,0.006883092876101879,
F2_found_memory,N1,ENERGY,0.3,,,,,0.36966563427725774,0.011397945075130804,
F2_found_memory,N1,MAGDIFF,0.3,,,,,0.5243907156367257,0.00735765777063136,
F2_found_memory,N1,MEMLESS,0.3,,,,,0.7814606752902254,0.012186588327827156,
F2_found_memory,N1,BLOCK,0.3,,,,,0.342084375968746,0.009281454122481247,
F2_found_memory,N1,AR,0.3,,,,,0.5687153567677186,0.0045692739266312435,
F2_found_memory,N1,ENERGY,0.3,,,,,0.37241699607854595,0.01160869124606091,
F2_found_memory,N1,MAGDIFF,0.3,,,,,0.5173719749782668,0.005277941514318642,
F2_found_memory,N1,MEMLESS,0.3,,,,,0.7801043650220623,0.00725147967276036,
F2_found_memory,N1,BLOCK,0.3,,,,,0.3416808756858835,0.006935284370749253,
F2_found_memory,N1,AR,0.3,,,,,0.5675282175963794,0.005451835847937699,
F2_found_memory,N1,ENERGY,0.3,,,,,0.3701680072158081,0.007814240799193604,
F2_found_memory,N1,MAGDIFF,0.3,,,,,0.5139804605823756,0.00560012961183013,
F2_found_memory,N1,MEMLESS,0.3,,,,,0.7820001486611556,0.007431490470922848,
F2_found_memory,N1,BLOCK,0.3,,,,,0.3493424443813077,0.01008296708511049,
F2_found_memory,N1,AR,0.3,,,,,0.5720992195767156,0.0070953786203334255,
F2_found_memory,N1,ENERGY,0.3,,,,,0.36967215382920593,0.006211396057015015,
F2_found_memory,N1,MAGDIFF,0.3,,,,,0.5195642659905501,0.005863062191765284,
F2_found_memory,N1,MEMLESS,0.3,,,,,0.7865883657906299,0.012405303559680263,
F2_found_memory,N1,BLOCK,0.3,,,,,0.3473544705775694,0.013513282046980449,
F2_found_memory,N1,AR,0.3,,,,,0.576725311806882,0.0057046794968005155,
F2_found_memory,N1,ENERGY,0.3,,,,,0.3733313004848675,0.012777540989136783,
F2_found_memory,N1,MAGDIFF,0.3,,,,,0.5234830143278381,0.007497060220261508,
F2_found_memory,N1,MEMLESS,0.3,,,,,0.7814074279485127,0.007649450534411471,
F2_found_memory,N1,BLOCK,0.3,,,,,0.3501724507638957,0.012568912512733848,
F2_found_memory,N1,AR,0.3,,,,,0.5703611841558762,0.00804018370601994,
F2_found_memory,N1,ENERGY,0.3,,,,,0.3727830793491855,0.010630444456419445,
F2_found_memory,N1,MAGDIFF,0.3,,,,,0.5179884053755929,0.005855197615848173,
F2_found_memory,N1,MEMLESS,0.3,,,,,0.7824237296837321,0.008003455662190816,
F2_found_memory,N1,BLOCK,0.3,,,,,0.34720028605454817,0.01131235167487691,
F2_found_memory,N1,AR,0.3,,,,,0.5685659235417453,0.00430850095823254,
F2_found_memory,N1,ENERGY,0.3,,,,,0.3676299326231987,0.006542368827220428,
F2_found_memory,N1,MAGDIFF,0.3,,,,,0.517699533284993,0.006534406163235833,
F2_found_memory,N1,MEMLESS,0.3,,,,,0.7822183163885618,0.01038469621335142,
F2_found_memory,N1,BLOCK,0.3,,,,,0.34870760960791947,0.007546546105697355,
F2_found_memory,N1,AR,0.3,,,,,0.5666843549732111,0.010535467396967313,
F2_found_memory,N1,ENERGY,0.3,,,,,0.3733578258616223,0.010382764782608854,
F2_found_memory,N1,MAGDIFF,0.3,,,,,0.5185615594622953,0.008203277305316432,
F2_found_memory,N1,MEMLESS,0.3,,,,,0.784050383804611,0.013061307160064374,
F2_found_memory,N1,BLOCK,0.3,,,,,0.34647199382423693,0.009712871191351294,
F2_found_memory,N1,AR,0.3,,,,,0.5709227976963303,0.009464195607030311,
F2_found_memory,N1,ENERGY,0.3,,,,,0.37191078849681275,0.01073643775263915,
F2_found_memory,N1,MAGDIFF,0.3,,,,,0.5192586259240938,0.009756014968788548,
F2_found_memory,N1,MEMLESS,0.3,,,,,0.7848651817023764,0.008199961639272474,
F2_found_memory,N1,BLOCK,0.3,,,,,0.3487153308463045,0.010058683193561228,
F2_found_memory,N1,AR,0.3,,,,,0.5666689232565998,0.006054646542160701,
F2_found_memory,N1,ENERGY,0.3,,,,,0.3701233879694522,0.01110705855384582,
F2_found_memory,N1,MAGDIFF,0.3,,,,,0.5190466322089347,0.010065835507193708,
F2_found_memory,N1,MEMLESS,0.3,,,,,0.7821209096671439,0.009378243935991466,
F2_found_memory,N1,BLOCK,0.3,,,,,0.3397969370667389,0.006618253518746732,
F2_found_memory,N1,AR,0.3,,,,,0.5713755043090404,0.007232577477445266,
F2_found_memory,N1,ENERGY,0.3,,,,,0.36817437681757953,0.00868189384860506,
F2_found_memory,N1,MAGDIFF,0.3,,,,,0.5165575777933374,0.008120285448878689,
F2_found_memory,N1,MEMLESS,0.3,,,,,0.783918662824316,0.004691288790832055,
F2_found_memory,N1,BLOCK,0.3,,,,,0.3454128082056482,0.008857748576300305,
F2_found_memory,N1,AR,0.3,,,,,0.5726007433722661,0.007034257024979509,
F2_found_memory,N1,ENERGY,0.3,,,,,0.37154147346914795,0.007557545630254757,
F2_found_memory,N1,MAGDIFF,0.3,,,,,0.521104287760813,0.009844917522603722,
F2_found_memory,N1,MEMLESS,0.3,,,,,0.7842196813904433,0.009519950500056629,
F2_found_memory,N1,BLOCK,0.3,,,,,0.3432934303298391,0.011844957313654866,
F2_found_memory,N1,AR,0.3,,,,,0.5704300378360985,0.011931059665296258,
F2_found_memory,N1,ENERGY,0.3,,,,,0.3700302327543964,0.007610317908198157,
F2_found_memory,N1,MAGDIFF,0.3,,,,,0.5218117692579113,0.008986595101184946,
F2_found_memory,N1,MEMLESS,0.3,,,,,0.7828918993683349,0.00612130478913595,
F2_found_memory,N1,BLOCK,0.3,,,,,0.34778952185357226,0.00956625125084874,
F2_found_memory,N1,AR,0.3,,,,,0.5707627451068381,0.007195507386486163,
F2_found_memory,N1,ENERGY,0.3,,,,,0.37096456805443195,0.006587976708544878,
F2_found_memory,N1,MAGDIFF,0.3,,,,,0.5209023343148708,0.007495789368225196,
F2_found_memory,N1,MEMLESS,0.3,,,,,0.7818452793590943,0.010130271982320785,
F2_found_memory,N1,BLOCK,0.3,,,,,0.3493946839379344,0.010598587673383794,
F2_found_memory,N1,AR,0.3,,,,,0.5668446937775304,0.01320251231969352,
F2_found_memory,N1,ENERGY,0.3,,,,,0.37042445984546873,0.0065577606828397,
F2_found_memory,N1,MAGDIFF,0.3,,,,,0.515074561328525,0.010184192864436968,
F2_found_memory,N1,MEMLESS,0.3,,,,,0.783377996929242,0.010277580375497438,
F2_found_memory,N1,BLOCK,0.3,,,,,0.3445268505644445,0.007718763296805694,
F2_found_memory,N1,AR,0.3,,,,,0.5737230990781055,0.007312184277680762,
F2_found_memory,N1,ENERGY,0.3,,,,,0.3714587631218239,0.0048543717573024895,
F2_found_memory,N1,MAGDIFF,0.3,,,,,0.5179128118881753,0.008279554600922105,
F2_found_memory,N1,MEMLESS,0.3,,,,,0.7811621269324162,0.006321012026725102,
F2_found_memory,N1,BLOCK,0.3,,,,,0.34260213902319836,0.003203406149795118,
F2_found_memory,N1,AR,0.3,,,,,0.5737062475702677,0.010173687523578145,
F2_found_memory,N1,ENERGY,0.3,,,,,0.36991567322713137,0.00818966890668067,
F2_found_memory,N1,MAGDIFF,0.3,,,,,0.5192294256118161,0.007995429167405584,
F2_found_memory,N1,MEMLESS,0.3,,,,,0.7850624091122552,0.009293960404174637,
F2_found_memory,N1,BLOCK,0.3,,,,,0.3437335118209207,0.006927135298791493,
F2_found_memory,N1,AR,0.3,,,,,0.5674961305570954,0.00812000006773908,
F2_found_memory,N1,ENERGY,0.3,,,,,0.3702973580413336,0.009832235353593007,
F2_found_memory,N1,MAGDIFF,0.3,,,,,0.5203946696840543,0.012001543215788089,
F2_found_memory,N1,MEMLESS,0.3,,,,,0.7824532399245213,0.010460425993948114,
F2_found_memory,N1,BLOCK,0.3,,,,,0.3473014156741927,0.007350795243873252,
F2_found_memory,N1,AR,0.3,,,,,0.5663634667593803,0.006414759292977946,
F2_found_memory,N1,ENERGY,0.3,,,,,0.3759042136173592,0.005418940998572855,
F2_found_memory,N1,MAGDIFF,0.3,,,,,0.5139286443662625,0.008622575909671313,
F2_found_memory,N1,MEMLESS,0.3,,,,,0.7819434159748864,0.013092588570680287,
F2_found_memory,N1,BLOCK,0.3,,,,,0.3507653392177781,0.00846358242693913,
F2_found_memory,N1,AR,0.3,,,,,0.5697897761043723,0.006565670865890938,
F2_found_memory,N1,ENERGY,0.3,,,,,0.3724121823419728,0.006886505640005522,
F2_found_memory,N1,MAGDIFF,0.3,,,,,0.5179520283014942,0.008015994931550516,
F2_found_memory,N1,MEMLESS,0.3,,,,,0.7837051888293048,0.006923077234459818,
F2_found_memory,N1,BLOCK,0.3,,,,,0.346624726818516,0.008685073823681992,
F2_found_memory,N1,AR,0.3,,,,,0.5710281421274592,0.00717088204091176,
F2_found_memory,N1,ENERGY,0.3,,,,,0.3714640496080171,0.007228751002898501,
F2_found_memory,N1,MAGDIFF,0.3,,,,,0.5185212487991576,0.009544039165139358,
F2_found_memory,N1,MEMLESS,0.3,,,,,0.7857539339199475,0.005559339059257207,
F2_found_memory,N1,BLOCK,0.3,,,,,0.34699671791274467,0.00659585819010803,
F2_found_memory,N1,AR,0.3,,,,,0.578467185842811,0.011055053034915954,
F2_found_memory,N1,ENERGY,0.3,,,,,0.3688447220721836,0.009193261727714385,
F2_found_memory,N1,MAGDIFF,0.3,,,,,0.5236924048757513,0.007284229618309324,
F2_found_memory,N1,MEMLESS,0.3,,,,,0.7835242613110049,0.009214103923193898,
F2_found_memory,N1,BLOCK,0.3,,,,,0.34593416973797964,0.004778829463716583,
F2_found_memory,N1,AR,0.3,,,,,0.5728741582299969,0.014304767911388495,
F2_found_memory,N1,ENERGY,0.3,,,,,0.372315218150422,0.006207633787206991,
F2_found_memory,N1,MAGDIFF,0.3,,,,,0.517344968844257,0.007584949310991099,
F2_found_memory,N1,MEMLESS,0.3,,,,,0.7854135932226483,0.010165920246874856,
F2_found_memory,N1,BLOCK,0.3,,,,,0.34600459540852996,0.005757343301653313,
F2_found_memory,N1,AR,0.3,,,,,0.5704860941232336,0.013618686617226716,
F2_found_memory,N1,ENERGY,0.3,,,,,0.3726825741887684,0.007967127994687394,
F2_found_memory,N1,MAGDIFF,0.3,,,,,0.5210668889782433,0.013576511309829791,
F2_found_memory,N1,MEMLESS,0.3,,,,,0.7819235310973013,0.0066661416395029215,
F2_found_memory,N1,BLOCK,0.3,,,,,0.34431776439991135,0.004677593130514641,
F2_found_memory,N1,AR,0.3,,,,,0.5704101929717932,0.01236918326482142,
F2_found_memory,N1,ENERGY,0.3,,,,,0.3711564417347251,0.00554552752679431,
F2_found_memory,N1,MAGDIFF,0.3,,,,,0.5175671999727839,0.007141345299883849,
F2_found_memory,N1,MEMLESS,0.3,,,,,0.779967124943336,0.0074429095069765356,
F2_found_memory,N1,BLOCK,0.3,,,,,0.34849302182316344,0.008938798669130747,
F2_found_memory,N1,AR,0.3,,,,,0.5691841874867327,0.005557712642872687,
F2_found_memory,N1,ENERGY,0.3,,,,,0.3748331103779429,0.0049962188295429475,
F2_found_memory,N1,MAGDIFF,0.3,,,,,0.5137278301983236,0.005015383359909983,
F2_found_memory,N1,MEMLESS,0.3,,,,,0.7821691956458375,0.010364252390058108,
F2_found_memory,N1,BLOCK,0.3,,,,,0.3485309312379638,0.005508014484698721,
F2_found_memory,N1,AR,0.3,,,,,0.5700277710919835,0.011007719109412643,
F2_found_memory,N1,ENERGY,0.3,,,,,0.37063616840306074,0.006522325736106543,
F2_found_memory,N1,MAGDIFF,0.3,,,,,0.5173754177046022,0.010686448586524957,
F2_found_memory,N1,MEMLESS,0.3,,,,,0.7816484993482409,0.006563081095425154,
F2_found_memory,N1,BLOCK,0.3,,,,,0.34749481646709657,0.00939429899746266,
F2_found_memory,N1,AR,0.3,,,,,0.5683857618941798,0.008623616563104338,
F2_found_memory,N1,ENERGY,0.3,,,,,0.3694812826453853,0.010745988939440674,
F2_found_memory,N1,MAGDIFF,0.3,,,,,0.5142555964296962,0.007550406097556805,
F2_found_memory,N1,MEMLESS,0.3,,,,,0.7811056057198289,0.008129066967578183,
F2_found_memory,N1,BLOCK,0.3,,,,,0.34884291051995836,0.0070360959160339015,
F2_found_memory,N1,AR,0.3,,,,,0.568454831142354,0.006559813905557421,
F2_found_memory,N1,ENERGY,0.3,,,,,0.3694528567988657,0.00637751729528461,
F2_found_memory,N1,MAGDIFF,0.3,,,,,0.5181342101365238,0.005976610629566859,
F2_found_memory,N1,MEMLESS,0.3,,,,,0.7836873628013786,0.008934270316970723,
F2_found_memory,N1,BLOCK,0.3,,,,,0.3446809753426348,0.009098688461288643,
F2_found_memory,N1,AR,0.3,,,,,0.5743551074714721,0.0036492679942759566,
F2_found_memory,N1,ENERGY,0.3,,,,,0.37150759402506045,0.008208252893911246,
F2_found_memory,N1,MAGDIFF,0.3,,,,,0.5172612134827387,0.005767073605536134,
F2_found_memory,N1,MEMLESS,0.3,,,,,0.7842033795221395,0.011491462106402717,
F2_found_memory,N1,BLOCK,0.3,,,,,0.3439300649989411,0.010027865841424172,
F2_found_memory,N1,AR,0.3,,,,,0.5712697109880943,0.007581213051391976,
F2_found_memory,N1,ENERGY,0.3,,,,,0.36936685436378736,0.00641050754840613,
F2_found_memory,N1,MAGDIFF,0.3,,,,,0.5197669891619032,0.007744634011386329,
F2_found_memory,N1,MEMLESS,0.3,,,,,0.7805763727284726,0.0069240988536393945,
F2_found_memory,N1,BLOCK,0.3,,,,,0.34807367253349936,0.009639265289178103,
F2_found_memory,N1,AR,0.3,,,,,0.5687581415700171,0.008050122251619737,
F2_found_memory,N1,ENERGY,0.3,,,,,0.3728629809502072,0.010164108696913558,
F2_found_memory,N1,MAGDIFF,0.3,,,,,0.5147493959610578,0.009229599890415916,
F2_found_memory,N1,MEMLESS,0.3,,,,,0.782811203386209,0.006281256717756958,
F2_found_memory,N1,BLOCK,0.3,,,,,0.347618444991037,0.008670319198604943,
F2_found_memory,N1,AR,0.3,,,,,0.5702821393201226,0.005722762149721278,
F2_found_memory,N1,ENERGY,0.3,,,,,0.3713892125455325,0.008212975212069349,
F2_found_memory,N1,MAGDIFF,0.3,,,,,0.5206316359739344,0.004206752178358332,
F2_found_memory,N1,MEMLESS,0.3,,,,,0.7812225135294777,0.007954558946409044,
F2_found_memory,N1,BLOCK,0.3,,,,,0.3473699829655527,0.010567646126561598,
F2_found_memory,N1,AR,0.3,,,,,0.5711756379987248,0.0072638803424087805,
F2_found_memory,N1,ENERGY,0.3,,,,,0.37158861002729277,0.008526733755095535,
F2_found_memory,N1,MAGDIFF,0.3,,,,,0.5206123007340557,0.006286765192955354,
F2_found_memory,N1,MEMLESS,0.3,,,,,0.7821022125763409,0.007060063249943175,
F2_found_memory,N1,BLOCK,0.3,,,,,0.34795287788950163,0.010611545992189978,
F2_found_memory,N1,AR,0.3,,,,,0.5718843432875559,0.007540736062571076,
F2_found_memory,N1,ENERGY,0.3,,,,,0.37338513962108016,0.008796417138173505,
F2_found_memory,N1,MAGDIFF,0.3,,,,,0.516101260792301,0.007237654799120699,
F2_found_memory,N1,MEMLESS,0.3,,,,,0.7810390952357249,0.005167290028778007,
F2_found_memory,N1,BLOCK,0.3,,,,,0.3445283980600981,0.011161463776253074,
F2_found_memory,N1,AR,0.3,,,,,0.5692589122069767,0.007885210770375982,
F2_found_memory,N1,ENERGY,0.3,,,,,0.3706002596478654,0.011391325875096362,
F2_found_memory,N1,MAGDIFF,0.3,,,,,0.5160778866957327,0.012357187947784412,
F2_found_memory,N1,MEMLESS,0.3,,,,,0.7813996322399651,0.012203033839241284,
F2_found_memory,N1,BLOCK,0.3,,,,,0.3437152110693843,0.008034085911405302,
F2_found_memory,N1,AR,0.3,,,,,0.567423468559999,0.011080421124826378,
F2_found_memory,N1,ENERGY,0.3,,,,,0.37324087274526324,0.006542264196217291,
F2_found_memory,N1,MAGDIFF,0.3,,,,,0.5162617352220652,0.009364216870663845,
F2_found_memory,N1,MEMLESS,0.3,,,,,0.7836541163330271,0.007302004853623028,
F2_found_memory,N1,BLOCK,0.3,,,,,0.34634264809751897,0.009931918036541459,
F2_found_memory,N1,AR,0.3,,,,,0.5723208747077059,0.007770626352437032,
F2_found_memory,N1,ENERGY,0.3,,,,,0.372742794862352,0.007214406109603992,
F2_found_memory,N1,MAGDIFF,0.3,,,,,0.5185119339725398,0.008342037955266212,
F2_found_memory,N1,MEMLESS,0.3,,,,,0.7832642246266126,0.009403348750564765,
F2_found_memory,N1,BLOCK,0.3,,,,,0.3480776224475329,0.00836637983155199,
F2_found_memory,N1,AR,0.3,,,,,0.5739948648809762,0.01223734270013353,
F2_found_memory,N1,ENERGY,0.3,,,,,0.3715094274481997,0.0075042694853752435,
F2_found_memory,N1,MAGDIFF,0.3,,,,,0.5192461124795021,0.01000199216394454,
F2_found_memory,N1,MEMLESS,0.3,,,,,0.7803557428471363,0.009390510170712104,
F2_found_memory,N1,BLOCK,0.3,,,,,0.3456952309988882,0.005493357660380209,
F2_found_memory,N1,AR,0.3,,,,,0.5679481102919255,0.00967342784682912,
F2_found_memory,N1,ENERGY,0.3,,,,,0.37044662059353295,0.004255691426769747,
F2_found_memory,N1,MAGDIFF,0.3,,,,,0.5144382172461666,0.014572887759392028,
F2_found_memory,N1,MEMLESS,0.3,,,,,0.782554444935628,0.009208023835019459,
F2_found_memory,N1,BLOCK,0.3,,,,,0.35017108589418194,0.006321753093433784,
F2_found_memory,N1,AR,0.3,,,,,0.5748152742829221,0.009332082418889626,
F2_found_memory,N1,ENERGY,0.3,,,,,0.3706727001724136,0.00628194050200863,
F2_found_memory,N1,MAGDIFF,0.3,,,,,0.5211804074311326,0.008125768711680265,
F2_found_memory,N1,MEMLESS,0.3,,,,,0.7829809669359155,0.011805874021241615,
F2_found_memory,N1,BLOCK,0.3,,,,,0.34406658355053515,0.0055007851730810905,
F2_found_memory,N1,AR,0.3,,,,,0.5762546499601033,0.009965988428634734,
F2_found_memory,N1,ENERGY,0.3,,,,,0.3754185313095986,0.005352299235549338,
F2_found_memory,N1,MAGDIFF,0.3,,,,,0.5173310072270406,0.006683394424030046,
F2_found_memory,N1,MEMLESS,0.3,,,,,0.7832855657662776,0.010715699315804832,
F2_found_memory,N1,BLOCK,0.3,,,,,0.34997733125035635,0.008337764554513112,
F2_found_memory,N1,AR,0.3,,,,,0.5700316741940368,0.010945121737384699,
F2_found_memory,N1,ENERGY,0.3,,,,,0.37322896432344665,0.015553569971545004,
F2_found_memory,N1,MAGDIFF,0.3,,,,,0.5148034107906657,0.010271959276877615,
F2_found_memory,N1,MEMLESS,0.5,,,,,0.9296566581983245,0.007150012329266696,
F2_found_memory,N1,BLOCK,0.5,,,,,0.5618742900537728,0.010845944434018071,
F2_found_memory,N1,AR,0.5,,,,,0.6909265233375815,0.006942551411242834,
F2_found_memory,N1,ENERGY,0.5,,,,,0.5800107356026843,0.006598752458905108,
F2_found_memory,N1,MAGDIFF,0.5,,,,,0.6979554121827587,0.004848491097707188,
F2_found_memory,N1,MEMLESS,0.5,,,,,0.9287535770270329,0.012074996499475877,
F2_found_memory,N1,BLOCK,0.5,,,,,0.5608132505290995,0.00849074182928626,
F2_found_memory,N1,AR,0.5,,,,,0.686347811379755,0.008986890339729615,
F2_found_memory,N1,ENERGY,0.5,,,,,0.5798844291587635,0.004855129798443216,
F2_found_memory,N1,MAGDIFF,0.5,,,,,0.6997196553979202,0.009043944060563157,
F2_found_memory,N1,MEMLESS,0.5,,,,,0.9290275576439433,0.011323275360110826,
F2_found_memory,N1,BLOCK,0.5,,,,,0.560074186423413,0.009646072510416534,
F2_found_memory,N1,AR,0.5,,,,,0.6892290774435177,0.0069030825745017245,
F2_found_memory,N1,ENERGY,0.5,,,,,0.5797060905085006,0.008736389061644593,
F2_found_memory,N1,MAGDIFF,0.5,,,,,0.7006499201079827,0.006445362439238383,
F2_found_memory,N1,MEMLESS,0.5,,,,,0.9284072644824531,0.006159173113852788,
F2_found_memory,N1,BLOCK,0.5,,,,,0.5625474214512087,0.007637846706897812,
F2_found_memory,N1,AR,0.5,,,,,0.6859617042452905,0.013023277238398023,
F2_found_memory,N1,ENERGY,0.5,,,,,0.5789542371065153,0.0067705172863203045,
F2_found_memory,N1,MAGDIFF,0.5,,,,,0.6967188019352049,0.006082752424861196,
F2_found_memory,N1,MEMLESS,0.5,,,,,0.9291433046475965,0.01166780044187261,
F2_found_memory,N1,BLOCK,0.5,,,,,0.5626474483687466,0.007017090405265702,
F2_found_memory,N1,AR,0.5,,,,,0.6879996529810394,0.00902221759379741,
F2_found_memory,N1,ENERGY,0.5,,,,,0.5825947166315303,0.011353372333532162,
F2_found_memory,N1,MAGDIFF,0.5,,,,,0.6969371300189605,0.009907606245284185,
F2_found_memory,N1,MEMLESS,0.5,,,,,0.9287638717638839,0.005938259499848243,
F2_found_memory,N1,BLOCK,0.5,,,,,0.5603004580427698,0.007364801893642965,
F2_found_memory,N1,AR,0.5,,,,,0.6890613744419148,0.006217628556512885,
F2_found_memory,N1,ENERGY,0.5,,,,,0.5815675468772346,0.00655016608239706,
F2_found_memory,N1,MAGDIFF,0.5,,,,,0.7032486921478551,0.011229840293447847,
F2_found_memory,N1,MEMLESS,0.5,,,,,0.9283573799305563,0.012776386312827077,
F2_found_memory,N1,BLOCK,0.5,,,,,0.5601965788174044,0.008565743952839919,
F2_found_memory,N1,AR,0.5,,,,,0.6873147518034998,0.010980692240864062,
F2_found_memory,N1,ENERGY,0.5,,,,,0.5784076493799941,0.009968308559938471,
F2_found_memory,N1,MAGDIFF,0.5,,,,,0.695472705917628,0.008724576219025702,
F2_found_memory,N1,MEMLESS,0.5,,,,,0.9300581268389788,0.0053595942537336,
F2_found_memory,N1,BLOCK,0.5,,,,,0.5628387318521881,0.005997646348965815,
F2_found_memory,N1,AR,0.5,,,,,0.685460566490039,0.009325016597833772,
F2_found_memory,N1,ENERGY,0.5,,,,,0.5784082814390323,0.008092356194993332,
F2_found_memory,N1,MAGDIFF,0.5,,,,,0.7012153782164362,0.006434460318186342,
F2_found_memory,N1,MEMLESS,0.5,,,,,0.9273922875377032,0.009139189519362668,
F2_found_memory,N1,BLOCK,0.5,,,,,0.5617254688244678,0.009588060143617282,
F2_found_memory,N1,AR,0.5,,,,,0.6875337335612142,0.007757664003707799,
F2_found_memory,N1,ENERGY,0.5,,,,,0.577535227016293,0.009814358779511595,
F2_found_memory,N1,MAGDIFF,0.5,,,,,0.6971008673744898,0.00561329694177956,
F2_found_memory,N1,MEMLESS,0.5,,,,,0.9271961143919468,0.008686247991698308,
F2_found_memory,N1,BLOCK,0.5,,,,,0.5599763837066091,0.006523971393959939,
F2_found_memory,N1,AR,0.5,,,,,0.6839670869071717,0.004161197738436969,
F2_found_memory,N1,ENERGY,0.5,,,,,0.576176234513704,0.006056078673518373,
F2_found_memory,N1,MAGDIFF,0.5,,,,,0.691680662548347,0.00863060710356953,
F2_found_memory,N1,MEMLESS,0.5,,,,,0.9275523696797358,0.007589694450675391,
F2_found_memory,N1,BLOCK,0.5,,,,,0.5640913177406345,0.00711959067227707,
F2_found_memory,N1,AR,0.5,,,,,0.6893259380903173,0.00836102555511665,
F2_found_memory,N1,ENERGY,0.5,,,,,0.5768413913246256,0.008470786115763178,
F2_found_memory,N1,MAGDIFF,0.5,,,,,0.6974018714200303,0.0085298168925933,
F2_found_memory,N1,MEMLESS,0.5,,,,,0.930352806780071,0.011189553953849416,
F2_found_memory,N1,BLOCK,0.5,,,,,0.5632374916259768,0.015345274963938628,
F2_found_memory,N1,AR,0.5,,,,,0.6923129259466887,0.008155357708524864,
F2_found_memory,N1,ENERGY,0.5,,,,,0.5815323814182448,0.014606286024285157,
F2_found_memory,N1,MAGDIFF,0.5,,,,,0.7012769230899816,0.012662851745167458,
F2_found_memory,N1,MEMLESS,0.5,,,,,0.9274848677160127,0.00823038751755657,
F2_found_memory,N1,BLOCK,0.5,,,,,0.5680391022633424,0.008705026049812811,
F2_found_memory,N1,AR,0.5,,,,,0.688461434481198,0.007872820156696297,
F2_found_memory,N1,ENERGY,0.5,,,,,0.5794917635228315,0.012760305473635027,
F2_found_memory,N1,MAGDIFF,0.5,,,,,0.6969716025731089,0.010341509557739294,
F2_found_memory,N1,MEMLESS,0.5,,,,,0.928631324081595,0.009962436336070671,
F2_found_memory,N1,BLOCK,0.5,,,,,0.5659624780815163,0.011911836639618789,
F2_found_memory,N1,AR,0.5,,,,,0.688172615137117,0.007507330437913491,
F2_found_memory,N1,ENERGY,0.5,,,,,0.5788859116344484,0.007887104296697006,
F2_found_memory,N1,MAGDIFF,0.5,,,,,0.6956049848705027,0.006766658452446147,
F2_found_memory,N1,MEMLESS,0.5,,,,,0.9282419230503677,0.009027883994503303,
F2_found_memory,N1,BLOCK,0.5,,,,,0.5644769734323806,0.007364836921169815,
F2_found_memory,N1,AR,0.5,,,,,0.6847326397802437,0.0042952041110084814,
F2_found_memory,N1,ENERGY,0.5,,,,,0.5808755537324822,0.00873589922393953,
F2_found_memory,N1,MAGDIFF,0.5,,,,,0.6959736872828801,0.005574681104722396,
F2_found_memory,N1,MEMLESS,0.5,,,,,0.9288971634015052,0.010043764827275955,
F2_found_memory,N1,BLOCK,0.5,,,,,0.5612302098810006,0.0081990982281582,
F2_found_memory,N1,AR,0.5,,,,,0.6876575043806539,0.008251106916147905,
F2_found_memory,N1,ENERGY,0.5,,,,,0.579759412574505,0.011398652295931387,
F2_found_memory,N1,MAGDIFF,0.5,,,,,0.7006859730297266,0.009843048747161508,
F2_found_memory,N1,MEMLESS,0.5,,,,,0.9292033796585392,0.009210533582694146,
F2_found_memory,N1,BLOCK,0.5,,,,,0.5632120490040805,0.00768215849595654,
F2_found_memory,N1,AR,0.5,,,,,0.6830723078606075,0.007447475461439972,
F2_found_memory,N1,ENERGY,0.5,,,,,0.5784756846915194,0.011255377935391064,
F2_found_memory,N1,MAGDIFF,0.5,,,,,0.6951893799315496,0.008402408398482015,
F2_found_memory,N1,MEMLESS,0.5,,,,,0.9285359839747018,0.008579503840920821,
F2_found_memory,N1,BLOCK,0.5,,,,,0.5579227664260065,0.005460927947368258,
F2_found_memory,N1,AR,0.5,,,,,0.6836995029443379,0.005900366865210781,
F2_found_memory,N1,ENERGY,0.5,,,,,0.5754639333365664,0.006610834248803781,
F2_found_memory,N1,MAGDIFF,0.5,,,,,0.6935368622495036,0.006450978220035531,
F2_found_memory,N1,MEMLESS,0.5,,,,,0.9293440014196245,0.004552706704410843,
F2_found_memory,N1,BLOCK,0.5,,,,,0.5621970723109154,0.008924735735838964,
F2_found_memory,N1,AR,0.5,,,,,0.6873215743109429,0.002840253654465625,
F2_found_memory,N1,ENERGY,0.5,,,,,0.579063818047765,0.00725647061766494,
F2_found_memory,N1,MAGDIFF,0.5,,,,,0.6972904890769007,0.00807922031635547,
F2_found_memory,N1,MEMLESS,0.5,,,,,0.9286741537439198,0.008577557800755857,
F2_found_memory,N1,BLOCK,0.5,,,,,0.5587819456183893,0.012009721100171294,
F2_found_memory,N1,AR,0.5,,,,,0.6876910267667964,0.007072919391304707,
F2_found_memory,N1,ENERGY,0.5,,,,,0.5757640848973818,0.010201434422091078,
F2_found_memory,N1,MAGDIFF,0.5,,,,,0.6993636767310428,0.006349676429006802,
F2_found_memory,N1,MEMLESS,0.5,,,,,0.9286068396255622,0.00950574082669761,
F2_found_memory,N1,BLOCK,0.5,,,,,0.5681631681524804,0.00789487472698399,
F2_found_memory,N1,AR,0.5,,,,,0.6877414126070469,0.006432330260624587,
F2_found_memory,N1,ENERGY,0.5,,,,,0.579459014094425,0.005441901757981948,
F2_found_memory,N1,MAGDIFF,0.5,,,,,0.697453247845477,0.006177834684294686,
F2_found_memory,N1,MEMLESS,0.5,,,,,0.9284405368531591,0.010233555405004455,
F2_found_memory,N1,BLOCK,0.5,,,,,0.5669007461644363,0.008558313853257641,
F2_found_memory,N1,AR,0.5,,,,,0.6855145330314244,0.011833231120219499,
F2_found_memory,N1,ENERGY,0.5,,,,,0.5797273686001272,0.007354070635952286,
F2_found_memory,N1,MAGDIFF,0.5,,,,,0.6945320391175609,0.0065418140257228015,
F2_found_memory,N1,MEMLESS,0.5,,,,,0.9284846723693363,0.009552881850755087,
F2_found_memory,N1,BLOCK,0.5,,,,,0.5562490760501241,0.0055703462282129124,
F2_found_memory,N1,AR,0.5,,,,,0.6886955586735692,0.00626005011533908,
F2_found_memory,N1,ENERGY,0.5,,,,,0.5789554910616755,0.0078393054260652,
F2_found_memory,N1,MAGDIFF,0.5,,,,,0.6981445329407907,0.006546026993165205,
F2_found_memory,N1,MEMLESS,0.5,,,,,0.9271014597035673,0.005974662670495477,
F2_found_memory,N1,BLOCK,0.5,,,,,0.5604289432887489,0.009150536035961132,
F2_found_memory,N1,AR,0.5,,,,,0.6884565860000559,0.009318960499345249,
F2_found_memory,N1,ENERGY,0.5,,,,,0.5736679373181434,0.007733666332093909,
F2_found_memory,N1,MAGDIFF,0.5,,,,,0.6987458532606212,0.007745920313757868,
F2_found_memory,N1,MEMLESS,0.5,,,,,0.9297625785180266,0.008524105067258241,
F2_found_memory,N1,BLOCK,0.5,,,,,0.5586781607480487,0.005719681388991604,
F2_found_memory,N1,AR,0.5,,,,,0.6839495596602932,0.009924079912595281,
F2_found_memory,N1,ENERGY,0.5,,,,,0.5813775333236866,0.005316511209094307,
F2_found_memory,N1,MAGDIFF,0.5,,,,,0.6985267839088191,0.00761384864471696,
F2_found_memory,N1,MEMLESS,0.5,,,,,0.9288852626383872,0.006891737058388335,
F2_found_memory,N1,BLOCK,0.5,,,,,0.5612798650395416,0.010258241248584932,
F2_found_memory,N1,AR,0.5,,,,,0.6850182742786206,0.0077251181337380246,
F2_found_memory,N1,ENERGY,0.5,,,,,0.5805841345824105,0.008829726495439952,
F2_found_memory,N1,MAGDIFF,0.5,,,,,0.6940001740399094,0.00908339617665405,
F2_found_memory,N1,MEMLESS,0.5,,,,,0.9283093417603675,0.008174799163814384,
F2_found_memory,N1,BLOCK,0.5,,,,,0.5664790744754645,0.009436712381153104,
F2_found_memory,N1,AR,0.5,,,,,0.6880149667281206,0.006823710548065389,
F2_found_memory,N1,ENERGY,0.5,,,,,0.5777932792452569,0.005775602456621645,
F2_found_memory,N1,MAGDIFF,0.5,,,,,0.6932945491766913,0.005972777754373354,
F2_found_memory,N1,MEMLESS,0.5,,,,,0.9293745573479452,0.008170805974086844,
F2_found_memory,N1,BLOCK,0.5,,,,,0.5633909012464753,0.004854754814328798,
F2_found_memory,N1,AR,0.5,,,,,0.6875268879994018,0.008279637692604995,
F2_found_memory,N1,ENERGY,0.5,,,,,0.5780943484412093,0.005673371454753338,
F2_found_memory,N1,MAGDIFF,0.5,,,,,0.6976713137610685,0.005971716526253324,
F2_found_memory,N1,MEMLESS,0.5,,,,,0.9297008131340951,0.008287683835968456,
F2_found_memory,N1,BLOCK,0.5,,,,,0.5639433250616539,0.007792045557531203,
F2_found_memory,N1,AR,0.5,,,,,0.6933817786703882,0.010266403522626354,
F2_found_memory,N1,ENERGY,0.5,,,,,0.578185087485301,0.007303044826035882,
F2_found_memory,N1,MAGDIFF,0.5,,,,,0.7002745968287398,0.009884507721321194,
F2_found_memory,N1,MEMLESS,0.5,,,,,0.9290356325402196,0.005063998306854388,
F2_found_memory,N1,BLOCK,0.5,,,,,0.5623171203680555,0.0071223822683044394,
F2_found_memory,N1,AR,0.5,,,,,0.6895022673429886,0.005744151403839198,
F2_found_memory,N1,ENERGY,0.5,,,,,0.5822475004826221,0.005769042399971785,
F2_found_memory,N1,MAGDIFF,0.5,,,,,0.698133797862858,0.007665277397605595,
F2_found_memory,N1,MEMLESS,0.5,,,,,0.9292492770453344,0.00792927055242807,
F2_found_memory,N1,BLOCK,0.5,,,,,0.5599289829580477,0.0054666997974400335,
F2_found_memory,N1,AR,0.5,,,,,0.6879436979528657,0.007552544515328783,
F2_found_memory,N1,ENERGY,0.5,,,,,0.5777594263946156,0.0064007822857213474,
F2_found_memory,N1,MAGDIFF,0.5,,,,,0.700795498877305,0.007518029938505146,
F2_found_memory,N1,MEMLESS,0.5,,,,,0.9277243567459343,0.0070540971135932455,
F2_found_memory,N1,BLOCK,0.5,,,,,0.5604615317013488,0.007783679722631325,
F2_found_memory,N1,AR,0.5,,,,,0.688011940991434,0.007358880870543483,
F2_found_memory,N1,ENERGY,0.5,,,,,0.5810774471706369,0.005157709488469697,
F2_found_memory,N1,MAGDIFF,0.5,,,,,0.6955702509240774,0.007226688556730164,
F2_found_memory,N1,MEMLESS,0.5,,,,,0.9274148333713323,0.006824681112066237,
F2_found_memory,N1,BLOCK,0.5,,,,,0.5622254442519489,0.009036201223231361,
F2_found_memory,N1,AR,0.5,,,,,0.6866036508919612,0.006488912316287112,
F2_found_memory,N1,ENERGY,0.5,,,,,0.5782209773932346,0.008842546962706517,
F2_found_memory,N1,MAGDIFF,0.5,,,,,0.6954203998538783,0.008671890967539824,
F2_found_memory,N1,MEMLESS,0.5,,,,,0.9275685558431536,0.007995752953168785,
F2_found_memory,N1,BLOCK,0.5,,,,,0.561163509963767,0.00889233777404838,
F2_found_memory,N1,AR,0.5,,,,,0.6886720701543345,0.010723115450626661,
F2_found_memory,N1,ENERGY,0.5,,,,,0.5812177709027299,0.006357196370479112,
F2_found_memory,N1,MAGDIFF,0.5,,,,,0.6979785253434105,0.010901915531827731,
F2_found_memory,N1,MEMLESS,0.5,,,,,0.9285146034216324,0.011379258926305348,
F2_found_memory,N1,BLOCK,0.5,,,,,0.5630765980859599,0.013873614647057378,
F2_found_memory,N1,AR,0.5,,,,,0.6859077965919759,0.005273897030444544,
F2_found_memory,N1,ENERGY,0.5,,,,,0.5755249532300076,0.01009404888483606,
F2_found_memory,N1,MAGDIFF,0.5,,,,,0.6955079809729797,0.009786649774647034,
F2_found_memory,N1,MEMLESS,0.5,,,,,0.9279205771337458,0.005962949417334394,
F2_found_memory,N1,BLOCK,0.5,,,,,0.5619988873308671,0.008949595128488974,
F2_found_memory,N1,AR,0.5,,,,,0.6867025461564111,0.007520985024123238,
F2_found_memory,N1,ENERGY,0.5,,,,,0.5783644442813226,0.011282483744562114,
F2_found_memory,N1,MAGDIFF,0.5,,,,,0.6964329170225659,0.010889793855447074,
F2_found_memory,N1,MEMLESS,0.5,,,,,0.9289175586426879,0.010857049922418462,
F2_found_memory,N1,BLOCK,0.5,,,,,0.560755820369098,0.010691078620074587,
F2_found_memory,N1,AR,0.5,,,,,0.6894378576051895,0.005288082844573919,
F2_found_memory,N1,ENERGY,0.5,,,,,0.5785319433737236,0.006569604163476883,
F2_found_memory,N1,MAGDIFF,0.5,,,,,0.6948093319143073,0.007594523839283628,
F2_found_memory,N1,MEMLESS,0.5,,,,,0.9292173904077282,0.008682373809143794,
F2_found_memory,N1,BLOCK,0.5,,,,,0.5625123013321217,0.012253139433840174,
F2_found_memory,N1,AR,0.5,,,,,0.6860853616185872,0.008478071027144476,
F2_found_memory,N1,ENERGY,0.5,,,,,0.5763024545487996,0.009289425732268788,
F2_found_memory,N1,MAGDIFF,0.5,,,,,0.7020972084044826,0.006931592330357129,
F2_found_memory,N1,MEMLESS,0.5,,,,,0.9274779354652626,0.012446558225490937,
F2_found_memory,N1,BLOCK,0.5,,,,,0.5604212485067429,0.008098114523588997,
F2_found_memory,N1,AR,0.5,,,,,0.6840552353499126,0.0075238219231837525,
F2_found_memory,N1,ENERGY,0.5,,,,,0.5816478717605689,0.010907544258137539,
F2_found_memory,N1,MAGDIFF,0.5,,,,,0.6951673970712952,0.007585111741629479,
F2_found_memory,N1,MEMLESS,0.5,,,,,0.9278711121635187,0.00783938238082994,
F2_found_memory,N1,BLOCK,0.5,,,,,0.5637159493493081,0.010435459110306402,
F2_found_memory,N1,AR,0.5,,,,,0.6870185522487441,0.006870569484729041,
F2_found_memory,N1,ENERGY,0.5,,,,,0.5804249897519186,0.017468514856457697,
F2_found_memory,N1,MAGDIFF,0.5,,,,,0.6988096310109253,0.009497298125196266,
F2_found_memory,N1,MEMLESS,0.5,,,,,0.9277510783378542,0.008861116869541396,
F2_found_memory,N1,BLOCK,0.5,,,,,0.5612079225203321,0.007674613014163796,
F2_found_memory,N1,AR,0.5,,,,,0.6882519329576089,0.00511730113661895,
F2_found_memory,N1,ENERGY,0.5,,,,,0.5788980783936162,0.008714932645536739,
F2_found_memory,N1,MAGDIFF,0.5,,,,,0.6961307603643067,0.00885295019453634,
F2_found_memory,N1,MEMLESS,0.5,,,,,0.9284517145727827,0.006591003206336457,
F2_found_memory,N1,BLOCK,0.5,,,,,0.5629730928071969,0.010556295652805097,
F2_found_memory,N1,AR,0.5,,,,,0.6877964037510875,0.009381266307854214,
F2_found_memory,N1,ENERGY,0.5,,,,,0.5769953429132129,0.007082895965459886,
F2_found_memory,N1,MAGDIFF,0.5,,,,,0.6937429469139734,0.011853375360000865,
F2_found_memory,N1,MEMLESS,0.5,,,,,0.927649298206022,0.01375881963765138,
F2_found_memory,N1,BLOCK,0.5,,,,,0.5590990200548019,0.013225740819931385,
F2_found_memory,N1,AR,0.5,,,,,0.6867394916291341,0.007725030161868241,
F2_found_memory,N1,ENERGY,0.5,,,,,0.5729968785397203,0.010272946000385218,
F2_found_memory,N1,MAGDIFF,0.5,,,,,0.6948182417735504,0.01296788814787398,
F2_found_memory,N1,MEMLESS,0.5,,,,,0.9279550654671572,0.008288050909695569,
F2_found_memory,N1,BLOCK,0.5,,,,,0.561946756057855,0.011206606735042672,
F2_found_memory,N1,AR,0.5,,,,,0.6878183839493027,0.008750835023909165,
F2_found_memory,N1,ENERGY,0.5,,,,,0.5819195128510641,0.0069715987133293165,
F2_found_memory,N1,MAGDIFF,0.5,,,,,0.6940191876783816,0.006577102199473308,
F2_found_memory,N1,MEMLESS,0.5,,,,,0.9293495573403924,0.009780032798186247,
F2_found_memory,N1,BLOCK,0.5,,,,,0.5626339248179606,0.009938606174667174,
F2_found_memory,N1,AR,0.5,,,,,0.6874922648207762,0.009253610321521943,
F2_found_memory,N1,ENERGY,0.5,,,,,0.57920687593647,0.01667075135795527,
F2_found_memory,N1,MAGDIFF,0.5,,,,,0.6933212687505945,0.011865103982617508,
F2_found_memory,N1,MEMLESS,0.5,,,,,0.9285698532908204,0.005230153401852833,
F2_found_memory,N1,BLOCK,0.5,,,,,0.5678480677486852,0.008643389317400597,
F2_found_memory,N1,AR,0.5,,,,,0.6898077589927961,0.013168194249128887,
F2_found_memory,N1,ENERGY,0.5,,,,,0.5794876410885527,0.010085922753999443,
F2_found_memory,N1,MAGDIFF,0.5,,,,,0.6977274674605582,0.006172117839366877,
F2_found_memory,N1,MEMLESS,0.5,,,,,0.9274885086824385,0.00942642386009232,
F2_found_memory,N1,BLOCK,0.5,,,,,0.5631903671468794,0.006679927433249231,
F2_found_memory,N1,AR,0.5,,,,,0.6830549348326869,0.013583811119946604,
F2_found_memory,N1,ENERGY,0.5,,,,,0.5777088101478082,0.01084160098733616,
F2_found_memory,N1,MAGDIFF,0.5,,,,,0.693134852653122,0.01260868352490349,
F2_found_memory,N1,MEMLESS,0.5,,,,,0.9278519965481031,0.007820327764856734,
F2_found_memory,N1,BLOCK,0.5,,,,,0.5658295008616643,0.006689572807868597,
F2_found_memory,N1,AR,0.5,,,,,0.6904432380522775,0.009085642676472574,
F2_found_memory,N1,ENERGY,0.5,,,,,0.5807523725225072,0.0035165997273182343,
F2_found_memory,N1,MAGDIFF,0.5,,,,,0.6992762689410658,0.008501872168274874,
F2_found_memory,N1,MEMLESS,0.5,,,,,0.9287267375357221,0.008863554770978645,
F2_found_memory,N1,BLOCK,0.5,,,,,0.562580566153519,0.00680103947736922,
F2_found_memory,N1,AR,0.5,,,,,0.6909323271169711,0.007597852453728012,
F2_found_memory,N1,ENERGY,0.5,,,,,0.579945125494055,0.00633369212734322,
F2_found_memory,N1,MAGDIFF,0.5,,,,,0.6970247777669583,0.007116761668842265,
F2_found_memory,N1,MEMLESS,0.5,,,,,0.928975649032076,0.010836266521645556,
F2_found_memory,N1,BLOCK,0.5,,,,,0.5666333518924123,0.011494566393404909,
F2_found_memory,N1,AR,0.5,,,,,0.6851009069777035,0.010593431718114171,
F2_found_memory,N1,ENERGY,0.5,,,,,0.5806490110725434,0.011517861033590912,
F2_found_memory,N1,MAGDIFF,0.5,,,,,0.6944156222073228,0.011366611217069566,
F2_found_memory,N2,MEMLESS,0.02,,,,,0.34937684222587073,0.11621900780757749,
F2_found_memory,N2,BLOCK,0.02,,,,,0.04910796851796374,0.012390447238192142,
F2_found_memory,N2,AR,0.02,,,,,0.3477629077834065,0.14958937236612888,
F2_found_memory,N2,ENERGY,0.02,,,,,0.04836568769210228,0.00829691548603824,
F2_found_memory,N2,MAGDIFF,0.02,,,,,0.28428431958571804,0.08028235039176763,
F2_found_memory,N2,MEMLESS,0.02,,,,,0.3556146898597464,0.1209298505912976,
F2_found_memory,N2,BLOCK,0.02,,,,,0.05294446905021497,0.008361096289929438,
F2_found_memory,N2,AR,0.02,,,,,0.35424824424435264,0.1481151706124702,
F2_found_memory,N2,ENERGY,0.02,,,,,0.04966310050152882,0.008283108090569044,
F2_found_memory,N2,MAGDIFF,0.02,,,,,0.2888242802891687,0.08295580075926445,
F2_found_memory,N2,MEMLESS,0.02,,,,,0.350452570436706,0.12226840287323802,
F2_found_memory,N2,BLOCK,0.02,,,,,0.051054929040426446,0.004967785192730718,
F2_found_memory,N2,AR,0.02,,,,,0.3493408116425388,0.14594386297909348,
F2_found_memory,N2,ENERGY,0.02,,,,,0.04516583448538758,0.008350544676689668,
F2_found_memory,N2,MAGDIFF,0.02,,,,,0.28580727749821266,0.08752332314671638,
F2_found_memory,N2,MEMLESS,0.02,,,,,0.3508636882629888,0.12834350972827846,
F2_found_memory,N2,BLOCK,0.02,,,,,0.05249017365220466,0.009763108260984544,
F2_found_memory,N2,AR,0.02,,,,,0.34966463561948713,0.1492700087020159,
F2_found_memory,N2,ENERGY,0.02,,,,,0.046723506315847964,0.010965350950826484,
F2_found_memory,N2,MAGDIFF,0.02,,,,,0.28504487350627783,0.07187397426442872,
F2_found_memory,N2,MEMLESS,0.02,,,,,0.3540089858291928,0.10583630073115392,
F2_found_memory,N2,BLOCK,0.02,,,,,0.05225297678261496,0.005294757924893486,
F2_found_memory,N2,AR,0.02,,,,,0.3527792668869535,0.1356066125118608,
F2_found_memory,N2,ENERGY,0.02,,,,,0.056674072009672775,0.00878035282632087,
F2_found_memory,N2,MAGDIFF,0.02,,,,,0.28098920712872205,0.07965921079718774,
F2_found_memory,N2,MEMLESS,0.02,,,,,0.3579396210701593,0.12866596935176852,
F2_found_memory,N2,BLOCK,0.02,,,,,0.05465705041580573,0.010461384140103048,
F2_found_memory,N2,AR,0.02,,,,,0.3566075837772822,0.15334424523146148,
F2_found_memory,N2,ENERGY,0.02,,,,,0.054550077995706846,0.009870254952492746,
F2_found_memory,N2,MAGDIFF,0.02,,,,,0.2896965556654041,0.08070799708845326,
F2_found_memory,N2,MEMLESS,0.02,,,,,0.3479636550385992,0.12303360160177686,
F2_found_memory,N2,BLOCK,0.02,,,,,0.053563409165787994,0.011793833909978553,
F2_found_memory,N2,AR,0.02,,,,,0.3468097492496336,0.14581553081888537,
F2_found_memory,N2,ENERGY,0.02,,,,,0.05084120562540035,0.010663071919288227,
F2_found_memory,N2,MAGDIFF,0.02,,,,,0.2828757810167396,0.08112248117675144,
F2_found_memory,N2,MEMLESS,0.02,,,,,0.3484508025261605,0.12248163610161832,
F2_found_memory,N2,BLOCK,0.02,,,,,0.04605162295830804,0.005482011654665879,
F2_found_memory,N2,AR,0.02,,,,,0.3474710322162142,0.1431052043050154,
F2_found_memory,N2,ENERGY,0.02,,,,,0.043874958449272,0.006924885981983332,
F2_found_memory,N2,MAGDIFF,0.02,,,,,0.27669912211310743,0.06712352142126722,
F2_found_memory,N2,MEMLESS,0.02,,,,,0.33939483407381477,0.11787800190278207,
F2_found_memory,N2,BLOCK,0.02,,,,,0.0522804638818823,0.008656461851928721,
F2_found_memory,N2,AR,0.02,,,,,0.33796745156381686,0.14882306037022008,
F2_found_memory,N2,ENERGY,0.02,,,,,0.054651355367517265,0.012846974318781769,
F2_found_memory,N2,MAGDIFF,0.02,,,,,0.27441169015011296,0.077414955392752,
F2_found_memory,N2,MEMLESS,0.02,,,,,0.35223578254096605,0.13812617668336866,
F2_found_memory,N2,BLOCK,0.02,,,,,0.049947911082028874,0.005951049941786679,
F2_found_memory,N2,AR,0.02,,,,,0.35118891818690445,0.16141168141774836,
F2_found_memory,N2,ENERGY,0.02,,,,,0.0497318674799727,0.004452417706871543,
F2_found_memory,N2,MAGDIFF,0.02,,,,,0.2823148104473453,0.0753787907809252,
F2_found_memory,N2,MEMLESS,0.02,,,,,0.35328576015923113,0.12429432682689502,
F2_found_memory,N2,BLOCK,0.02,,,,,0.052014567549455326,0.006878899130068554,
F2_found_memory,N2,AR,0.02,,,,,0.35172440029802765,0.16181901269216178,
F2_found_memory,N2,ENERGY,0.02,,,,,0.05395591675352642,0.006695840005476922,
F2_found_memory,N2,MAGDIFF,0.02,,,,,0.2844854853707826,0.07366699909588278,
F2_found_memory,N2,MEMLESS,0.02,,,,,0.34918481064694623,0.12560317527917142,
F2_found_memory,N2,BLOCK,0.02,,,,,0.05081326995184437,0.009058485338151876,
F2_found_memory,N2,AR,0.02,,,,,0.34809827764824225,0.15143453124058834,
F2_found_memory,N2,ENERGY,0.02,,,,,0.04528793388803372,0.010454149320460637,
F2_found_memory,N2,MAGDIFF,0.02,,,,,0.277108044112409,0.07604177796763241,
F2_found_memory,N2,MEMLESS,0.02,,,,,0.3477107333160233,0.11790811008218843,
F2_found_memory,N2,BLOCK,0.02,,,,,0.0494498524507426,0.008108487999758886,
F2_found_memory,N2,AR,0.02,,,,,0.346329594089161,0.14962709626620457,
F2_found_memory,N2,ENERGY,0.02,,,,,0.04668531177647874,0.00722395596387294,
F2_found_memory,N2,MAGDIFF,0.02,,,,,0.2798233935007087,0.07738158017823965,
F2_found_memory,N2,MEMLESS,0.02,,,,,0.34563165277928537,0.12349809127209992,
F2_found_memory,N2,BLOCK,0.02,,,,,0.050016584485244125,0.013671953652368802,
F2_found_memory,N2,AR,0.02,,,,,0.34465703377990536,0.13811893862619026,
F2_found_memory,N2,ENERGY,0.02,,,,,0.0479994774620519,0.014188320100839273,
F2_found_memory,N2,MAGDIFF,0.02,,,,,0.27466201377157173,0.07863713833983538,
F2_found_memory,N2,MEMLESS,0.02,,,,,0.34981572060879834,0.1368585616254569,
F2_found_memory,N2,BLOCK,0.02,,,,,0.05216143090225173,0.009985471184204165,
F2_found_memory,N2,AR,0.02,,,,,0.3485356229554814,0.16705373736663484,
F2_found_memory,N2,ENERGY,0.02,,,,,0.04551564884545361,0.01073227715071934,
F2_found_memory,N2,MAGDIFF,0.02,,,,,0.28469735542512004,0.0850048997764312,
F2_found_memory,N2,MEMLESS,0.02,,,,,0.3618313341966049,0.12988969293085767,
F2_found_memory,N2,BLOCK,0.02,,,,,0.04800988608012467,0.01001369724935981,
F2_found_memory,N2,AR,0.02,,,,,0.36041120928367565,0.16284488944032996,
F2_found_memory,N2,ENERGY,0.02,,,,,0.04693344766378431,0.007516893508433431,
F2_found_memory,N2,MAGDIFF,0.02,,,,,0.28912293725226806,0.07658816203026286,
F2_found_memory,N2,MEMLESS,0.02,,,,,0.3513396477477351,0.11999118736565362,
F2_found_memory,N2,BLOCK,0.02,,,,,0.047487728136587165,0.007707445792225051,
F2_found_memory,N2,AR,0.02,,,,,0.35004091229162954,0.1517503442261912,
F2_found_memory,N2,ENERGY,0.02,,,,,0.051337288752059146,0.01046448240983213,
F2_found_memory,N2,MAGDIFF,0.02,,,,,0.28214472587621814,0.0740194217390301,
F2_found_memory,N2,MEMLESS,0.02,,,,,0.3491736362185731,0.12529050612423334,
F2_found_memory,N2,BLOCK,0.02,,,,,0.0446090553944173,0.00983742884073085,
F2_found_memory,N2,AR,0.02,,,,,0.348149143713998,0.14692739133608565,
F2_found_memory,N2,ENERGY,0.02,,,,,0.04107974852089393,0.006687357915272654,
F2_found_memory,N2,MAGDIFF,0.02,,,,,0.28228664771866163,0.07470786714583581,
F2_found_memory,N2,MEMLESS,0.02,,,,,0.3423614756742023,0.10812602507886002,
F2_found_memory,N2,BLOCK,0.02,,,,,0.05105499173753331,0.01038764450545231,
F2_found_memory,N2,AR,0.02,,,,,0.3408316238732262,0.1409448722106908,
F2_found_memory,N2,ENERGY,0.02,,,,,0.043853689005527725,0.008504448746941227,
F2_found_memory,N2,MAGDIFF,0.02,,,,,0.2778702407766652,0.08297211812602054,
F2_found_memory,N2,MEMLESS,0.02,,,,,0.3460614788423086,0.11524713889944897,
F2_found_memory,N2,BLOCK,0.02,,,,,0.05161395719789418,0.007393115192953995,
F2_found_memory,N2,AR,0.02,,,,,0.34477718742993896,0.13812686476335198,
F2_found_memory,N2,ENERGY,0.02,,,,,0.055065685386688934,0.008832150026140411,
F2_found_memory,N2,MAGDIFF,0.02,,,,,0.27851211761678324,0.0741110246943226,
F2_found_memory,N2,MEMLESS,0.02,,,,,0.34366911639175146,0.12046017984630142,
F2_found_memory,N2,BLOCK,0.02,,,,,0.05159638859791369,0.008489585138229361,
F2_found_memory,N2,AR,0.02,,,,,0.34231825926840453,0.1456973495312845,
F2_found_memory,N2,ENERGY,0.02,,,,,0.04464242333099869,0.008986249060973513,
F2_found_memory,N2,MAGDIFF,0.02,,,,,0.2758169063023777,0.08541556789077417,
F2_found_memory,N2,MEMLESS,0.02,,,,,0.34218928660092723,0.11167604819464895,
F2_found_memory,N2,BLOCK,0.02,,,,,0.047811746706539995,0.0098607465185748,
F2_found_memory,N2,AR,0.02,,,,,0.3406426001282977,0.14449161911381286,
F2_found_memory,N2,ENERGY,0.02,,,,,0.0591362678240577,0.012984731007431326,
F2_found_memory,N2,MAGDIFF,0.02,,,,,0.27531154121276574,0.07983558688380708,
F2_found_memory,N2,MEMLESS,0.02,,,,,0.35961000324592773,0.12447017938805327,
F2_found_memory,N2,BLOCK,0.02,,,,,0.05153464785296101,0.006194066462487622,
F2_found_memory,N2,AR,0.02,,,,,0.35856514551487884,0.1521023820865021,
F2_found_memory,N2,ENERGY,0.02,,,,,0.048573541864135754,0.004817995312098166,
F2_found_memory,N2,MAGDIFF,0.02,,,,,0.2929338671202309,0.0934482158869697,
F2_found_memory,N2,MEMLESS,0.02,,,,,0.34071781666507167,0.11021835489734948,
F2_found_memory,N2,BLOCK,0.02,,,,,0.04849029348127412,0.0077353552169076335,
F2_found_memory,N2,AR,0.02,,,,,0.3394372504193167,0.1395708289872209,
F2_found_memory,N2,ENERGY,0.02,,,,,0.04412142768277012,0.007496612731211359,
F2_found_memory,N2,MAGDIFF,0.02,,,,,0.2673630238574587,0.07871371925783455,
F2_found_memory,N2,MEMLESS,0.02,,,,,0.3518091233750756,0.1277358866343157,
F2_found_memory,N2,BLOCK,0.02,,,,,0.0508646615205253,0.008761693868600989,
F2_found_memory,N2,AR,0.02,,,,,0.350621319528481,0.15310276699456946,
F2_found_memory,N2,ENERGY,0.02,,,,,0.05229146971776795,0.00911703283157371,
F2_found_memory,N2,MAGDIFF,0.02,,,,,0.2833644429194824,0.0751460508631996,
F2_found_memory,N2,MEMLESS,0.02,,,,,0.35356048512587224,0.13312187058675337,
F2_found_memory,N2,BLOCK,0.02,,,,,0.04747351550589322,0.00519557571830108,
F2_found_memory,N2,AR,0.02,,,,,0.35233007252891096,0.16231600616556063,
F2_found_memory,N2,ENERGY,0.02,,,,,0.051676437651254216,0.00982985753680502,
F2_found_memory,N2,MAGDIFF,0.02,,,,,0.28478204830947007,0.08101972049876581,
F2_found_memory,N2,MEMLESS,0.02,,,,,0.35619264999420747,0.13241728664270616,
F2_found_memory,N2,BLOCK,0.02,,,,,0.05083294631249818,0.013548472013363882,
F2_found_memory,N2,AR,0.02,,,,,0.3550669333488645,0.1560210007554211,
F2_found_memory,N2,ENERGY,0.02,,,,,0.05680159821845471,0.009801458643395846,
F2_found_memory,N2,MAGDIFF,0.02,,,,,0.2878405419915146,0.07070911417654901,
F2_found_memory,N2,MEMLESS,0.02,,,,,0.3498627942525725,0.11616144178923948,
F2_found_memory,N2,BLOCK,0.02,,,,,0.05188058269872837,0.006351564275507967,
F2_found_memory,N2,AR,0.02,,,,,0.3485265428264158,0.14158044413229998,
F2_found_memory,N2,ENERGY,0.02,,,,,0.052690950137806176,0.003652486498660554,
F2_found_memory,N2,MAGDIFF,0.02,,,,,0.28208024364598344,0.08172552144117959,
F2_found_memory,N2,MEMLESS,0.02,,,,,0.3512956312699204,0.12410009034909107,
F2_found_memory,N2,BLOCK,0.02,,,,,0.05273468064296741,0.006711855250437067,
F2_found_memory,N2,AR,0.02,,,,,0.34998553726969456,0.15417067060601372,
F2_found_memory,N2,ENERGY,0.02,,,,,0.05311492695967928,0.006002861212388213,
F2_found_memory,N2,MAGDIFF,0.02,,,,,0.2826591911667634,0.07386170613877649,
F2_found_memory,N2,MEMLESS,0.02,,,,,0.3565351814642194,0.12169057904561226,
F2_found_memory,N2,BLOCK,0.02,,,,,0.05427698724512744,0.008125518301942374,
F2_found_memory,N2,AR,0.02,,,,,0.35530256830706847,0.1520613588982973,
F2_found_memory,N2,ENERGY,0.02,,,,,0.04945656220765337,0.006571802450072047,
F2_found_memory,N2,MAGDIFF,0.02,,,,,0.28628806942418805,0.08327038797071562,
F2_found_memory,N2,MEMLESS,0.02,,,,,0.3494656957473676,0.12211775275912178,
F2_found_memory,N2,BLOCK,0.02,,,,,0.048740892473371905,0.008876783241433194,
F2_found_memory,N2,AR,0.02,,,,,0.3484081120605426,0.144418779995182,
F2_found_memory,N2,ENERGY,0.02,,,,,0.05007313872866338,0.011119156490347528,
F2_found_memory,N2,MAGDIFF,0.02,,,,,0.28468006236585386,0.08626488023904659,
F2_found_memory,N2,MEMLESS,0.02,,,,,0.34432288341737444,0.12038995483119318,
F2_found_memory,N2,BLOCK,0.02,,,,,0.046642630658407756,0.00866117079036447,
F2_found_memory,N2,AR,0.02,,,,,0.34307794527519286,0.1511690811985623,
F2_found_memory,N2,ENERGY,0.02,,,,,0.048780742409255784,0.009248027757351068,
F2_found_memory,N2,MAGDIFF,0.02,,,,,0.27488743990005515,0.08405106635390627,
F2_found_memory,N2,MEMLESS,0.02,,,,,0.3659717491177019,0.13314341676249944,
F2_found_memory,N2,BLOCK,0.02,,,,,0.05298567340079497,0.01838804672203902,
F2_found_memory,N2,AR,0.02,,,,,0.36462264752128326,0.16397321970138232,
F2_found_memory,N2,ENERGY,0.02,,,,,0.046096935774389336,0.015981383603456488,
F2_found_memory,N2,MAGDIFF,0.02,,,,,0.2944786756022883,0.07792093912563029,
F2_found_memory,N2,MEMLESS,0.02,,,,,0.3459835993108788,0.1401892796831589,
F2_found_memory,N2,BLOCK,0.02,,,,,0.05150501532956675,0.008071762170420375,
F2_found_memory,N2,AR,0.02,,,,,0.34493964564848595,0.1587535621933428,
F2_found_memory,N2,ENERGY,0.02,,,,,0.04660453265768203,0.008573986481142784,
F2_found_memory,N2,MAGDIFF,0.02,,,,,0.2755309273578843,0.07856088317209892,
F2_found_memory,N2,MEMLESS,0.02,,,,,0.3451698836095294,0.12409944766474727,
F2_found_memory,N2,BLOCK,0.02,,,,,0.05469798621446893,0.0039676202465693255,
F2_found_memory,N2,AR,0.02,,,,,0.34402072599907535,0.14759998368266083,
F2_found_memory,N2,ENERGY,0.02,,,,,0.054155259375081526,0.005368993246044607,
F2_found_memory,N2,MAGDIFF,0.02,,,,,0.27707133744446805,0.07877380549464787,
F2_found_memory,N2,MEMLESS,0.02,,,,,0.34285694535484024,0.12821117701690932,
F2_found_memory,N2,BLOCK,0.02,,,,,0.04595470397488462,0.0075960140163702965,
F2_found_memory,N2,AR,0.02,,,,,0.341522983587422,0.15642457833288853,
F2_found_memory,N2,ENERGY,0.02,,,,,0.04606052666610588,0.006700910468000131,
F2_found_memory,N2,MAGDIFF,0.02,,,,,0.273398719630315,0.07353952048126555,
F2_found_memory,N2,MEMLESS,0.02,,,,,0.35897539572491577,0.11596918689275923,
F2_found_memory,N2,BLOCK,0.02,,,,,0.04822559063076117,0.005821879617127903,
F2_found_memory,N2,AR,0.02,,,,,0.35775882214238147,0.1436844623139591,
F2_found_memory,N2,ENERGY,0.02,,,,,0.053923701669834484,0.006589736264207416,
F2_found_memory,N2,MAGDIFF,0.02,,,,,0.2947487413661049,0.0749003739527768,
F2_found_memory,N2,MEMLESS,0.02,,,,,0.34822903843557934,0.1233822964160887,
F2_found_memory,N2,BLOCK,0.02,,,,,0.04925544730518506,0.006732415539803725,
F2_found_memory,N2,AR,0.02,,,,,0.3467283451837305,0.15934134544117215,
F2_found_memory,N2,ENERGY,0.02,,,,,0.046540418953605354,0.0058977568369421585,
F2_found_memory,N2,MAGDIFF,0.02,,,,,0.2785277022289269,0.07134207749836763,
F2_found_memory,N2,MEMLESS,0.02,,,,,0.34033204482996815,0.1197432317974688,
F2_found_memory,N2,BLOCK,0.02,,,,,0.04821982080179702,0.0076244745395259595,
F2_found_memory,N2,AR,0.02,,,,,0.3385499743023707,0.15550712834469138,
F2_found_memory,N2,ENERGY,0.02,,,,,0.04499710422232152,0.006646231832354343,
F2_found_memory,N2,MAGDIFF,0.02,,,,,0.27703760606816663,0.06683010564797395,
F2_found_memory,N2,MEMLESS,0.02,,,,,0.34985168316349385,0.12157528644820466,
F2_found_memory,N2,BLOCK,0.02,,,,,0.048350799043826956,0.008101742036609618,
F2_found_memory,N2,AR,0.02,,,,,0.34845029539309896,0.1500441241263406,
F2_found_memory,N2,ENERGY,0.02,,,,,0.049227572387946006,0.006142520305866841,
F2_found_memory,N2,MAGDIFF,0.02,,,,,0.2826884864395384,0.07927552826713259,
F2_found_memory,N2,MEMLESS,0.02,,,,,0.35036558488181974,0.1225321071578094,
F2_found_memory,N2,BLOCK,0.02,,,,,0.04834056695763925,0.009416357507476297,
F2_found_memory,N2,AR,0.02,,,,,0.34935281725497735,0.14712655619060794,
F2_found_memory,N2,ENERGY,0.02,,,,,0.04829307767985926,0.008507518742720672,
F2_found_memory,N2,MAGDIFF,0.02,,,,,0.27954564236212737,0.07804422343929775,
F2_found_memory,N2,MEMLESS,0.02,,,,,0.34644886190134117,0.10956977963605796,
F2_found_memory,N2,BLOCK,0.02,,,,,0.05146328417176246,0.0058174460708725825,
F2_found_memory,N2,AR,0.02,,,,,0.34504613829164826,0.13417824139094367,
F2_found_memory,N2,ENERGY,0.02,,,,,0.05486115086554426,0.0060887998148470976,
F2_found_memory,N2,MAGDIFF,0.02,,,,,0.2799140766965638,0.07979838208823345,
F2_found_memory,N2,MEMLESS,0.02,,,,,0.34169387395512246,0.12882861516496694,
F2_found_memory,N2,BLOCK,0.02,,,,,0.04920104023175505,0.00572905508680977,
F2_found_memory,N2,AR,0.02,,,,,0.3407971993145846,0.1489468183767208,
F2_found_memory,N2,ENERGY,0.02,,,,,0.04896522492115812,0.009446004009119973,
F2_found_memory,N2,MAGDIFF,0.02,,,,,0.26992391506771846,0.0747308820235729,
F2_found_memory,N2,MEMLESS,0.02,,,,,0.35288413720735895,0.11848422913662952,
F2_found_memory,N2,BLOCK,0.02,,,,,0.05452297413877283,0.008294918371247085,
F2_found_memory,N2,AR,0.02,,,,,0.3512767769580099,0.15378035598432888,
F2_found_memory,N2,ENERGY,0.02,,,,,0.04506382692456967,0.009719787708577019,
F2_found_memory,N2,MAGDIFF,0.02,,,,,0.2820121066245128,0.07927428475162955,
F2_found_memory,N2,MEMLESS,0.02,,,,,0.34663089796617097,0.11697947119088163,
F2_found_memory,N2,BLOCK,0.02,,,,,0.04745527791406984,0.007223065140312676,
F2_found_memory,N2,AR,0.02,,,,,0.34534995289820297,0.14634657985787627,
F2_found_memory,N2,ENERGY,0.02,,,,,0.03983213237439946,0.007912239662398571,
F2_found_memory,N2,MAGDIFF,0.02,,,,,0.2750838946500071,0.08119899291537717,
F2_found_memory,N2,MEMLESS,0.02,,,,,0.3500324284580964,0.11745889467535382,
F2_found_memory,N2,BLOCK,0.02,,,,,0.053424495780524925,0.007909241336007938,
F2_found_memory,N2,AR,0.02,,,,,0.34809552268021443,0.1562946337484687,
F2_found_memory,N2,ENERGY,0.02,,,,,0.04906952739705452,0.009172751939203132,
F2_found_memory,N2,MAGDIFF,0.02,,,,,0.28382833015576886,0.07662556490878368,
F2_found_memory,N2,MEMLESS,0.02,,,,,0.35036578430691906,0.1276589755225986,
F2_found_memory,N2,BLOCK,0.02,,,,,0.050385406902368764,0.012113115167157868,
F2_found_memory,N2,AR,0.02,,,,,0.34920019767911104,0.15757219812221068,
F2_found_memory,N2,ENERGY,0.02,,,,,0.05200291757311589,0.010377997898552966,
F2_found_memory,N2,MAGDIFF,0.02,,,,,0.28443722919028747,0.07730443612210024,
F2_found_memory,N2,MEMLESS,0.02,,,,,0.35256054995549424,0.12499492411756759,
F2_found_memory,N2,BLOCK,0.02,,,,,0.05123392793343343,0.004138277207866676,
F2_found_memory,N2,AR,0.02,,,,,0.351153686187534,0.1600894446342922,
F2_found_memory,N2,ENERGY,0.02,,,,,0.04419871487762373,0.005802389966732287,
F2_found_memory,N2,MAGDIFF,0.02,,,,,0.28071989064552605,0.07689729029586016,
F2_found_memory,N2,MEMLESS,0.02,,,,,0.3535274110374782,0.10537725411344648,
F2_found_memory,N2,BLOCK,0.02,,,,,0.05120716439351472,0.006981929472080843,
F2_found_memory,N2,AR,0.02,,,,,0.35211466803020797,0.1351661852471424,
F2_found_memory,N2,ENERGY,0.02,,,,,0.04625266766123264,0.011024971859324354,
F2_found_memory,N2,MAGDIFF,0.02,,,,,0.280634876802092,0.07942392656656166,
F2_found_memory,N2,MEMLESS,0.02,,,,,0.3453685709950702,0.11020144161417719,
F2_found_memory,N2,BLOCK,0.02,,,,,0.05068054536937561,0.0054765325454722525,
F2_found_memory,N2,AR,0.02,,,,,0.34424219871488615,0.13781929453674321,
F2_found_memory,N2,ENERGY,0.02,,,,,0.04824477293728935,0.005529200383966626,
F2_found_memory,N2,MAGDIFF,0.02,,,,,0.28157376210102886,0.07854270618445952,
F2_found_memory,N2,MEMLESS,0.05,,,,,0.479295892050517,0.037871392200705366,
F2_found_memory,N2,BLOCK,0.05,,,,,0.10994838635095398,0.011607888370245519,
F2_found_memory,N2,AR,0.05,,,,,0.4761509728440083,0.06743638463049485,
F2_found_memory,N2,ENERGY,0.05,,,,,0.10730091889484172,0.012258434994700484,
F2_found_memory,N2,MAGDIFF,0.05,,,,,0.3909268215473736,0.07877402703673053,
F2_found_memory,N2,MEMLESS,0.05,,,,,0.4872692108063505,0.0412859087228325,
F2_found_memory,N2,BLOCK,0.05,,,,,0.11446862538365742,0.008316509910143845,
F2_found_memory,N2,AR,0.05,,,,,0.48306076360637135,0.07832510656497237,
F2_found_memory,N2,ENERGY,0.05,,,,,0.11087611406455018,0.00912644579802317,
F2_found_memory,N2,MAGDIFF,0.05,,,,,0.39801134241909786,0.07974259949283549,
F2_found_memory,N2,MEMLESS,0.05,,,,,0.4809496430778339,0.038753001842733246,
F2_found_memory,N2,BLOCK,0.05,,,,,0.11530943769356698,0.004257201321856026,
F2_found_memory,N2,AR,0.05,,,,,0.47716730829827875,0.07578145466844535,
F2_found_memory,N2,ENERGY,0.05,,,,,0.11077393007355527,0.008536293020109654,
F2_found_memory,N2,MAGDIFF,0.05,,,,,0.39341735916025794,0.08336487395765675,
F2_found_memory,N2,MEMLESS,0.05,,,,,0.48081102815963167,0.04391100356162499,
F2_found_memory,N2,BLOCK,0.05,,,,,0.11746820072894654,0.008520789098560275,
F2_found_memory,N2,AR,0.05,,,,,0.4769975822559363,0.07680499183971916,
F2_found_memory,N2,ENERGY,0.05,,,,,0.1057069214372257,0.010422831630096673,
F2_found_memory,N2,MAGDIFF,0.05,,,,,0.39492559051816534,0.07532982487855754,
F2_found_memory,N2,MEMLESS,0.05,,,,,0.4871456010023973,0.040771912585350505,
F2_found_memory,N2,BLOCK,0.05,,,,,0.11646436300061458,0.005794766604205179,
F2_found_memory,N2,AR,0.05,,,,,0.48391079778348134,0.07082265150993089,
F2_found_memory,N2,ENERGY,0.05,,,,,0.11129688784270557,0.00465059217432143,
F2_found_memory,N2,MAGDIFF,0.05,,,,,0.3944728414103694,0.07805337402313886,
F2_found_memory,N2,MEMLESS,0.05,,,,,0.48884199316502047,0.05046224467024977,
F2_found_memory,N2,BLOCK,0.05,,,,,0.12096280390068416,0.00976247299771873,
F2_found_memory,N2,AR,0.05,,,,,0.4848875494483392,0.08512061362406273,
F2_found_memory,N2,ENERGY,0.05,,,,,0.12334553396725888,0.01018242205162219,
F2_found_memory,N2,MAGDIFF,0.05,,,,,0.40035443028173867,0.08004021158744372,
F2_found_memory,N2,MEMLESS,0.05,,,,,0.4789520129261866,0.03848303010062684,
F2_found_memory,N2,BLOCK,0.05,,,,,0.1168049123901169,0.009890830176135791,
F2_found_memory,N2,AR,0.05,,,,,0.4755368014568766,0.071638412724961,
F2_found_memory,N2,ENERGY,0.05,,,,,0.11326608065917111,0.011043085748567542,
F2_found_memory,N2,MAGDIFF,0.05,,,,,0.3889990685115024,0.0779858518803117,
F2_found_memory,N2,MEMLESS,0.05,,,,,0.479161061649636,0.041232747027658015,
F2_found_memory,N2,BLOCK,0.05,,,,,0.1089700336621011,0.0057337589486200526,
F2_found_memory,N2,AR,0.05,,,,,0.47586474294982445,0.07825002504852192,
F2_found_memory,N2,ENERGY,0.05,,,,,0.10800803021747217,0.005882636308728937,
F2_found_memory,N2,MAGDIFF,0.05,,,,,0.38818513933476995,0.07356737475799584,
F2_found_memory,N2,MEMLESS,0.05,,,,,0.47093921646783754,0.03337225777394225,
F2_found_memory,N2,BLOCK,0.05,,,,,0.11587510154901738,0.00913811686965085,
F2_found_memory,N2,AR,0.05,,,,,0.46672393754639213,0.07782982398848746,
F2_found_memory,N2,ENERGY,0.05,,,,,0.1070823766562289,0.01249535488763332,
F2_found_memory,N2,MAGDIFF,0.05,,,,,0.3762677615113268,0.07550117214877641,
F2_found_memory,N2,MEMLESS,0.05,,,,,0.48542740380039295,0.05546299355754313,
F2_found_memory,N2,BLOCK,0.05,,,,,0.11047246203107518,0.004677996406127293,
F2_found_memory,N2,AR,0.05,,,,,0.48180427815628585,0.08919980748302547,
F2_found_memory,N2,ENERGY,0.05,,,,,0.10825769983810941,0.004739557786509361,
F2_found_memory,N2,MAGDIFF,0.05,,,,,0.3972173663792389,0.07890090064368002,
F2_found_memory,N2,MEMLESS,0.05,,,,,0.4860561162506758,0.038524107803738335,
F2_found_memory,N2,BLOCK,0.05,,,,,0.11000901693509457,0.010446836190434862,
F2_found_memory,N2,AR,0.05,,,,,0.4824512452922735,0.07696058059177822,
F2_found_memory,N2,ENERGY,0.05,,,,,0.10518728359515613,0.009225224767132443,
F2_found_memory,N2,MAGDIFF,0.05,,,,,0.39469540512046125,0.07566771099581865,
F2_found_memory,N2,MEMLESS,0.05,,,,,0.4833709047897566,0.04139636198459331,
F2_found_memory,N2,BLOCK,0.05,,,,,0.1076665127428094,0.008366057106478898,
F2_found_memory,N2,AR,0.05,,,,,0.48038142283063096,0.08153627015604581,
F2_found_memory,N2,ENERGY,0.05,,,,,0.11177301367170768,0.010350908463221635,
F2_found_memory,N2,MAGDIFF,0.05,,,,,0.3921870734207527,0.08320599987628666,
F2_found_memory,N2,MEMLESS,0.05,,,,,0.4799986825372821,0.04448442786342709,
F2_found_memory,N2,BLOCK,0.05,,,,,0.10829488697266658,0.005921207130835492,
F2_found_memory,N2,AR,0.05,,,,,0.476355743755871,0.07050832510364748,
F2_found_memory,N2,ENERGY,0.05,,,,,0.10831251906779255,0.011482229840018126,
F2_found_memory,N2,MAGDIFF,0.05,,,,,0.38895660992401865,0.07699459763672288,
F2_found_memory,N2,MEMLESS,0.05,,,,,0.4787548628618368,0.0457337645696374,
F2_found_memory,N2,BLOCK,0.05,,,,,0.11140235455476338,0.016772534342915084,
F2_found_memory,N2,AR,0.05,,,,,0.47491927500785697,0.07464681796058341,
F2_found_memory,N2,ENERGY,0.05,,,,,0.10566319669435036,0.013896795952370505,
F2_found_memory,N2,MAGDIFF,0.05,,,,,0.38424932179707244,0.07742088287110721,
F2_found_memory,N2,MEMLESS,0.05,,,,,0.4833184022171947,0.038954735239326514,
F2_found_memory,N2,BLOCK,0.05,,,,,0.11227635113190691,0.00968502939488684,
F2_found_memory,N2,AR,0.05,,,,,0.47971406916673265,0.07948107049542788,
F2_found_memory,N2,ENERGY,0.05,,,,,0.10730683060087683,0.011702744380231457,
F2_found_memory,N2,MAGDIFF,0.05,,,,,0.3907950235438145,0.07757122009965094,
F2_found_memory,N2,MEMLESS,0.05,,,,,0.4964559984252271,0.039742820187900936,
F2_found_memory,N2,BLOCK,0.05,,,,,0.11266925911026528,0.009579844683263384,
F2_found_memory,N2,AR,0.05,,,,,0.49278556866342005,0.07900562532636249,
F2_found_memory,N2,ENERGY,0.05,,,,,0.10871407213568211,0.00811400170033303,
F2_found_memory,N2,MAGDIFF,0.05,,,,,0.40929777163175746,0.08155751651885243,
F2_found_memory,N2,MEMLESS,0.05,,,,,0.4816412275481462,0.04243717796875038,
F2_found_memory,N2,BLOCK,0.05,,,,,0.10704521433668349,0.0058674872467261744,
F2_found_memory,N2,AR,0.05,,,,,0.4779187876533266,0.07232779573980921,
F2_found_memory,N2,ENERGY,0.05,,,,,0.1102215288284221,0.00675094480889797,
F2_found_memory,N2,MAGDIFF,0.05,,,,,0.395696165980409,0.075545720776331,
F2_found_memory,N2,MEMLESS,0.05,,,,,0.48199171276704367,0.05168367261821677,
F2_found_memory,N2,BLOCK,0.05,,,,,0.10133094584514193,0.0069293091413355455,
F2_found_memory,N2,AR,0.05,,,,,0.47840867929133407,0.07803186055311197,
F2_found_memory,N2,ENERGY,0.05,,,,,0.10342648968790571,0.00831469888616916,
F2_found_memory,N2,MAGDIFF,0.05,,,,,0.3891415633036901,0.07882065844782034,
F2_found_memory,N2,MEMLESS,0.05,,,,,0.47446269589665435,0.03858460926281946,
F2_found_memory,N2,BLOCK,0.05,,,,,0.10973653911425908,0.008502254788342252,
F2_found_memory,N2,AR,0.05,,,,,0.47099182309493415,0.06803284413278393,
F2_found_memory,N2,ENERGY,0.05,,,,,0.10572540666613225,0.00963689064037312,
F2_found_memory,N2,MAGDIFF,0.05,,,,,0.3837523651464284,0.07166966916905083,
F2_found_memory,N2,MEMLESS,0.05,,,,,0.47818692495237064,0.0372470651933234,
F2_found_memory,N2,BLOCK,0.05,,,,,0.1130002091732291,0.007141930445285038,
F2_found_memory,N2,AR,0.05,,,,,0.4742451709347902,0.07059584367902488,
F2_found_memory,N2,ENERGY,0.05,,,,,0.11216598927300175,0.013211622647535263,
F2_found_memory,N2,MAGDIFF,0.05,,,,,0.38403467186463003,0.07437449458614084,
F2_found_memory,N2,MEMLESS,0.05,,,,,0.4768298730450714,0.03526289536137466,
F2_found_memory,N2,BLOCK,0.05,,,,,0.11319068423933158,0.0067488799392537826,
F2_found_memory,N2,AR,0.05,,,,,0.4727000961004645,0.07726740928906425,
F2_found_memory,N2,ENERGY,0.05,,,,,0.10720109492451657,0.012776828849821625,
F2_found_memory,N2,MAGDIFF,0.05,,,,,0.37992078602489987,0.0749986489316158,
F2_found_memory,N2,MEMLESS,0.05,,,,,0.4733493415353224,0.048431275485728065,
F2_found_memory,N2,BLOCK,0.05,,,,,0.1111064328236677,0.011118193490285392,
F2_found_memory,N2,AR,0.05,,,,,0.4698385882486581,0.06859612375961198,
F2_found_memory,N2,ENERGY,0.05,,,,,0.10835172583516632,0.01453301344731414,
F2_found_memory,N2,MAGDIFF,0.05,,,,,0.38131808450228133,0.07778810958253234,
F2_found_memory,N2,MEMLESS,0.05,,,,,0.4895945716027219,0.04607086657976591,
F2_found_memory,N2,BLOCK,0.05,,,,,0.1131484951868573,0.008156133464055875,
F2_found_memory,N2,AR,0.05,,,,,0.48513201087527613,0.08544581734485855,
F2_found_memory,N2,ENERGY,0.05,,,,,0.11452607667797422,0.007963026854183581,
F2_found_memory,N2,MAGDIFF,0.05,,,,,0.4029823259738817,0.09032414526483218,
F2_found_memory,N2,MEMLESS,0.05,,,,,0.47649115988178337,0.0499146037214339,
F2_found_memory,N2,BLOCK,0.05,,,,,0.108859032001776,0.006976099517198365,
F2_found_memory,N2,AR,0.05,,,,,0.4730936341359637,0.07039043873690173,
F2_found_memory,N2,ENERGY,0.05,,,,,0.10852315970267276,0.006676397512013291,
F2_found_memory,N2,MAGDIFF,0.05,,,,,0.3841398645078068,0.07994348316966784,
F2_found_memory,N2,MEMLESS,0.05,,,,,0.48542935041250684,0.044584829679635715,
F2_found_memory,N2,BLOCK,0.05,,,,,0.1083928851113416,0.010978434095490007,
F2_found_memory,N2,AR,0.05,,,,,0.48174137017458063,0.08780170018234491,
F2_found_memory,N2,ENERGY,0.05,,,,,0.10382516315752695,0.019045251234289993,
F2_found_memory,N2,MAGDIFF,0.05,,,,,0.39692994555784206,0.07307070401557199,
F2_found_memory,N2,MEMLESS,0.05,,,,,0.4867051396696118,0.0390735061535489,
F2_found_memory,N2,BLOCK,0.05,,,,,0.10502191549977799,0.007929391279245399,
F2_found_memory,N2,AR,0.05,,,,,0.48324174527937735,0.069996528443556,
F2_found_memory,N2,ENERGY,0.05,,,,,0.11260483964912722,0.009452514188507252,
F2_found_memory,N2,MAGDIFF,0.05,,,,,0.3976087372567662,0.0728949551680579,
F2_found_memory,N2,MEMLESS,0.05,,,,,0.48705614280893134,0.040716508812351594,
F2_found_memory,N2,BLOCK,0.05,,,,,0.10999242665857568,0.01257281069621805,
F2_found_memory,N2,AR,0.05,,,,,0.4828792125520893,0.08285735506893836,
F2_found_memory,N2,ENERGY,0.05,,,,,0.1139094111226926,0.007475983661013546,
F2_found_memory,N2,MAGDIFF,0.05,,,,,0.39560884912312955,0.07654025488626248,
F2_found_memory,N2,MEMLESS,0.05,,,,,0.47998942979572456,0.04285080577010019,
F2_found_memory,N2,BLOCK,0.05,,,,,0.113195115441082,0.004608621792518925,
F2_found_memory,N2,AR,0.05,,,,,0.47619706442437265,0.07093620597589036,
F2_found_memory,N2,ENERGY,0.05,,,,,0.10747124764992047,0.006049483811628757,
F2_found_memory,N2,MAGDIFF,0.05,,,,,0.38757243203108277,0.0793959862067127,
F2_found_memory,N2,MEMLESS,0.05,,,,,0.48493357609402554,0.03749364479210782,
F2_found_memory,N2,BLOCK,0.05,,,,,0.11579811022736416,0.00806587929015152,
F2_found_memory,N2,AR,0.05,,,,,0.48115102226000483,0.0738187243253114,
F2_found_memory,N2,ENERGY,0.05,,,,,0.11148042753085405,0.007946107228201884,
F2_found_memory,N2,MAGDIFF,0.05,,,,,0.3968958281038873,0.07112724513868135,
F2_found_memory,N2,MEMLESS,0.05,,,,,0.48946916405858665,0.035463015943780034,
F2_found_memory,N2,BLOCK,0.05,,,,,0.11693513159167492,0.007177881013642157,
F2_found_memory,N2,AR,0.05,,,,,0.4857350107317447,0.07387068850156833,
F2_found_memory,N2,ENERGY,0.05,,,,,0.11519341561935578,0.007217952167607862,
F2_found_memory,N2,MAGDIFF,0.05,,,,,0.40454254643153165,0.07977479352236026,
F2_found_memory,N2,MEMLESS,0.05,,,,,0.48209705560342275,0.0458424213635553,
F2_found_memory,N2,BLOCK,0.05,,,,,0.11283823523994622,0.01182157546660153,
F2_found_memory,N2,AR,0.05,,,,,0.47805931139754576,0.08680561902580192,
F2_found_memory,N2,ENERGY,0.05,,,,,0.10914442267299863,0.01048094984104788,
F2_found_memory,N2,MAGDIFF,0.05,,,,,0.3931812560463219,0.07478358578265087,
F2_found_memory,N2,MEMLESS,0.05,,,,,0.4758669721387524,0.03917604322257907,
F2_found_memory,N2,BLOCK,0.05,,,,,0.11032962909826488,0.007330497107423234,
F2_found_memory,N2,AR,0.05,,,,,0.47215372866846483,0.07690442111538683,
F2_found_memory,N2,ENERGY,0.05,,,,,0.1065077685759258,0.0089775952459147,
F2_found_memory,N2,MAGDIFF,0.05,,,,,0.38508973074890157,0.08073049886042787,
F2_found_memory,N2,MEMLESS,0.05,,,,,0.4986711482425457,0.04838226499144116,
F2_found_memory,N2,BLOCK,0.05,,,,,0.11353546240944888,0.01823990847007396,
F2_found_memory,N2,AR,0.05,,,,,0.49499500930688933,0.07524811941589539,
F2_found_memory,N2,ENERGY,0.05,,,,,0.1058850879151882,0.01031004520119705,
F2_found_memory,N2,MAGDIFF,0.05,,,,,0.4091517207884886,0.0836847853423143,
F2_found_memory,N2,MEMLESS,0.05,,,,,0.4796606803523504,0.047561733501025154,
F2_found_memory,N2,BLOCK,0.05,,,,,0.112951938265353,0.012571533626805905,
F2_found_memory,N2,AR,0.05,,,,,0.4760769081558336,0.09362420286745754,
F2_found_memory,N2,ENERGY,0.05,,,,,0.10518432918607298,0.007616732583506861,
F2_found_memory,N2,MAGDIFF,0.05,,,,,0.39088681409135884,0.07994246607367357,
F2_found_memory,N2,MEMLESS,0.05,,,,,0.4767135236595389,0.04056537650649826,
F2_found_memory,N2,BLOCK,0.05,,,,,0.11790771528088206,0.004500414419703917,
F2_found_memory,N2,AR,0.05,,,,,0.4734856932358595,0.07049239726625622,
F2_found_memory,N2,ENERGY,0.05,,,,,0.11323593243669587,0.008707648122672504,
F2_found_memory,N2,MAGDIFF,0.05,,,,,0.3845567073942032,0.07717367169247517,
F2_found_memory,N2,MEMLESS,0.05,,,,,0.47526876906096377,0.04656869142110093,
F2_found_memory,N2,BLOCK,0.05,,,,,0.11032236535753778,0.004657928969411268,
F2_found_memory,N2,AR,0.05,,,,,0.47215271862007613,0.0815251371207533,
F2_found_memory,N2,ENERGY,0.05,,,,,0.10504203838956098,0.013366029760562136,
F2_found_memory,N2,MAGDIFF,0.05,,,,,0.38492747873041294,0.08063325908517481,
F2_found_memory,N2,MEMLESS,0.05,,,,,0.48724540706522596,0.04158296265786016,
F2_found_memory,N2,BLOCK,0.05,,,,,0.1162622786963285,0.006834641603794257,
F2_found_memory,N2,AR,0.05,,,,,0.48349188090853484,0.060139558895144794,
F2_found_memory,N2,ENERGY,0.05,,,,,0.1088496619003766,0.007417013329915437,
F2_found_memory,N2,MAGDIFF,0.05,,,,,0.39661117238330296,0.06763219614666027,
F2_found_memory,N2,MEMLESS,0.05,,,,,0.47984876302617585,0.04338633732937129,
F2_found_memory,N2,BLOCK,0.05,,,,,0.10806506881518427,0.008389606595658527,
F2_found_memory,N2,AR,0.05,,,,,0.4762696610766064,0.0828578178887094,
F2_found_memory,N2,ENERGY,0.05,,,,,0.10806770359269552,0.008384737550023344,
F2_found_memory,N2,MAGDIFF,0.05,,,,,0.38966406148062355,0.07512093562292155,
F2_found_memory,N2,MEMLESS,0.05,,,,,0.4735330046890318,0.028713209422636644,
F2_found_memory,N2,BLOCK,0.05,,,,,0.11035688928700031,0.007751133301501393,
F2_found_memory,N2,AR,0.05,,,,,0.47039705184064146,0.06558626245183724,
F2_found_memory,N2,ENERGY,0.05,,,,,0.09983362922188932,0.009273620662757475,
F2_found_memory,N2,MAGDIFF,0.05,,,,,0.3838959095095119,0.0679882838692012,
F2_found_memory,N2,MEMLESS,0.05,,,,,0.4825665498443535,0.04294930782441558,
F2_found_memory,N2,BLOCK,0.05,,,,,0.11242699614894647,0.011367742148644458,
F2_found_memory,N2,AR,0.05,,,,,0.4794296298230472,0.0764693022266313,
F2_found_memory,N2,ENERGY,0.05,,,,,0.10748483342369801,0.010612659751762211,
F2_found_memory,N2,MAGDIFF,0.05,,,,,0.391762087571209,0.07282789973030072,
F2_found_memory,N2,MEMLESS,0.05,,,,,0.4822372640522369,0.04481276870196904,
F2_found_memory,N2,BLOCK,0.05,,,,,0.11216260697398893,0.008684781004045718,
F2_found_memory,N2,AR,0.05,,,,,0.4786075247957976,0.07619374395247706,
F2_found_memory,N2,ENERGY,0.05,,,,,0.11493008758282748,0.014529608623283037,
F2_found_memory,N2,MAGDIFF,0.05,,,,,0.3920109998558717,0.07115544858570606,
F2_found_memory,N2,MEMLESS,0.05,,,,,0.47765694241540313,0.04152202030091944,
F2_found_memory,N2,BLOCK,0.05,,,,,0.11506617339964778,0.006575395009593688,
F2_found_memory,N2,AR,0.05,,,,,0.4740666222432163,0.062122168383256605,
F2_found_memory,N2,ENERGY,0.05,,,,,0.11614167847173958,0.008367735057845558,
F2_found_memory,N2,MAGDIFF,0.05,,,,,0.38468964045615606,0.08189291445464206,
F2_found_memory,N2,MEMLESS,0.05,,,,,0.4757257517371942,0.039966632016091554,
F2_found_memory,N2,BLOCK,0.05,,,,,0.10913994231656869,0.006331298551050753,
F2_found_memory,N2,AR,0.05,,,,,0.47183413591364964,0.0708162129688968,
F2_found_memory,N2,ENERGY,0.05,,,,,0.10491660754657021,0.007537793773680636,
F2_found_memory,N2,MAGDIFF,0.05,,,,,0.3849777627069433,0.07602148047976628,
F2_found_memory,N2,MEMLESS,0.05,,,,,0.48395635782055935,0.047057259785672434,
F2_found_memory,N2,BLOCK,0.05,,,,,0.12032197912869273,0.008952959126804473,
F2_found_memory,N2,AR,0.05,,,,,0.48045494416522533,0.06730870630836762,
F2_found_memory,N2,ENERGY,0.05,,,,,0.11749960495233999,0.008704741672680726,
F2_found_memory,N2,MAGDIFF,0.05,,,,,0.39327338600268635,0.07437779564071063,
F2_found_memory,N2,MEMLESS,0.05,,,,,0.47961278274861835,0.035403757796682124,
F2_found_memory,N2,BLOCK,0.05,,,,,0.1060512024128527,0.007074042247639377,
F2_found_memory,N2,AR,0.05,,,,,0.47594842209009525,0.05952221707160372,
F2_found_memory,N2,ENERGY,0.05,,,,,0.10300219088726877,0.013602064842805121,
F2_found_memory,N2,MAGDIFF,0.05,,,,,0.38906250397460207,0.08358733744193328,
F2_found_memory,N2,MEMLESS,0.05,,,,,0.48038601812860815,0.03986085483491925,
F2_found_memory,N2,BLOCK,0.05,,,,,0.11625198809956837,0.005819706839196374,
F2_found_memory,N2,AR,0.05,,,,,0.4768702762065149,0.0665546794907193,
F2_found_memory,N2,ENERGY,0.05,,,,,0.10665122195646326,0.012295242308622006,
F2_found_memory,N2,MAGDIFF,0.05,,,,,0.38979231259738306,0.07221050655492826,
F2_found_memory,N2,MEMLESS,0.05,,,,,0.4850778691450475,0.042608945373330515,
F2_found_memory,N2,BLOCK,0.05,,,,,0.1135881784179939,0.011267676929305196,
F2_found_memory,N2,AR,0.05,,,,,0.4811822127567435,0.07482532559433677,
F2_found_memory,N2,ENERGY,0.05,,,,,0.11020776625384211,0.014009947974155815,
F2_found_memory,N2,MAGDIFF,0.05,,,,,0.3944048414666551,0.07358109931329003,
F2_found_memory,N2,MEMLESS,0.05,,,,,0.4849430120365001,0.03614063711149692,
F2_found_memory,N2,BLOCK,0.05,,,,,0.11597982757634029,0.007190582113729081,
F2_found_memory,N2,AR,0.05,,,,,0.4814278982549256,0.07222698900366492,
F2_found_memory,N2,ENERGY,0.05,,,,,0.1112005520303798,0.005181999394642092,
F2_found_memory,N2,MAGDIFF,0.05,,,,,0.3956844196322131,0.07829677582357841,
F2_found_memory,N2,MEMLESS,0.05,,,,,0.4856952136116681,0.043896923506939155,
F2_found_memory,N2,BLOCK,0.05,,,,,0.11299648677223577,0.010022658189185999,
F2_found_memory,N2,AR,0.05,,,,,0.4825971661946677,0.06483760450422585,
F2_found_memory,N2,ENERGY,0.05,,,,,0.10848751765131587,0.012567549982766683,
F2_found_memory,N2,MAGDIFF,0.05,,,,,0.3936007535642596,0.08290811696042928,
F2_found_memory,N2,MEMLESS,0.05,,,,,0.4778949535039127,0.03996863586898945,
F2_found_memory,N2,BLOCK,0.05,,,,,0.11276191898298618,0.003962590751754179,
F2_found_memory,N2,AR,0.05,,,,,0.47405991841005846,0.06046351634091173,
F2_found_memory,N2,ENERGY,0.05,,,,,0.11259168281170646,0.007409953338391398,
F2_found_memory,N2,MAGDIFF,0.05,,,,,0.38841888227184834,0.07827834142662603,
F2_found_memory,N2,MEMLESS,0.1,,,,,0.6061703514259288,0.034500758004812206,
F2_found_memory,N2,BLOCK,0.1,,,,,0.20038116820356355,0.013566071206694135,
F2_found_memory,N2,AR,0.1,,,,,0.5795502747557839,0.017788266282461433,
F2_found_memory,N2,ENERGY,0.1,,,,,0.19555241049382602,0.0070656005788038686,
F2_found_memory,N2,MAGDIFF,0.1,,,,,0.4809388716479239,0.046987817382177416,
F2_found_memory,N2,MEMLESS,0.1,,,,,0.6124689161233351,0.036972027156675163,
F2_found_memory,N2,BLOCK,0.1,,,,,0.20381024600789857,0.009647956134122967,
F2_found_memory,N2,AR,0.1,,,,,0.5864015797047679,0.024555942287285304,
F2_found_memory,N2,ENERGY,0.1,,,,,0.1986151152162391,0.009800723162247331,
F2_found_memory,N2,MAGDIFF,0.1,,,,,0.48643907785537166,0.05442665119643593,
F2_found_memory,N2,MEMLESS,0.1,,,,,0.6058497550419347,0.026300632891109777,
F2_found_memory,N2,BLOCK,0.1,,,,,0.19928713121947958,0.005220813333740301,
F2_found_memory,N2,AR,0.1,,,,,0.5754448506706781,0.01961536500021744,
F2_found_memory,N2,ENERGY,0.1,,,,,0.1945303951290334,0.010303530673521853,
F2_found_memory,N2,MAGDIFF,0.1,,,,,0.4792237244311352,0.05770747128357731,
F2_found_memory,N2,MEMLESS,0.1,,,,,0.6075294653587034,0.022124012097495555,
F2_found_memory,N2,BLOCK,0.1,,,,,0.2047585450191256,0.006254426841144965,
F2_found_memory,N2,AR,0.1,,,,,0.5795748719310583,0.027977349229035515,
F2_found_memory,N2,ENERGY,0.1,,,,,0.19755587890801038,0.005828000877518803,
F2_found_memory,N2,MAGDIFF,0.1,,,,,0.4803152620576008,0.056458479907481735,
F2_found_memory,N2,MEMLESS,0.1,,,,,0.6124134309955671,0.02692767153009479,
F2_found_memory,N2,BLOCK,0.1,,,,,0.206791664993136,0.010250333510084888,
F2_found_memory,N2,AR,0.1,,,,,0.5873897093837996,0.019274308501639786,
F2_found_memory,N2,ENERGY,0.1,,,,,0.19430355563243495,0.012495583774654978,
F2_found_memory,N2,MAGDIFF,0.1,,,,,0.48342144952441857,0.0469698378414591,
F2_found_memory,N2,MEMLESS,0.1,,,,,0.6146374799942732,0.028665009722542587,
F2_found_memory,N2,BLOCK,0.1,,,,,0.21133737990713833,0.012005093156244767,
F2_found_memory,N2,AR,0.1,,,,,0.5893037221434926,0.023086423488393907,
F2_found_memory,N2,ENERGY,0.1,,,,,0.2005270391634332,0.009410790158623334,
F2_found_memory,N2,MAGDIFF,0.1,,,,,0.485476115023558,0.054080684009646364,
F2_found_memory,N2,MEMLESS,0.1,,,,,0.6060622664994213,0.02932814492172438,
F2_found_memory,N2,BLOCK,0.1,,,,,0.20449598183581738,0.006981500335196685,
F2_found_memory,N2,AR,0.1,,,,,0.5803641133572666,0.01758305126472483,
F2_found_memory,N2,ENERGY,0.1,,,,,0.20205234835193964,0.012222504458287774,
F2_found_memory,N2,MAGDIFF,0.1,,,,,0.4760514678659131,0.0528375801769716,
F2_found_memory,N2,MEMLESS,0.1,,,,,0.605715514335205,0.02419508326691791,
F2_found_memory,N2,BLOCK,0.1,,,,,0.20153710423731466,0.006542649447977231,
F2_found_memory,N2,AR,0.1,,,,,0.5787793231392637,0.02205117778508481,
F2_found_memory,N2,ENERGY,0.1,,,,,0.19299353558465018,0.010673533606789713,
F2_found_memory,N2,MAGDIFF,0.1,,,,,0.4786154758263273,0.04865609325133448,
F2_found_memory,N2,MEMLESS,0.1,,,,,0.6007964304207513,0.02934023920018876,
F2_found_memory,N2,BLOCK,0.1,,,,,0.20501641642487362,0.008636288158569316,
F2_found_memory,N2,AR,0.1,,,,,0.5750489201682628,0.016495547325571253,
F2_found_memory,N2,ENERGY,0.1,,,,,0.19564151942254834,0.01332887875441528,
F2_found_memory,N2,MAGDIFF,0.1,,,,,0.46851204353870524,0.05621054683974701,
F2_found_memory,N2,MEMLESS,0.1,,,,,0.6115168904896087,0.031167088883342985,
F2_found_memory,N2,BLOCK,0.1,,,,,0.19991956704624755,0.006141747309410206,
F2_found_memory,N2,AR,0.1,,,,,0.5881618318290569,0.028931431293145543,
F2_found_memory,N2,ENERGY,0.1,,,,,0.18636814070674113,0.0061615904792209535,
F2_found_memory,N2,MAGDIFF,0.1,,,,,0.4856980442468567,0.057136403116400745,
F2_found_memory,N2,MEMLESS,0.1,,,,,0.6122286450289143,0.041557987127502596,
F2_found_memory,N2,BLOCK,0.1,,,,,0.19867439652262386,0.008584418717986705,
F2_found_memory,N2,AR,0.1,,,,,0.5862846239397134,0.02119765317832945,
F2_found_memory,N2,ENERGY,0.1,,,,,0.18951550952019325,0.009597365056761831,
F2_found_memory,N2,MAGDIFF,0.1,,,,,0.4861174016472695,0.05486136839400824,
F2_found_memory,N2,MEMLESS,0.1,,,,,0.6099213544176113,0.02662326398492049,
F2_found_memory,N2,BLOCK,0.1,,,,,0.1972447550331835,0.010035310483531578,
F2_found_memory,N2,AR,0.1,,,,,0.5831785834475421,0.02362527729942577,
F2_found_memory,N2,ENERGY,0.1,,,,,0.19882931004852059,0.011882000173830011,
F2_found_memory,N2,MAGDIFF,0.1,,,,,0.48251796012068443,0.05360761560806878,
F2_found_memory,N2,MEMLESS,0.1,,,,,0.6071034712792669,0.027079574054862738,
F2_found_memory,N2,BLOCK,0.1,,,,,0.19379323637544918,0.005498156733818118,
F2_found_memory,N2,AR,0.1,,,,,0.5822833805088637,0.02662553632233699,
F2_found_memory,N2,ENERGY,0.1,,,,,0.1879412431481615,0.013277262303037314,
F2_found_memory,N2,MAGDIFF,0.1,,,,,0.4788735485770714,0.05021897927997144,
F2_found_memory,N2,MEMLESS,0.1,,,,,0.6056624430660505,0.03251353796555599,
F2_found_memory,N2,BLOCK,0.1,,,,,0.2013039718066358,0.010756033902569434,
F2_found_memory,N2,AR,0.1,,,,,0.5784635380409879,0.023393557732550675,
F2_found_memory,N2,ENERGY,0.1,,,,,0.18997390744790038,0.011211061110614077,
F2_found_memory,N2,MAGDIFF,0.1,,,,,0.47367866090115934,0.05457319701270477,
F2_found_memory,N2,MEMLESS,0.1,,,,,0.6106129835371626,0.03847147893934309,
F2_found_memory,N2,BLOCK,0.1,,,,,0.20414357314149148,0.011474990873317492,
F2_found_memory,N2,AR,0.1,,,,,0.5853817106038205,0.021672768719086622,
F2_found_memory,N2,ENERGY,0.1,,,,,0.2009903749683604,0.010557294568047184,
F2_found_memory,N2,MAGDIFF,0.1,,,,,0.48027755792305743,0.05770044585349706,
F2_found_memory,N2,MEMLESS,0.1,,,,,0.620105847280048,0.03914422692205531,
F2_found_memory,N2,BLOCK,0.1,,,,,0.20276404306337642,0.007395353107693301,
F2_found_memory,N2,AR,0.1,,,,,0.5963745241790277,0.013464881808575656,
F2_found_memory,N2,ENERGY,0.1,,,,,0.1948351035801751,0.007912969932708144,
F2_found_memory,N2,MAGDIFF,0.1,,,,,0.49673752222640394,0.05573253412435448,
F2_found_memory,N2,MEMLESS,0.1,,,,,0.608212464910591,0.03534567545238949,
F2_found_memory,N2,BLOCK,0.1,,,,,0.20180455347200202,0.005815813603935787,
F2_found_memory,N2,AR,0.1,,,,,0.5825588977982469,0.023792384567115965,
F2_found_memory,N2,ENERGY,0.1,,,,,0.19722862834859992,0.009258084827092656,
F2_found_memory,N2,MAGDIFF,0.1,,,,,0.48195864522835635,0.048805660796445674,
F2_found_memory,N2,MEMLESS,0.1,,,,,0.6082413627202735,0.03338905935276441,
F2_found_memory,N2,BLOCK,0.1,,,,,0.18823175213776588,0.008687382648212217,
F2_found_memory,N2,AR,0.1,,,,,0.5812016063884037,0.030029679636812495,
F2_found_memory,N2,ENERGY,0.1,,,,,0.1837231941776687,0.0063498989917957615,
F2_found_memory,N2,MAGDIFF,0.1,,,,,0.47914369924089883,0.06172372818476602,
F2_found_memory,N2,MEMLESS,0.1,,,,,0.60296792121119,0.028512604330065056,
F2_found_memory,N2,BLOCK,0.1,,,,,0.19889536756159942,0.010666983973993679,
F2_found_memory,N2,AR,0.1,,,,,0.5768363351112406,0.027581278190856807,
F2_found_memory,N2,ENERGY,0.1,,,,,0.19530385031804198,0.011786737752853644,
F2_found_memory,N2,MAGDIFF,0.1,,,,,0.47125144640928573,0.04596636377641288,
F2_found_memory,N2,MEMLESS,0.1,,,,,0.6056951968390474,0.02281957808404683,
F2_found_memory,N2,BLOCK,0.1,,,,,0.20347493257085975,0.007905033151925884,
F2_found_memory,N2,AR,0.1,,,,,0.5778623700349673,0.01822842742157016,
F2_found_memory,N2,ENERGY,0.1,,,,,0.20444575755407773,0.00813780343521863,
F2_found_memory,N2,MAGDIFF,0.1,,,,,0.4741932449003154,0.048968355682993396,
F2_found_memory,N2,MEMLESS,0.1,,,,,0.6046296300720303,0.03360983331366905,
F2_found_memory,N2,BLOCK,0.1,,,,,0.2011906899410969,0.007674934185710972,
F2_found_memory,N2,AR,0.1,,,,,0.5760778388001337,0.02265393314845115,
F2_found_memory,N2,ENERGY,0.1,,,,,0.19451242983495323,0.013761493867011247,
F2_found_memory,N2,MAGDIFF,0.1,,,,,0.4697718529930177,0.04617060840103784,
F2_found_memory,N2,MEMLESS,0.1,,,,,0.6007941033799563,0.032165797305261576,
F2_found_memory,N2,BLOCK,0.1,,,,,0.19772970931220432,0.012191757082241652,
F2_found_memory,N2,AR,0.1,,,,,0.5730809577669052,0.02327244256277602,
F2_found_memory,N2,ENERGY,0.1,,,,,0.190079140437121,0.017235338818879446,
F2_found_memory,N2,MAGDIFF,0.1,,,,,0.4681829612398642,0.05524682211916779,
F2_found_memory,N2,MEMLESS,0.1,,,,,0.6138204358925119,0.032254666406783525,
F2_found_memory,N2,BLOCK,0.1,,,,,0.20569637662081217,0.009617952756965684,
F2_found_memory,N2,AR,0.1,,,,,0.5875367460014361,0.018036516182815498,
F2_found_memory,N2,ENERGY,0.1,,,,,0.20706015473701372,0.006612346784373508,
F2_found_memory,N2,MAGDIFF,0.1,,,,,0.4902239414781314,0.05814127323628373,
F2_found_memory,N2,MEMLESS,0.1,,,,,0.6051709835431556,0.03523714906324192,
F2_found_memory,N2,BLOCK,0.1,,,,,0.1972677777649694,0.008838580489090189,
F2_found_memory,N2,AR,0.1,,,,,0.5806500888147292,0.0280406484782467,
F2_found_memory,N2,ENERGY,0.1,,,,,0.18634156134983212,0.00910508614552542,
F2_found_memory,N2,MAGDIFF,0.1,,,,,0.47761319680317305,0.05428650701498256,
F2_found_memory,N2,MEMLESS,0.1,,,,,0.6123174612127159,0.02641386122120775,
F2_found_memory,N2,BLOCK,0.1,,,,,0.19799649525459237,0.009049407807597342,
F2_found_memory,N2,AR,0.1,,,,,0.5878940062223001,0.02481816202562247,
F2_found_memory,N2,ENERGY,0.1,,,,,0.19590035479473292,0.010595904337154464,
F2_found_memory,N2,MAGDIFF,0.1,,,,,0.48831045016195695,0.050729563036708475,
F2_found_memory,N2,MEMLESS,0.1,,,,,0.6121518355777418,0.033781189931801195,
F2_found_memory,N2,BLOCK,0.1,,,,,0.20150676671938283,0.00879603923758273,
F2_found_memory,N2,AR,0.1,,,,,0.5876076592809419,0.017885717008827122,
F2_found_memory,N2,ENERGY,0.1,,,,,0.19147821333713658,0.014148274764559501,
F2_found_memory,N2,MAGDIFF,0.1,,,,,0.4844787080583743,0.05206060927408975,
F2_found_memory,N2,MEMLESS,0.1,,,,,0.6123283094075279,0.034731948986607954,
F2_found_memory,N2,BLOCK,0.1,,,,,0.19783421083566893,0.01417747562392425,
F2_found_memory,N2,AR,0.1,,,,,0.5883906997683674,0.01702549822485579,
F2_found_memory,N2,ENERGY,0.1,,,,,0.19783283692393477,0.010382446049321483,
F2_found_memory,N2,MAGDIFF,0.1,,,,,0.4852293332877413,0.04773827762264117,
F2_found_memory,N2,MEMLESS,0.1,,,,,0.606239922510621,0.02637231447924728,
F2_found_memory,N2,BLOCK,0.1,,,,,0.20419297519812915,0.004681703903322089,
F2_found_memory,N2,AR,0.1,,,,,0.5819872107366165,0.024531841171035754,
F2_found_memory,N2,ENERGY,0.1,,,,,0.1981063556862434,0.006376157625450659,
F2_found_memory,N2,MAGDIFF,0.1,,,,,0.47395390952311944,0.052163473124334836,
F2_found_memory,N2,MEMLESS,0.1,,,,,0.6114952942106604,0.03138621091104115,
F2_found_memory,N2,BLOCK,0.1,,,,,0.21263605099156893,0.007802287751138384,
F2_found_memory,N2,AR,0.1,,,,,0.5868372296100861,0.02174856068036425,
F2_found_memory,N2,ENERGY,0.1,,,,,0.19648464336296698,0.010277440455533781,
F2_found_memory,N2,MAGDIFF,0.1,,,,,0.4868346584714493,0.049390488789113486,
F2_found_memory,N2,MEMLESS,0.1,,,,,0.6138894642131701,0.044938386478455015,
F2_found_memory,N2,BLOCK,0.1,,,,,0.20984548404357534,0.008817823181573444,
F2_found_memory,N2,AR,0.1,,,,,0.589140027663987,0.01893816460373013,
F2_found_memory,N2,ENERGY,0.1,,,,,0.19287432292280213,0.005986323807426146,
F2_found_memory,N2,MAGDIFF,0.1,,,,,0.48911851073713486,0.047364116224183524,
F2_found_memory,N2,MEMLESS,0.1,,,,,0.6092100247747534,0.026495991626743483,
F2_found_memory,N2,BLOCK,0.1,,,,,0.20455240116538861,0.010540362147529826,
F2_found_memory,N2,AR,0.1,,,,,0.5841109588231619,0.022696106091176522,
F2_found_memory,N2,ENERGY,0.1,,,,,0.20547577314576143,0.012785302261841425,
F2_found_memory,N2,MAGDIFF,0.1,,,,,0.48018895376927123,0.04956884388927266,
F2_found_memory,N2,MEMLESS,0.1,,,,,0.6033959902185057,0.024943142180321048,
F2_found_memory,N2,BLOCK,0.1,,,,,0.19704384521272245,0.005513200030542371,
F2_found_memory,N2,AR,0.1,,,,,0.5786827936757868,0.01801353962187913,
F2_found_memory,N2,ENERGY,0.1,,,,,0.1973982036837908,0.009374693043044688,
F2_found_memory,N2,MAGDIFF,0.1,,,,,0.47610845025080123,0.05106164070988917,
F2_found_memory,N2,MEMLESS,0.1,,,,,0.6223255471106269,0.0367475814376941,
F2_found_memory,N2,BLOCK,0.1,,,,,0.20168749144658213,0.017945678266527543,
F2_found_memory,N2,AR,0.1,,,,,0.5959009662411343,0.018541470586295874,
F2_found_memory,N2,ENERGY,0.1,,,,,0.20082591611839973,0.011579162911797019,
F2_found_memory,N2,MAGDIFF,0.1,,,,,0.4968327885602388,0.06340306330849728,
F2_found_memory,N2,MEMLESS,0.1,,,,,0.6072084600019952,0.021696032569928338,
F2_found_memory,N2,BLOCK,0.1,,,,,0.19832258007811354,0.011174074528470069,
F2_found_memory,N2,AR,0.1,,,,,0.5815449994100792,0.025152553085175187,
F2_found_memory,N2,ENERGY,0.1,,,,,0.1906711930717747,0.012049342656309168,
F2_found_memory,N2,MAGDIFF,0.1,,,,,0.476369291011336,0.05989363434653002,
F2_found_memory,N2,MEMLESS,0.1,,,,,0.6044501367192237,0.029008888716914084,
F2_found_memory,N2,BLOCK,0.1,,,,,0.20845193758059818,0.006255848465029324,
F2_found_memory,N2,AR,0.1,,,,,0.578778792931308,0.02417188163657732,
F2_found_memory,N2,ENERGY,0.1,,,,,0.19286939352850227,0.011346473605705214,
F2_found_memory,N2,MAGDIFF,0.1,,,,,0.47260779993600904,0.05560158301801253,
F2_found_memory,N2,MEMLESS,0.1,,,,,0.6028082179150211,0.01635893025850581,
F2_found_memory,N2,BLOCK,0.1,,,,,0.20192318530632003,0.0070283807251813836,
F2_found_memory,N2,AR,0.1,,,,,0.5778790129900995,0.020655979281942304,
F2_found_memory,N2,ENERGY,0.1,,,,,0.19338991923618193,0.00927573823879229,
F2_found_memory,N2,MAGDIFF,0.1,,,,,0.47468729351575173,0.050886052273093084,
F2_found_memory,N2,MEMLESS,0.1,,,,,0.6119143826625555,0.04403420955072012,
F2_found_memory,N2,BLOCK,0.1,,,,,0.20918726133537055,0.008594055510815818,
F2_found_memory,N2,AR,0.1,,,,,0.5841469970619048,0.024180303754241173,
F2_found_memory,N2,ENERGY,0.1,,,,,0.1983273076722457,0.012017402413550256,
F2_found_memory,N2,MAGDIFF,0.1,,,,,0.4844003305393828,0.05192243085896909,
F2_found_memory,N2,MEMLESS,0.1,,,,,0.6060870932965731,0.03211157799257888,
F2_found_memory,N2,BLOCK,0.1,,,,,0.19523835158151281,0.012059633991405451,
F2_found_memory,N2,AR,0.1,,,,,0.5812105780338266,0.025865446921330176,
F2_found_memory,N2,ENERGY,0.1,,,,,0.19571449003759656,0.007034624453945766,
F2_found_memory,N2,MAGDIFF,0.1,,,,,0.47764823947649504,0.05552120993363446,
F2_found_memory,N2,MEMLESS,0.1,,,,,0.6015340856617789,0.0350989619412088,
F2_found_memory,N2,BLOCK,0.1,,,,,0.20332784089042463,0.0056279256670621605,
F2_found_memory,N2,AR,0.1,,,,,0.5734702263045527,0.014745876807879312,
F2_found_memory,N2,ENERGY,0.1,,,,,0.19455060667838128,0.01290143406427425,
F2_found_memory,N2,MAGDIFF,0.1,,,,,0.47210876035369503,0.0449658139035282,
F2_found_memory,N2,MEMLESS,0.1,,,,,0.6094558054373156,0.03453692095413722,
F2_found_memory,N2,BLOCK,0.1,,,,,0.2041520500969317,0.01044563266999229,
F2_found_memory,N2,AR,0.1,,,,,0.5841834800026487,0.021947456114173744,
F2_found_memory,N2,ENERGY,0.1,,,,,0.1948263260405116,0.009240706827551575,
F2_found_memory,N2,MAGDIFF,0.1,,,,,0.4799877470406412,0.05178591311159832,
F2_found_memory,N2,MEMLESS,0.1,,,,,0.6084521275057996,0.02615645842244097,
F2_found_memory,N2,BLOCK,0.1,,,,,0.20670488470983364,0.009850395413574449,
F2_found_memory,N2,AR,0.1,,,,,0.5811028037591752,0.0262571140417615,
F2_found_memory,N2,ENERGY,0.1,,,,,0.2012932184577746,0.010651278770460123,
F2_found_memory,N2,MAGDIFF,0.1,,,,,0.48072292664042854,0.04838335296590439,
F2_found_memory,N2,MEMLESS,0.1,,,,,0.6056981028491282,0.03324670697179515,
F2_found_memory,N2,BLOCK,0.1,,,,,0.1991634324721937,0.007947877601359225,
F2_found_memory,N2,AR,0.1,,,,,0.5782556887070573,0.020977891340211156,
F2_found_memory,N2,ENERGY,0.1,,,,,0.20128865891240413,0.006295885475383575,
F2_found_memory,N2,MAGDIFF,0.1,,,,,0.47182401165861226,0.051423780881071725,
F2_found_memory,N2,MEMLESS,0.1,,,,,0.6031136232374005,0.033515589567092975,
F2_found_memory,N2,BLOCK,0.1,,,,,0.1982115705988399,0.008271098415483394,
F2_found_memory,N2,AR,0.1,,,,,0.5763224563645459,0.013933857759930298,
F2_found_memory,N2,ENERGY,0.1,,,,,0.1938937073466204,0.007047808530472897,
F2_found_memory,N2,MAGDIFF,0.1,,,,,0.4738230733265911,0.052251132540291706,
F2_found_memory,N2,MEMLESS,0.1,,,,,0.6091355771217988,0.03691307136196346,
F2_found_memory,N2,BLOCK,0.1,,,,,0.20832451696696697,0.008025134461223615,
F2_found_memory,N2,AR,0.1,,,,,0.5808471516471208,0.02478256516126412,
F2_found_memory,N2,ENERGY,0.1,,,,,0.19804863859533448,0.008583029974956916,
F2_found_memory,N2,MAGDIFF,0.1,,,,,0.48065897830601806,0.05043449582574783,
F2_found_memory,N2,MEMLESS,0.1,,,,,0.6065330361113866,0.030441546839896215,
F2_found_memory,N2,BLOCK,0.1,,,,,0.1949602566089708,0.005922614292728014,
F2_found_memory,N2,AR,0.1,,,,,0.5811436238199725,0.014964302232459344,
F2_found_memory,N2,ENERGY,0.1,,,,,0.19046403447489865,0.012800209518844743,
F2_found_memory,N2,MAGDIFF,0.1,,,,,0.47706406142274416,0.056919511860227555,
F2_found_memory,N2,MEMLESS,0.1,,,,,0.6067549852189456,0.042221753128261985,
F2_found_memory,N2,BLOCK,0.1,,,,,0.20100660965662995,0.0050974162523833265,
F2_found_memory,N2,AR,0.1,,,,,0.5816056414920852,0.019831027183199484,
F2_found_memory,N2,ENERGY,0.1,,,,,0.20348733713356928,0.010211966284326654,
F2_found_memory,N2,MAGDIFF,0.1,,,,,0.47692629769034894,0.05122407592881027,
F2_found_memory,N2,MEMLESS,0.1,,,,,0.6125066714535342,0.02893709069914208,
F2_found_memory,N2,BLOCK,0.1,,,,,0.20062737786436094,0.011148930340473021,
F2_found_memory,N2,AR,0.1,,,,,0.5882166662964016,0.02510951038648398,
F2_found_memory,N2,ENERGY,0.1,,,,,0.19212886058945514,0.013759423204796875,
F2_found_memory,N2,MAGDIFF,0.1,,,,,0.48526523134388727,0.04620112182562393,
F2_found_memory,N2,MEMLESS,0.1,,,,,0.6104588366690191,0.028971240605591187,
F2_found_memory,N2,BLOCK,0.1,,,,,0.20140228622232842,0.008411082102644747,
F2_found_memory,N2,AR,0.1,,,,,0.585800888908472,0.023357917146607367,
F2_found_memory,N2,ENERGY,0.1,,,,,0.19674213336157328,0.00702589583628775,
F2_found_memory,N2,MAGDIFF,0.1,,,,,0.48414559353640935,0.05749022762396434,
F2_found_memory,N2,MEMLESS,0.1,,,,,0.6110963092930857,0.026281151167169926,
F2_found_memory,N2,BLOCK,0.1,,,,,0.19791233807471303,0.013187550910686725,
F2_found_memory,N2,AR,0.1,,,,,0.583836839769564,0.028744204550644147,
F2_found_memory,N2,ENERGY,0.1,,,,,0.19119371431418355,0.009876017300233048,
F2_found_memory,N2,MAGDIFF,0.1,,,,,0.4827091583444152,0.06157083543490389,
F2_found_memory,N2,MEMLESS,0.1,,,,,0.6052560133160422,0.03786232387202894,
F2_found_memory,N2,BLOCK,0.1,,,,,0.20430115231505994,0.0038128309687255656,
F2_found_memory,N2,AR,0.1,,,,,0.5793762407567344,0.027335449968004476,
F2_found_memory,N2,ENERGY,0.1,,,,,0.199873800266377,0.008503614387906701,
F2_found_memory,N2,MAGDIFF,0.1,,,,,0.4781113796715138,0.04879750612865099,
F2_found_memory,N2,MEMLESS,0.2,,,,,0.759002655765006,0.05890235921789986,
F2_found_memory,N2,BLOCK,0.2,,,,,0.3510901373333091,0.009409978113869283,
F2_found_memory,N2,AR,0.2,,,,,0.6357415716968904,0.0160406108977111,
F2_found_memory,N2,ENERGY,0.2,,,,,0.348343705314314,0.010501666456203517,
F2_found_memory,N2,MAGDIFF,0.2,,,,,0.5941608759423792,0.06943937636042496,
F2_found_memory,N2,MEMLESS,0.2,,,,,0.7634871688631036,0.05999972437682364,
F2_found_memory,N2,BLOCK,0.2,,,,,0.3527794353702706,0.006245800216836132,
F2_found_memory,N2,AR,0.2,,,,,0.6431483109902377,0.011146340513635217,
F2_found_memory,N2,ENERGY,0.2,,,,,0.34144797034064023,0.00495218439058416,
F2_found_memory,N2,MAGDIFF,0.2,,,,,0.5983891968473943,0.06601554666635807,
F2_found_memory,N2,MEMLESS,0.2,,,,,0.7582935647295617,0.05638392389973093,
F2_found_memory,N2,BLOCK,0.2,,,,,0.35141821485136104,0.003991589762214965,
F2_found_memory,N2,AR,0.2,,,,,0.6328167922943332,0.007924713972710098,
F2_found_memory,N2,ENERGY,0.2,,,,,0.3417788073437159,0.006716792796108462,
F2_found_memory,N2,MAGDIFF,0.2,,,,,0.591018730907091,0.06142924562379241,
F2_found_memory,N2,MEMLESS,0.2,,,,,0.7606385868193318,0.05041748480842591,
F2_found_memory,N2,BLOCK,0.2,,,,,0.35433786447267146,0.005157153852192033,
F2_found_memory,N2,AR,0.2,,,,,0.6369670567380561,0.01374708939314874,
F2_found_memory,N2,ENERGY,0.2,,,,,0.3452023363146873,0.010467683087688731,
F2_found_memory,N2,MAGDIFF,0.2,,,,,0.5936590917320487,0.054428025437159105,
F2_found_memory,N2,MEMLESS,0.2,,,,,0.762902823906878,0.057829878670776026,
F2_found_memory,N2,BLOCK,0.2,,,,,0.3610982595495587,0.007635331628456471,
F2_found_memory,N2,AR,0.2,,,,,0.6426298126455412,0.009046794020697874,
F2_found_memory,N2,ENERGY,0.2,,,,,0.3546489012646203,0.011422389104131415,
F2_found_memory,N2,MAGDIFF,0.2,,,,,0.5964306335638655,0.06298735571099917,
F2_found_memory,N2,MEMLESS,0.2,,,,,0.7650185226505315,0.06004622167598503,
F2_found_memory,N2,BLOCK,0.2,,,,,0.35978300326368917,0.008233700941842685,
F2_found_memory,N2,AR,0.2,,,,,0.6443154507469949,0.011409652180490655,
F2_found_memory,N2,ENERGY,0.2,,,,,0.3467837398873586,0.008279077951775618,
F2_found_memory,N2,MAGDIFF,0.2,,,,,0.5993063214721293,0.062151630999840904,
F2_found_memory,N2,MEMLESS,0.2,,,,,0.7598998665103044,0.05936485087437204,
F2_found_memory,N2,BLOCK,0.2,,,,,0.35626365330335596,0.009501011753065672,
F2_found_memory,N2,AR,0.2,,,,,0.63794538122866,0.011100259723607588,
F2_found_memory,N2,ENERGY,0.2,,,,,0.340343220225812,0.010821563298442046,
F2_found_memory,N2,MAGDIFF,0.2,,,,,0.5920093433812059,0.060553800328537036,
F2_found_memory,N2,MEMLESS,0.2,,,,,0.7590974856908101,0.05493239138337689,
F2_found_memory,N2,BLOCK,0.2,,,,,0.3559896152934908,0.00934682704998168,
F2_found_memory,N2,AR,0.2,,,,,0.635663598478739,0.010796530489529377,
F2_found_memory,N2,ENERGY,0.2,,,,,0.33886170103217395,0.009269563177247085,
F2_found_memory,N2,MAGDIFF,0.2,,,,,0.5877182362434364,0.06363485859494869,
F2_found_memory,N2,MEMLESS,0.2,,,,,0.7566946499682194,0.04970229540099624,
F2_found_memory,N2,BLOCK,0.2,,,,,0.3592037804116897,0.007588311909686377,
F2_found_memory,N2,AR,0.2,,,,,0.632812608744122,0.01204970428526251,
F2_found_memory,N2,ENERGY,0.2,,,,,0.343523532524056,0.014017151100030214,
F2_found_memory,N2,MAGDIFF,0.2,,,,,0.5866364692523535,0.053498073283077756,
F2_found_memory,N2,MEMLESS,0.2,,,,,0.7625344791414608,0.060957444507593606,
F2_found_memory,N2,BLOCK,0.2,,,,,0.34892691246456287,0.00796721349130535,
F2_found_memory,N2,AR,0.2,,,,,0.6471864430204629,0.011677815180997687,
F2_found_memory,N2,ENERGY,0.2,,,,,0.3380802289657922,0.0074409149518786435,
F2_found_memory,N2,MAGDIFF,0.2,,,,,0.5978797224489074,0.06619851941288524,
F2_found_memory,N2,MEMLESS,0.2,,,,,0.7635057666611673,0.06419003833919928,
F2_found_memory,N2,BLOCK,0.2,,,,,0.3526076182311181,0.00946182862639558,
F2_found_memory,N2,AR,0.2,,,,,0.6429267018285918,0.017132442117131587,
F2_found_memory,N2,ENERGY,0.2,,,,,0.34007103169295494,0.009857421365128063,
F2_found_memory,N2,MAGDIFF,0.2,,,,,0.5966199403979036,0.06583109122485316,
F2_found_memory,N2,MEMLESS,0.2,,,,,0.761689386442161,0.06415615899721103,
F2_found_memory,N2,BLOCK,0.2,,,,,0.34452869573527206,0.007782902160974995,
F2_found_memory,N2,AR,0.2,,,,,0.6403765850540808,0.007475872461025374,
F2_found_memory,N2,ENERGY,0.2,,,,,0.33868308469602076,0.006950612072810356,
F2_found_memory,N2,MAGDIFF,0.2,,,,,0.5976823424334495,0.06667490979971788,
F2_found_memory,N2,MEMLESS,0.2,,,,,0.7602431855164807,0.05822886609736879,
F2_found_memory,N2,BLOCK,0.2,,,,,0.3475343567053998,0.006752181981237678,
F2_found_memory,N2,AR,0.2,,,,,0.6390487250643421,0.012316006574748855,
F2_found_memory,N2,ENERGY,0.2,,,,,0.341265153145183,0.008682016729978086,
F2_found_memory,N2,MAGDIFF,0.2,,,,,0.5925529641539404,0.061762057841647254,
F2_found_memory,N2,MEMLESS,0.2,,,,,0.7588831017324464,0.05625200732761409,
F2_found_memory,N2,BLOCK,0.2,,,,,0.34795792310953144,0.009472964348841362,
F2_found_memory,N2,AR,0.2,,,,,0.6342559187724245,0.009819996891477691,
F2_found_memory,N2,ENERGY,0.2,,,,,0.34128618681084416,0.00960549500162782,
F2_found_memory,N2,MAGDIFF,0.2,,,,,0.5910957629369707,0.05767055764259838,
F2_found_memory,N2,MEMLESS,0.2,,,,,0.7633792683113937,0.06355436304868892,
F2_found_memory,N2,BLOCK,0.2,,,,,0.35681724691304406,0.011706208044571972,
F2_found_memory,N2,AR,0.2,,,,,0.6442399496088423,0.017856170216256427,
F2_found_memory,N2,ENERGY,0.2,,,,,0.35391791578589116,0.011249685711628269,
F2_found_memory,N2,MAGDIFF,0.2,,,,,0.5953040683026842,0.06825613399472708,
F2_found_memory,N2,MEMLESS,0.2,,,,,0.7677754239378328,0.06381784536483634,
F2_found_memory,N2,BLOCK,0.2,,,,,0.353578472825605,0.009918020709504373,
F2_found_memory,N2,AR,0.2,,,,,0.6515340583768956,0.01834525802319568,
F2_found_memory,N2,ENERGY,0.2,,,,,0.3509857970089696,0.009693695093898454,
F2_found_memory,N2,MAGDIFF,0.2,,,,,0.6075909804463225,0.07340188039160105,
F2_found_memory,N2,MEMLESS,0.2,,,,,0.7606428914829089,0.057741917400239734,
F2_found_memory,N2,BLOCK,0.2,,,,,0.3563966095741669,0.00637349471931798,
F2_found_memory,N2,AR,0.2,,,,,0.6380052983766131,0.01558980075296589,
F2_found_memory,N2,ENERGY,0.2,,,,,0.3419233532457147,0.00980073871240167,
F2_found_memory,N2,MAGDIFF,0.2,,,,,0.5932676632874031,0.058100440117800245,
F2_found_memory,N2,MEMLESS,0.2,,,,,0.7605895892210259,0.058466790680917945,
F2_found_memory,N2,BLOCK,0.2,,,,,0.3417950369320561,0.009585789547276286,
F2_found_memory,N2,AR,0.2,,,,,0.6389931583408162,0.015185416574379567,
F2_found_memory,N2,ENERGY,0.2,,,,,0.336155150012702,0.005617562289408997,
F2_found_memory,N2,MAGDIFF,0.2,,,,,0.5911081234237154,0.06421307547053216,
F2_found_memory,N2,MEMLESS,0.2,,,,,0.7577320652102064,0.0542026137252529,
F2_found_memory,N2,BLOCK,0.2,,,,,0.3527448146074211,0.008432380217637718,
F2_found_memory,N2,AR,0.2,,,,,0.6334904192785981,0.018552961550046793,
F2_found_memory,N2,ENERGY,0.2,,,,,0.34121303937126324,0.012231716375347729,
F2_found_memory,N2,MAGDIFF,0.2,,,,,0.5833327518604313,0.053623799835566276,
F2_found_memory,N2,MEMLESS,0.2,,,,,0.7581450400075548,0.05811075457200617,
F2_found_memory,N2,BLOCK,0.2,,,,,0.3591949330841823,0.007373658979876502,
F2_found_memory,N2,AR,0.2,,,,,0.6325592719100441,0.007027719164806322,
F2_found_memory,N2,ENERGY,0.2,,,,,0.34837157225619253,0.006986776256082415,
F2_found_memory,N2,MAGDIFF,0.2,,,,,0.5879077434632399,0.0591365952877375,
F2_found_memory,N2,MEMLESS,0.2,,,,,0.7594177036093488,0.05381789877145707,
F2_found_memory,N2,BLOCK,0.2,,,,,0.3562609411555103,0.006975629196163484,
F2_found_memory,N2,AR,0.2,,,,,0.6347179927542695,0.01421862140258867,
F2_found_memory,N2,ENERGY,0.2,,,,,0.34281271792874785,0.01142845640467455,
F2_found_memory,N2,MAGDIFF,0.2,,,,,0.5812853965259018,0.05194770456317599,
F2_found_memory,N2,MEMLESS,0.2,,,,,0.7558748398297188,0.05644478241487472,
F2_found_memory,N2,BLOCK,0.2,,,,,0.34882576867223103,0.009892375242390193,
F2_found_memory,N2,AR,0.2,,,,,0.6286089152981291,0.014828937921773538,
F2_found_memory,N2,ENERGY,0.2,,,,,0.34164163083734633,0.015211908516921354,
F2_found_memory,N2,MAGDIFF,0.2,,,,,0.5836104080671762,0.05778270929703386,
F2_found_memory,N2,MEMLESS,0.2,,,,,0.7635715926266641,0.07284738571733079,
F2_found_memory,N2,BLOCK,0.2,,,,,0.36032992584930446,0.009288854905732715,
F2_found_memory,N2,AR,0.2,,,,,0.6430033341081434,0.007824194805120532,
F2_found_memory,N2,ENERGY,0.2,,,,,0.349000671585572,0.01019963073748761,
F2_found_memory,N2,MAGDIFF,0.2,,,,,0.5997962405495791,0.0672635770932,
F2_found_memory,N2,MEMLESS,0.2,,,,,0.7594645775041439,0.0647721187377541,
F2_found_memory,N2,BLOCK,0.2,,,,,0.3463997183547175,0.010347267334196055,
F2_found_memory,N2,AR,0.2,,,,,0.6378334887861417,0.01702827473901457,
F2_found_memory,N2,ENERGY,0.2,,,,,0.33070868936371345,0.011760988297814889,
F2_found_memory,N2,MAGDIFF,0.2,,,,,0.5909500956144055,0.068036885003139,
F2_found_memory,N2,MEMLESS,0.2,,,,,0.763795013890231,0.06551767373823802,
F2_found_memory,N2,BLOCK,0.2,,,,,0.3489258827959291,0.010663927289092805,
F2_found_memory,N2,AR,0.2,,,,,0.6456585443579899,0.010411290975671342,
F2_found_memory,N2,ENERGY,0.2,,,,,0.3415884731845097,0.009292677878979142,
F2_found_memory,N2,MAGDIFF,0.2,,,,,0.5995115175121946,0.06503035786766286,
F2_found_memory,N2,MEMLESS,0.2,,,,,0.7638355467702619,0.0649270126182073,
F2_found_memory,N2,BLOCK,0.2,,,,,0.35548722988470083,0.008498435173442523,
F2_found_memory,N2,AR,0.2,,,,,0.6460721008027549,0.018243987331474316,
F2_found_memory,N2,ENERGY,0.2,,,,,0.3441900488019735,0.00944781462394857,
F2_found_memory,N2,MAGDIFF,0.2,,,,,0.5981243937933967,0.058382647953165556,
F2_found_memory,N2,MEMLESS,0.2,,,,,0.7639420732517925,0.06347173613270717,
F2_found_memory,N2,BLOCK,0.2,,,,,0.35257704610004886,0.01561412579858938,
F2_found_memory,N2,AR,0.2,,,,,0.6483522489229343,0.01659803535344463,
F2_found_memory,N2,ENERGY,0.2,,,,,0.338000622468546,0.008030061949564649,
F2_found_memory,N2,MAGDIFF,0.2,,,,,0.6006059129242615,0.06271912526674689,
F2_found_memory,N2,MEMLESS,0.2,,,,,0.75843368381315,0.05785127619133237,
F2_found_memory,N2,BLOCK,0.2,,,,,0.35362243010899796,0.0049653549966554526,
F2_found_memory,N2,AR,0.2,,,,,0.6387465876429728,0.010733735555376068,
F2_found_memory,N2,ENERGY,0.2,,,,,0.34869160674615235,0.006774835635711969,
F2_found_memory,N2,MAGDIFF,0.2,,,,,0.587246046433649,0.05609997987088212,
F2_found_memory,N2,MEMLESS,0.2,,,,,0.7630830039464184,0.06114563988147006,
F2_found_memory,N2,BLOCK,0.2,,,,,0.3642386390690207,0.0102278861931498,
F2_found_memory,N2,AR,0.2,,,,,0.6426338806307201,0.015583088749492147,
F2_found_memory,N2,ENERGY,0.2,,,,,0.355625508546547,0.008798628094096487,
F2_found_memory,N2,MAGDIFF,0.2,,,,,0.595952660165856,0.06489163211401999,
F2_found_memory,N2,MEMLESS,0.2,,,,,0.76338047923946,0.06557691351683499,
F2_found_memory,N2,BLOCK,0.2,,,,,0.36008778988828627,0.009801492259233982,
F2_found_memory,N2,AR,0.2,,,,,0.6457435431273781,0.024009948362949975,
F2_found_memory,N2,ENERGY,0.2,,,,,0.3437738805484087,0.007891460824755616,
F2_found_memory,N2,MAGDIFF,0.2,,,,,0.5987070994985472,0.07054990799873631,
F2_found_memory,N2,MEMLESS,0.2,,,,,0.7614220111128871,0.05702093726838443,
F2_found_memory,N2,BLOCK,0.2,,,,,0.3623202952308157,0.012018487856481875,
F2_found_memory,N2,AR,0.2,,,,,0.6412496218690374,0.01667300357686501,
F2_found_memory,N2,ENERGY,0.2,,,,,0.3485158804845801,0.01373050097091312,
F2_found_memory,N2,MAGDIFF,0.2,,,,,0.5951388487656242,0.06628807171885179,
F2_found_memory,N2,MEMLESS,0.2,,,,,0.7577045061564338,0.06250299386314806,
F2_found_memory,N2,BLOCK,0.2,,,,,0.34488096703591503,0.008792098076888239,
F2_found_memory,N2,AR,0.2,,,,,0.6370360291581738,0.012353924071071732,
F2_found_memory,N2,ENERGY,0.2,,,,,0.344455745925893,0.011112131203008146,
F2_found_memory,N2,MAGDIFF,0.2,,,,,0.5867570404619232,0.05690084707904246,
F2_found_memory,N2,MEMLESS,0.2,,,,,0.7698218095957357,0.07193934889711079,
F2_found_memory,N2,BLOCK,0.2,,,,,0.3599482331231355,0.015135020481308438,
F2_found_memory,N2,AR,0.2,,,,,0.65076550193856,0.011558507526535112,
F2_found_memory,N2,ENERGY,0.2,,,,,0.34751801502071844,0.011228527540576494,
F2_found_memory,N2,MAGDIFF,0.2,,,,,0.6075025003387989,0.08352247960389837,
F2_found_memory,N2,MEMLESS,0.2,,,,,0.7606502372195317,0.057403850627507955,
F2_found_memory,N2,BLOCK,0.2,,,,,0.35232761915066274,0.01087595496744222,
F2_found_memory,N2,AR,0.2,,,,,0.6385098214321757,0.00996708894637876,
F2_found_memory,N2,ENERGY,0.2,,,,,0.33879322314005783,0.012957443731262196,
F2_found_memory,N2,MAGDIFF,0.2,,,,,0.5953750811131294,0.06431684246646922,
F2_found_memory,N2,MEMLESS,0.2,,,,,0.757948650562199,0.06133442043836829,
F2_found_memory,N2,BLOCK,0.2,,,,,0.3569366465757787,0.004025849999626626,
F2_found_memory,N2,AR,0.2,,,,,0.6340468742793081,0.011567089849936938,
F2_found_memory,N2,ENERGY,0.2,,,,,0.33671037514878965,0.007892322453377088,
F2_found_memory,N2,MAGDIFF,0.2,,,,,0.5891243976209353,0.05001346068980728,
F2_found_memory,N2,MEMLESS,0.2,,,,,0.7571779903411544,0.055853736681665,
F2_found_memory,N2,BLOCK,0.2,,,,,0.35046184370721656,0.008225459537970756,
F2_found_memory,N2,AR,0.2,,,,,0.6350224213157276,0.010016773638590954,
F2_found_memory,N2,ENERGY,0.2,,,,,0.3388148407118282,0.009256440344498301,
F2_found_memory,N2,MAGDIFF,0.2,,,,,0.5903583651516544,0.05916372121199327,
F2_found_memory,N2,MEMLESS,0.2,,,,,0.7631436500986867,0.06564860790522252,
F2_found_memory,N2,BLOCK,0.2,,,,,0.36659403691340703,0.008813135145310813,
F2_found_memory,N2,AR,0.2,,,,,0.6392558961888192,0.0185161564816696,
F2_found_memory,N2,ENERGY,0.2,,,,,0.35542827948527916,0.008746621916960256,
F2_found_memory,N2,MAGDIFF,0.2,,,,,0.5943625433059724,0.06417509358390952,
F2_found_memory,N2,MEMLESS,0.2,,,,,0.7595592295831036,0.06627016914933717,
F2_found_memory,N2,BLOCK,0.2,,,,,0.3516791298174366,0.012607801114066055,
F2_found_memory,N2,AR,0.2,,,,,0.639195537164728,0.012131985798709364,
F2_found_memory,N2,ENERGY,0.2,,,,,0.34135583633837163,0.009372868154716156,
F2_found_memory,N2,MAGDIFF,0.2,,,,,0.5904805942395377,0.06935001825656924,
F2_found_memory,N2,MEMLESS,0.2,,,,,0.7563909130003389,0.06354921322286393,
F2_found_memory,N2,BLOCK,0.2,,,,,0.35707024674490817,0.003994983934270971,
F2_found_memory,N2,AR,0.2,,,,,0.6313255755670478,0.01461615353373089,
F2_found_memory,N2,ENERGY,0.2,,,,,0.3467366737208851,0.006993986450480868,
F2_found_memory,N2,MAGDIFF,0.2,,,,,0.5842851858075203,0.060877935876364454,
F2_found_memory,N2,MEMLESS,0.2,,,,,0.762459486509076,0.05672511688753343,
F2_found_memory,N2,BLOCK,0.2,,,,,0.35279206589132606,0.00968242785941071,
F2_found_memory,N2,AR,0.2,,,,,0.6420597597898217,0.009268112556384617,
F2_found_memory,N2,ENERGY,0.2,,,,,0.33697688927079095,0.008002666900486713,
F2_found_memory,N2,MAGDIFF,0.2,,,,,0.5957048196384336,0.062411968177236404,
F2_found_memory,N2,MEMLESS,0.2,,,,,0.7608942542474639,0.05244944029946084,
F2_found_memory,N2,BLOCK,0.2,,,,,0.3574071360498201,0.009286309275777838,
F2_found_memory,N2,AR,0.2,,,,,0.6387253337510218,0.014063705148952287,
F2_found_memory,N2,ENERGY,0.2,,,,,0.34041781325886744,0.010395027579457278,
F2_found_memory,N2,MAGDIFF,0.2,,,,,0.5931381414665614,0.05916803528183561,
F2_found_memory,N2,MEMLESS,0.2,,,,,0.7601733062792997,0.054904381544276286,
F2_found_memory,N2,BLOCK,0.2,,,,,0.35346586321611984,0.01006701835907308,
F2_found_memory,N2,AR,0.2,,,,,0.6347709283614315,0.014003420519918139,
F2_found_memory,N2,ENERGY,0.2,,,,,0.33420187957106384,0.007867260714316976,
F2_found_memory,N2,MAGDIFF,0.2,,,,,0.5872485285647145,0.05781124587314192,
F2_found_memory,N2,MEMLESS,0.2,,,,,0.7570101244165419,0.06148454852128456,
F2_found_memory,N2,BLOCK,0.2,,,,,0.354704418223675,0.007140791895512432,
F2_found_memory,N2,AR,0.2,,,,,0.63209126371294,0.01418582865968406,
F2_found_memory,N2,ENERGY,0.2,,,,,0.3442589287219212,0.013333870456847323,
F2_found_memory,N2,MAGDIFF,0.2,,,,,0.5883522947675857,0.06101833605594404,
F2_found_memory,N2,MEMLESS,0.2,,,,,0.7606220763026791,0.06739875645070854,
F2_found_memory,N2,BLOCK,0.2,,,,,0.35757444041555464,0.007095633904748514,
F2_found_memory,N2,AR,0.2,,,,,0.6355821049745689,0.018826825012304142,
F2_found_memory,N2,ENERGY,0.2,,,,,0.34416607552667794,0.011700373347727782,
F2_found_memory,N2,MAGDIFF,0.2,,,,,0.5936826253787552,0.05922609561107436,
F2_found_memory,N2,MEMLESS,0.2,,,,,0.7599678145501011,0.05156520252522552,
F2_found_memory,N2,BLOCK,0.2,,,,,0.3510816738829915,0.010275971073990397,
F2_found_memory,N2,AR,0.2,,,,,0.6399919195016412,0.01982223814313797,
F2_found_memory,N2,ENERGY,0.2,,,,,0.33782842222944104,0.00783346272898271,
F2_found_memory,N2,MAGDIFF,0.2,,,,,0.5913259806881295,0.062110289914746875,
F2_found_memory,N2,MEMLESS,0.2,,,,,0.759447511761558,0.06595190551246406,
F2_found_memory,N2,BLOCK,0.2,,,,,0.35069728014569157,0.004951023953648579,
F2_found_memory,N2,AR,0.2,,,,,0.6404737113163339,0.027387744382988057,
F2_found_memory,N2,ENERGY,0.2,,,,,0.3458048284927668,0.008758129996586027,
F2_found_memory,N2,MAGDIFF,0.2,,,,,0.5920370188006591,0.06578890732991265,
F2_found_memory,N2,MEMLESS,0.2,,,,,0.7645767813737845,0.06206069997416131,
F2_found_memory,N2,BLOCK,0.2,,,,,0.3603052593001069,0.010750149448163349,
F2_found_memory,N2,AR,0.2,,,,,0.644778945772111,0.011464748023192374,
F2_found_memory,N2,ENERGY,0.2,,,,,0.34233562409404866,0.01313905507088229,
F2_found_memory,N2,MAGDIFF,0.2,,,,,0.5977430413857772,0.057523152441549666,
F2_found_memory,N2,MEMLESS,0.2,,,,,0.7624002970559641,0.06013725077844484,
F2_found_memory,N2,BLOCK,0.2,,,,,0.34969948168802223,0.00766917935231606,
F2_found_memory,N2,AR,0.2,,,,,0.6414620875177667,0.013075284083680421,
F2_found_memory,N2,ENERGY,0.2,,,,,0.34517145959117396,0.01166277226791902,
F2_found_memory,N2,MAGDIFF,0.2,,,,,0.5951366427419765,0.06276938916149263,
F2_found_memory,N2,MEMLESS,0.2,,,,,0.7621871575485809,0.05878518897491301,
F2_found_memory,N2,BLOCK,0.2,,,,,0.35006663181177955,0.010721356051931924,
F2_found_memory,N2,AR,0.2,,,,,0.6385172731904994,0.014327512052014893,
F2_found_memory,N2,ENERGY,0.2,,,,,0.33915268932322606,0.01241996292843096,
F2_found_memory,N2,MAGDIFF,0.2,,,,,0.5929791574974121,0.059173269015433176,
F2_found_memory,N2,MEMLESS,0.2,,,,,0.7589877314864537,0.06435608218228918,
F2_found_memory,N2,BLOCK,0.2,,,,,0.3550576017207973,0.008494870357091218,
F2_found_memory,N2,AR,0.2,,,,,0.6349751702455562,0.019641719180814997,
F2_found_memory,N2,ENERGY,0.2,,,,,0.34454351565627833,0.01117823329672713,
F2_found_memory,N2,MAGDIFF,0.2,,,,,0.5905122240195038,0.06963904767467617,
F2_found_memory,N2,MEMLESS,0.3,,,,,0.8525042526729635,0.05483908124210242,
F2_found_memory,N2,BLOCK,0.3,,,,,0.4826749862125636,0.01452833718016806,
F2_found_memory,N2,AR,0.3,,,,,0.6751342133510054,0.028646972395981938,
F2_found_memory,N2,ENERGY,0.3,,,,,0.46631487752390394,0.010462236576152906,
F2_found_memory,N2,MAGDIFF,0.3,,,,,0.6766764379621463,0.08944146772978073,
F2_found_memory,N2,MEMLESS,0.3,,,,,0.8550375345127281,0.055719093957113386,
F2_found_memory,N2,BLOCK,0.3,,,,,0.48279729905233776,0.007071611080523714,
F2_found_memory,N2,AR,0.3,,,,,0.6799387215870479,0.026553958390105294,
F2_found_memory,N2,ENERGY,0.3,,,,,0.4651345390869814,0.0048835143360128645,
F2_found_memory,N2,MAGDIFF,0.3,,,,,0.6795897350882611,0.08359024656663064,
F2_found_memory,N2,MEMLESS,0.3,,,,,0.8522522262122347,0.04855190365517285,
F2_found_memory,N2,BLOCK,0.3,,,,,0.480982606929003,0.005883407763039798,
F2_found_memory,N2,AR,0.3,,,,,0.6709565616454866,0.01849509327661243,
F2_found_memory,N2,ENERGY,0.3,,,,,0.46515731466106414,0.005179892753768025,
F2_found_memory,N2,MAGDIFF,0.3,,,,,0.6728633844507339,0.07530308065851941,
F2_found_memory,N2,MEMLESS,0.3,,,,,0.8538882146996873,0.04287953182039343,
F2_found_memory,N2,BLOCK,0.3,,,,,0.4797442625710456,0.005716997226176956,
F2_found_memory,N2,AR,0.3,,,,,0.6745159368693138,0.00997660698279245,
F2_found_memory,N2,ENERGY,0.3,,,,,0.46805972263767714,0.008910664224627976,
F2_found_memory,N2,MAGDIFF,0.3,,,,,0.6770040452171184,0.0767932707462202,
F2_found_memory,N2,MEMLESS,0.3,,,,,0.8547140610453354,0.05459278598612445,
F2_found_memory,N2,BLOCK,0.3,,,,,0.4883110197838919,0.009045135429943238,
F2_found_memory,N2,AR,0.3,,,,,0.6793560390301437,0.01618601364956357,
F2_found_memory,N2,ENERGY,0.3,,,,,0.47968494394367284,0.006832211185192169,
F2_found_memory,N2,MAGDIFF,0.3,,,,,0.6786786827395676,0.08175381932963525,
F2_found_memory,N2,MEMLESS,0.3,,,,,0.8562451288112471,0.053992513290989586,
F2_found_memory,N2,BLOCK,0.3,,,,,0.48714073329196667,0.008665819589047672,
F2_found_memory,N2,AR,0.3,,,,,0.6811643011974031,0.02634080796665411,
F2_found_memory,N2,ENERGY,0.3,,,,,0.4761432029308992,0.009022029060301315,
F2_found_memory,N2,MAGDIFF,0.3,,,,,0.6791810388345068,0.07730655938614509,
F2_found_memory,N2,MEMLESS,0.3,,,,,0.852972692485915,0.04595337478681954,
F2_found_memory,N2,BLOCK,0.3,,,,,0.48310159631567723,0.011186080925471962,
F2_found_memory,N2,AR,0.3,,,,,0.6762623089554384,0.021701025865403883,
F2_found_memory,N2,ENERGY,0.3,,,,,0.4630433688406017,0.01189452902299513,
F2_found_memory,N2,MAGDIFF,0.3,,,,,0.6733443598984952,0.07737706707149287,
F2_found_memory,N2,MEMLESS,0.3,,,,,0.8524481414928766,0.04810193474147515,
F2_found_memory,N2,BLOCK,0.3,,,,,0.4805719126975328,0.010386623397827081,
F2_found_memory,N2,AR,0.3,,,,,0.6741737996702324,0.017207999159243564,
F2_found_memory,N2,ENERGY,0.3,,,,,0.4736510712976272,0.005415852749424119,
F2_found_memory,N2,MAGDIFF,0.3,,,,,0.6734582723985406,0.0843330777494849,
F2_found_memory,N2,MEMLESS,0.3,,,,,0.851493971183095,0.04052640254060537,
F2_found_memory,N2,BLOCK,0.3,,,,,0.48284169736792265,0.00647725606671745,
F2_found_memory,N2,AR,0.3,,,,,0.6703524226340827,0.02563433783790442,
F2_found_memory,N2,ENERGY,0.3,,,,,0.4653113370385389,0.011964610949314301,
F2_found_memory,N2,MAGDIFF,0.3,,,,,0.6688647079702584,0.06652399548343775,
F2_found_memory,N2,MEMLESS,0.3,,,,,0.8542561262400721,0.05681192345582561,
F2_found_memory,N2,BLOCK,0.3,,,,,0.4780770226432839,0.008521501819964092,
F2_found_memory,N2,AR,0.3,,,,,0.6846962139318737,0.026231189000722358,
F2_found_memory,N2,ENERGY,0.3,,,,,0.4671119133589662,0.007968021655633562,
F2_found_memory,N2,MAGDIFF,0.3,,,,,0.6799502656309235,0.08499421022467706,
F2_found_memory,N2,MEMLESS,0.3,,,,,0.8552702994461565,0.05738634716392895,
F2_found_memory,N2,BLOCK,0.3,,,,,0.48427663226722456,0.009881543560167955,
F2_found_memory,N2,AR,0.3,,,,,0.6809361987914915,0.031078313435147862,
F2_found_memory,N2,ENERGY,0.3,,,,,0.4652310984035307,0.008568849886324817,
F2_found_memory,N2,MAGDIFF,0.3,,,,,0.682115484969283,0.0865800544624463,
F2_found_memory,N2,MEMLESS,0.3,,,,,0.8540241163584104,0.058488730853820614,
F2_found_memory,N2,BLOCK,0.3,,,,,0.47675201270120127,0.007655584998937447,
F2_found_memory,N2,AR,0.3,,,,,0.6774678429781986,0.020385480116885242,
F2_found_memory,N2,ENERGY,0.3,,,,,0.4654570096124797,0.006974351183786794,
F2_found_memory,N2,MAGDIFF,0.3,,,,,0.678513430759052,0.07994339470782393,
F2_found_memory,N2,MEMLESS,0.3,,,,,0.8529249815611711,0.05256272906709073,
F2_found_memory,N2,BLOCK,0.3,,,,,0.4815462572814275,0.006625735083425791,
F2_found_memory,N2,AR,0.3,,,,,0.6763389648349165,0.027370698337704866,
F2_found_memory,N2,ENERGY,0.3,,,,,0.4627558065577471,0.004131177232825635,
F2_found_memory,N2,MAGDIFF,0.3,,,,,0.674454964560209,0.07611831193182855,
F2_found_memory,N2,MEMLESS,0.3,,,,,0.8525155498391576,0.04771232820751092,
F2_found_memory,N2,BLOCK,0.3,,,,,0.47684612361057493,0.010378543295978895,
F2_found_memory,N2,AR,0.3,,,,,0.6725738464285919,0.025416895374621017,
F2_found_memory,N2,ENERGY,0.3,,,,,0.45918722441261894,0.010984669316938209,
F2_found_memory,N2,MAGDIFF,0.3,,,,,0.6711398556869056,0.07588799117072252,
F2_found_memory,N2,MEMLESS,0.3,,,,,0.8555877350517269,0.053477740410877085,
F2_found_memory,N2,BLOCK,0.3,,,,,0.4880308621250934,0.011153131297251722,
F2_found_memory,N2,AR,0.3,,,,,0.6809595859390536,0.032074961922820645,
F2_found_memory,N2,ENERGY,0.3,,,,,0.4726268472190284,0.009833975479601288,
F2_found_memory,N2,MAGDIFF,0.3,,,,,0.6777767387721961,0.08276925108717298,
F2_found_memory,N2,MEMLESS,0.3,,,,,0.8572730790473657,0.0578863612835101,
F2_found_memory,N2,BLOCK,0.3,,,,,0.4871788351237449,0.011433624840540226,
F2_found_memory,N2,AR,0.3,,,,,0.6881657058048264,0.034607580031552336,
F2_found_memory,N2,ENERGY,0.3,,,,,0.47090806745125746,0.005343693236037174,
F2_found_memory,N2,MAGDIFF,0.3,,,,,0.6868068470789688,0.08775297801692275,
F2_found_memory,N2,MEMLESS,0.3,,,,,0.8536869639698739,0.050385694110122524,
F2_found_memory,N2,BLOCK,0.3,,,,,0.4835913311703858,0.00494297260000345,
F2_found_memory,N2,AR,0.3,,,,,0.6762431995876437,0.029416694050147876,
F2_found_memory,N2,ENERGY,0.3,,,,,0.4689679338494581,0.01030654317550105,
F2_found_memory,N2,MAGDIFF,0.3,,,,,0.6763324554219572,0.07769260712610405,
F2_found_memory,N2,MEMLESS,0.3,,,,,0.8530068779028006,0.05138736259916451,
F2_found_memory,N2,BLOCK,0.3,,,,,0.4734081680591299,0.0075119349774297245,
F2_found_memory,N2,AR,0.3,,,,,0.6778485671706002,0.028827927982556505,
F2_found_memory,N2,ENERGY,0.3,,,,,0.45854575263579206,0.007121460926666256,
F2_found_memory,N2,MAGDIFF,0.3,,,,,0.6734474898991805,0.07742222543199341,
F2_found_memory,N2,MEMLESS,0.3,,,,,0.851515133110027,0.04806097691291506,
F2_found_memory,N2,BLOCK,0.3,,,,,0.4829595288870751,0.00845620402270284,
F2_found_memory,N2,AR,0.3,,,,,0.6709938478436158,0.020887084633322162,
F2_found_memory,N2,ENERGY,0.3,,,,,0.4679513404996732,0.005560645732194865,
F2_found_memory,N2,MAGDIFF,0.3,,,,,0.6697616818840971,0.07153435925538906,
F2_found_memory,N2,MEMLESS,0.3,,,,,0.8510515716080939,0.053800917399142764,
F2_found_memory,N2,BLOCK,0.3,,,,,0.4844556101899093,0.0061644097837499565,
F2_found_memory,N2,AR,0.3,,,,,0.6697970641278314,0.02166704204455032,
F2_found_memory,N2,ENERGY,0.3,,,,,0.4754897384103469,0.006942065714699733,
F2_found_memory,N2,MAGDIFF,0.3,,,,,0.6711166291127834,0.07690383042744911,
F2_found_memory,N2,MEMLESS,0.3,,,,,0.8531013678436689,0.0484802349859938,
F2_found_memory,N2,BLOCK,0.3,,,,,0.48173625816983967,0.007166697401969915,
F2_found_memory,N2,AR,0.3,,,,,0.6735007056824226,0.026486233954761892,
F2_found_memory,N2,ENERGY,0.3,,,,,0.4615921595124584,0.010670816492992296,
F2_found_memory,N2,MAGDIFF,0.3,,,,,0.6657984020626211,0.07205276615687876,
F2_found_memory,N2,MEMLESS,0.3,,,,,0.8503308785999225,0.0451501946792214,
F2_found_memory,N2,BLOCK,0.3,,,,,0.47932813506447647,0.007168658606032003,
F2_found_memory,N2,AR,0.3,,,,,0.6676514731748592,0.026512370106700687,
F2_found_memory,N2,ENERGY,0.3,,,,,0.46370812944530027,0.012989475106706854,
F2_found_memory,N2,MAGDIFF,0.3,,,,,0.6680577361091837,0.07711662652256432,
F2_found_memory,N2,MEMLESS,0.3,,,,,0.8546810654523945,0.05830091729473084,
F2_found_memory,N2,BLOCK,0.3,,,,,0.48653068107639025,0.0074024574405377646,
F2_found_memory,N2,AR,0.3,,,,,0.6806953839254629,0.021980320507206767,
F2_found_memory,N2,ENERGY,0.3,,,,,0.4757365367323777,0.011643466843257188,
F2_found_memory,N2,MAGDIFF,0.3,,,,,0.6792421326973678,0.08513348694669189,
F2_found_memory,N2,MEMLESS,0.3,,,,,0.8531357839570264,0.05801329338376849,
F2_found_memory,N2,BLOCK,0.3,,,,,0.4678088361118385,0.013016509962760454,
F2_found_memory,N2,AR,0.3,,,,,0.6767762364976625,0.033059597298017204,
F2_found_memory,N2,ENERGY,0.3,,,,,0.4557030860166321,0.012643728039563257,
F2_found_memory,N2,MAGDIFF,0.3,,,,,0.674548437349198,0.08427846362888358,
F2_found_memory,N2,MEMLESS,0.3,,,,,0.8552057577786746,0.05890615069768227,
F2_found_memory,N2,BLOCK,0.3,,,,,0.4811450478872732,0.010003762859705312,
F2_found_memory,N2,AR,0.3,,,,,0.6821574532025692,0.021859754613591627,
F2_found_memory,N2,ENERGY,0.3,,,,,0.4600668840868862,0.011307046685729067,
F2_found_memory,N2,MAGDIFF,0.3,,,,,0.6801718402474756,0.0816220131474579,
F2_found_memory,N2,MEMLESS,0.3,,,,,0.8554145353455186,0.05213451087274213,
F2_found_memory,N2,BLOCK,0.3,,,,,0.47908799777029026,0.008333472377949831,
F2_found_memory,N2,AR,0.3,,,,,0.6843549344631725,0.031863199240543476,
F2_found_memory,N2,ENERGY,0.3,,,,,0.4672116934217703,0.009344777879163355,
F2_found_memory,N2,MAGDIFF,0.3,,,,,0.6809984855609149,0.07916618826157186,
F2_found_memory,N2,MEMLESS,0.3,,,,,0.8555045250353774,0.054415867828115645,
F2_found_memory,N2,BLOCK,0.3,,,,,0.48107134627160103,0.017368661517973612,
F2_found_memory,N2,AR,0.3,,,,,0.6847397430060598,0.030838663748023864,
F2_found_memory,N2,ENERGY,0.3,,,,,0.46209470242739503,0.011199908758526216,
F2_found_memory,N2,MAGDIFF,0.3,,,,,0.6830354057418232,0.08366307342522267,
F2_found_memory,N2,MEMLESS,0.3,,,,,0.8518948354987226,0.05917303779655309,
F2_found_memory,N2,BLOCK,0.3,,,,,0.48742924628627,0.007064202845265179,
F2_found_memory,N2,AR,0.3,,,,,0.6757594585363248,0.024791281387263116,
F2_found_memory,N2,ENERGY,0.3,,,,,0.4691589065170444,0.00809265397983059,
F2_found_memory,N2,MAGDIFF,0.3,,,,,0.6718305403340762,0.0701162583496943,
F2_found_memory,N2,MEMLESS,0.3,,,,,0.8554995770900492,0.053986613804804205,
F2_found_memory,N2,BLOCK,0.3,,,,,0.48910026848980237,0.013298964312736085,
F2_found_memory,N2,AR,0.3,,,,,0.6792409405358264,0.02040492346035937,
F2_found_memory,N2,ENERGY,0.3,,,,,0.4750031711806616,0.009105081956197613,
F2_found_memory,N2,MAGDIFF,0.3,,,,,0.6793015951274577,0.08645807438871718,
F2_found_memory,N2,MEMLESS,0.3,,,,,0.8541477282022203,0.059862083112082506,
F2_found_memory,N2,BLOCK,0.3,,,,,0.4819063512525567,0.010904470266599096,
F2_found_memory,N2,AR,0.3,,,,,0.6833025010855153,0.03868791763854979,
F2_found_memory,N2,ENERGY,0.3,,,,,0.47222069296899466,0.00800927757659933,
F2_found_memory,N2,MAGDIFF,0.3,,,,,0.6796545675909309,0.08863373808200783,
F2_found_memory,N2,MEMLESS,0.3,,,,,0.8537620850766139,0.04863609110593453,
F2_found_memory,N2,BLOCK,0.3,,,,,0.4887281403922077,0.013310040192534825,
F2_found_memory,N2,AR,0.3,,,,,0.6790459010652132,0.025415170624322258,
F2_found_memory,N2,ENERGY,0.3,,,,,0.4727039706816577,0.012029877000166566,
F2_found_memory,N2,MAGDIFF,0.3,,,,,0.6769226040336448,0.0808967139330039,
F2_found_memory,N2,MEMLESS,0.3,,,,,0.8518040333143112,0.05756045824508366,
F2_found_memory,N2,BLOCK,0.3,,,,,0.46813824251668873,0.006690622813805553,
F2_found_memory,N2,AR,0.3,,,,,0.6754855113387755,0.019649851144231924,
F2_found_memory,N2,ENERGY,0.3,,,,,0.46382883213329285,0.012194205336311275,
F2_found_memory,N2,MAGDIFF,0.3,,,,,0.668478719217651,0.07257860180085962,
F2_found_memory,N2,MEMLESS,0.3,,,,,0.8590542301053762,0.059403624477082764,
F2_found_memory,N2,BLOCK,0.3,,,,,0.4940845977424315,0.012061928668785976,
F2_found_memory,N2,AR,0.3,,,,,0.6879135029699626,0.03155471778372868,
F2_found_memory,N2,ENERGY,0.3,,,,,0.4712254984505084,0.007693921684477285,
F2_found_memory,N2,MAGDIFF,0.3,,,,,0.6877387296037657,0.09868406315163523,
F2_found_memory,N2,MEMLESS,0.3,,,,,0.8539218836859668,0.045430884581731994,
F2_found_memory,N2,BLOCK,0.3,,,,,0.4754780613358209,0.005066325427911395,
F2_found_memory,N2,AR,0.3,,,,,0.6763629595766721,0.017078016638153667,
F2_found_memory,N2,ENERGY,0.3,,,,,0.4626550534070814,0.011388265340523923,
F2_found_memory,N2,MAGDIFF,0.3,,,,,0.6764604208454381,0.07922704053570516,
F2_found_memory,N2,MEMLESS,0.3,,,,,0.8514188794793025,0.058145846393299214,
F2_found_memory,N2,BLOCK,0.3,,,,,0.4810779270099325,0.006763060616989151,
F2_found_memory,N2,AR,0.3,,,,,0.6712717820482568,0.025674614226834265,
F2_found_memory,N2,ENERGY,0.3,,,,,0.4635221154947779,0.005567668998390018,
F2_found_memory,N2,MAGDIFF,0.3,,,,,0.672568764694294,0.07278002136176957,
F2_found_memory,N2,MEMLESS,0.3,,,,,0.8518660510806343,0.04965158363278594,
F2_found_memory,N2,BLOCK,0.3,,,,,0.47685375858525225,0.00739631527364782,
F2_found_memory,N2,AR,0.3,,,,,0.6741924775030279,0.01049918125491839,
F2_found_memory,N2,ENERGY,0.3,,,,,0.45964298506307166,0.009473636265472476,
F2_found_memory,N2,MAGDIFF,0.3,,,,,0.6726484207049668,0.07902957676088852,
F2_found_memory,N2,MEMLESS,0.3,,,,,0.8556695541990629,0.05571428058316047,
F2_found_memory,N2,BLOCK,0.3,,,,,0.49569859370784924,0.01086613112137454,
F2_found_memory,N2,AR,0.3,,,,,0.6767484956422938,0.037897991560215206,
F2_found_memory,N2,ENERGY,0.3,,,,,0.47737127081805225,0.009898284304976482,
F2_found_memory,N2,MAGDIFF,0.3,,,,,0.6778857183447538,0.08554138804664979,
F2_found_memory,N2,MEMLESS,0.3,,,,,0.8529565620046592,0.0548108396173454,
F2_found_memory,N2,BLOCK,0.3,,,,,0.47878308032407396,0.010168963868516678,
F2_found_memory,N2,AR,0.3,,,,,0.6775359085962656,0.028508531657704547,
F2_found_memory,N2,ENERGY,0.3,,,,,0.46772834597735685,0.009219477269913113,
F2_found_memory,N2,MAGDIFF,0.3,,,,,0.6723915028097144,0.09092853212312936,
F2_found_memory,N2,MEMLESS,0.3,,,,,0.851392981321182,0.05540823470923594,
F2_found_memory,N2,BLOCK,0.3,,,,,0.4878211646798127,0.006620045656318223,
F2_found_memory,N2,AR,0.3,,,,,0.671545154073268,0.02935920346225954,
F2_found_memory,N2,ENERGY,0.3,,,,,0.4672632976677591,0.006391473803661104,
F2_found_memory,N2,MAGDIFF,0.3,,,,,0.6693629817992399,0.07559000191432275,
F2_found_memory,N2,MEMLESS,0.3,,,,,0.8549140218679218,0.050239412058680474,
F2_found_memory,N2,BLOCK,0.3,,,,,0.4849390232198069,0.00949843429435484,
F2_found_memory,N2,AR,0.3,,,,,0.6801141387952487,0.02129928124287807,
F2_found_memory,N2,ENERGY,0.3,,,,,0.4626902345730891,0.006317943391012324,
F2_found_memory,N2,MAGDIFF,0.3,,,,,0.677415081480977,0.07534382913206496,
F2_found_memory,N2,MEMLESS,0.3,,,,,0.8534772298193577,0.047071778510715305,
F2_found_memory,N2,BLOCK,0.3,,,,,0.48857296792367466,0.010515836455210002,
F2_found_memory,N2,AR,0.3,,,,,0.6761179028527156,0.016898937390944883,
F2_found_memory,N2,ENERGY,0.3,,,,,0.46570455535659455,0.011998348522454579,
F2_found_memory,N2,MAGDIFF,0.3,,,,,0.6763877228342554,0.07276786684401541,
F2_found_memory,N2,MEMLESS,0.3,,,,,0.8541473315097134,0.046782979320132465,
F2_found_memory,N2,BLOCK,0.3,,,,,0.4860178740609467,0.009037261359304903,
F2_found_memory,N2,AR,0.3,,,,,0.6723605188924189,0.02959041591740611,
F2_found_memory,N2,ENERGY,0.3,,,,,0.4635486881839662,0.008827893109369364,
F2_found_memory,N2,MAGDIFF,0.3,,,,,0.6695221450268863,0.07238768019684536,
F2_found_memory,N2,MEMLESS,0.3,,,,,0.8512678029307192,0.05870090579354855,
F2_found_memory,N2,BLOCK,0.3,,,,,0.4831471810501185,0.008341719158146594,
F2_found_memory,N2,AR,0.3,,,,,0.6721100052621385,0.027277501623885557,
F2_found_memory,N2,ENERGY,0.3,,,,,0.4671110080945107,0.007532147487438622,
F2_found_memory,N2,MAGDIFF,0.3,,,,,0.6701343480942067,0.07483194411236908,
F2_found_memory,N2,MEMLESS,0.3,,,,,0.8530911067842358,0.05949395538447677,
F2_found_memory,N2,BLOCK,0.3,,,,,0.4818830117114451,0.008746970281743307,
F2_found_memory,N2,AR,0.3,,,,,0.6748201447507219,0.029856105078791193,
F2_found_memory,N2,ENERGY,0.3,,,,,0.46724661834088244,0.008694824898243003,
F2_found_memory,N2,MAGDIFF,0.3,,,,,0.6749186581496054,0.07701417663444889,
F2_found_memory,N2,MEMLESS,0.3,,,,,0.8534175838832675,0.046826215224608995,
F2_found_memory,N2,BLOCK,0.3,,,,,0.47521649338702854,0.0073295019275087725,
F2_found_memory,N2,AR,0.3,,,,,0.6779577681808542,0.03239091665506174,
F2_found_memory,N2,ENERGY,0.3,,,,,0.46441626706598,0.008495915680098623,
F2_found_memory,N2,MAGDIFF,0.3,,,,,0.6742878429988632,0.07518536472830716,
F2_found_memory,N2,MEMLESS,0.3,,,,,0.8521909157238211,0.059619657443432936,
F2_found_memory,N2,BLOCK,0.3,,,,,0.48554504066174087,0.00838843382041147,
F2_found_memory,N2,AR,0.3,,,,,0.6787763728367365,0.03878510671576627,
F2_found_memory,N2,ENERGY,0.3,,,,,0.4685573095389749,0.005902230678900787,
F2_found_memory,N2,MAGDIFF,0.3,,,,,0.6744761506175975,0.08110238551001656,
F2_found_memory,N2,MEMLESS,0.3,,,,,0.8561007328604852,0.055041803554084036,
F2_found_memory,N2,BLOCK,0.3,,,,,0.49464702562284213,0.009529165044071185,
F2_found_memory,N2,AR,0.3,,,,,0.6820801545002646,0.026170026998913208,
F2_found_memory,N2,ENERGY,0.3,,,,,0.46636437927469604,0.010246058206113693,
F2_found_memory,N2,MAGDIFF,0.3,,,,,0.6798204766750502,0.07702875332802415,
F2_found_memory,N2,MEMLESS,0.3,,,,,0.855202335965761,0.05406155353314092,
F2_found_memory,N2,BLOCK,0.3,,,,,0.4779881009458383,0.009220673286214816,
F2_found_memory,N2,AR,0.3,,,,,0.6799087703018609,0.022200160136703923,
F2_found_memory,N2,ENERGY,0.3,,,,,0.46610990456627954,0.006958823218739605,
F2_found_memory,N2,MAGDIFF,0.3,,,,,0.6765462469408121,0.07375126664887578,
F2_found_memory,N2,MEMLESS,0.3,,,,,0.8550650347026519,0.05234492594638883,
F2_found_memory,N2,BLOCK,0.3,,,,,0.4792719816486718,0.008635786749196036,
F2_found_memory,N2,AR,0.3,,,,,0.6757864115564697,0.025163585205346534,
F2_found_memory,N2,ENERGY,0.3,,,,,0.4660365130159189,0.009882651994550585,
F2_found_memory,N2,MAGDIFF,0.3,,,,,0.6751596529851519,0.07961402487458659,
F2_found_memory,N2,MEMLESS,0.3,,,,,0.8524163943567837,0.057345656322857486,
F2_found_memory,N2,BLOCK,0.3,,,,,0.4826577695227118,0.010035614041181404,
F2_found_memory,N2,AR,0.3,,,,,0.6724028441631813,0.03169121889652504,
F2_found_memory,N2,ENERGY,0.3,,,,,0.46995239156034957,0.010532851650909853,
F2_found_memory,N2,MAGDIFF,0.3,,,,,0.6745037557220676,0.08782801743548452,
F2_found_memory,N2,MEMLESS,0.5,,,,,0.9521555136138216,0.026311938000924816,
F2_found_memory,N2,BLOCK,0.5,,,,,0.6876387041955474,0.012379479228330352,
F2_found_memory,N2,AR,0.5,,,,,0.7566837849544422,0.047487981388163784,
F2_found_memory,N2,ENERGY,0.5,,,,,0.6686521471679007,0.011257372860457693,
F2_found_memory,N2,MAGDIFF,0.5,,,,,0.7978499960250127,0.08757188851203479,
F2_found_memory,N2,MEMLESS,0.5,,,,,0.952528112941574,0.023265370569183593,
F2_found_memory,N2,BLOCK,0.5,,,,,0.6906195393841742,0.009999623850602395,
F2_found_memory,N2,AR,0.5,,,,,0.7628376113164802,0.044401696888018066,
F2_found_memory,N2,ENERGY,0.5,,,,,0.6715065594272904,0.004658349677524671,
F2_found_memory,N2,MAGDIFF,0.5,,,,,0.7986319583342957,0.0873697757935084,
F2_found_memory,N2,MEMLESS,0.5,,,,,0.9521140634160775,0.021665402145808883,
F2_found_memory,N2,BLOCK,0.5,,,,,0.6838091918315654,0.004825663414946929,
F2_found_memory,N2,AR,0.5,,,,,0.7552166088436051,0.03585791952619712,
F2_found_memory,N2,ENERGY,0.5,,,,,0.6732463297434912,0.007141904695852015,
F2_found_memory,N2,MAGDIFF,0.5,,,,,0.7982249901861355,0.07764225122781217,
F2_found_memory,N2,MEMLESS,0.5,,,,,0.9525204496984826,0.016334378072820815,
F2_found_memory,N2,BLOCK,0.5,,,,,0.6819959283297773,0.007705877641209036,
F2_found_memory,N2,AR,0.5,,,,,0.7565495571957922,0.027857698919971186,
F2_found_memory,N2,ENERGY,0.5,,,,,0.6666161399701334,0.008165702245658064,
F2_found_memory,N2,MAGDIFF,0.5,,,,,0.7977434056961743,0.0756349500787035,
F2_found_memory,N2,MEMLESS,0.5,,,,,0.9526817403642945,0.023396140413517542,
F2_found_memory,N2,BLOCK,0.5,,,,,0.6884455851229793,0.00980233687559553,
F2_found_memory,N2,AR,0.5,,,,,0.761715200906412,0.033783891443465656,
F2_found_memory,N2,ENERGY,0.5,,,,,0.6736136522979133,0.008456403177248632,
F2_found_memory,N2,MAGDIFF,0.5,,,,,0.7992130503037691,0.07939577162835725,
F2_found_memory,N2,MEMLESS,0.5,,,,,0.9531564939294571,0.027686053095138146,
F2_found_memory,N2,BLOCK,0.5,,,,,0.6954875729609032,0.007717008406807019,
F2_found_memory,N2,AR,0.5,,,,,0.7639291880252117,0.04628304606562019,
F2_found_memory,N2,ENERGY,0.5,,,,,0.6731924441821006,0.0078705572192213,
F2_found_memory,N2,MAGDIFF,0.5,,,,,0.8019062404483316,0.08347731757085353,
F2_found_memory,N2,MEMLESS,0.5,,,,,0.9519065518802386,0.01728988274558851,
F2_found_memory,N2,BLOCK,0.5,,,,,0.6865742309646531,0.010012979447936724,
F2_found_memory,N2,AR,0.5,,,,,0.7592878503990279,0.03761261682898121,
F2_found_memory,N2,ENERGY,0.5,,,,,0.6678266989742019,0.005508037352406137,
F2_found_memory,N2,MAGDIFF,0.5,,,,,0.7961816517386474,0.07945825749545768,
F2_found_memory,N2,MEMLESS,0.5,,,,,0.9520992036555815,0.0209696475452216,
F2_found_memory,N2,BLOCK,0.5,,,,,0.689983103751701,0.007379395688867987,
F2_found_memory,N2,AR,0.5,,,,,0.7559814877063463,0.032080700258784095,
F2_found_memory,N2,ENERGY,0.5,,,,,0.6677446575288654,0.007742312374376246,
F2_found_memory,N2,MAGDIFF,0.5,,,,,0.7961298439724576,0.0831301253975534,
F2_found_memory,N2,MEMLESS,0.5,,,,,0.9520412050594522,0.0073964421124536345,
F2_found_memory,N2,BLOCK,0.5,,,,,0.6860210987332198,0.010596987967378572,
F2_found_memory,N2,AR,0.5,,,,,0.753856031910536,0.03664800158923628,
F2_found_memory,N2,ENERGY,0.5,,,,,0.6676249006870277,0.008981814937686192,
F2_found_memory,N2,MAGDIFF,0.5,,,,,0.7941995725032969,0.07017230561063346,
F2_found_memory,N2,MEMLESS,0.5,,,,,0.9522348923922062,0.02675891165565171,
F2_found_memory,N2,BLOCK,0.5,,,,,0.6903110412413613,0.011584122020731513,
F2_found_memory,N2,AR,0.5,,,,,0.7659221885102006,0.04141299296342383,
F2_found_memory,N2,ENERGY,0.5,,,,,0.6694496333719183,0.009421458589506222,
F2_found_memory,N2,MAGDIFF,0.5,,,,,0.8006335713147901,0.09239733339201861,
F2_found_memory,N2,MEMLESS,0.5,,,,,0.9526769606682486,0.02290664323466653,
F2_found_memory,N2,BLOCK,0.5,,,,,0.6872752221450389,0.0075778469378003825,
F2_found_memory,N2,AR,0.5,,,,,0.7627487816229293,0.049269659445193195,
F2_found_memory,N2,ENERGY,0.5,,,,,0.6723626024419502,0.00788149382276427,
F2_found_memory,N2,MAGDIFF,0.5,,,,,0.8010044274925281,0.08836265401414518,
F2_found_memory,N2,MEMLESS,0.5,,,,,0.9526997060926441,0.029265166305358446,
F2_found_memory,N2,BLOCK,0.5,,,,,0.684243863008666,0.009800996497065943,
F2_found_memory,N2,AR,0.5,,,,,0.7601240986084189,0.04734468606353003,
F2_found_memory,N2,ENERGY,0.5,,,,,0.6675185859942734,0.010838951025788938,
F2_found_memory,N2,MAGDIFF,0.5,,,,,0.8004208233503537,0.08881672373106667,
F2_found_memory,N2,MEMLESS,0.5,,,,,0.9524575002347401,0.01770228178219718,
F2_found_memory,N2,BLOCK,0.5,,,,,0.6895663495352646,0.007979988665049837,
F2_found_memory,N2,AR,0.5,,,,,0.7576783945592398,0.04437121973888171,
F2_found_memory,N2,ENERGY,0.5,,,,,0.6656234144153859,0.007415448135027481,
F2_found_memory,N2,MAGDIFF,0.5,,,,,0.795671700639483,0.07008797051494216,
F2_found_memory,N2,MEMLESS,0.5,,,,,0.9520618290984223,0.01813314588061533,
F2_found_memory,N2,BLOCK,0.5,,,,,0.684161937952169,0.009458876240582623,
F2_found_memory,N2,AR,0.5,,,,,0.7551783047645374,0.03814859950130847,
F2_found_memory,N2,ENERGY,0.5,,,,,0.6648924066810669,0.011670851137186022,
F2_found_memory,N2,MAGDIFF,0.5,,,,,0.7946894798391421,0.07575180885546454,
F2_found_memory,N2,MEMLESS,0.5,,,,,0.953080546052873,0.020206055117345894,
F2_found_memory,N2,BLOCK,0.5,,,,,0.6870781308466264,0.008633161748069842,
F2_found_memory,N2,AR,0.5,,,,,0.7615524090601153,0.05072195402296757,
F2_found_memory,N2,ENERGY,0.5,,,,,0.6669712689718077,0.011575650847371975,
F2_found_memory,N2,MAGDIFF,0.5,,,,,0.7976423940421944,0.08373432029454209,
F2_found_memory,N2,MEMLESS,0.5,,,,,0.9535014686311933,0.02873683270776303,
F2_found_memory,N2,BLOCK,0.5,,,,,0.6942851019030303,0.012724559067744773,
F2_found_memory,N2,AR,0.5,,,,,0.7674820331618283,0.04541949346381595,
F2_found_memory,N2,ENERGY,0.5,,,,,0.6712675948379542,0.011061339179593834,
F2_found_memory,N2,MAGDIFF,0.5,,,,,0.8039108199275747,0.0868329490401986,
F2_found_memory,N2,MEMLESS,0.5,,,,,0.9525743336493232,0.0265654145384818,
F2_found_memory,N2,BLOCK,0.5,,,,,0.68870101408166,0.007206304420471616,
F2_found_memory,N2,AR,0.5,,,,,0.7579717309716186,0.0473877148747845,
F2_found_memory,N2,ENERGY,0.5,,,,,0.6702060421284087,0.007416480481332621,
F2_found_memory,N2,MAGDIFF,0.5,,,,,0.7973886382991715,0.08319071948517062,
F2_found_memory,N2,MEMLESS,0.5,,,,,0.9521582905237059,0.021810336106908378,
F2_found_memory,N2,BLOCK,0.5,,,,,0.6805115968174648,0.009083344987803695,
F2_found_memory,N2,AR,0.5,,,,,0.7591678102718664,0.040483624287311275,
F2_found_memory,N2,ENERGY,0.5,,,,,0.6647319507601538,0.007998753846097446,
F2_found_memory,N2,MAGDIFF,0.5,,,,,0.7964670972902225,0.07691872044994039,
F2_found_memory,N2,MEMLESS,0.5,,,,,0.9516296837082246,0.018199701633074977,
F2_found_memory,N2,BLOCK,0.5,,,,,0.6845381643700573,0.011193368723762332,
F2_found_memory,N2,AR,0.5,,,,,0.7544426470692288,0.044787607970338116,
F2_found_memory,N2,ENERGY,0.5,,,,,0.6668123726795236,0.010014439479178603,
F2_found_memory,N2,MAGDIFF,0.5,,,,,0.7952345671286379,0.0793289069691381,
F2_found_memory,N2,MEMLESS,0.5,,,,,0.9513566464480184,0.022524436921437675,
F2_found_memory,N2,BLOCK,0.5,,,,,0.6859620588352601,0.006617413875053721,
F2_found_memory,N2,AR,0.5,,,,,0.7533440419489399,0.03761161000247324,
F2_found_memory,N2,ENERGY,0.5,,,,,0.6675623585418295,0.00861277612217971,
F2_found_memory,N2,MAGDIFF,0.5,,,,,0.7946074515063672,0.07802106236199463,
F2_found_memory,N2,MEMLESS,0.5,,,,,0.9523615828986642,0.01835470628779697,
F2_found_memory,N2,BLOCK,0.5,,,,,0.6883814558364123,0.006405695431494054,
F2_found_memory,N2,AR,0.5,,,,,0.755871911150676,0.042507679983191146,
F2_found_memory,N2,ENERGY,0.5,,,,,0.6693938170749104,0.010722916605886968,
F2_found_memory,N2,MAGDIFF,0.5,,,,,0.7916143288559474,0.07582025269268276,
F2_found_memory,N2,MEMLESS,0.5,,,,,0.9511298303545012,0.016465419496643968,
F2_found_memory,N2,BLOCK,0.5,,,,,0.6865013702361301,0.011235530924891157,
F2_found_memory,N2,AR,0.5,,,,,0.7523342736175076,0.036212015725730844,
F2_found_memory,N2,ENERGY,0.5,,,,,0.6672024674487944,0.007804307244601632,
F2_found_memory,N2,MAGDIFF,0.5,,,,,0.7927155765963796,0.07380635997230892,
F2_found_memory,N2,MEMLESS,0.5,,,,,0.9527467865821745,0.02642420356898585,
F2_found_memory,N2,BLOCK,0.5,,,,,0.69311868215734,0.006308134274656806,
F2_found_memory,N2,AR,0.5,,,,,0.7603207831640362,0.04721205903083102,
F2_found_memory,N2,ENERGY,0.5,,,,,0.6721278447660121,0.007733694592896811,
F2_found_memory,N2,MAGDIFF,0.5,,,,,0.7983456621964866,0.0902510411924498,
F2_found_memory,N2,MEMLESS,0.5,,,,,0.9523972222088181,0.03160137389422574,
F2_found_memory,N2,BLOCK,0.5,,,,,0.6778790179005658,0.01354325657756063,
F2_found_memory,N2,AR,0.5,,,,,0.7593988150851876,0.0512192072007447,
F2_found_memory,N2,ENERGY,0.5,,,,,0.659502871853827,0.016163112395316936,
F2_found_memory,N2,MAGDIFF,0.5,,,,,0.7969314820030228,0.08214797304309769,
F2_found_memory,N2,MEMLESS,0.5,,,,,0.9529442610515294,0.027465594210971056,
F2_found_memory,N2,BLOCK,0.5,,,,,0.6905282167022945,0.012924783585880218,
F2_found_memory,N2,AR,0.5,,,,,0.7618327864984288,0.04490391903699722,
F2_found_memory,N2,ENERGY,0.5,,,,,0.6692018783391878,0.007761102088069321,
F2_found_memory,N2,MAGDIFF,0.5,,,,,0.798390765840788,0.08417783724322465,
F2_found_memory,N2,MEMLESS,0.5,,,,,0.9528243023751984,0.021175213993139333,
F2_found_memory,N2,BLOCK,0.5,,,,,0.6906728500217788,0.010804335742232461,
F2_found_memory,N2,AR,0.5,,,,,0.7649181213076807,0.04602315920164434,
F2_found_memory,N2,ENERGY,0.5,,,,,0.6691132654010994,0.007812154312217755,
F2_found_memory,N2,MAGDIFF,0.5,,,,,0.8010602616511626,0.07925818410540013,
F2_found_memory,N2,MEMLESS,0.5,,,,,0.9529241829355944,0.021221072704186772,
F2_found_memory,N2,BLOCK,0.5,,,,,0.6966941879317202,0.016407916818724944,
F2_found_memory,N2,AR,0.5,,,,,0.7641786343570206,0.04295809855692288,
F2_found_memory,N2,ENERGY,0.5,,,,,0.6709394999907852,0.014738178197875923,
F2_found_memory,N2,MAGDIFF,0.5,,,,,0.8030320744382732,0.08232265332101833,
F2_found_memory,N2,MEMLESS,0.5,,,,,0.9517020897865733,0.021144315775163517,
F2_found_memory,N2,BLOCK,0.5,,,,,0.6872956827311129,0.007987715338213281,
F2_found_memory,N2,AR,0.5,,,,,0.7591683638210049,0.03841567420246582,
F2_found_memory,N2,ENERGY,0.5,,,,,0.6712014359869235,0.014673198165086115,
F2_found_memory,N2,MAGDIFF,0.5,,,,,0.7932303887340212,0.08046356964199755,
F2_found_memory,N2,MEMLESS,0.5,,,,,0.9531277766014756,0.028588366742216532,
F2_found_memory,N2,BLOCK,0.5,,,,,0.6901157174205402,0.010095438154171766,
F2_found_memory,N2,AR,0.5,,,,,0.7616514692002955,0.04126003452408429,
F2_found_memory,N2,ENERGY,0.5,,,,,0.6730359748160252,0.008201963280081947,
F2_found_memory,N2,MAGDIFF,0.5,,,,,0.8015096701800636,0.08272678490201717,
F2_found_memory,N2,MEMLESS,0.5,,,,,0.951975786903379,0.0309750137782754,
F2_found_memory,N2,BLOCK,0.5,,,,,0.6940642295693734,0.012600735586354042,
F2_found_memory,N2,AR,0.5,,,,,0.7635171452648725,0.05312670889805263,
F2_found_memory,N2,ENERGY,0.5,,,,,0.6729847791659066,0.012241367956623022,
F2_found_memory,N2,MAGDIFF,0.5,,,,,0.8025062934856927,0.0905717752544689,
F2_found_memory,N2,MEMLESS,0.5,,,,,0.952171332497452,0.01467328443232738,
F2_found_memory,N2,BLOCK,0.5,,,,,0.6859989556821163,0.011149306946660784,
F2_found_memory,N2,AR,0.5,,,,,0.7602071592498659,0.0424636016873093,
F2_found_memory,N2,ENERGY,0.5,,,,,0.6715301363661949,0.013863373042909256,
F2_found_memory,N2,MAGDIFF,0.5,,,,,0.7994791233174339,0.08204495999680533,
F2_found_memory,N2,MEMLESS,0.5,,,,,0.9518860902053666,0.01945816744962264,
F2_found_memory,N2,BLOCK,0.5,,,,,0.6847013783294468,0.006078217484476307,
F2_found_memory,N2,AR,0.5,,,,,0.7584843871852746,0.04394961736664893,
F2_found_memory,N2,ENERGY,0.5,,,,,0.6678819018772039,0.00857926145550048,
F2_found_memory,N2,MAGDIFF,0.5,,,,,0.7925716206950156,0.07984347277689173,
F2_found_memory,N2,MEMLESS,0.5,,,,,0.9541345799762356,0.03719433813125868,
F2_found_memory,N2,BLOCK,0.5,,,,,0.6978024996887288,0.018677768983432423,
F2_found_memory,N2,AR,0.5,,,,,0.7655511200381945,0.054162225365093394,
F2_found_memory,N2,ENERGY,0.5,,,,,0.6742024794291367,0.013719643894992003,
F2_found_memory,N2,MAGDIFF,0.5,,,,,0.8047608404900378,0.0969394253956952,
F2_found_memory,N2,MEMLESS,0.5,,,,,0.9525767359617582,0.01985155688489153,
F2_found_memory,N2,BLOCK,0.5,,,,,0.6870903661123975,0.007366934895606519,
F2_found_memory,N2,AR,0.5,,,,,0.759301388278283,0.039344346249394334,
F2_found_memory,N2,ENERGY,0.5,,,,,0.6664329961171881,0.008032458345740697,
F2_found_memory,N2,MAGDIFF,0.5,,,,,0.7982423449396456,0.0838858615718646,
F2_found_memory,N2,MEMLESS,0.5,,,,,0.9513145391207826,0.026018583818536393,
F2_found_memory,N2,BLOCK,0.5,,,,,0.682481301554598,0.004399568513972662,
F2_found_memory,N2,AR,0.5,,,,,0.7551117278799183,0.03927782180913823,
F2_found_memory,N2,ENERGY,0.5,,,,,0.6691764554760189,0.0040316446701614255,
F2_found_memory,N2,MAGDIFF,0.5,,,,,0.7965720242903611,0.076944913574311,
F2_found_memory,N2,MEMLESS,0.5,,,,,0.952029427146532,0.02097601889358941,
F2_found_memory,N2,BLOCK,0.5,,,,,0.6844605897797678,0.006405401369960722,
F2_found_memory,N2,AR,0.5,,,,,0.7552912534027441,0.0294874497350292,
F2_found_memory,N2,ENERGY,0.5,,,,,0.6612789797864947,0.007452936800263239,
F2_found_memory,N2,MAGDIFF,0.5,,,,,0.7968458353255998,0.0788819369989448,
F2_found_memory,N2,MEMLESS,0.5,,,,,0.9533531467536198,0.02163533729156739,
F2_found_memory,N2,BLOCK,0.5,,,,,0.6915919784380351,0.012348015872602978,
F2_found_memory,N2,AR,0.5,,,,,0.7606629164287694,0.0517488724821456,
F2_found_memory,N2,ENERGY,0.5,,,,,0.6770154919078277,0.011435392563728034,
F2_found_memory,N2,MAGDIFF,0.5,,,,,0.7996990124769999,0.08552996926314155,
F2_found_memory,N2,MEMLESS,0.5,,,,,0.9522168941164448,0.027862835933151902,
F2_found_memory,N2,BLOCK,0.5,,,,,0.6910225216700671,0.010257591007188253,
F2_found_memory,N2,AR,0.5,,,,,0.7601282116458375,0.04977239384198399,
F2_found_memory,N2,ENERGY,0.5,,,,,0.6683063279363954,0.007934369115636034,
F2_found_memory,N2,MAGDIFF,0.5,,,,,0.7966283629351233,0.0891594337225382,
F2_found_memory,N2,MEMLESS,0.5,,,,,0.9517686619383442,0.018919903280948225,
F2_found_memory,N2,BLOCK,0.5,,,,,0.6881317936625465,0.010389001650747264,
F2_found_memory,N2,AR,0.5,,,,,0.7557212616661363,0.04810596235766406,
F2_found_memory,N2,ENERGY,0.5,,,,,0.6691626976909105,0.0061262797449689,
F2_found_memory,N2,MAGDIFF,0.5,,,,,0.7935536774536157,0.07925494711758144,
F2_found_memory,N2,MEMLESS,0.5,,,,,0.9531448116719594,0.017458242959945403,
F2_found_memory,N2,BLOCK,0.5,,,,,0.6865389471829154,0.005409528212899836,
F2_found_memory,N2,AR,0.5,,,,,0.7600689444082577,0.040170087805417996,
F2_found_memory,N2,ENERGY,0.5,,,,,0.6687488619013706,0.00849071357677046,
F2_found_memory,N2,MAGDIFF,0.5,,,,,0.7995619553631357,0.08385079317533366,
F2_found_memory,N2,MEMLESS,0.5,,,,,0.9526310429100541,0.024656902530677295,
F2_found_memory,N2,BLOCK,0.5,,,,,0.6925415702760156,0.008245394012656837,
F2_found_memory,N2,AR,0.5,,,,,0.7565996305061091,0.03062188161110839,
F2_found_memory,N2,ENERGY,0.5,,,,,0.6701012750787652,0.011303454998150263,
F2_found_memory,N2,MAGDIFF,0.5,,,,,0.7974631808879593,0.07458922526352017,
F2_found_memory,N2,MEMLESS,0.5,,,,,0.9529829863881111,0.02119672696139595,
F2_found_memory,N2,BLOCK,0.5,,,,,0.6921140469363258,0.00510082196905574,
F2_found_memory,N2,AR,0.5,,,,,0.7562512282549751,0.036863120797882794,
F2_found_memory,N2,ENERGY,0.5,,,,,0.666597663745067,0.012904369339648426,
F2_found_memory,N2,MAGDIFF,0.5,,,,,0.795237554592123,0.06871757715982493,
F2_found_memory,N2,MEMLESS,0.5,,,,,0.9514722527084631,0.02371797790790498,
F2_found_memory,N2,BLOCK,0.5,,,,,0.6837511078686241,0.008172326036935743,
F2_found_memory,N2,AR,0.5,,,,,0.7564059502357924,0.03991162169598226,
F2_found_memory,N2,ENERGY,0.5,,,,,0.6698300395974327,0.009541665933330666,
F2_found_memory,N2,MAGDIFF,0.5,,,,,0.7957634806412318,0.07060029242340407,
F2_found_memory,N2,MEMLESS,0.5,,,,,0.9518769479716356,0.025350949016798137,
F2_found_memory,N2,BLOCK,0.5,,,,,0.6858876257166991,0.010132392923230284,
F2_found_memory,N2,AR,0.5,,,,,0.7589253620164947,0.04886247976255788,
F2_found_memory,N2,ENERGY,0.5,,,,,0.6694820628824596,0.006911426892845845,
F2_found_memory,N2,MAGDIFF,0.5,,,,,0.7960566306019046,0.0811192675248667,
F2_found_memory,N2,MEMLESS,0.5,,,,,0.9522579570453151,0.02462767404744937,
F2_found_memory,N2,BLOCK,0.5,,,,,0.6922186672366214,0.0074327907609354135,
F2_found_memory,N2,AR,0.5,,,,,0.7587754638284205,0.04177522399111082,
F2_found_memory,N2,ENERGY,0.5,,,,,0.6687710546784198,0.007399531293235759,
F2_found_memory,N2,MAGDIFF,0.5,,,,,0.7985867623756617,0.07864369455995372,
F2_found_memory,N2,MEMLESS,0.5,,,,,0.9517018547937169,0.02500042413541429,
F2_found_memory,N2,BLOCK,0.5,,,,,0.6879739035904712,0.007148825093660481,
F2_found_memory,N2,AR,0.5,,,,,0.7599011620732933,0.05161576477930569,
F2_found_memory,N2,ENERGY,0.5,,,,,0.6707142633986835,0.007416935532779751,
F2_found_memory,N2,MAGDIFF,0.5,,,,,0.7973797017703979,0.0837409310466461,
F2_found_memory,N2,MEMLESS,0.5,,,,,0.9531575388319831,0.029232984855583583,
F2_found_memory,N2,BLOCK,0.5,,,,,0.6912604459421279,0.0078709036036363,
F2_found_memory,N2,AR,0.5,,,,,0.763333110607679,0.047099193708825884,
F2_found_memory,N2,ENERGY,0.5,,,,,0.6751189034470234,0.004923430578272001,
F2_found_memory,N2,MAGDIFF,0.5,,,,,0.7981903474181472,0.07866136666167413,
F2_found_memory,N2,MEMLESS,0.5,,,,,0.9531168394979108,0.02373196863803936,
F2_found_memory,N2,BLOCK,0.5,,,,,0.6920649915050561,0.011038745488968176,
F2_found_memory,N2,AR,0.5,,,,,0.762076083579696,0.038911766044964866,
F2_found_memory,N2,ENERGY,0.5,,,,,0.6669217544117766,0.009481114812394872,
F2_found_memory,N2,MAGDIFF,0.5,,,,,0.7998021740266639,0.07958747082209904,
F2_found_memory,N2,MEMLESS,0.5,,,,,0.9528728251963068,0.026276015643835183,
F2_found_memory,N2,BLOCK,0.5,,,,,0.6858789347268701,0.0074331533948294335,
F2_found_memory,N2,AR,0.5,,,,,0.7590896596109633,0.04232418713091883,
F2_found_memory,N2,ENERGY,0.5,,,,,0.668796794455886,0.007026447374838469,
F2_found_memory,N2,MAGDIFF,0.5,,,,,0.7967969735624648,0.08299386791341325,
F2_found_memory,N2,MEMLESS,0.5,,,,,0.9522167126448619,0.025288923752828384,
F2_found_memory,N2,BLOCK,0.5,,,,,0.6872648971499659,0.010964423514413438,
F2_found_memory,N2,AR,0.5,,,,,0.7560709697263067,0.04487988289653684,
F2_found_memory,N2,ENERGY,0.5,,,,,0.6715488617321824,0.007150844236602327,
F2_found_memory,N2,MAGDIFF,0.5,,,,,0.7983182336827709,0.08729399389802857,
F4_corrected_rule,N1,MEMLESS,0.02,500,1,,,0.14315692111491407,0.00870737157624398,0.014214214214214213
F4_corrected_rule,N1,MEMLESS,0.02,2000,1,,,0.14315692111491407,0.00870737157624398,0.011217948717948718
F4_corrected_rule,N1,MEMLESS,0.02,5000,1,,,0.14315692111491407,0.00870737157624398,0.018036072144288578
F4_corrected_rule,N1,MEMLESS,0.02,20000,1,,,0.14315692111491407,0.00870737157624398,0.0
F4_corrected_rule,N1,CORR,0.02,500,2,,,0.14201607938309227,0.008691100184162663,0.012612612612612612
F4_corrected_rule,N1,CORR,0.02,2000,2,,,0.14201607938309227,0.008691100184162663,0.011217948717948718
F4_corrected_rule,N1,CORR,0.02,5000,2,,,0.14201607938309227,0.008691100184162663,0.018036072144288578
F4_corrected_rule,N1,CORR,0.02,20000,2,,,0.14201607938309227,0.008691100184162663,0.008064516129032258
F4_corrected_rule,N1,CORR,0.02,500,2,,,0.1356727893628778,0.00849533495958947,0.012612612612612612
F4_corrected_rule,N1,CORR,0.02,2000,2,,,0.1356727893628778,0.00849533495958947,0.014423076923076924
F4_corrected_rule,N1,CORR,0.02,5000,2,,,0.1356727893628778,0.00849533495958947,0.02404809619238477
F4_corrected_rule,N1,CORR,0.02,20000,2,,,0.1356727893628778,0.00849533495958947,0.008064516129032258
F4_corrected_rule,N1,CORR,0.02,500,2,,,0.12192533870762341,0.00858946061603673,0.01121121121121121
F4_corrected_rule,N1,CORR,0.02,2000,2,,,0.12192533870762341,0.00858946061603673,0.011217948717948718
F4_corrected_rule,N1,CORR,0.02,5000,2,,,0.12192533870762341,0.00858946061603673,0.02004008016032064
F4_corrected_rule,N1,CORR,0.02,20000,2,,,0.12192533870762341,0.00858946061603673,0.016129032258064516
F4_corrected_rule,N1,CORR,0.02,500,2,,,0.10879208148331948,0.00856551965610015,0.011411411411411412
F4_corrected_rule,N1,CORR,0.02,2000,2,,,0.10879208148331948,0.00856551965610015,0.005608974358974359
F4_corrected_rule,N1,CORR,0.02,5000,2,,,0.10879208148331948,0.00856551965610015,0.01603206412825651
F4_corrected_rule,N1,CORR,0.02,20000,2,,,0.10879208148331948,0.00856551965610015,0.008064516129032258
F4_corrected_rule,N1,CORR,0.02,500,2,,,0.09521644331358459,0.008758949155828486,0.011011011011011011
F4_corrected_rule,N1,CORR,0.02,2000,2,,,0.09521644331358459,0.008758949155828486,0.008012820512820512
F4_corrected_rule,N1,CORR,0.02,5000,2,,,0.09521644331358459,0.008758949155828486,0.014028056112224449
F4_corrected_rule,N1,CORR,0.02,20000,2,,,0.09521644331358459,0.008758949155828486,0.016129032258064516
F4_corrected_rule,N1,CORR,0.02,500,4,,,0.14167016144344896,0.008672015312149896,0.011811811811811812
F4_corrected_rule,N1,CORR,0.02,2000,4,,,0.14167016144344896,0.008672015312149896,0.010416666666666666
F4_corrected_rule,N1,CORR,0.02,5000,4,,,0.14167016144344896,0.008672015312149896,0.01603206412825651
F4_corrected_rule,N1,CORR,0.02,20000,4,,,0.14167016144344896,0.008672015312149896,0.008064516129032258
F4_corrected_rule,N1,CORR,0.02,500,4,,,0.1328504209726349,0.008490108759523008,0.011811811811811812
F4_corrected_rule,N1,CORR,0.02,2000,4,,,0.1328504209726349,0.008490108759523008,0.014423076923076924
F4_corrected_rule,N1,CORR,0.02,5000,4,,,0.1328504209726349,0.008490108759523008,0.022044088176352707
F4_corrected_rule,N1,CORR,0.02,20000,4,,,0.1328504209726349,0.008490108759523008,0.008064516129032258
F4_corrected_rule,N1,CORR,0.02,500,4,,,0.11311862128260328,0.008548499119427892,0.008208208208208207
F4_corrected_rule,N1,CORR,0.02,2000,4,,,0.11311862128260328,0.008548499119427892,0.004807692307692308
F4_corrected_rule,N1,CORR,0.02,5000,4,,,0.11311862128260328,0.008548499119427892,0.014028056112224449
F4_corrected_rule,N1,CORR,0.02,20000,4,,,0.11311862128260328,0.008548499119427892,0.008064516129032258
F4_corrected_rule,N1,CORR,0.02,500,4,,,0.08865104052123769,0.0082844105155295,0.011011011011011011
F4_corrected_rule,N1,CORR,0.02,2000,4,,,0.08865104052123769,0.0082844105155295,0.013621794871794872
F4_corrected_rule,N1,CORR,0.02,5000,4,,,0.08865104052123769,0.0082844105155295,0.01603206412825651
F4_corrected_rule,N1,CORR,0.02,20000,4,,,0.08865104052123769,0.0082844105155295,0.008064516129032258
F4_corrected_rule,N1,CORR,0.02,500,4,,,0.06466029745953833,0.008686326459003507,0.009009009009009009
F4_corrected_rule,N1,CORR,0.02,2000,4,,,0.06466029745953833,0.008686326459003507,0.011217948717948718
F4_corrected_rule,N1,CORR,0.02,5000,4,,,0.06466029745953833,0.008686326459003507,0.014028056112224449
F4_corrected_rule,N1,CORR,0.02,20000,4,,,0.06466029745953833,0.008686326459003507,0.008064516129032258
F4_corrected_rule,N1,CORR,0.02,500,6,,,0.14167371723936525,0.008671020958884211,0.011811811811811812
F4_corrected_rule,N1,CORR,0.02,2000,6,,,0.14167371723936525,0.008671020958884211,0.010416666666666666
F4_corrected_rule,N1,CORR,0.02,5000,6,,,0.14167371723936525,0.008671020958884211,0.01603206412825651
F4_corrected_rule,N1,CORR,0.02,20000,6,,,0.14167371723936525,0.008671020958884211,0.008064516129032258
F4_corrected_rule,N1,CORR,0.02,500,6,,,0.13273924970638476,0.00846406479166673,0.011611611611611611
F4_corrected_rule,N1,CORR,0.02,2000,6,,,0.13273924970638476,0.00846406479166673,0.014423076923076924
F4_corrected_rule,N1,CORR,0.02,5000,6,,,0.13273924970638476,0.00846406479166673,0.022044088176352707
F4_corrected_rule,N1,CORR,0.02,20000,6,,,0.13273924970638476,0.00846406479166673,0.008064516129032258
F4_corrected_rule,N1,CORR,0.02,500,6,,,0.11192547692810859,0.008475590142876653,0.008608608608608608
F4_corrected_rule,N1,CORR,0.02,2000,6,,,0.11192547692810859,0.008475590142876653,0.00641025641025641
F4_corrected_rule,N1,CORR,0.02,5000,6,,,0.11192547692810859,0.008475590142876653,0.014028056112224449
F4_corrected_rule,N1,CORR,0.02,20000,6,,,0.11192547692810859,0.008475590142876653,0.008064516129032258
F4_corrected_rule,N1,CORR,0.02,500,6,,,0.08202742237854159,0.008367620046099101,0.01001001001001001
F4_corrected_rule,N1,CORR,0.02,2000,6,,,0.08202742237854159,0.008367620046099101,0.01282051282051282
F4_corrected_rule,N1,CORR,0.02,5000,6,,,0.08202742237854159,0.008367620046099101,0.014028056112224449
F4_corrected_rule,N1,CORR,0.02,20000,6,,,0.08202742237854159,0.008367620046099101,0.008064516129032258
F4_corrected_rule,N1,CORR,0.02,500,6,,,0.05123748269868278,0.008739644570912076,0.007607607607607607
F4_corrected_rule,N1,CORR,0.02,2000,6,,,0.05123748269868278,0.008739644570912076,0.009615384615384616
F4_corrected_rule,N1,CORR,0.02,5000,6,,,0.05123748269868278,0.008739644570912076,0.014028056112224449
F4_corrected_rule,N1,CORR,0.02,20000,6,,,0.05123748269868278,0.008739644570912076,0.008064516129032258
F4_corrected_rule,N1,CORR,0.02,500,10,,,0.14167371723936525,0.008671020958884211,0.011811811811811812
F4_corrected_rule,N1,CORR,0.02,2000,10,,,0.14167371723936525,0.008671020958884211,0.010416666666666666
F4_corrected_rule,N1,CORR,0.02,5000,10,,,0.14167371723936525,0.008671020958884211,0.01603206412825651
F4_corrected_rule,N1,CORR,0.02,20000,10,,,0.14167371723936525,0.008671020958884211,0.008064516129032258
F4_corrected_rule,N1,CORR,0.02,500,10,,,0.13272725354144918,0.008457621795818545,0.011411411411411412
F4_corrected_rule,N1,CORR,0.02,2000,10,,,0.13272725354144918,0.008457621795818545,0.013621794871794872
F4_corrected_rule,N1,CORR,0.02,5000,10,,,0.13272725354144918,0.008457621795818545,0.022044088176352707
F4_corrected_rule,N1,CORR,0.02,20000,10,,,0.13272725354144918,0.008457621795818545,0.008064516129032258
F4_corrected_rule,N1,CORR,0.02,500,10,,,0.1117696479579903,0.008527910004064894,0.008608608608608608
F4_corrected_rule,N1,CORR,0.02,2000,10,,,0.1117696479579903,0.008527910004064894,0.00641025641025641
F4_corrected_rule,N1,CORR,0.02,5000,10,,,0.1117696479579903,0.008527910004064894,0.012024048096192385
F4_corrected_rule,N1,CORR,0.02,20000,10,,,0.1117696479579903,0.008527910004064894,0.008064516129032258
F4_corrected_rule,N1,CORR,0.02,500,10,,,0.07889346426928942,0.008671951257639043,0.00940940940940941
F4_corrected_rule,N1,CORR,0.02,2000,10,,,0.07889346426928942,0.008671951257639043,0.010416666666666666
F4_corrected_rule,N1,CORR,0.02,5000,10,,,0.07889346426928942,0.008671951257639043,0.01603206412825651
F4_corrected_rule,N1,CORR,0.02,20000,10,,,0.07889346426928942,0.008671951257639043,0.008064516129032258
F4_corrected_rule,N1,CORR,0.02,500,10,,,0.04354861617928693,0.008341384076415832,0.007807807807807808
F4_corrected_rule,N1,CORR,0.02,2000,10,,,0.04354861617928693,0.008341384076415832,0.008814102564102564
F4_corrected_rule,N1,CORR,0.02,5000,10,,,0.04354861617928693,0.008341384076415832,0.01603206412825651
F4_corrected_rule,N1,CORR,0.02,20000,10,,,0.04354861617928693,0.008341384076415832,0.008064516129032258
F4_corrected_rule,N1,CORR,0.02,500,20,,,0.14167371723936525,0.008671020958884211,0.011811811811811812
F4_corrected_rule,N1,CORR,0.02,2000,20,,,0.14167371723936525,0.008671020958884211,0.010416666666666666
F4_corrected_rule,N1,CORR,0.02,5000,20,,,0.14167371723936525,0.008671020958884211,0.01603206412825651
F4_corrected_rule,N1,CORR,0.02,20000,20,,,0.14167371723936525,0.008671020958884211,0.008064516129032258
F4_corrected_rule,N1,CORR,0.02,500,20,,,0.13272725354144918,0.008457621795818545,0.011411411411411412
F4_corrected_rule,N1,CORR,0.02,2000,20,,,0.13272725354144918,0.008457621795818545,0.013621794871794872
F4_corrected_rule,N1,CORR,0.02,5000,20,,,0.13272725354144918,0.008457621795818545,0.022044088176352707
F4_corrected_rule,N1,CORR,0.02,20000,20,,,0.13272725354144918,0.008457621795818545,0.008064516129032258
F4_corrected_rule,N1,CORR,0.02,500,20,,,0.111782751682768,0.008533315913139135,0.008608608608608608
F4_corrected_rule,N1,CORR,0.02,2000,20,,,0.111782751682768,0.008533315913139135,0.00641025641025641
F4_corrected_rule,N1,CORR,0.02,5000,20,,,0.111782751682768,0.008533315913139135,0.012024048096192385
F4_corrected_rule,N1,CORR,0.02,20000,20,,,0.111782751682768,0.008533315913139135,0.008064516129032258
F4_corrected_rule,N1,CORR,0.02,500,20,,,0.07816570322032035,0.00860037971872596,0.00880880880880881
F4_corrected_rule,N1,CORR,0.02,2000,20,,,0.07816570322032035,0.00860037971872596,0.011217948717948718
F4_corrected_rule,N1,CORR,0.02,5000,20,,,0.07816570322032035,0.00860037971872596,0.01603206412825651
F4_corrected_rule,N1,CORR,0.02,20000,20,,,0.07816570322032035,0.00860037971872596,0.008064516129032258
F4_corrected_rule,N1,CORR,0.02,500,20,,,0.0370208940117509,0.008476731382170657,0.00940940940940941
F4_corrected_rule,N1,CORR,0.02,2000,20,,,0.0370208940117509,0.008476731382170657,0.010416666666666666
F4_corrected_rule,N1,CORR,0.02,5000,20,,,0.0370208940117509,0.008476731382170657,0.012024048096192385
F4_corrected_rule,N1,CORR,0.02,20000,20,,,0.0370208940117509,0.008476731382170657,0.008064516129032258
F4_corrected_rule,N1,CORR,0.02,500,50,,,0.14167371723936525,0.008671020958884211,0.011811811811811812
F4_corrected_rule,N1,CORR,0.02,2000,50,,,0.14167371723936525,0.008671020958884211,0.010416666666666666
F4_corrected_rule,N1,CORR,0.02,5000,50,,,0.14167371723936525,0.008671020958884211,0.01603206412825651
F4_corrected_rule,N1,CORR,0.02,20000,50,,,0.14167371723936525,0.008671020958884211,0.008064516129032258
F4_corrected_rule,N1,CORR,0.02,500,50,,,0.13272725354144918,0.008457621795818545,0.011411411411411412
F4_corrected_rule,N1,CORR,0.02,2000,50,,,0.13272725354144918,0.008457621795818545,0.013621794871794872
F4_corrected_rule,N1,CORR,0.02,5000,50,,,0.13272725354144918,0.008457621795818545,0.022044088176352707
F4_corrected_rule,N1,CORR,0.02,20000,50,,,0.13272725354144918,0.008457621795818545,0.008064516129032258
F4_corrected_rule,N1,CORR,0.02,500,50,,,0.111782751682768,0.008533315913139135,0.008608608608608608
F4_corrected_rule,N1,CORR,0.02,2000,50,,,0.111782751682768,0.008533315913139135,0.00641025641025641
F4_corrected_rule,N1,CORR,0.02,5000,50,,,0.111782751682768,0.008533315913139135,0.012024048096192385
F4_corrected_rule,N1,CORR,0.02,20000,50,,,0.111782751682768,0.008533315913139135,0.008064516129032258
F4_corrected_rule,N1,CORR,0.02,500,50,,,0.07817082445377817,0.008604611414120415,0.00880880880880881
F4_corrected_rule,N1,CORR,0.02,2000,50,,,0.07817082445377817,0.008604611414120415,0.011217948717948718
F4_corrected_rule,N1,CORR,0.02,5000,50,,,0.07817082445377817,0.008604611414120415,0.01603206412825651
F4_corrected_rule,N1,CORR,0.02,20000,50,,,0.07817082445377817,0.008604611414120415,0.008064516129032258
F4_corrected_rule,N1,CORR,0.02,500,50,,,0.03576628228964749,0.008325942599406938,0.01001001001001001
F4_corrected_rule,N1,CORR,0.02,2000,50,,,0.03576628228964749,0.008325942599406938,0.008012820512820512
F4_corrected_rule,N1,CORR,0.02,5000,50,,,0.03576628228964749,0.008325942599406938,0.018036072144288578
F4_corrected_rule,N1,CORR,0.02,20000,50,,,0.03576628228964749,0.008325942599406938,0.008064516129032258
F4_corrected_rule,N1,MEMLESS,0.05,500,1,,,0.27920236597049874,0.008959425638520348,0.00880880880880881
F4_corrected_rule,N1,MEMLESS,0.05,2000,1,,,0.27920236597049874,0.008959425638520348,0.016025641025641024
F4_corrected_rule,N1,MEMLESS,0.05,5000,1,,,0.27920236597049874,0.008959425638520348,0.01002004008016032
F4_corrected_rule,N1,MEMLESS,0.05,20000,1,,,0.27920236597049874,0.008959425638520348,0.024193548387096774
F4_corrected_rule,N1,CORR,0.05,500,2,,,0.27363574140377606,0.009173514596164459,0.01061061061061061
F4_corrected_rule,N1,CORR,0.05,2000,2,,,0.27363574140377606,0.009173514596164459,0.005608974358974359
F4_corrected_rule,N1,CORR,0.05,5000,2,,,0.27363574140377606,0.009173514596164459,0.008016032064128256
F4_corrected_rule,N1,CORR,0.05,20000,2,,,0.27363574140377606,0.009173514596164459,0.0
F4_corrected_rule,N1,CORR,0.05,500,2,,,0.2603293438162508,0.008907961639507859,0.011811811811811812
F4_corrected_rule,N1,CORR,0.05,2000,2,,,0.2603293438162508,0.008907961639507859,0.01282051282051282
F4_corrected_rule,N1,CORR,0.05,5000,2,,,0.2603293438162508,0.008907961639507859,0.012024048096192385
F4_corrected_rule,N1,CORR,0.05,20000,2,,,0.2603293438162508,0.008907961639507859,0.0
F4_corrected_rule,N1,CORR,0.05,500,2,,,0.23776934948969605,0.00922867018616687,0.00960960960960961
F4_corrected_rule,N1,CORR,0.05,2000,2,,,0.23776934948969605,0.00922867018616687,0.004807692307692308
F4_corrected_rule,N1,CORR,0.05,5000,2,,,0.23776934948969605,0.00922867018616687,0.01002004008016032
F4_corrected_rule,N1,CORR,0.05,20000,2,,,0.23776934948969605,0.00922867018616687,0.016129032258064516
F4_corrected_rule,N1,CORR,0.05,500,2,,,0.21510583694933316,0.008441951860987718,0.011811811811811812
F4_corrected_rule,N1,CORR,0.05,2000,2,,,0.21510583694933316,0.008441951860987718,0.01282051282051282
F4_corrected_rule,N1,CORR,0.05,5000,2,,,0.21510583694933316,0.008441951860987718,0.006012024048096192
F4_corrected_rule,N1,CORR,0.05,20000,2,,,0.21510583694933316,0.008441951860987718,0.008064516129032258
F4_corrected_rule,N1,CORR,0.05,500,2,,,0.19289779853343691,0.008392811051929357,0.012412412412412413
F4_corrected_rule,N1,CORR,0.05,2000,2,,,0.19289779853343691,0.008392811051929357,0.016025641025641024
F4_corrected_rule,N1,CORR,0.05,5000,2,,,0.19289779853343691,0.008392811051929357,0.014028056112224449
F4_corrected_rule,N1,CORR,0.05,20000,2,,,0.19289779853343691,0.008392811051929357,0.016129032258064516
F4_corrected_rule,N1,CORR,0.05,500,4,,,0.272345125110011,0.009151299203867336,0.00980980980980981
F4_corrected_rule,N1,CORR,0.05,2000,4,,,0.272345125110011,0.009151299203867336,0.008012820512820512
F4_corrected_rule,N1,CORR,0.05,5000,4,,,0.272345125110011,0.009151299203867336,0.008016032064128256
F4_corrected_rule,N1,CORR,0.05,20000,4,,,0.272345125110011,0.009151299203867336,0.0
F4_corrected_rule,N1,CORR,0.05,500,4,,,0.2553535938117185,0.008910698196768384,0.012412412412412413
F4_corrected_rule,N1,CORR,0.05,2000,4,,,0.2553535938117185,0.008910698196768384,0.01201923076923077
F4_corrected_rule,N1,CORR,0.05,5000,4,,,0.2553535938117185,0.008910698196768384,0.01002004008016032
F4_corrected_rule,N1,CORR,0.05,20000,4,,,0.2553535938117185,0.008910698196768384,0.0
F4_corrected_rule,N1,CORR,0.05,500,4,,,0.21758264017307102,0.008277238375229345,0.011411411411411412
F4_corrected_rule,N1,CORR,0.05,2000,4,,,0.21758264017307102,0.008277238375229345,0.01282051282051282
F4_corrected_rule,N1,CORR,0.05,5000,4,,,0.21758264017307102,0.008277238375229345,0.01002004008016032
F4_corrected_rule,N1,CORR,0.05,20000,4,,,0.21758264017307102,0.008277238375229345,0.016129032258064516
F4_corrected_rule,N1,CORR,0.05,500,4,,,0.17937632767821385,0.008584212621823562,0.011811811811811812
F4_corrected_rule,N1,CORR,0.05,2000,4,,,0.17937632767821385,0.008584212621823562,0.013621794871794872
F4_corrected_rule,N1,CORR,0.05,5000,4,,,0.17937632767821385,0.008584212621823562,0.02404809619238477
F4_corrected_rule,N1,CORR,0.05,20000,4,,,0.17937632767821385,0.008584212621823562,0.008064516129032258
F4_corrected_rule,N1,CORR,0.05,500,4,,,0.13665703938420906,0.008774234707951835,0.013013013013013013
F4_corrected_rule,N1,CORR,0.05,2000,4,,,0.13665703938420906,0.008774234707951835,0.011217948717948718
F4_corrected_rule,N1,CORR,0.05,5000,4,,,0.13665703938420906,0.008774234707951835,0.012024048096192385
F4_corrected_rule,N1,CORR,0.05,20000,4,,,0.13665703938420906,0.008774234707951835,0.016129032258064516
F4_corrected_rule,N1,CORR,0.05,500,6,,,0.2722935145615591,0.009151663536614233,0.00980980980980981
F4_corrected_rule,N1,CORR,0.05,2000,6,,,0.2722935145615591,0.009151663536614233,0.008012820512820512
F4_corrected_rule,N1,CORR,0.05,5000,6,,,0.2722935145615591,0.009151663536614233,0.008016032064128256
F4_corrected_rule,N1,CORR,0.05,20000,6,,,0.2722935145615591,0.009151663536614233,0.0
F4_corrected_rule,N1,CORR,0.05,500,6,,,0.2552484608200515,0.00898366812884484,0.012612612612612612
F4_corrected_rule,N1,CORR,0.05,2000,6,,,0.2552484608200515,0.00898366812884484,0.011217948717948718
F4_corrected_rule,N1,CORR,0.05,5000,6,,,0.2552484608200515,0.00898366812884484,0.008016032064128256
F4_corrected_rule,N1,CORR,0.05,20000,6,,,0.2552484608200515,0.00898366812884484,0.008064516129032258
F4_corrected_rule,N1,CORR,0.05,500,6,,,0.21515044524969165,0.008269127293909767,0.013013013013013013
F4_corrected_rule,N1,CORR,0.05,2000,6,,,0.21515044524969165,0.008269127293909767,0.009615384615384616
F4_corrected_rule,N1,CORR,0.05,5000,6,,,0.21515044524969165,0.008269127293909767,0.01603206412825651
F4_corrected_rule,N1,CORR,0.05,20000,6,,,0.21515044524969165,0.008269127293909767,0.008064516129032258
F4_corrected_rule,N1,CORR,0.05,500,6,,,0.1694538336499148,0.00835384837965817,0.011411411411411412
F4_corrected_rule,N1,CORR,0.05,2000,6,,,0.1694538336499148,0.00835384837965817,0.009615384615384616
F4_corrected_rule,N1,CORR,0.05,5000,6,,,0.1694538336499148,0.00835384837965817,0.012024048096192385
F4_corrected_rule,N1,CORR,0.05,20000,6,,,0.1694538336499148,0.00835384837965817,0.008064516129032258
F4_corrected_rule,N1,CORR,0.05,500,6,,,0.11465743434433633,0.008773631566005427,0.01061061061061061
F4_corrected_rule,N1,CORR,0.05,2000,6,,,0.11465743434433633,0.008773631566005427,0.010416666666666666
F4_corrected_rule,N1,CORR,0.05,5000,6,,,0.11465743434433633,0.008773631566005427,0.012024048096192385
F4_corrected_rule,N1,CORR,0.05,20000,6,,,0.11465743434433633,0.008773631566005427,0.008064516129032258
F4_corrected_rule,N1,CORR,0.05,500,10,,,0.2722935145615591,0.009151663536614233,0.00980980980980981
F4_corrected_rule,N1,CORR,0.05,2000,10,,,0.2722935145615591,0.009151663536614233,0.008012820512820512
F4_corrected_rule,N1,CORR,0.05,5000,10,,,0.2722935145615591,0.009151663536614233,0.008016032064128256
F4_corrected_rule,N1,CORR,0.05,20000,10,,,0.2722935145615591,0.009151663536614233,0.0
F4_corrected_rule,N1,CORR,0.05,500,10,,,0.25520874088645984,0.008979974829081017,0.012612612612612612
F4_corrected_rule,N1,CORR,0.05,2000,10,,,0.25520874088645984,0.008979974829081017,0.011217948717948718
F4_corrected_rule,N1,CORR,0.05,5000,10,,,0.25520874088645984,0.008979974829081017,0.008016032064128256
F4_corrected_rule,N1,CORR,0.05,20000,10,,,0.25520874088645984,0.008979974829081017,0.008064516129032258
F4_corrected_rule,N1,CORR,0.05,500,10,,,0.2143454919095795,0.008337082265021898,0.012812812812812813
F4_corrected_rule,N1,CORR,0.05,2000,10,,,0.2143454919095795,0.008337082265021898,0.010416666666666666
F4_corrected_rule,N1,CORR,0.05,5000,10,,,0.2143454919095795,0.008337082265021898,0.01603206412825651
F4_corrected_rule,N1,CORR,0.05,20000,10,,,0.2143454919095795,0.008337082265021898,0.008064516129032258
F4_corrected_rule,N1,CORR,0.05,500,10,,,0.16421368786370047,0.008510561993073736,0.011811811811811812
F4_corrected_rule,N1,CORR,0.05,2000,10,,,0.16421368786370047,0.008510561993073736,0.008012820512820512
F4_corrected_rule,N1,CORR,0.05,5000,10,,,0.16421368786370047,0.008510561993073736,0.01603206412825651
F4_corrected_rule,N1,CORR,0.05,20000,10,,,0.16421368786370047,0.008510561993073736,0.008064516129032258
F4_corrected_rule,N1,CORR,0.05,500,10,,,0.09461910883970993,0.008754908145187427,0.01001001001001001
F4_corrected_rule,N1,CORR,0.05,2000,10,,,0.09461910883970993,0.008754908145187427,0.010416666666666666
F4_corrected_rule,N1,CORR,0.05,5000,10,,,0.09461910883970993,0.008754908145187427,0.01603206412825651
F4_corrected_rule,N1,CORR,0.05,20000,10,,,0.09461910883970993,0.008754908145187427,0.008064516129032258
F4_corrected_rule,N1,CORR,0.05,500,20,,,0.2722935145615591,0.009151663536614233,0.00980980980980981
F4_corrected_rule,N1,CORR,0.05,2000,20,,,0.2722935145615591,0.009151663536614233,0.008012820512820512
F4_corrected_rule,N1,CORR,0.05,5000,20,,,0.2722935145615591,0.009151663536614233,0.008016032064128256
F4_corrected_rule,N1,CORR,0.05,20000,20,,,0.2722935145615591,0.009151663536614233,0.0
F4_corrected_rule,N1,CORR,0.05,500,20,,,0.25520874088645984,0.008979974829081017,0.012612612612612612
F4_corrected_rule,N1,CORR,0.05,2000,20,,,0.25520874088645984,0.008979974829081017,0.011217948717948718
F4_corrected_rule,N1,CORR,0.05,5000,20,,,0.25520874088645984,0.008979974829081017,0.008016032064128256
F4_corrected_rule,N1,CORR,0.05,20000,20,,,0.25520874088645984,0.008979974829081017,0.008064516129032258
F4_corrected_rule,N1,CORR,0.05,500,20,,,0.21438978398842498,0.008322195622751348,0.012812812812812813
F4_corrected_rule,N1,CORR,0.05,2000,20,,,0.21438978398842498,0.008322195622751348,0.010416666666666666
F4_corrected_rule,N1,CORR,0.05,5000,20,,,0.21438978398842498,0.008322195622751348,0.01603206412825651
F4_corrected_rule,N1,CORR,0.05,20000,20,,,0.21438978398842498,0.008322195622751348,0.008064516129032258
F4_corrected_rule,N1,CORR,0.05,500,20,,,0.16233549253560095,0.008595367249352663,0.011411411411411412
F4_corrected_rule,N1,CORR,0.05,2000,20,,,0.16233549253560095,0.008595367249352663,0.008814102564102564
F4_corrected_rule,N1,CORR,0.05,5000,20,,,0.16233549253560095,0.008595367249352663,0.01603206412825651
F4_corrected_rule,N1,CORR,0.05,20000,20,,,0.16233549253560095,0.008595367249352663,0.008064516129032258
F4_corrected_rule,N1,CORR,0.05,500,20,,,0.07534962891933694,0.008460407988899975,0.008208208208208207
F4_corrected_rule,N1,CORR,0.05,2000,20,,,0.07534962891933694,0.008460407988899975,0.008012820512820512
F4_corrected_rule,N1,CORR,0.05,5000,20,,,0.07534962891933694,0.008460407988899975,0.01603206412825651
F4_corrected_rule,N1,CORR,0.05,20000,20,,,0.07534962891933694,0.008460407988899975,0.008064516129032258
F4_corrected_rule,N1,CORR,0.05,500,50,,,0.2722935145615591,0.009151663536614233,0.00980980980980981
F4_corrected_rule,N1,CORR,0.05,2000,50,,,0.2722935145615591,0.009151663536614233,0.008012820512820512
F4_corrected_rule,N1,CORR,0.05,5000,50,,,0.2722935145615591,0.009151663536614233,0.008016032064128256
F4_corrected_rule,N1,CORR,0.05,20000,50,,,0.2722935145615591,0.009151663536614233,0.0
F4_corrected_rule,N1,CORR,0.05,500,50,,,0.25520874088645984,0.008979974829081017,0.012612612612612612
F4_corrected_rule,N1,CORR,0.05,2000,50,,,0.25520874088645984,0.008979974829081017,0.011217948717948718
F4_corrected_rule,N1,CORR,0.05,5000,50,,,0.25520874088645984,0.008979974829081017,0.008016032064128256
F4_corrected_rule,N1,CORR,0.05,20000,50,,,0.25520874088645984,0.008979974829081017,0.008064516129032258
F4_corrected_rule,N1,CORR,0.05,500,50,,,0.21438978398842498,0.008322195622751348,0.012812812812812813
F4_corrected_rule,N1,CORR,0.05,2000,50,,,0.21438978398842498,0.008322195622751348,0.010416666666666666
F4_corrected_rule,N1,CORR,0.05,5000,50,,,0.21438978398842498,0.008322195622751348,0.01603206412825651
F4_corrected_rule,N1,CORR,0.05,20000,50,,,0.21438978398842498,0.008322195622751348,0.008064516129032258
F4_corrected_rule,N1,CORR,0.05,500,50,,,0.16240737438803987,0.008570927737998975,0.011611611611611611
F4_corrected_rule,N1,CORR,0.05,2000,50,,,0.16240737438803987,0.008570927737998975,0.008814102564102564
F4_corrected_rule,N1,CORR,0.05,5000,50,,,0.16240737438803987,0.008570927737998975,0.014028056112224449
F4_corrected_rule,N1,CORR,0.05,20000,50,,,0.16240737438803987,0.008570927737998975,0.008064516129032258
F4_corrected_rule,N1,CORR,0.05,500,50,,,0.07114542016849629,0.008295453186495895,0.00980980980980981
F4_corrected_rule,N1,CORR,0.05,2000,50,,,0.07114542016849629,0.008295453186495895,0.009615384615384616
F4_corrected_rule,N1,CORR,0.05,5000,50,,,0.07114542016849629,0.008295453186495895,0.014028056112224449
F4_corrected_rule,N1,CORR,0.05,20000,50,,,0.07114542016849629,0.008295453186495895,0.008064516129032258
F4_corrected_rule,N1,MEMLESS,0.1,500,1,,,0.43882496189025616,0.00817476416492669,0.007807807807807808
F4_corrected_rule,N1,MEMLESS,0.1,2000,1,,,0.43882496189025616,0.00817476416492669,0.013621794871794872
F4_corrected_rule,N1,MEMLESS,0.1,5000,1,,,0.43882496189025616,0.00817476416492669,0.01603206412825651
F4_corrected_rule,N1,MEMLESS,0.1,20000,1,,,0.43882496189025616,0.00817476416492669,0.024193548387096774
F4_corrected_rule,N1,CORR,0.1,500,2,,,0.43024979585004275,0.008558923209719483,0.01001001001001001
F4_corrected_rule,N1,CORR,0.1,2000,2,,,0.43024979585004275,0.008558923209719483,0.010416666666666666
F4_corrected_rule,N1,CORR,0.1,5000,2,,,0.43024979585004275,0.008558923209719483,0.01603206412825651
F4_corrected_rule,N1,CORR,0.1,20000,2,,,0.43024979585004275,0.008558923209719483,0.024193548387096774
F4_corrected_rule,N1,CORR,0.1,500,2,,,0.4106241148725548,0.0087714918827473,0.00940940940940941
F4_corrected_rule,N1,CORR,0.1,2000,2,,,0.4106241148725548,0.0087714918827473,0.008012820512820512
F4_corrected_rule,N1,CORR,0.1,5000,2,,,0.4106241148725548,0.0087714918827473,0.01002004008016032
F4_corrected_rule,N1,CORR,0.1,20000,2,,,0.4106241148725548,0.0087714918827473,0.024193548387096774
F4_corrected_rule,N1,CORR,0.1,500,2,,,0.3785558016974372,0.008417344679072871,0.007407407407407408
F4_corrected_rule,N1,CORR,0.1,2000,2,,,0.3785558016974372,0.008417344679072871,0.008012820512820512
F4_corrected_rule,N1,CORR,0.1,5000,2,,,0.3785558016974372,0.008417344679072871,0.014028056112224449
F4_corrected_rule,N1,CORR,0.1,20000,2,,,0.3785558016974372,0.008417344679072871,0.008064516129032258
F4_corrected_rule,N1,CORR,0.1,500,2,,,0.3506405760875274,0.008497517295366826,0.01041041041041041
F4_corrected_rule,N1,CORR,0.1,2000,2,,,0.3506405760875274,0.008497517295366826,0.008012820512820512
F4_corrected_rule,N1,CORR,0.1,5000,2,,,0.3506405760875274,0.008497517295366826,0.014028056112224449
F4_corrected_rule,N1,CORR,0.1,20000,2,,,0.3506405760875274,0.008497517295366826,0.008064516129032258
F4_corrected_rule,N1,CORR,0.1,500,2,,,0.32248033498894907,0.008586262605451436,0.01041041041041041
F4_corrected_rule,N1,CORR,0.1,2000,2,,,0.32248033498894907,0.008586262605451436,0.008012820512820512
F4_corrected_rule,N1,CORR,0.1,5000,2,,,0.32248033498894907,0.008586262605451436,0.012024048096192385
F4_corrected_rule,N1,CORR,0.1,20000,2,,,0.32248033498894907,0.008586262605451436,0.008064516129032258
F4_corrected_rule,N1,CORR,0.1,500,4,,,0.42879325349722214,0.008602004086938888,0.009209209209209208
F4_corrected_rule,N1,CORR,0.1,2000,4,,,0.42879325349722214,0.008602004086938888,0.01282051282051282
F4_corrected_rule,N1,CORR,0.1,5000,4,,,0.42879325349722214,0.008602004086938888,0.018036072144288578
F4_corrected_rule,N1,CORR,0.1,20000,4,,,0.42879325349722214,0.008602004086938888,0.016129032258064516
F4_corrected_rule,N1,CORR,0.1,500,4,,,0.4027769428225378,0.008526786006735256,0.00960960960960961
F4_corrected_rule,N1,CORR,0.1,2000,4,,,0.4027769428225378,0.008526786006735256,0.004807692307692308
F4_corrected_rule,N1,CORR,0.1,5000,4,,,0.4027769428225378,0.008526786006735256,0.008016032064128256
F4_corrected_rule,N1,CORR,0.1,20000,4,,,0.4027769428225378,0.008526786006735256,0.016129032258064516
F4_corrected_rule,N1,CORR,0.1,500,4,,,0.350212962603079,0.00837549635333511,0.01021021021021021
F4_corrected_rule,N1,CORR,0.1,2000,4,,,0.350212962603079,0.00837549635333511,0.007211538461538462
F4_corrected_rule,N1,CORR,0.1,5000,4,,,0.350212962603079,0.00837549635333511,0.008016032064128256
F4_corrected_rule,N1,CORR,0.1,20000,4,,,0.350212962603079,0.00837549635333511,0.016129032258064516
F4_corrected_rule,N1,CORR,0.1,500,4,,,0.29867118227950645,0.008694820640245604,0.00880880880880881
F4_corrected_rule,N1,CORR,0.1,2000,4,,,0.29867118227950645,0.008694820640245604,0.01201923076923077
F4_corrected_rule,N1,CORR,0.1,5000,4,,,0.29867118227950645,0.008694820640245604,0.008016032064128256
F4_corrected_rule,N1,CORR,0.1,20000,4,,,0.29867118227950645,0.008694820640245604,0.016129032258064516
F4_corrected_rule,N1,CORR,0.1,500,4,,,0.23766339871968944,0.008345205615479414,0.011011011011011011
F4_corrected_rule,N1,CORR,0.1,2000,4,,,0.23766339871968944,0.008345205615479414,0.013621794871794872
F4_corrected_rule,N1,CORR,0.1,5000,4,,,0.23766339871968944,0.008345205615479414,0.008016032064128256
F4_corrected_rule,N1,CORR,0.1,20000,4,,,0.23766339871968944,0.008345205615479414,0.016129032258064516
F4_corrected_rule,N1,CORR,0.1,500,6,,,0.4287692902179198,0.008572861489681753,0.009209209209209208
F4_corrected_rule,N1,CORR,0.1,2000,6,,,0.4287692902179198,0.008572861489681753,0.01282051282051282
F4_corrected_rule,N1,CORR,0.1,5000,6,,,0.4287692902179198,0.008572861489681753,0.01603206412825651
F4_corrected_rule,N1,CORR,0.1,20000,6,,,0.4287692902179198,0.008572861489681753,0.016129032258064516
F4_corrected_rule,N1,CORR,0.1,500,6,,,0.40199413744662343,0.00858066540917209,0.009009009009009009
F4_corrected_rule,N1,CORR,0.1,2000,6,,,0.40199413744662343,0.00858066540917209,0.005608974358974359
F4_corrected_rule,N1,CORR,0.1,5000,6,,,0.40199413744662343,0.00858066540917209,0.008016032064128256
F4_corrected_rule,N1,CORR,0.1,20000,6,,,0.40199413744662343,0.00858066540917209,0.016129032258064516
F4_corrected_rule,N1,CORR,0.1,500,6,,,0.3452808271141455,0.008616171136715279,0.00940940940940941
F4_corrected_rule,N1,CORR,0.1,2000,6,,,0.3452808271141455,0.008616171136715279,0.01282051282051282
F4_corrected_rule,N1,CORR,0.1,5000,6,,,0.3452808271141455,0.008616171136715279,0.01002004008016032
F4_corrected_rule,N1,CORR,0.1,20000,6,,,0.3452808271141455,0.008616171136715279,0.008064516129032258
F4_corrected_rule,N1,CORR,0.1,500,6,,,0.28303803314614817,0.008251364670536622,0.00940940940940941
F4_corrected_rule,N1,CORR,0.1,2000,6,,,0.28303803314614817,0.008251364670536622,0.009615384615384616
F4_corrected_rule,N1,CORR,0.1,5000,6,,,0.28303803314614817,0.008251364670536622,0.012024048096192385
F4_corrected_rule,N1,CORR,0.1,20000,6,,,0.28303803314614817,0.008251364670536622,0.008064516129032258
F4_corrected_rule,N1,CORR,0.1,500,6,,,0.2030668847332917,0.008507756437304606,0.011611611611611611
F4_corrected_rule,N1,CORR,0.1,2000,6,,,0.2030668847332917,0.008507756437304606,0.01282051282051282
F4_corrected_rule,N1,CORR,0.1,5000,6,,,0.2030668847332917,0.008507756437304606,0.01603206412825651
F4_corrected_rule,N1,CORR,0.1,20000,6,,,0.2030668847332917,0.008507756437304606,0.008064516129032258
F4_corrected_rule,N1,CORR,0.1,500,10,,,0.42877062624184953,0.008571868998409385,0.009209209209209208
F4_corrected_rule,N1,CORR,0.1,2000,10,,,0.42877062624184953,0.008571868998409385,0.01282051282051282
F4_corrected_rule,N1,CORR,0.1,5000,10,,,0.42877062624184953,0.008571868998409385,0.01603206412825651
F4_corrected_rule,N1,CORR,0.1,20000,10,,,0.42877062624184953,0.008571868998409385,0.016129032258064516
F4_corrected_rule,N1,CORR,0.1,500,10,,,0.40194266610802665,0.008543732456261593,0.009009009009009009
F4_corrected_rule,N1,CORR,0.1,2000,10,,,0.40194266610802665,0.008543732456261593,0.005608974358974359
F4_corrected_rule,N1,CORR,0.1,5000,10,,,0.40194266610802665,0.008543732456261593,0.008016032064128256
F4_corrected_rule,N1,CORR,0.1,20000,10,,,0.40194266610802665,0.008543732456261593,0.016129032258064516
F4_corrected_rule,N1,CORR,0.1,500,10,,,0.3436524873288959,0.008698951803491952,0.009209209209209208
F4_corrected_rule,N1,CORR,0.1,2000,10,,,0.3436524873288959,0.008698951803491952,0.009615384615384616
F4_corrected_rule,N1,CORR,0.1,5000,10,,,0.3436524873288959,0.008698951803491952,0.012024048096192385
F4_corrected_rule,N1,CORR,0.1,20000,10,,,0.3436524873288959,0.008698951803491952,0.016129032258064516
F4_corrected_rule,N1,CORR,0.1,500,10,,,0.27215288625562634,0.008218283793259736,0.00940940940940941
F4_corrected_rule,N1,CORR,0.1,2000,10,,,0.27215288625562634,0.008218283793259736,0.010416666666666666
F4_corrected_rule,N1,CORR,0.1,5000,10,,,0.27215288625562634,0.008218283793259736,0.012024048096192385
F4_corrected_rule,N1,CORR,0.1,20000,10,,,0.27215288625562634,0.008218283793259736,0.008064516129032258
F4_corrected_rule,N1,CORR,0.1,500,10,,,0.17164795092016705,0.008986063589390329,0.00960960960960961
F4_corrected_rule,N1,CORR,0.1,2000,10,,,0.17164795092016705,0.008986063589390329,0.010416666666666666
F4_corrected_rule,N1,CORR,0.1,5000,10,,,0.17164795092016705,0.008986063589390329,0.018036072144288578
F4_corrected_rule,N1,CORR,0.1,20000,10,,,0.17164795092016705,0.008986063589390329,0.008064516129032258
F4_corrected_rule,N1,CORR,0.1,500,20,,,0.42877062624184953,0.008571868998409385,0.009209209209209208
F4_corrected_rule,N1,CORR,0.1,2000,20,,,0.42877062624184953,0.008571868998409385,0.01282051282051282
F4_corrected_rule,N1,CORR,0.1,5000,20,,,0.42877062624184953,0.008571868998409385,0.01603206412825651
F4_corrected_rule,N1,CORR,0.1,20000,20,,,0.42877062624184953,0.008571868998409385,0.016129032258064516
F4_corrected_rule,N1,CORR,0.1,500,20,,,0.40194301647623454,0.008545556321951756,0.009009009009009009
F4_corrected_rule,N1,CORR,0.1,2000,20,,,0.40194301647623454,0.008545556321951756,0.005608974358974359
F4_corrected_rule,N1,CORR,0.1,5000,20,,,0.40194301647623454,0.008545556321951756,0.008016032064128256
F4_corrected_rule,N1,CORR,0.1,20000,20,,,0.40194301647623454,0.008545556321951756,0.016129032258064516
F4_corrected_rule,N1,CORR,0.1,500,20,,,0.3437101274153318,0.008687159059621643,0.009209209209209208
F4_corrected_rule,N1,CORR,0.1,2000,20,,,0.3437101274153318,0.008687159059621643,0.009615384615384616
F4_corrected_rule,N1,CORR,0.1,5000,20,,,0.3437101274153318,0.008687159059621643,0.012024048096192385
F4_corrected_rule,N1,CORR,0.1,20000,20,,,0.3437101274153318,0.008687159059621643,0.016129032258064516
F4_corrected_rule,N1,CORR,0.1,500,20,,,0.26923103153722766,0.008136907086523034,0.01021021021021021
F4_corrected_rule,N1,CORR,0.1,2000,20,,,0.26923103153722766,0.008136907086523034,0.011217948717948718
F4_corrected_rule,N1,CORR,0.1,5000,20,,,0.26923103153722766,0.008136907086523034,0.008016032064128256
F4_corrected_rule,N1,CORR,0.1,20000,20,,,0.26923103153722766,0.008136907086523034,0.008064516129032258
F4_corrected_rule,N1,CORR,0.1,500,20,,,0.14351387916549269,0.008478764765805794,0.01041041041041041
F4_corrected_rule,N1,CORR,0.1,2000,20,,,0.14351387916549269,0.008478764765805794,0.01201923076923077
F4_corrected_rule,N1,CORR,0.1,5000,20,,,0.14351387916549269,0.008478764765805794,0.014028056112224449
F4_corrected_rule,N1,CORR,0.1,20000,20,,,0.14351387916549269,0.008478764765805794,0.008064516129032258
F4_corrected_rule,N1,CORR,0.1,500,50,,,0.42877062624184953,0.008571868998409385,0.009209209209209208
F4_corrected_rule,N1,CORR,0.1,2000,50,,,0.42877062624184953,0.008571868998409385,0.01282051282051282
F4_corrected_rule,N1,CORR,0.1,5000,50,,,0.42877062624184953,0.008571868998409385,0.01603206412825651
F4_corrected_rule,N1,CORR,0.1,20000,50,,,0.42877062624184953,0.008571868998409385,0.016129032258064516
F4_corrected_rule,N1,CORR,0.1,500,50,,,0.40194301647623454,0.008545556321951756,0.009009009009009009
F4_corrected_rule,N1,CORR,0.1,2000,50,,,0.40194301647623454,0.008545556321951756,0.005608974358974359
F4_corrected_rule,N1,CORR,0.1,5000,50,,,0.40194301647623454,0.008545556321951756,0.008016032064128256
F4_corrected_rule,N1,CORR,0.1,20000,50,,,0.40194301647623454,0.008545556321951756,0.016129032258064516
F4_corrected_rule,N1,CORR,0.1,500,50,,,0.3437101274153318,0.008687159059621643,0.009209209209209208
F4_corrected_rule,N1,CORR,0.1,2000,50,,,0.3437101274153318,0.008687159059621643,0.009615384615384616
F4_corrected_rule,N1,CORR,0.1,5000,50,,,0.3437101274153318,0.008687159059621643,0.012024048096192385
F4_corrected_rule,N1,CORR,0.1,20000,50,,,0.3437101274153318,0.008687159059621643,0.016129032258064516
F4_corrected_rule,N1,CORR,0.1,500,50,,,0.26932671911242767,0.008111519026966775,0.01021021021021021
F4_corrected_rule,N1,CORR,0.1,2000,50,,,0.26932671911242767,0.008111519026966775,0.011217948717948718
F4_corrected_rule,N1,CORR,0.1,5000,50,,,0.26932671911242767,0.008111519026966775,0.008016032064128256
F4_corrected_rule,N1,CORR,0.1,20000,50,,,0.26932671911242767,0.008111519026966775,0.008064516129032258
F4_corrected_rule,N1,CORR,0.1,500,50,,,0.12578107726540713,0.008071333648788608,0.00960960960960961
F4_corrected_rule,N1,CORR,0.1,2000,50,,,0.12578107726540713,0.008071333648788608,0.009615384615384616
F4_corrected_rule,N1,CORR,0.1,5000,50,,,0.12578107726540713,0.008071333648788608,0.01603206412825651
F4_corrected_rule,N1,CORR,0.1,20000,50,,,0.12578107726540713,0.008071333648788608,0.008064516129032258
F4_corrected_rule,N1,MEMLESS,0.2,500,1,,,0.649115994594289,0.008201066071545809,0.01021021021021021
F4_corrected_rule,N1,MEMLESS,0.2,2000,1,,,0.649115994594289,0.008201066071545809,0.008012820512820512
F4_corrected_rule,N1,MEMLESS,0.2,5000,1,,,0.649115994594289,0.008201066071545809,0.008016032064128256
F4_corrected_rule,N1,MEMLESS,0.2,20000,1,,,0.649115994594289,0.008201066071545809,0.016129032258064516
F4_corrected_rule,N1,CORR,0.2,500,2,,,0.6378297989943458,0.008643652059554969,0.00980980980980981
F4_corrected_rule,N1,CORR,0.2,2000,2,,,0.6378297989943458,0.008643652059554969,0.009615384615384616
F4_corrected_rule,N1,CORR,0.2,5000,2,,,0.6378297989943458,0.008643652059554969,0.028056112224448898
F4_corrected_rule,N1,CORR,0.2,20000,2,,,0.6378297989943458,0.008643652059554969,0.008064516129032258
F4_corrected_rule,N1,CORR,0.2,500,2,,,0.6140240559515852,0.008711943695687984,0.008608608608608608
F4_corrected_rule,N1,CORR,0.2,2000,2,,,0.6140240559515852,0.008711943695687984,0.009615384615384616
F4_corrected_rule,N1,CORR,0.2,5000,2,,,0.6140240559515852,0.008711943695687984,0.014028056112224449
F4_corrected_rule,N1,CORR,0.2,20000,2,,,0.6140240559515852,0.008711943695687984,0.016129032258064516
F4_corrected_rule,N1,CORR,0.2,500,2,,,0.5760385055716994,0.008570833661489096,0.007007007007007007
F4_corrected_rule,N1,CORR,0.2,2000,2,,,0.5760385055716994,0.008570833661489096,0.013621794871794872
F4_corrected_rule,N1,CORR,0.2,5000,2,,,0.5760385055716994,0.008570833661489096,0.01603206412825651
F4_corrected_rule,N1,CORR,0.2,20000,2,,,0.5760385055716994,0.008570833661489096,0.024193548387096774
F4_corrected_rule,N1,CORR,0.2,500,2,,,0.5446845657278699,0.008929379810039918,0.00980980980980981
F4_corrected_rule,N1,CORR,0.2,2000,2,,,0.5446845657278699,0.008929379810039918,0.009615384615384616
F4_corrected_rule,N1,CORR,0.2,5000,2,,,0.5446845657278699,0.008929379810039918,0.01603206412825651
F4_corrected_rule,N1,CORR,0.2,20000,2,,,0.5446845657278699,0.008929379810039918,0.024193548387096774
F4_corrected_rule,N1,CORR,0.2,500,2,,,0.5119978623767615,0.008921179457400195,0.01001001001001001
F4_corrected_rule,N1,CORR,0.2,2000,2,,,0.5119978623767615,0.008921179457400195,0.009615384615384616
F4_corrected_rule,N1,CORR,0.2,5000,2,,,0.5119978623767615,0.008921179457400195,0.01603206412825651
F4_corrected_rule,N1,CORR,0.2,20000,2,,,0.5119978623767615,0.008921179457400195,0.04032258064516129
F4_corrected_rule,N1,CORR,0.2,500,4,,,0.6364677063812783,0.008635522894874913,0.008208208208208207
F4_corrected_rule,N1,CORR,0.2,2000,4,,,0.6364677063812783,0.008635522894874913,0.01201923076923077
F4_corrected_rule,N1,CORR,0.2,5000,4,,,0.6364677063812783,0.008635522894874913,0.028056112224448898
F4_corrected_rule,N1,CORR,0.2,20000,4,,,0.6364677063812783,0.008635522894874913,0.008064516129032258
F4_corrected_rule,N1,CORR,0.2,500,4,,,0.6030283179535187,0.008719911249644063,0.007607607607607607
F4_corrected_rule,N1,CORR,0.2,2000,4,,,0.6030283179535187,0.008719911249644063,0.008814102564102564
F4_corrected_rule,N1,CORR,0.2,5000,4,,,0.6030283179535187,0.008719911249644063,0.01002004008016032
F4_corrected_rule,N1,CORR,0.2,20000,4,,,0.6030283179535187,0.008719911249644063,0.016129032258064516
F4_corrected_rule,N1,CORR,0.2,500,4,,,0.5444467053848449,0.008733125388045168,0.00940940940940941
F4_corrected_rule,N1,CORR,0.2,2000,4,,,0.5444467053848449,0.008733125388045168,0.01201923076923077
F4_corrected_rule,N1,CORR,0.2,5000,4,,,0.5444467053848449,0.008733125388045168,0.02404809619238477
F4_corrected_rule,N1,CORR,0.2,20000,4,,,0.5444467053848449,0.008733125388045168,0.016129032258064516
F4_corrected_rule,N1,CORR,0.2,500,4,,,0.48141543149167093,0.008475432035004272,0.00880880880880881
F4_corrected_rule,N1,CORR,0.2,2000,4,,,0.48141543149167093,0.008475432035004272,0.014423076923076924
F4_corrected_rule,N1,CORR,0.2,5000,4,,,0.48141543149167093,0.008475432035004272,0.018036072144288578
F4_corrected_rule,N1,CORR,0.2,20000,4,,,0.48141543149167093,0.008475432035004272,0.024193548387096774
F4_corrected_rule,N1,CORR,0.2,500,4,,,0.40582696320899403,0.008554062983763287,0.00980980980980981
F4_corrected_rule,N1,CORR,0.2,2000,4,,,0.40582696320899403,0.008554062983763287,0.013621794871794872
F4_corrected_rule,N1,CORR,0.2,5000,4,,,0.40582696320899403,0.008554062983763287,0.01002004008016032
F4_corrected_rule,N1,CORR,0.2,20000,4,,,0.40582696320899403,0.008554062983763287,0.008064516129032258
F4_corrected_rule,N1,CORR,0.2,500,6,,,0.636375285416787,0.008666258273444121,0.008408408408408409
F4_corrected_rule,N1,CORR,0.2,2000,6,,,0.636375285416787,0.008666258273444121,0.01201923076923077
F4_corrected_rule,N1,CORR,0.2,5000,6,,,0.636375285416787,0.008666258273444121,0.03006012024048096
F4_corrected_rule,N1,CORR,0.2,20000,6,,,0.636375285416787,0.008666258273444121,0.008064516129032258
F4_corrected_rule,N1,CORR,0.2,500,6,,,0.6021775550379631,0.008591088525307614,0.006206206206206206
F4_corrected_rule,N1,CORR,0.2,2000,6,,,0.6021775550379631,0.008591088525307614,0.009615384615384616
F4_corrected_rule,N1,CORR,0.2,5000,6,,,0.6021775550379631,0.008591088525307614,0.012024048096192385
F4_corrected_rule,N1,CORR,0.2,20000,6,,,0.6021775550379631,0.008591088525307614,0.008064516129032258
F4_corrected_rule,N1,CORR,0.2,500,6,,,0.5380818226423082,0.008636555353449293,0.009009009009009009
F4_corrected_rule,N1,CORR,0.2,2000,6,,,0.5380818226423082,0.008636555353449293,0.01201923076923077
F4_corrected_rule,N1,CORR,0.2,5000,6,,,0.5380818226423082,0.008636555353449293,0.012024048096192385
F4_corrected_rule,N1,CORR,0.2,20000,6,,,0.5380818226423082,0.008636555353449293,0.016129032258064516
F4_corrected_rule,N1,CORR,0.2,500,6,,,0.4587321933241402,0.008288685726851699,0.011011011011011011
F4_corrected_rule,N1,CORR,0.2,2000,6,,,0.4587321933241402,0.008288685726851699,0.00641025641025641
F4_corrected_rule,N1,CORR,0.2,5000,6,,,0.4587321933241402,0.008288685726851699,0.01002004008016032
F4_corrected_rule,N1,CORR,0.2,20000,6,,,0.4587321933241402,0.008288685726851699,0.016129032258064516
F4_corrected_rule,N1,CORR,0.2,500,6,,,0.3579542017816707,0.008761002150161547,0.009209209209209208
F4_corrected_rule,N1,CORR,0.2,2000,6,,,0.3579542017816707,0.008761002150161547,0.009615384615384616
F4_corrected_rule,N1,CORR,0.2,5000,6,,,0.3579542017816707,0.008761002150161547,0.006012024048096192
F4_corrected_rule,N1,CORR,0.2,20000,6,,,0.3579542017816707,0.008761002150161547,0.016129032258064516
F4_corrected_rule,N1,CORR,0.2,500,10,,,0.6363828224258604,0.008660249980844038,0.008408408408408409
F4_corrected_rule,N1,CORR,0.2,2000,10,,,0.6363828224258604,0.008660249980844038,0.01201923076923077
F4_corrected_rule,N1,CORR,0.2,5000,10,,,0.6363828224258604,0.008660249980844038,0.03006012024048096
F4_corrected_rule,N1,CORR,0.2,20000,10,,,0.6363828224258604,0.008660249980844038,0.008064516129032258
F4_corrected_rule,N1,CORR,0.2,500,10,,,0.6021784754123016,0.008604306337298851,0.006206206206206206
F4_corrected_rule,N1,CORR,0.2,2000,10,,,0.6021784754123016,0.008604306337298851,0.009615384615384616
F4_corrected_rule,N1,CORR,0.2,5000,10,,,0.6021784754123016,0.008604306337298851,0.014028056112224449
F4_corrected_rule,N1,CORR,0.2,20000,10,,,0.6021784754123016,0.008604306337298851,0.008064516129032258
F4_corrected_rule,N1,CORR,0.2,500,10,,,0.5356560070446995,0.008520547015325066,0.009209209209209208
F4_corrected_rule,N1,CORR,0.2,2000,10,,,0.5356560070446995,0.008520547015325066,0.01201923076923077
F4_corrected_rule,N1,CORR,0.2,5000,10,,,0.5356560070446995,0.008520547015325066,0.01002004008016032
F4_corrected_rule,N1,CORR,0.2,20000,10,,,0.5356560070446995,0.008520547015325066,0.008064516129032258
F4_corrected_rule,N1,CORR,0.2,500,10,,,0.4427538870660522,0.007923570930849387,0.011611611611611611
F4_corrected_rule,N1,CORR,0.2,2000,10,,,0.4427538870660522,0.007923570930849387,0.010416666666666666
F4_corrected_rule,N1,CORR,0.2,5000,10,,,0.4427538870660522,0.007923570930849387,0.012024048096192385
F4_corrected_rule,N1,CORR,0.2,20000,10,,,0.4427538870660522,0.007923570930849387,0.016129032258064516
F4_corrected_rule,N1,CORR,0.2,500,10,,,0.3064606304107413,0.00885128287236948,0.01001001001001001
F4_corrected_rule,N1,CORR,0.2,2000,10,,,0.3064606304107413,0.00885128287236948,0.01282051282051282
F4_corrected_rule,N1,CORR,0.2,5000,10,,,0.3064606304107413,0.00885128287236948,0.014028056112224449
F4_corrected_rule,N1,CORR,0.2,20000,10,,,0.3064606304107413,0.00885128287236948,0.008064516129032258
F4_corrected_rule,N1,CORR,0.2,500,20,,,0.6363828224258604,0.008660249980844038,0.008408408408408409
F4_corrected_rule,N1,CORR,0.2,2000,20,,,0.6363828224258604,0.008660249980844038,0.01201923076923077
F4_corrected_rule,N1,CORR,0.2,5000,20,,,0.6363828224258604,0.008660249980844038,0.03006012024048096
F4_corrected_rule,N1,CORR,0.2,20000,20,,,0.6363828224258604,0.008660249980844038,0.008064516129032258
F4_corrected_rule,N1,CORR,0.2,500,20,,,0.6021814409250505,0.008605920850042465,0.006206206206206206
F4_corrected_rule,N1,CORR,0.2,2000,20,,,0.6021814409250505,0.008605920850042465,0.009615384615384616
F4_corrected_rule,N1,CORR,0.2,5000,20,,,0.6021814409250505,0.008605920850042465,0.014028056112224449
F4_corrected_rule,N1,CORR,0.2,20000,20,,,0.6021814409250505,0.008605920850042465,0.008064516129032258
F4_corrected_rule,N1,CORR,0.2,500,20,,,0.5351989798870775,0.008569438166624534,0.009209209209209208
F4_corrected_rule,N1,CORR,0.2,2000,20,,,0.5351989798870775,0.008569438166624534,0.01201923076923077
F4_corrected_rule,N1,CORR,0.2,5000,20,,,0.5351989798870775,0.008569438166624534,0.008016032064128256
F4_corrected_rule,N1,CORR,0.2,20000,20,,,0.5351989798870775,0.008569438166624534,0.008064516129032258
F4_corrected_rule,N1,CORR,0.2,500,20,,,0.43847707180821954,0.007842729842204854,0.01061061061061061
F4_corrected_rule,N1,CORR,0.2,2000,20,,,0.43847707180821954,0.007842729842204854,0.010416666666666666
F4_corrected_rule,N1,CORR,0.2,5000,20,,,0.43847707180821954,0.007842729842204854,0.012024048096192385
F4_corrected_rule,N1,CORR,0.2,20000,20,,,0.43847707180821954,0.007842729842204854,0.016129032258064516
F4_corrected_rule,N1,CORR,0.2,500,20,,,0.26736022253246366,0.0085508409525252,0.009009009009009009
F4_corrected_rule,N1,CORR,0.2,2000,20,,,0.26736022253246366,0.0085508409525252,0.009615384615384616
F4_corrected_rule,N1,CORR,0.2,5000,20,,,0.26736022253246366,0.0085508409525252,0.018036072144288578
F4_corrected_rule,N1,CORR,0.2,20000,20,,,0.26736022253246366,0.0085508409525252,0.008064516129032258
F4_corrected_rule,N1,CORR,0.2,500,50,,,0.6363828224258604,0.008660249980844038,0.008408408408408409
F4_corrected_rule,N1,CORR,0.2,2000,50,,,0.6363828224258604,0.008660249980844038,0.01201923076923077
F4_corrected_rule,N1,CORR,0.2,5000,50,,,0.6363828224258604,0.008660249980844038,0.03006012024048096
F4_corrected_rule,N1,CORR,0.2,20000,50,,,0.6363828224258604,0.008660249980844038,0.008064516129032258
F4_corrected_rule,N1,CORR,0.2,500,50,,,0.6021814409250505,0.008605920850042465,0.006206206206206206
F4_corrected_rule,N1,CORR,0.2,2000,50,,,0.6021814409250505,0.008605920850042465,0.009615384615384616
F4_corrected_rule,N1,CORR,0.2,5000,50,,,0.6021814409250505,0.008605920850042465,0.014028056112224449
F4_corrected_rule,N1,CORR,0.2,20000,50,,,0.6021814409250505,0.008605920850042465,0.008064516129032258
F4_corrected_rule,N1,CORR,0.2,500,50,,,0.5351989798870775,0.008569438166624534,0.009209209209209208
F4_corrected_rule,N1,CORR,0.2,2000,50,,,0.5351989798870775,0.008569438166624534,0.01201923076923077
F4_corrected_rule,N1,CORR,0.2,5000,50,,,0.5351989798870775,0.008569438166624534,0.008016032064128256
F4_corrected_rule,N1,CORR,0.2,20000,50,,,0.5351989798870775,0.008569438166624534,0.008064516129032258
F4_corrected_rule,N1,CORR,0.2,500,50,,,0.4383799818622727,0.007835960466206104,0.01061061061061061
F4_corrected_rule,N1,CORR,0.2,2000,50,,,0.4383799818622727,0.007835960466206104,0.010416666666666666
F4_corrected_rule,N1,CORR,0.2,5000,50,,,0.4383799818622727,0.007835960466206104,0.012024048096192385
F4_corrected_rule,N1,CORR,0.2,20000,50,,,0.4383799818622727,0.007835960466206104,0.016129032258064516
F4_corrected_rule,N1,CORR,0.2,500,50,,,0.2361640859380923,0.008520112067683694,0.00980980980980981
F4_corrected_rule,N1,CORR,0.2,2000,50,,,0.2361640859380923,0.008520112067683694,0.009615384615384616
F4_corrected_rule,N1,CORR,0.2,5000,50,,,0.2361640859380923,0.008520112067683694,0.01603206412825651
F4_corrected_rule,N1,CORR,0.2,20000,50,,,0.2361640859380923,0.008520112067683694,0.008064516129032258
F4_corrected_rule,N1,MEMLESS,0.3,500,1,,,0.7829769040081347,0.008733767140709288,0.011411411411411412
F4_corrected_rule,N1,MEMLESS,0.3,2000,1,,,0.7829769040081347,0.008733767140709288,0.010416666666666666
F4_corrected_rule,N1,MEMLESS,0.3,5000,1,,,0.7829769040081347,0.008733767140709288,0.02004008016032064
F4_corrected_rule,N1,MEMLESS,0.3,20000,1,,,0.7829769040081347,0.008733767140709288,0.008064516129032258
F4_corrected_rule,N1,CORR,0.3,500,2,,,0.7721386142994394,0.0083033068700324,0.009009009009009009
F4_corrected_rule,N1,CORR,0.3,2000,2,,,0.7721386142994394,0.0083033068700324,0.008814102564102564
F4_corrected_rule,N1,CORR,0.3,5000,2,,,0.7721386142994394,0.0083033068700324,0.022044088176352707
F4_corrected_rule,N1,CORR,0.3,20000,2,,,0.7721386142994394,0.0083033068700324,0.0
F4_corrected_rule,N1,CORR,0.3,500,2,,,0.750244721957045,0.008560343283279561,0.007007007007007007
F4_corrected_rule,N1,CORR,0.3,2000,2,,,0.750244721957045,0.008560343283279561,0.008012820512820512
F4_corrected_rule,N1,CORR,0.3,5000,2,,,0.750244721957045,0.008560343283279561,0.014028056112224449
F4_corrected_rule,N1,CORR,0.3,20000,2,,,0.750244721957045,0.008560343283279561,0.0
F4_corrected_rule,N1,CORR,0.3,500,2,,,0.7162415819524081,0.00868983935853144,0.007007007007007007
F4_corrected_rule,N1,CORR,0.3,2000,2,,,0.7162415819524081,0.00868983935853144,0.004006410256410256
F4_corrected_rule,N1,CORR,0.3,5000,2,,,0.7162415819524081,0.00868983935853144,0.018036072144288578
F4_corrected_rule,N1,CORR,0.3,20000,2,,,0.7162415819524081,0.00868983935853144,0.008064516129032258
F4_corrected_rule,N1,CORR,0.3,500,2,,,0.6848583139750204,0.008579962798553924,0.010810810810810811
F4_corrected_rule,N1,CORR,0.3,2000,2,,,0.6848583139750204,0.008579962798553924,0.008012820512820512
F4_corrected_rule,N1,CORR,0.3,5000,2,,,0.6848583139750204,0.008579962798553924,0.014028056112224449
F4_corrected_rule,N1,CORR,0.3,20000,2,,,0.6848583139750204,0.008579962798553924,0.008064516129032258
F4_corrected_rule,N1,CORR,0.3,500,2,,,0.6524679659621192,0.008514933049926352,0.00880880880880881
F4_corrected_rule,N1,CORR,0.3,2000,2,,,0.6524679659621192,0.008514933049926352,0.008814102564102564
F4_corrected_rule,N1,CORR,0.3,5000,2,,,0.6524679659621192,0.008514933049926352,0.02004008016032064
F4_corrected_rule,N1,CORR,0.3,20000,2,,,0.6524679659621192,0.008514933049926352,0.024193548387096774
F4_corrected_rule,N1,CORR,0.3,500,4,,,0.7709485961510627,0.008407987905476947,0.00960960960960961
F4_corrected_rule,N1,CORR,0.3,2000,4,,,0.7709485961510627,0.008407987905476947,0.007211538461538462
F4_corrected_rule,N1,CORR,0.3,5000,4,,,0.7709485961510627,0.008407987905476947,0.012024048096192385
F4_corrected_rule,N1,CORR,0.3,20000,4,,,0.7709485961510627,0.008407987905476947,0.008064516129032258
F4_corrected_rule,N1,CORR,0.3,500,4,,,0.7412579075983711,0.008090970009931534,0.007807807807807808
F4_corrected_rule,N1,CORR,0.3,2000,4,,,0.7412579075983711,0.008090970009931534,0.00641025641025641
F4_corrected_rule,N1,CORR,0.3,5000,4,,,0.7412579075983711,0.008090970009931534,0.006012024048096192
F4_corrected_rule,N1,CORR,0.3,20000,4,,,0.7412579075983711,0.008090970009931534,0.008064516129032258
F4_corrected_rule,N1,CORR,0.3,500,4,,,0.6853461986439133,0.00872864180979082,0.008208208208208207
F4_corrected_rule,N1,CORR,0.3,2000,4,,,0.6853461986439133,0.00872864180979082,0.008012820512820512
F4_corrected_rule,N1,CORR,0.3,5000,4,,,0.6853461986439133,0.00872864180979082,0.01603206412825651
F4_corrected_rule,N1,CORR,0.3,20000,4,,,0.6853461986439133,0.00872864180979082,0.008064516129032258
F4_corrected_rule,N1,CORR,0.3,500,4,,,0.6191617753009078,0.00901325019782565,0.00940940940940941
F4_corrected_rule,N1,CORR,0.3,2000,4,,,0.6191617753009078,0.00901325019782565,0.008012820512820512
F4_corrected_rule,N1,CORR,0.3,5000,4,,,0.6191617753009078,0.00901325019782565,0.01603206412825651
F4_corrected_rule,N1,CORR,0.3,20000,4,,,0.6191617753009078,0.00901325019782565,0.024193548387096774
F4_corrected_rule,N1,CORR,0.3,500,4,,,0.5399026369786303,0.008283573592591843,0.01001001001001001
F4_corrected_rule,N1,CORR,0.3,2000,4,,,0.5399026369786303,0.008283573592591843,0.011217948717948718
F4_corrected_rule,N1,CORR,0.3,5000,4,,,0.5399026369786303,0.008283573592591843,0.01603206412825651
F4_corrected_rule,N1,CORR,0.3,20000,4,,,0.5399026369786303,0.008283573592591843,0.016129032258064516
F4_corrected_rule,N1,CORR,0.3,500,6,,,0.770846580066152,0.008428686212550558,0.01001001001001001
F4_corrected_rule,N1,CORR,0.3,2000,6,,,0.770846580066152,0.008428686212550558,0.007211538461538462
F4_corrected_rule,N1,CORR,0.3,5000,6,,,0.770846580066152,0.008428686212550558,0.012024048096192385
F4_corrected_rule,N1,CORR,0.3,20000,6,,,0.770846580066152,0.008428686212550558,0.008064516129032258
F4_corrected_rule,N1,CORR,0.3,500,6,,,0.7407736155305568,0.008174392817923697,0.009209209209209208
F4_corrected_rule,N1,CORR,0.3,2000,6,,,0.7407736155305568,0.008174392817923697,0.00641025641025641
F4_corrected_rule,N1,CORR,0.3,5000,6,,,0.7407736155305568,0.008174392817923697,0.006012024048096192
F4_corrected_rule,N1,CORR,0.3,20000,6,,,0.7407736155305568,0.008174392817923697,0.008064516129032258
F4_corrected_rule,N1,CORR,0.3,500,6,,,0.678572379269404,0.008648215210874596,0.007607607607607607
F4_corrected_rule,N1,CORR,0.3,2000,6,,,0.678572379269404,0.008648215210874596,0.008814102564102564
F4_corrected_rule,N1,CORR,0.3,5000,6,,,0.678572379269404,0.008648215210874596,0.018036072144288578
F4_corrected_rule,N1,CORR,0.3,20000,6,,,0.678572379269404,0.008648215210874596,0.016129032258064516
F4_corrected_rule,N1,CORR,0.3,500,6,,,0.5987949714829375,0.009035052604744478,0.008408408408408409
F4_corrected_rule,N1,CORR,0.3,2000,6,,,0.5987949714829375,0.009035052604744478,0.009615384615384616
F4_corrected_rule,N1,CORR,0.3,5000,6,,,0.5987949714829375,0.009035052604744478,0.01002004008016032
F4_corrected_rule,N1,CORR,0.3,20000,6,,,0.5987949714829375,0.009035052604744478,0.024193548387096774
F4_corrected_rule,N1,CORR,0.3,500,6,,,0.4865205896180502,0.008362692756253582,0.01021021021021021
F4_corrected_rule,N1,CORR,0.3,2000,6,,,0.4865205896180502,0.008362692756253582,0.010416666666666666
F4_corrected_rule,N1,CORR,0.3,5000,6,,,0.4865205896180502,0.008362692756253582,0.014028056112224449
F4_corrected_rule,N1,CORR,0.3,20000,6,,,0.4865205896180502,0.008362692756253582,0.0
F4_corrected_rule,N1,CORR,0.3,500,10,,,0.7708494058765409,0.00842758292679726,0.01001001001001001
F4_corrected_rule,N1,CORR,0.3,2000,10,,,0.7708494058765409,0.00842758292679726,0.007211538461538462
F4_corrected_rule,N1,CORR,0.3,5000,10,,,0.7708494058765409,0.00842758292679726,0.012024048096192385
F4_corrected_rule,N1,CORR,0.3,20000,10,,,0.7708494058765409,0.00842758292679726,0.008064516129032258
F4_corrected_rule,N1,CORR,0.3,500,10,,,0.7406687308653318,0.008183762931533401,0.009009009009009009
F4_corrected_rule,N1,CORR,0.3,2000,10,,,0.7406687308653318,0.008183762931533401,0.005608974358974359
F4_corrected_rule,N1,CORR,0.3,5000,10,,,0.7406687308653318,0.008183762931533401,0.004008016032064128
F4_corrected_rule,N1,CORR,0.3,20000,10,,,0.7406687308653318,0.008183762931533401,0.008064516129032258
F4_corrected_rule,N1,CORR,0.3,500,10,,,0.6758476769823645,0.008548774847878011,0.008208208208208207
F4_corrected_rule,N1,CORR,0.3,2000,10,,,0.6758476769823645,0.008548774847878011,0.011217948717948718
F4_corrected_rule,N1,CORR,0.3,5000,10,,,0.6758476769823645,0.008548774847878011,0.02404809619238477
F4_corrected_rule,N1,CORR,0.3,20000,10,,,0.6758476769823645,0.008548774847878011,0.008064516129032258
F4_corrected_rule,N1,CORR,0.3,500,10,,,0.5827248093665283,0.008635348327778332,0.00880880880880881
F4_corrected_rule,N1,CORR,0.3,2000,10,,,0.5827248093665283,0.008635348327778332,0.011217948717948718
F4_corrected_rule,N1,CORR,0.3,5000,10,,,0.5827248093665283,0.008635348327778332,0.01002004008016032
F4_corrected_rule,N1,CORR,0.3,20000,10,,,0.5827248093665283,0.008635348327778332,0.016129032258064516
F4_corrected_rule,N1,CORR,0.3,500,10,,,0.4342664660190783,0.008455439121723751,0.01001001001001001
F4_corrected_rule,N1,CORR,0.3,2000,10,,,0.4342664660190783,0.008455439121723751,0.010416666666666666
F4_corrected_rule,N1,CORR,0.3,5000,10,,,0.4342664660190783,0.008455439121723751,0.006012024048096192
F4_corrected_rule,N1,CORR,0.3,20000,10,,,0.4342664660190783,0.008455439121723751,0.016129032258064516
F4_corrected_rule,N1,CORR,0.3,500,20,,,0.7708494058765409,0.00842758292679726,0.01001001001001001
F4_corrected_rule,N1,CORR,0.3,2000,20,,,0.7708494058765409,0.00842758292679726,0.007211538461538462
F4_corrected_rule,N1,CORR,0.3,5000,20,,,0.7708494058765409,0.00842758292679726,0.012024048096192385
F4_corrected_rule,N1,CORR,0.3,20000,20,,,0.7708494058765409,0.00842758292679726,0.008064516129032258
F4_corrected_rule,N1,CORR,0.3,500,20,,,0.7406731626515066,0.008182708244799998,0.009009009009009009
F4_corrected_rule,N1,CORR,0.3,2000,20,,,0.7406731626515066,0.008182708244799998,0.005608974358974359
F4_corrected_rule,N1,CORR,0.3,5000,20,,,0.7406731626515066,0.008182708244799998,0.004008016032064128
F4_corrected_rule,N1,CORR,0.3,20000,20,,,0.7406731626515066,0.008182708244799998,0.008064516129032258
F4_corrected_rule,N1,CORR,0.3,500,20,,,0.6755678289735212,0.00853378853807414,0.008408408408408409
F4_corrected_rule,N1,CORR,0.3,2000,20,,,0.6755678289735212,0.00853378853807414,0.01282051282051282
F4_corrected_rule,N1,CORR,0.3,5000,20,,,0.6755678289735212,0.00853378853807414,0.02004008016032064
F4_corrected_rule,N1,CORR,0.3,20000,20,,,0.6755678289735212,0.00853378853807414,0.008064516129032258
F4_corrected_rule,N1,CORR,0.3,500,20,,,0.5793170615888419,0.00859540402977705,0.00940940940940941
F4_corrected_rule,N1,CORR,0.3,2000,20,,,0.5793170615888419,0.00859540402977705,0.01282051282051282
F4_corrected_rule,N1,CORR,0.3,5000,20,,,0.5793170615888419,0.00859540402977705,0.012024048096192385
F4_corrected_rule,N1,CORR,0.3,20000,20,,,0.5793170615888419,0.00859540402977705,0.016129032258064516
F4_corrected_rule,N1,CORR,0.3,500,20,,,0.37958988662862525,0.008653734595092184,0.00940940940940941
F4_corrected_rule,N1,CORR,0.3,2000,20,,,0.37958988662862525,0.008653734595092184,0.01282051282051282
F4_corrected_rule,N1,CORR,0.3,5000,20,,,0.37958988662862525,0.008653734595092184,0.014028056112224449
F4_corrected_rule,N1,CORR,0.3,20000,20,,,0.37958988662862525,0.008653734595092184,0.008064516129032258
F4_corrected_rule,N1,CORR,0.3,500,50,,,0.7708494058765409,0.00842758292679726,0.01001001001001001
F4_corrected_rule,N1,CORR,0.3,2000,50,,,0.7708494058765409,0.00842758292679726,0.007211538461538462
F4_corrected_rule,N1,CORR,0.3,5000,50,,,0.7708494058765409,0.00842758292679726,0.012024048096192385
F4_corrected_rule,N1,CORR,0.3,20000,50,,,0.7708494058765409,0.00842758292679726,0.008064516129032258
F4_corrected_rule,N1,CORR,0.3,500,50,,,0.7406731626515066,0.008182708244799998,0.009009009009009009
F4_corrected_rule,N1,CORR,0.3,2000,50,,,0.7406731626515066,0.008182708244799998,0.005608974358974359
F4_corrected_rule,N1,CORR,0.3,5000,50,,,0.7406731626515066,0.008182708244799998,0.004008016032064128
F4_corrected_rule,N1,CORR,0.3,20000,50,,,0.7406731626515066,0.008182708244799998,0.008064516129032258
F4_corrected_rule,N1,CORR,0.3,500,50,,,0.6755678289735212,0.00853378853807414,0.008408408408408409
F4_corrected_rule,N1,CORR,0.3,2000,50,,,0.6755678289735212,0.00853378853807414,0.01282051282051282
F4_corrected_rule,N1,CORR,0.3,5000,50,,,0.6755678289735212,0.00853378853807414,0.02004008016032064
F4_corrected_rule,N1,CORR,0.3,20000,50,,,0.6755678289735212,0.00853378853807414,0.008064516129032258
F4_corrected_rule,N1,CORR,0.3,500,50,,,0.5792631121980556,0.008607630636285508,0.00960960960960961
F4_corrected_rule,N1,CORR,0.3,2000,50,,,0.5792631121980556,0.008607630636285508,0.01201923076923077
F4_corrected_rule,N1,CORR,0.3,5000,50,,,0.5792631121980556,0.008607630636285508,0.012024048096192385
F4_corrected_rule,N1,CORR,0.3,20000,50,,,0.5792631121980556,0.008607630636285508,0.016129032258064516
F4_corrected_rule,N1,CORR,0.3,500,50,,,0.3429945341150313,0.008591860832566878,0.009009009009009009
F4_corrected_rule,N1,CORR,0.3,2000,50,,,0.3429945341150313,0.008591860832566878,0.011217948717948718
F4_corrected_rule,N1,CORR,0.3,5000,50,,,0.3429945341150313,0.008591860832566878,0.012024048096192385
F4_corrected_rule,N1,CORR,0.3,20000,50,,,0.3429945341150313,0.008591860832566878,0.008064516129032258
F4_corrected_rule,N1,MEMLESS,0.5,500,1,,,0.9285522987180768,0.00865418548009253,0.013013013013013013
F4_corrected_rule,N1,MEMLESS,0.5,2000,1,,,0.9285522987180768,0.00865418548009253,0.009615384615384616
F4_corrected_rule,N1,MEMLESS,0.5,5000,1,,,0.9285522987180768,0.00865418548009253,0.012024048096192385
F4_corrected_rule,N1,MEMLESS,0.5,20000,1,,,0.9285522987180768,0.00865418548009253,0.008064516129032258
F4_corrected_rule,N1,CORR,0.5,500,2,,,0.9230129895318878,0.008582186069246645,0.01041041041041041
F4_corrected_rule,N1,CORR,0.5,2000,2,,,0.9230129895318878,0.008582186069246645,0.008012820512820512
F4_corrected_rule,N1,CORR,0.5,5000,2,,,0.9230129895318878,0.008582186069246645,0.018036072144288578
F4_corrected_rule,N1,CORR,0.5,20000,2,,,0.9230129895318878,0.008582186069246645,0.016129032258064516
F4_corrected_rule,N1,CORR,0.5,500,2,,,0.9104819595914282,0.0084126260197426,0.008008008008008008
F4_corrected_rule,N1,CORR,0.5,2000,2,,,0.9104819595914282,0.0084126260197426,0.007211538461538462
F4_corrected_rule,N1,CORR,0.5,5000,2,,,0.9104819595914282,0.0084126260197426,0.012024048096192385
F4_corrected_rule,N1,CORR,0.5,20000,2,,,0.9104819595914282,0.0084126260197426,0.016129032258064516
F4_corrected_rule,N1,CORR,0.5,500,2,,,0.8881186663217397,0.008207144568636172,0.00940940940940941
F4_corrected_rule,N1,CORR,0.5,2000,2,,,0.8881186663217397,0.008207144568636172,0.008012820512820512
F4_corrected_rule,N1,CORR,0.5,5000,2,,,0.8881186663217397,0.008207144568636172,0.012024048096192385
F4_corrected_rule,N1,CORR,0.5,20000,2,,,0.8881186663217397,0.008207144568636172,0.024193548387096774
F4_corrected_rule,N1,CORR,0.5,500,2,,,0.866172015839833,0.008319034934892116,0.00960960960960961
F4_corrected_rule,N1,CORR,0.5,2000,2,,,0.866172015839833,0.008319034934892116,0.008012820512820512
F4_corrected_rule,N1,CORR,0.5,5000,2,,,0.866172015839833,0.008319034934892116,0.012024048096192385
F4_corrected_rule,N1,CORR,0.5,20000,2,,,0.866172015839833,0.008319034934892116,0.008064516129032258
F4_corrected_rule,N1,CORR,0.5,500,2,,,0.8415572957857579,0.008429485362360304,0.009209209209209208
F4_corrected_rule,N1,CORR,0.5,2000,2,,,0.8415572957857579,0.008429485362360304,0.007211538461538462
F4_corrected_rule,N1,CORR,0.5,5000,2,,,0.8415572957857579,0.008429485362360304,0.018036072144288578
F4_corrected_rule,N1,CORR,0.5,20000,2,,,0.8415572957857579,0.008429485362360304,0.024193548387096774
F4_corrected_rule,N1,CORR,0.5,500,4,,,0.9226631356545931,0.008540564900055607,0.011611611611611611
F4_corrected_rule,N1,CORR,0.5,2000,4,,,0.9226631356545931,0.008540564900055607,0.008814102564102564
F4_corrected_rule,N1,CORR,0.5,5000,4,,,0.9226631356545931,0.008540564900055607,0.018036072144288578
F4_corrected_rule,N1,CORR,0.5,20000,4,,,0.9226631356545931,0.008540564900055607,0.016129032258064516
F4_corrected_rule,N1,CORR,0.5,500,4,,,0.9055726870321567,0.008324120480673845,0.008208208208208207
F4_corrected_rule,N1,CORR,0.5,2000,4,,,0.9055726870321567,0.008324120480673845,0.01201923076923077
F4_corrected_rule,N1,CORR,0.5,5000,4,,,0.9055726870321567,0.008324120480673845,0.02404809619238477
F4_corrected_rule,N1,CORR,0.5,20000,4,,,0.9055726870321567,0.008324120480673845,0.016129032258064516
F4_corrected_rule,N1,CORR,0.5,500,4,,,0.8692608161280763,0.008248736835075435,0.00960960960960961
F4_corrected_rule,N1,CORR,0.5,2000,4,,,0.8692608161280763,0.008248736835075435,0.007211538461538462
F4_corrected_rule,N1,CORR,0.5,5000,4,,,0.8692608161280763,0.008248736835075435,0.014028056112224449
F4_corrected_rule,N1,CORR,0.5,20000,4,,,0.8692608161280763,0.008248736835075435,0.008064516129032258
F4_corrected_rule,N1,CORR,0.5,500,4,,,0.8192022431807756,0.008559389427352572,0.007807807807807808
F4_corrected_rule,N1,CORR,0.5,2000,4,,,0.8192022431807756,0.008559389427352572,0.008012820512820512
F4_corrected_rule,N1,CORR,0.5,5000,4,,,0.8192022431807756,0.008559389427352572,0.012024048096192385
F4_corrected_rule,N1,CORR,0.5,20000,4,,,0.8192022431807756,0.008559389427352572,0.008064516129032258
F4_corrected_rule,N1,CORR,0.5,500,4,,,0.7493972617243425,0.00872560163067091,0.01021021021021021
F4_corrected_rule,N1,CORR,0.5,2000,4,,,0.7493972617243425,0.00872560163067091,0.008814102564102564
F4_corrected_rule,N1,CORR,0.5,5000,4,,,0.7493972617243425,0.00872560163067091,0.01603206412825651
F4_corrected_rule,N1,CORR,0.5,20000,4,,,0.7493972617243425,0.00872560163067091,0.008064516129032258
F4_corrected_rule,N1,CORR,0.5,500,6,,,0.9226589744738567,0.00852634439153996,0.01121121121121121
F4_corrected_rule,N1,CORR,0.5,2000,6,,,0.9226589744738567,0.00852634439153996,0.009615384615384616
F4_corrected_rule,N1,CORR,0.5,5000,6,,,0.9226589744738567,0.00852634439153996,0.018036072144288578
F4_corrected_rule,N1,CORR,0.5,20000,6,,,0.9226589744738567,0.00852634439153996,0.016129032258064516
F4_corrected_rule,N1,CORR,0.5,500,6,,,0.9054221408424656,0.008448558366750207,0.007607607607607607
F4_corrected_rule,N1,CORR,0.5,2000,6,,,0.9054221408424656,0.008448558366750207,0.011217948717948718
F4_corrected_rule,N1,CORR,0.5,5000,6,,,0.9054221408424656,0.008448558366750207,0.026052104208416832
F4_corrected_rule,N1,CORR,0.5,20000,6,,,0.9054221408424656,0.008448558366750207,0.016129032258064516
F4_corrected_rule,N1,CORR,0.5,500,6,,,0.8656015966467582,0.008527448551418147,0.008408408408408409
F4_corrected_rule,N1,CORR,0.5,2000,6,,,0.8656015966467582,0.008527448551418147,0.004807692307692308
F4_corrected_rule,N1,CORR,0.5,5000,6,,,0.8656015966467582,0.008527448551418147,0.012024048096192385
F4_corrected_rule,N1,CORR,0.5,20000,6,,,0.8656015966467582,0.008527448551418147,0.008064516129032258
F4_corrected_rule,N1,CORR,0.5,500,6,,,0.8025588895356374,0.008671448392305351,0.008208208208208207
F4_corrected_rule,N1,CORR,0.5,2000,6,,,0.8025588895356374,0.008671448392305351,0.010416666666666666
F4_corrected_rule,N1,CORR,0.5,5000,6,,,0.8025588895356374,0.008671448392305351,0.018036072144288578
F4_corrected_rule,N1,CORR,0.5,20000,6,,,0.8025588895356374,0.008671448392305351,0.008064516129032258
F4_corrected_rule,N1,CORR,0.5,500,6,,,0.7001509697072111,0.008637515261879553,0.01021021021021021
F4_corrected_rule,N1,CORR,0.5,2000,6,,,0.7001509697072111,0.008637515261879553,0.010416666666666666
F4_corrected_rule,N1,CORR,0.5,5000,6,,,0.7001509697072111,0.008637515261879553,0.02004008016032064
F4_corrected_rule,N1,CORR,0.5,20000,6,,,0.7001509697072111,0.008637515261879553,0.024193548387096774
F4_corrected_rule,N1,CORR,0.5,500,10,,,0.9226607542153489,0.008524587557474388,0.01121121121121121
F4_corrected_rule,N1,CORR,0.5,2000,10,,,0.9226607542153489,0.008524587557474388,0.009615384615384616
F4_corrected_rule,N1,CORR,0.5,5000,10,,,0.9226607542153489,0.008524587557474388,0.018036072144288578
F4_corrected_rule,N1,CORR,0.5,20000,10,,,0.9226607542153489,0.008524587557474388,0.016129032258064516
F4_corrected_rule,N1,CORR,0.5,500,10,,,0.9054703729008463,0.008406484355169474,0.007207207207207207
F4_corrected_rule,N1,CORR,0.5,2000,10,,,0.9054703729008463,0.008406484355169474,0.010416666666666666
F4_corrected_rule,N1,CORR,0.5,5000,10,,,0.9054703729008463,0.008406484355169474,0.028056112224448898
F4_corrected_rule,N1,CORR,0.5,20000,10,,,0.9054703729008463,0.008406484355169474,0.016129032258064516
F4_corrected_rule,N1,CORR,0.5,500,10,,,0.8646033645816443,0.008491505989291824,0.007607607607607607
F4_corrected_rule,N1,CORR,0.5,2000,10,,,0.8646033645816443,0.008491505989291824,0.004807692307692308
F4_corrected_rule,N1,CORR,0.5,5000,10,,,0.8646033645816443,0.008491505989291824,0.014028056112224449
F4_corrected_rule,N1,CORR,0.5,20000,10,,,0.8646033645816443,0.008491505989291824,0.008064516129032258
F4_corrected_rule,N1,CORR,0.5,500,10,,,0.7940568270726864,0.008129345391708917,0.008608608608608608
F4_corrected_rule,N1,CORR,0.5,2000,10,,,0.7940568270726864,0.008129345391708917,0.010416666666666666
F4_corrected_rule,N1,CORR,0.5,5000,10,,,0.7940568270726864,0.008129345391708917,0.02004008016032064
F4_corrected_rule,N1,CORR,0.5,20000,10,,,0.7940568270726864,0.008129345391708917,0.008064516129032258
F4_corrected_rule,N1,CORR,0.5,500,10,,,0.6461695415158647,0.008716842657001019,0.00880880880880881
F4_corrected_rule,N1,CORR,0.5,2000,10,,,0.6461695415158647,0.008716842657001019,0.011217948717948718
F4_corrected_rule,N1,CORR,0.5,5000,10,,,0.6461695415158647,0.008716842657001019,0.01002004008016032
F4_corrected_rule,N1,CORR,0.5,20000,10,,,0.6461695415158647,0.008716842657001019,0.0
F4_corrected_rule,N1,CORR,0.5,500,20,,,0.9226607542153489,0.008524587557474388,0.01121121121121121
F4_corrected_rule,N1,CORR,0.5,2000,20,,,0.9226607542153489,0.008524587557474388,0.009615384615384616
F4_corrected_rule,N1,CORR,0.5,5000,20,,,0.9226607542153489,0.008524587557474388,0.018036072144288578
F4_corrected_rule,N1,CORR,0.5,20000,20,,,0.9226607542153489,0.008524587557474388,0.016129032258064516
F4_corrected_rule,N1,CORR,0.5,500,20,,,0.905470836399424,0.00840576420535367,0.007207207207207207
F4_corrected_rule,N1,CORR,0.5,2000,20,,,0.905470836399424,0.00840576420535367,0.010416666666666666
F4_corrected_rule,N1,CORR,0.5,5000,20,,,0.905470836399424,0.00840576420535367,0.028056112224448898
F4_corrected_rule,N1,CORR,0.5,20000,20,,,0.905470836399424,0.00840576420535367,0.016129032258064516
F4_corrected_rule,N1,CORR,0.5,500,20,,,0.8645694242649659,0.008421654665352047,0.007807807807807808
F4_corrected_rule,N1,CORR,0.5,2000,20,,,0.8645694242649659,0.008421654665352047,0.005608974358974359
F4_corrected_rule,N1,CORR,0.5,5000,20,,,0.8645694242649659,0.008421654665352047,0.014028056112224449
F4_corrected_rule,N1,CORR,0.5,20000,20,,,0.8645694242649659,0.008421654665352047,0.008064516129032258
F4_corrected_rule,N1,CORR,0.5,500,20,,,0.7914705298567363,0.008220755070210046,0.00940940940940941
F4_corrected_rule,N1,CORR,0.5,2000,20,,,0.7914705298567363,0.008220755070210046,0.010416666666666666
F4_corrected_rule,N1,CORR,0.5,5000,20,,,0.7914705298567363,0.008220755070210046,0.02404809619238477
F4_corrected_rule,N1,CORR,0.5,20000,20,,,0.7914705298567363,0.008220755070210046,0.016129032258064516
F4_corrected_rule,N1,CORR,0.5,500,20,,,0.5940560124065299,0.008641152478447144,0.009209209209209208
F4_corrected_rule,N1,CORR,0.5,2000,20,,,0.5940560124065299,0.008641152478447144,0.007211538461538462
F4_corrected_rule,N1,CORR,0.5,5000,20,,,0.5940560124065299,0.008641152478447144,0.01002004008016032
F4_corrected_rule,N1,CORR,0.5,20000,20,,,0.5940560124065299,0.008641152478447144,0.008064516129032258
F4_corrected_rule,N1,CORR,0.5,500,50,,,0.9226607542153489,0.008524587557474388,0.01121121121121121
F4_corrected_rule,N1,CORR,0.5,2000,50,,,0.9226607542153489,0.008524587557474388,0.009615384615384616
F4_corrected_rule,N1,CORR,0.5,5000,50,,,0.9226607542153489,0.008524587557474388,0.018036072144288578
F4_corrected_rule,N1,CORR,0.5,20000,50,,,0.9226607542153489,0.008524587557474388,0.016129032258064516
F4_corrected_rule,N1,CORR,0.5,500,50,,,0.905470836399424,0.00840576420535367,0.007207207207207207
F4_corrected_rule,N1,CORR,0.5,2000,50,,,0.905470836399424,0.00840576420535367,0.010416666666666666
F4_corrected_rule,N1,CORR,0.5,5000,50,,,0.905470836399424,0.00840576420535367,0.028056112224448898
F4_corrected_rule,N1,CORR,0.5,20000,50,,,0.905470836399424,0.00840576420535367,0.016129032258064516
F4_corrected_rule,N1,CORR,0.5,500,50,,,0.8645694242649659,0.008421654665352047,0.007807807807807808
F4_corrected_rule,N1,CORR,0.5,2000,50,,,0.8645694242649659,0.008421654665352047,0.005608974358974359
F4_corrected_rule,N1,CORR,0.5,5000,50,,,0.8645694242649659,0.008421654665352047,0.014028056112224449
F4_corrected_rule,N1,CORR,0.5,20000,50,,,0.8645694242649659,0.008421654665352047,0.008064516129032258
F4_corrected_rule,N1,CORR,0.5,500,50,,,0.7913050961807714,0.008226251346649028,0.00940940940940941
F4_corrected_rule,N1,CORR,0.5,2000,50,,,0.7913050961807714,0.008226251346649028,0.010416666666666666
F4_corrected_rule,N1,CORR,0.5,5000,50,,,0.7913050961807714,0.008226251346649028,0.02404809619238477
F4_corrected_rule,N1,CORR,0.5,20000,50,,,0.7913050961807714,0.008226251346649028,0.016129032258064516
F4_corrected_rule,N1,CORR,0.5,500,50,,,0.5488957026530392,0.008737579234088326,0.00960960960960961
F4_corrected_rule,N1,CORR,0.5,2000,50,,,0.5488957026530392,0.008737579234088326,0.008012820512820512
F4_corrected_rule,N1,CORR,0.5,5000,50,,,0.5488957026530392,0.008737579234088326,0.014028056112224449
F4_corrected_rule,N1,CORR,0.5,20000,50,,,0.5488957026530392,0.008737579234088326,0.008064516129032258
F4_corrected_rule,N2,MEMLESS,0.02,500,1,,,0.3432780152777336,0.12316191238376131,0.44804804804804804
F4_corrected_rule,N2,MEMLESS,0.02,2000,1,,,0.3432780152777336,0.12316191238376131,0.9631410256410257
F4_corrected_rule,N2,MEMLESS,0.02,5000,1,,,0.3432780152777336,0.12316191238376131,1.0
F4_corrected_rule,N2,MEMLESS,0.02,20000,1,,,0.3432780152777336,0.12316191238376131,1.0
F4_corrected_rule,N2,CORR,0.02,500,2,,,0.34069607347135933,0.08058040369168795,0.16036036036036036
F4_corrected_rule,N2,CORR,0.02,2000,2,,,0.34069607347135933,0.08058040369168795,0.5328525641025641
F4_corrected_rule,N2,CORR,0.02,5000,2,,,0.34069607347135933,0.08058040369168795,0.8797595190380761
F4_corrected_rule,N2,CORR,0.02,20000,2,,,0.34069607347135933,0.08058040369168795,1.0
F4_corrected_rule,N2,CORR,0.02,500,2,,,0.32842092756598534,0.07375125933693223,0.04684684684684685
F4_corrected_rule,N2,CORR,0.02,2000,2,,,0.32842092756598534,0.07375125933693223,0.08733974358974358
F4_corrected_rule,N2,CORR,0.02,5000,2,,,0.32842092756598534,0.07375125933693223,0.17034068136272545
F4_corrected_rule,N2,CORR,0.02,20000,2,,,0.32842092756598534,0.07375125933693223,0.6290322580645161
F4_corrected_rule,N2,CORR,0.02,500,2,,,0.30958807100135244,0.06839085053011884,0.028628628628628628
F4_corrected_rule,N2,CORR,0.02,2000,2,,,0.30958807100135244,0.06839085053011884,0.05368589743589743
F4_corrected_rule,N2,CORR,0.02,5000,2,,,0.30958807100135244,0.06839085053011884,0.08016032064128256
F4_corrected_rule,N2,CORR,0.02,20000,2,,,0.30958807100135244,0.06839085053011884,0.2903225806451613
F4_corrected_rule,N2,CORR,0.02,500,2,,,0.29580349804633393,0.06579295976033349,0.037237237237237236
F4_corrected_rule,N2,CORR,0.02,2000,2,,,0.29580349804633393,0.06579295976033349,0.10817307692307693
F4_corrected_rule,N2,CORR,0.02,5000,2,,,0.29580349804633393,0.06579295976033349,0.250501002004008
F4_corrected_rule,N2,CORR,0.02,20000,2,,,0.29580349804633393,0.06579295976033349,0.8709677419354839
F4_corrected_rule,N2,CORR,0.02,500,2,,,0.28472549824969123,0.06456644024694794,0.03563563563563563
F4_corrected_rule,N2,CORR,0.02,2000,2,,,0.28472549824969123,0.06456644024694794,0.11217948717948718
F4_corrected_rule,N2,CORR,0.02,5000,2,,,0.28472549824969123,0.06456644024694794,0.2625250501002004
F4_corrected_rule,N2,CORR,0.02,20000,2,,,0.28472549824969123,0.06456644024694794,0.9193548387096774
F4_corrected_rule,N2,CORR,0.02,500,4,,,0.3407868542844589,0.07593428385565455,0.16436436436436436
F4_corrected_rule,N2,CORR,0.02,2000,4,,,0.3407868542844589,0.07593428385565455,0.5641025641025641
F4_corrected_rule,N2,CORR,0.02,5000,4,,,0.3407868542844589,0.07593428385565455,0.8937875751503006
F4_corrected_rule,N2,CORR,0.02,20000,4,,,0.3407868542844589,0.07593428385565455,1.0
F4_corrected_rule,N2,CORR,0.02,500,4,,,0.32589300187887127,0.050035183376124406,0.05325325325325325
F4_corrected_rule,N2,CORR,0.02,2000,4,,,0.32589300187887127,0.050035183376124406,0.14342948717948717
F4_corrected_rule,N2,CORR,0.02,5000,4,,,0.32589300187887127,0.050035183376124406,0.2985971943887776
F4_corrected_rule,N2,CORR,0.02,20000,4,,,0.32589300187887127,0.050035183376124406,0.8709677419354839
F4_corrected_rule,N2,CORR,0.02,500,4,,,0.2944538479000905,0.026042865255066515,0.014214214214214213
F4_corrected_rule,N2,CORR,0.02,2000,4,,,0.2944538479000905,0.026042865255066515,0.01842948717948718
F4_corrected_rule,N2,CORR,0.02,5000,4,,,0.2944538479000905,0.026042865255066515,0.014028056112224449
F4_corrected_rule,N2,CORR,0.02,20000,4,,,0.2944538479000905,0.026042865255066515,0.024193548387096774
F4_corrected_rule,N2,CORR,0.02,500,4,,,0.2537063929000014,0.020076008095795878,0.012612612612612612
F4_corrected_rule,N2,CORR,0.02,2000,4,,,0.2537063929000014,0.020076008095795878,0.017628205128205128
F4_corrected_rule,N2,CORR,0.02,5000,4,,,0.2537063929000014,0.020076008095795878,0.01603206412825651
F4_corrected_rule,N2,CORR,0.02,20000,4,,,0.2537063929000014,0.020076008095795878,0.056451612903225805
F4_corrected_rule,N2,CORR,0.02,500,4,,,0.20771107799376942,0.017673050894533856,0.011011011011011011
F4_corrected_rule,N2,CORR,0.02,2000,4,,,0.20771107799376942,0.017673050894533856,0.016025641025641024
F4_corrected_rule,N2,CORR,0.02,5000,4,,,0.20771107799376942,0.017673050894533856,0.01603206412825651
F4_corrected_rule,N2,CORR,0.02,20000,4,,,0.20771107799376942,0.017673050894533856,0.03225806451612903
F4_corrected_rule,N2,CORR,0.02,500,6,,,0.34079686305775353,0.07592490351400491,0.16456456456456456
F4_corrected_rule,N2,CORR,0.02,2000,6,,,0.34079686305775353,0.07592490351400491,0.5641025641025641
F4_corrected_rule,N2,CORR,0.02,5000,6,,,0.34079686305775353,0.07592490351400491,0.8957915831663327
F4_corrected_rule,N2,CORR,0.02,20000,6,,,0.34079686305775353,0.07592490351400491,1.0
F4_corrected_rule,N2,CORR,0.02,500,6,,,0.32581466960960725,0.050190673731672464,0.053653653653653655
F4_corrected_rule,N2,CORR,0.02,2000,6,,,0.32581466960960725,0.050190673731672464,0.14342948717948717
F4_corrected_rule,N2,CORR,0.02,5000,6,,,0.32581466960960725,0.050190673731672464,0.2985971943887776
F4_corrected_rule,N2,CORR,0.02,20000,6,,,0.32581466960960725,0.050190673731672464,0.8709677419354839
F4_corrected_rule,N2,CORR,0.02,500,6,,,0.2931872070584339,0.02500655695981748,0.015215215215215214
F4_corrected_rule,N2,CORR,0.02,2000,6,,,0.2931872070584339,0.02500655695981748,0.022435897435897436
F4_corrected_rule,N2,CORR,0.02,5000,6,,,0.2931872070584339,0.02500655695981748,0.018036072144288578
F4_corrected_rule,N2,CORR,0.02,20000,6,,,0.2931872070584339,0.02500655695981748,0.024193548387096774
F4_corrected_rule,N2,CORR,0.02,500,6,,,0.24133989190129515,0.012767838284170436,0.012812812812812813
F4_corrected_rule,N2,CORR,0.02,2000,6,,,0.24133989190129515,0.012767838284170436,0.01842948717948718
F4_corrected_rule,N2,CORR,0.02,5000,6,,,0.24133989190129515,0.012767838284170436,0.014028056112224449
F4_corrected_rule,N2,CORR,0.02,20000,6,,,0.24133989190129515,0.012767838284170436,0.024193548387096774
F4_corrected_rule,N2,CORR,0.02,500,6,,,0.1622066065227848,0.01024203066832401,0.009009009009009009
F4_corrected_rule,N2,CORR,0.02,2000,6,,,0.1622066065227848,0.01024203066832401,0.013621794871794872
F4_corrected_rule,N2,CORR,0.02,5000,6,,,0.1622066065227848,0.01024203066832401,0.012024048096192385
F4_corrected_rule,N2,CORR,0.02,20000,6,,,0.1622066065227848,0.01024203066832401,0.016129032258064516
F4_corrected_rule,N2,CORR,0.02,500,10,,,0.34079686305775353,0.07592490351400491,0.16456456456456456
F4_corrected_rule,N2,CORR,0.02,2000,10,,,0.34079686305775353,0.07592490351400491,0.5641025641025641
F4_corrected_rule,N2,CORR,0.02,5000,10,,,0.34079686305775353,0.07592490351400491,0.8957915831663327
F4_corrected_rule,N2,CORR,0.02,20000,10,,,0.34079686305775353,0.07592490351400491,1.0
F4_corrected_rule,N2,CORR,0.02,500,10,,,0.3258224552444097,0.05020642150845148,0.053653653653653655
F4_corrected_rule,N2,CORR,0.02,2000,10,,,0.3258224552444097,0.05020642150845148,0.14342948717948717
F4_corrected_rule,N2,CORR,0.02,5000,10,,,0.3258224552444097,0.05020642150845148,0.2985971943887776
F4_corrected_rule,N2,CORR,0.02,20000,10,,,0.3258224552444097,0.05020642150845148,0.8709677419354839
F4_corrected_rule,N2,CORR,0.02,500,10,,,0.29322531527174234,0.025113827526289333,0.015215215215215214
F4_corrected_rule,N2,CORR,0.02,2000,10,,,0.29322531527174234,0.025113827526289333,0.022435897435897436
F4_corrected_rule,N2,CORR,0.02,5000,10,,,0.29322531527174234,0.025113827526289333,0.018036072144288578
F4_corrected_rule,N2,CORR,0.02,20000,10,,,0.29322531527174234,0.025113827526289333,0.024193548387096774
F4_corrected_rule,N2,CORR,0.02,500,10,,,0.2385646062222348,0.012657732285063282,0.012212212212212211
F4_corrected_rule,N2,CORR,0.02,2000,10,,,0.2385646062222348,0.012657732285063282,0.017628205128205128
F4_corrected_rule,N2,CORR,0.02,5000,10,,,0.2385646062222348,0.012657732285063282,0.018036072144288578
F4_corrected_rule,N2,CORR,0.02,20000,10,,,0.2385646062222348,0.012657732285063282,0.016129032258064516
F4_corrected_rule,N2,CORR,0.02,500,10,,,0.12687260575975798,0.009028265165785483,0.01061061061061061
F4_corrected_rule,N2,CORR,0.02,2000,10,,,0.12687260575975798,0.009028265165785483,0.015224358974358974
F4_corrected_rule,N2,CORR,0.02,5000,10,,,0.12687260575975798,0.009028265165785483,0.012024048096192385
F4_corrected_rule,N2,CORR,0.02,20000,10,,,0.12687260575975798,0.009028265165785483,0.016129032258064516
F4_corrected_rule,N2,CORR,0.02,500,20,,,0.34079686305775353,0.07592490351400491,0.16456456456456456
F4_corrected_rule,N2,CORR,0.02,2000,20,,,0.34079686305775353,0.07592490351400491,0.5641025641025641
F4_corrected_rule,N2,CORR,0.02,5000,20,,,0.34079686305775353,0.07592490351400491,0.8957915831663327
F4_corrected_rule,N2,CORR,0.02,20000,20,,,0.34079686305775353,0.07592490351400491,1.0
F4_corrected_rule,N2,CORR,0.02,500,20,,,0.3258224552444097,0.05020642150845148,0.053653653653653655
F4_corrected_rule,N2,CORR,0.02,2000,20,,,0.3258224552444097,0.05020642150845148,0.14342948717948717
F4_corrected_rule,N2,CORR,0.02,5000,20,,,0.3258224552444097,0.05020642150845148,0.2985971943887776
F4_corrected_rule,N2,CORR,0.02,20000,20,,,0.3258224552444097,0.05020642150845148,0.8709677419354839
F4_corrected_rule,N2,CORR,0.02,500,20,,,0.29322531527174234,0.025113827526289333,0.015215215215215214
F4_corrected_rule,N2,CORR,0.02,2000,20,,,0.29322531527174234,0.025113827526289333,0.022435897435897436
F4_corrected_rule,N2,CORR,0.02,5000,20,,,0.29322531527174234,0.025113827526289333,0.018036072144288578
F4_corrected_rule,N2,CORR,0.02,20000,20,,,0.29322531527174234,0.025113827526289333,0.024193548387096774
F4_corrected_rule,N2,CORR,0.02,500,20,,,0.23859776968494983,0.012691652355576073,0.012012012012012012
F4_corrected_rule,N2,CORR,0.02,2000,20,,,0.23859776968494983,0.012691652355576073,0.017628205128205128
F4_corrected_rule,N2,CORR,0.02,5000,20,,,0.23859776968494983,0.012691652355576073,0.018036072144288578
F4_corrected_rule,N2,CORR,0.02,20000,20,,,0.23859776968494983,0.012691652355576073,0.016129032258064516
F4_corrected_rule,N2,CORR,0.02,500,20,,,0.09117258280318458,0.00807836438530031,0.010810810810810811
F4_corrected_rule,N2,CORR,0.02,2000,20,,,0.09117258280318458,0.00807836438530031,0.016025641025641024
F4_corrected_rule,N2,CORR,0.02,5000,20,,,0.09117258280318458,0.00807836438530031,0.01603206412825651
F4_corrected_rule,N2,CORR,0.02,20000,20,,,0.09117258280318458,0.00807836438530031,0.0
F4_corrected_rule,N2,CORR,0.02,500,50,,,0.34079686305775353,0.07592490351400491,0.16456456456456456
F4_corrected_rule,N2,CORR,0.02,2000,50,,,0.34079686305775353,0.07592490351400491,0.5641025641025641
F4_corrected_rule,N2,CORR,0.02,5000,50,,,0.34079686305775353,0.07592490351400491,0.8957915831663327
F4_corrected_rule,N2,CORR,0.02,20000,50,,,0.34079686305775353,0.07592490351400491,1.0
F4_corrected_rule,N2,CORR,0.02,500,50,,,0.3258224552444097,0.05020642150845148,0.053653653653653655
F4_corrected_rule,N2,CORR,0.02,2000,50,,,0.3258224552444097,0.05020642150845148,0.14342948717948717
F4_corrected_rule,N2,CORR,0.02,5000,50,,,0.3258224552444097,0.05020642150845148,0.2985971943887776
F4_corrected_rule,N2,CORR,0.02,20000,50,,,0.3258224552444097,0.05020642150845148,0.8709677419354839
F4_corrected_rule,N2,CORR,0.02,500,50,,,0.29322531527174234,0.025113827526289333,0.015215215215215214
F4_corrected_rule,N2,CORR,0.02,2000,50,,,0.29322531527174234,0.025113827526289333,0.022435897435897436
F4_corrected_rule,N2,CORR,0.02,5000,50,,,0.29322531527174234,0.025113827526289333,0.018036072144288578
F4_corrected_rule,N2,CORR,0.02,20000,50,,,0.29322531527174234,0.025113827526289333,0.024193548387096774
F4_corrected_rule,N2,CORR,0.02,500,50,,,0.23859776968494983,0.012691652355576073,0.012012012012012012
F4_corrected_rule,N2,CORR,0.02,2000,50,,,0.23859776968494983,0.012691652355576073,0.017628205128205128
F4_corrected_rule,N2,CORR,0.02,5000,50,,,0.23859776968494983,0.012691652355576073,0.018036072144288578
F4_corrected_rule,N2,CORR,0.02,20000,50,,,0.23859776968494983,0.012691652355576073,0.016129032258064516
F4_corrected_rule,N2,CORR,0.02,500,50,,,0.0742651229637375,0.008530589847083847,0.01021021021021021
F4_corrected_rule,N2,CORR,0.02,2000,50,,,0.0742651229637375,0.008530589847083847,0.016826923076923076
F4_corrected_rule,N2,CORR,0.02,5000,50,,,0.0742651229637375,0.008530589847083847,0.01603206412825651
F4_corrected_rule,N2,CORR,0.02,20000,50,,,0.0742651229637375,0.008530589847083847,0.008064516129032258
F4_corrected_rule,N2,MEMLESS,0.05,500,1,,,0.47984377814769646,0.04272799190889418,0.05985985985985986
F4_corrected_rule,N2,MEMLESS,0.05,2000,1,,,0.47984377814769646,0.04272799190889418,0.1578525641025641
F4_corrected_rule,N2,MEMLESS,0.05,5000,1,,,0.47984377814769646,0.04272799190889418,0.3687374749498998
F4_corrected_rule,N2,MEMLESS,0.05,20000,1,,,0.47984377814769646,0.04272799190889418,0.9274193548387096
F4_corrected_rule,N2,CORR,0.05,500,2,,,0.47356549009356014,0.035229619772908866,0.023423423423423424
F4_corrected_rule,N2,CORR,0.05,2000,2,,,0.47356549009356014,0.035229619772908866,0.022435897435897436
F4_corrected_rule,N2,CORR,0.05,5000,2,,,0.47356549009356014,0.035229619772908866,0.03006012024048096
F4_corrected_rule,N2,CORR,0.05,20000,2,,,0.47356549009356014,0.035229619772908866,0.024193548387096774
F4_corrected_rule,N2,CORR,0.05,500,2,,,0.4599676788883532,0.03611915558865164,0.024224224224224225
F4_corrected_rule,N2,CORR,0.05,2000,2,,,0.4599676788883532,0.03611915558865164,0.05448717948717949
F4_corrected_rule,N2,CORR,0.05,5000,2,,,0.4599676788883532,0.03611915558865164,0.10821643286573146
F4_corrected_rule,N2,CORR,0.05,20000,2,,,0.4599676788883532,0.03611915558865164,0.46774193548387094
F4_corrected_rule,N2,CORR,0.05,500,2,,,0.4420393451212117,0.04099253132271555,0.03303303303303303
F4_corrected_rule,N2,CORR,0.05,2000,2,,,0.4420393451212117,0.04099253132271555,0.10817307692307693
F4_corrected_rule,N2,CORR,0.05,5000,2,,,0.4420393451212117,0.04099253132271555,0.280561122244489
F4_corrected_rule,N2,CORR,0.05,20000,2,,,0.4420393451212117,0.04099253132271555,0.9354838709677419
F4_corrected_rule,N2,CORR,0.05,500,2,,,0.42787917655525015,0.04508465215741698,0.041841841841841844
F4_corrected_rule,N2,CORR,0.05,2000,2,,,0.42787917655525015,0.04508465215741698,0.14903846153846154
F4_corrected_rule,N2,CORR,0.05,5000,2,,,0.42787917655525015,0.04508465215741698,0.38877755511022044
F4_corrected_rule,N2,CORR,0.05,20000,2,,,0.42787917655525015,0.04508465215741698,0.9758064516129032
F4_corrected_rule,N2,CORR,0.05,500,2,,,0.413656468680236,0.04928106231399252,0.04084084084084084
F4_corrected_rule,N2,CORR,0.05,2000,2,,,0.413656468680236,0.04928106231399252,0.1578525641025641
F4_corrected_rule,N2,CORR,0.05,5000,2,,,0.413656468680236,0.04928106231399252,0.3847695390781563
F4_corrected_rule,N2,CORR,0.05,20000,2,,,0.413656468680236,0.04928106231399252,0.967741935483871
F4_corrected_rule,N2,CORR,0.05,500,4,,,0.4729820782407703,0.030215498881385007,0.024424424424424423
F4_corrected_rule,N2,CORR,0.05,2000,4,,,0.4729820782407703,0.030215498881385007,0.022435897435897436
F4_corrected_rule,N2,CORR,0.05,5000,4,,,0.4729820782407703,0.030215498881385007,0.03006012024048096
F4_corrected_rule,N2,CORR,0.05,20000,4,,,0.4729820782407703,0.030215498881385007,0.0967741935483871
F4_corrected_rule,N2,CORR,0.05,500,4,,,0.4555425494139429,0.023842653076919126,0.017417417417417418
F4_corrected_rule,N2,CORR,0.05,2000,4,,,0.4555425494139429,0.023842653076919126,0.020032051282051284
F4_corrected_rule,N2,CORR,0.05,5000,4,,,0.4555425494139429,0.023842653076919126,0.026052104208416832
F4_corrected_rule,N2,CORR,0.05,20000,4,,,0.4555425494139429,0.023842653076919126,0.04838709677419355
F4_corrected_rule,N2,CORR,0.05,500,4,,,0.4224287259932196,0.02219577193697659,0.013613613613613613
F4_corrected_rule,N2,CORR,0.05,2000,4,,,0.4224287259932196,0.02219577193697659,0.014423076923076924
F4_corrected_rule,N2,CORR,0.05,5000,4,,,0.4224287259932196,0.02219577193697659,0.026052104208416832
F4_corrected_rule,N2,CORR,0.05,20000,4,,,0.4224287259932196,0.02219577193697659,0.08064516129032258
F4_corrected_rule,N2,CORR,0.05,500,4,,,0.3889214844417008,0.023082513252008566,0.01121121121121121
F4_corrected_rule,N2,CORR,0.05,2000,4,,,0.3889214844417008,0.023082513252008566,0.015224358974358974
F4_corrected_rule,N2,CORR,0.05,5000,4,,,0.3889214844417008,0.023082513252008566,0.03006012024048096
F4_corrected_rule,N2,CORR,0.05,20000,4,,,0.3889214844417008,0.023082513252008566,0.11290322580645161
F4_corrected_rule,N2,CORR,0.05,500,4,,,0.34567926653814807,0.02466546262715931,0.01061061061061061
F4_corrected_rule,N2,CORR,0.05,2000,4,,,0.34567926653814807,0.02466546262715931,0.015224358974358974
F4_corrected_rule,N2,CORR,0.05,5000,4,,,0.34567926653814807,0.02466546262715931,0.026052104208416832
F4_corrected_rule,N2,CORR,0.05,20000,4,,,0.34567926653814807,0.02466546262715931,0.10483870967741936
F4_corrected_rule,N2,CORR,0.05,500,6,,,0.47298496067870344,0.0302889830521628,0.024424424424424423
F4_corrected_rule,N2,CORR,0.05,2000,6,,,0.47298496067870344,0.0302889830521628,0.023237179487179488
F4_corrected_rule,N2,CORR,0.05,5000,6,,,0.47298496067870344,0.0302889830521628,0.03206412825651302
F4_corrected_rule,N2,CORR,0.05,20000,6,,,0.47298496067870344,0.0302889830521628,0.10483870967741936
F4_corrected_rule,N2,CORR,0.05,500,6,,,0.4551710094857144,0.023818051016515823,0.017417417417417418
F4_corrected_rule,N2,CORR,0.05,2000,6,,,0.4551710094857144,0.023818051016515823,0.019230769230769232
F4_corrected_rule,N2,CORR,0.05,5000,6,,,0.4551710094857144,0.023818051016515823,0.02004008016032064
F4_corrected_rule,N2,CORR,0.05,20000,6,,,0.4551710094857144,0.023818051016515823,0.04838709677419355
F4_corrected_rule,N2,CORR,0.05,500,6,,,0.4198403634621291,0.01788342494216668,0.013413413413413414
F4_corrected_rule,N2,CORR,0.05,2000,6,,,0.4198403634621291,0.01788342494216668,0.015224358974358974
F4_corrected_rule,N2,CORR,0.05,5000,6,,,0.4198403634621291,0.01788342494216668,0.02004008016032064
F4_corrected_rule,N2,CORR,0.05,20000,6,,,0.4198403634621291,0.01788342494216668,0.04838709677419355
F4_corrected_rule,N2,CORR,0.05,500,6,,,0.37713577656062464,0.012890855231705654,0.01061061061061061
F4_corrected_rule,N2,CORR,0.05,2000,6,,,0.37713577656062464,0.012890855231705654,0.01842948717948718
F4_corrected_rule,N2,CORR,0.05,5000,6,,,0.37713577656062464,0.012890855231705654,0.02404809619238477
F4_corrected_rule,N2,CORR,0.05,20000,6,,,0.37713577656062464,0.012890855231705654,0.04838709677419355
F4_corrected_rule,N2,CORR,0.05,500,6,,,0.2989971183507914,0.012079959627266688,0.01061061061061061
F4_corrected_rule,N2,CORR,0.05,2000,6,,,0.2989971183507914,0.012079959627266688,0.016826923076923076
F4_corrected_rule,N2,CORR,0.05,5000,6,,,0.2989971183507914,0.012079959627266688,0.018036072144288578
F4_corrected_rule,N2,CORR,0.05,20000,6,,,0.2989971183507914,0.012079959627266688,0.056451612903225805
F4_corrected_rule,N2,CORR,0.05,500,10,,,0.47298496067870344,0.0302889830521628,0.024424424424424423
F4_corrected_rule,N2,CORR,0.05,2000,10,,,0.47298496067870344,0.0302889830521628,0.023237179487179488
F4_corrected_rule,N2,CORR,0.05,5000,10,,,0.47298496067870344,0.0302889830521628,0.03206412825651302
F4_corrected_rule,N2,CORR,0.05,20000,10,,,0.47298496067870344,0.0302889830521628,0.10483870967741936
F4_corrected_rule,N2,CORR,0.05,500,10,,,0.45519991742171795,0.023839200020541882,0.017417417417417418
F4_corrected_rule,N2,CORR,0.05,2000,10,,,0.45519991742171795,0.023839200020541882,0.019230769230769232
F4_corrected_rule,N2,CORR,0.05,5000,10,,,0.45519991742171795,0.023839200020541882,0.02004008016032064
F4_corrected_rule,N2,CORR,0.05,20000,10,,,0.45519991742171795,0.023839200020541882,0.04838709677419355
F4_corrected_rule,N2,CORR,0.05,500,10,,,0.4192510930624369,0.018079630356337535,0.014014014014014014
F4_corrected_rule,N2,CORR,0.05,2000,10,,,0.4192510930624369,0.018079630356337535,0.013621794871794872
F4_corrected_rule,N2,CORR,0.05,5000,10,,,0.4192510930624369,0.018079630356337535,0.022044088176352707
F4_corrected_rule,N2,CORR,0.05,20000,10,,,0.4192510930624369,0.018079630356337535,0.04838709677419355
F4_corrected_rule,N2,CORR,0.05,500,10,,,0.37297466630741094,0.01247689239371841,0.011811811811811812
F4_corrected_rule,N2,CORR,0.05,2000,10,,,0.37297466630741094,0.01247689239371841,0.016826923076923076
F4_corrected_rule,N2,CORR,0.05,5000,10,,,0.37297466630741094,0.01247689239371841,0.028056112224448898
F4_corrected_rule,N2,CORR,0.05,20000,10,,,0.37297466630741094,0.01247689239371841,0.04838709677419355
F4_corrected_rule,N2,CORR,0.05,500,10,,,0.23470051746098983,0.008533400475592699,0.00940940940940941
F4_corrected_rule,N2,CORR,0.05,2000,10,,,0.23470051746098983,0.008533400475592699,0.013621794871794872
F4_corrected_rule,N2,CORR,0.05,5000,10,,,0.23470051746098983,0.008533400475592699,0.012024048096192385
F4_corrected_rule,N2,CORR,0.05,20000,10,,,0.23470051746098983,0.008533400475592699,0.016129032258064516
F4_corrected_rule,N2,CORR,0.05,500,20,,,0.47298496067870344,0.0302889830521628,0.024424424424424423
F4_corrected_rule,N2,CORR,0.05,2000,20,,,0.47298496067870344,0.0302889830521628,0.023237179487179488
F4_corrected_rule,N2,CORR,0.05,5000,20,,,0.47298496067870344,0.0302889830521628,0.03206412825651302
F4_corrected_rule,N2,CORR,0.05,20000,20,,,0.47298496067870344,0.0302889830521628,0.10483870967741936
F4_corrected_rule,N2,CORR,0.05,500,20,,,0.45519991742171795,0.023839200020541882,0.017417417417417418
F4_corrected_rule,N2,CORR,0.05,2000,20,,,0.45519991742171795,0.023839200020541882,0.019230769230769232
F4_corrected_rule,N2,CORR,0.05,5000,20,,,0.45519991742171795,0.023839200020541882,0.02004008016032064
F4_corrected_rule,N2,CORR,0.05,20000,20,,,0.45519991742171795,0.023839200020541882,0.04838709677419355
F4_corrected_rule,N2,CORR,0.05,500,20,,,0.41925953486909984,0.018077805079347364,0.014014014014014014
F4_corrected_rule,N2,CORR,0.05,2000,20,,,0.41925953486909984,0.018077805079347364,0.013621794871794872
F4_corrected_rule,N2,CORR,0.05,5000,20,,,0.41925953486909984,0.018077805079347364,0.022044088176352707
F4_corrected_rule,N2,CORR,0.05,20000,20,,,0.41925953486909984,0.018077805079347364,0.04838709677419355
F4_corrected_rule,N2,CORR,0.05,500,20,,,0.37216333852086997,0.012680391058793032,0.011611611611611611
F4_corrected_rule,N2,CORR,0.05,2000,20,,,0.37216333852086997,0.012680391058793032,0.016826923076923076
F4_corrected_rule,N2,CORR,0.05,5000,20,,,0.37216333852086997,0.012680391058793032,0.026052104208416832
F4_corrected_rule,N2,CORR,0.05,20000,20,,,0.37216333852086997,0.012680391058793032,0.04032258064516129
F4_corrected_rule,N2,CORR,0.05,500,20,,,0.16682380073868594,0.008655078927893868,0.01001001001001001
F4_corrected_rule,N2,CORR,0.05,2000,20,,,0.16682380073868594,0.008655078927893868,0.01282051282051282
F4_corrected_rule,N2,CORR,0.05,5000,20,,,0.16682380073868594,0.008655078927893868,0.012024048096192385
F4_corrected_rule,N2,CORR,0.05,20000,20,,,0.16682380073868594,0.008655078927893868,0.016129032258064516
F4_corrected_rule,N2,CORR,0.05,500,50,,,0.47298496067870344,0.0302889830521628,0.024424424424424423
F4_corrected_rule,N2,CORR,0.05,2000,50,,,0.47298496067870344,0.0302889830521628,0.023237179487179488
F4_corrected_rule,N2,CORR,0.05,5000,50,,,0.47298496067870344,0.0302889830521628,0.03206412825651302
F4_corrected_rule,N2,CORR,0.05,20000,50,,,0.47298496067870344,0.0302889830521628,0.10483870967741936
F4_corrected_rule,N2,CORR,0.05,500,50,,,0.45519991742171795,0.023839200020541882,0.017417417417417418
F4_corrected_rule,N2,CORR,0.05,2000,50,,,0.45519991742171795,0.023839200020541882,0.019230769230769232
F4_corrected_rule,N2,CORR,0.05,5000,50,,,0.45519991742171795,0.023839200020541882,0.02004008016032064
F4_corrected_rule,N2,CORR,0.05,20000,50,,,0.45519991742171795,0.023839200020541882,0.04838709677419355
F4_corrected_rule,N2,CORR,0.05,500,50,,,0.41925953486909984,0.018077805079347364,0.014014014014014014
F4_corrected_rule,N2,CORR,0.05,2000,50,,,0.41925953486909984,0.018077805079347364,0.013621794871794872
F4_corrected_rule,N2,CORR,0.05,5000,50,,,0.41925953486909984,0.018077805079347364,0.022044088176352707
F4_corrected_rule,N2,CORR,0.05,20000,50,,,0.41925953486909984,0.018077805079347364,0.04838709677419355
F4_corrected_rule,N2,CORR,0.05,500,50,,,0.37216706851507747,0.012679682936407099,0.011611611611611611
F4_corrected_rule,N2,CORR,0.05,2000,50,,,0.37216706851507747,0.012679682936407099,0.016826923076923076
F4_corrected_rule,N2,CORR,0.05,5000,50,,,0.37216706851507747,0.012679682936407099,0.026052104208416832
F4_corrected_rule,N2,CORR,0.05,20000,50,,,0.37216706851507747,0.012679682936407099,0.04032258064516129
F4_corrected_rule,N2,CORR,0.05,500,50,,,0.12250104817161592,0.008189654436291294,0.010810810810810811
F4_corrected_rule,N2,CORR,0.05,2000,50,,,0.12250104817161592,0.008189654436291294,0.016025641025641024
F4_corrected_rule,N2,CORR,0.05,5000,50,,,0.12250104817161592,0.008189654436291294,0.01603206412825651
F4_corrected_rule,N2,CORR,0.05,20000,50,,,0.12250104817161592,0.008189654436291294,0.008064516129032258
F4_corrected_rule,N2,MEMLESS,0.1,500,1,,,0.6069227734989691,0.030747549332326235,0.036836836836836834
F4_corrected_rule,N2,MEMLESS,0.1,2000,1,,,0.6069227734989691,0.030747549332326235,0.10336538461538461
F4_corrected_rule,N2,MEMLESS,0.1,5000,1,,,0.6069227734989691,0.030747549332326235,0.2545090180360721
F4_corrected_rule,N2,MEMLESS,0.1,20000,1,,,0.6069227734989691,0.030747549332326235,0.8629032258064516
F4_corrected_rule,N2,CORR,0.1,500,2,,,0.5991626143569002,0.03980619379843622,0.037237237237237236
F4_corrected_rule,N2,CORR,0.1,2000,2,,,0.5991626143569002,0.03980619379843622,0.1530448717948718
F4_corrected_rule,N2,CORR,0.1,5000,2,,,0.5991626143569002,0.03980619379843622,0.4468937875751503
F4_corrected_rule,N2,CORR,0.1,20000,2,,,0.5991626143569002,0.03980619379843622,0.9838709677419355
F4_corrected_rule,N2,CORR,0.1,500,2,,,0.5853441333729027,0.04268432880827098,0.03323323323323323
F4_corrected_rule,N2,CORR,0.1,2000,2,,,0.5853441333729027,0.04268432880827098,0.17467948717948717
F4_corrected_rule,N2,CORR,0.1,5000,2,,,0.5853441333729027,0.04268432880827098,0.5110220440881763
F4_corrected_rule,N2,CORR,0.1,20000,2,,,0.5853441333729027,0.04268432880827098,1.0
F4_corrected_rule,N2,CORR,0.1,500,2,,,0.5651254973950346,0.044337617266848796,0.03643643643643644
F4_corrected_rule,N2,CORR,0.1,2000,2,,,0.5651254973950346,0.044337617266848796,0.20112179487179488
F4_corrected_rule,N2,CORR,0.1,5000,2,,,0.5651254973950346,0.044337617266848796,0.5511022044088176
F4_corrected_rule,N2,CORR,0.1,20000,2,,,0.5651254973950346,0.044337617266848796,1.0
F4_corrected_rule,N2,CORR,0.1,500,2,,,0.5459660342371228,0.04434240281281523,0.03803803803803804
F4_corrected_rule,N2,CORR,0.1,2000,2,,,0.5459660342371228,0.04434240281281523,0.20032051282051283
F4_corrected_rule,N2,CORR,0.1,5000,2,,,0.5459660342371228,0.04434240281281523,0.561122244488978
F4_corrected_rule,N2,CORR,0.1,20000,2,,,0.5459660342371228,0.04434240281281523,0.9919354838709677
F4_corrected_rule,N2,CORR,0.1,500,2,,,0.5283477616099287,0.04343257094765352,0.036836836836836834
F4_corrected_rule,N2,CORR,0.1,2000,2,,,0.5283477616099287,0.04343257094765352,0.1971153846153846
F4_corrected_rule,N2,CORR,0.1,5000,2,,,0.5283477616099287,0.04343257094765352,0.5430861723446894
F4_corrected_rule,N2,CORR,0.1,20000,2,,,0.5283477616099287,0.04343257094765352,1.0
F4_corrected_rule,N2,CORR,0.1,500,4,,,0.5981841250399443,0.0350054120468154,0.028428428428428427
F4_corrected_rule,N2,CORR,0.1,2000,4,,,0.5981841250399443,0.0350054120468154,0.11217948717948718
F4_corrected_rule,N2,CORR,0.1,5000,4,,,0.5981841250399443,0.0350054120468154,0.33867735470941884
F4_corrected_rule,N2,CORR,0.1,20000,4,,,0.5981841250399443,0.0350054120468154,0.9435483870967742
F4_corrected_rule,N2,CORR,0.1,500,4,,,0.5796426869500394,0.029347183993728133,0.01761761761761762
F4_corrected_rule,N2,CORR,0.1,2000,4,,,0.5796426869500394,0.029347183993728133,0.07612179487179487
F4_corrected_rule,N2,CORR,0.1,5000,4,,,0.5796426869500394,0.029347183993728133,0.21042084168336672
F4_corrected_rule,N2,CORR,0.1,20000,4,,,0.5796426869500394,0.029347183993728133,0.8790322580645161
F4_corrected_rule,N2,CORR,0.1,500,4,,,0.5435495062338273,0.02338865627131597,0.012812812812812813
F4_corrected_rule,N2,CORR,0.1,2000,4,,,0.5435495062338273,0.02338865627131597,0.04487179487179487
F4_corrected_rule,N2,CORR,0.1,5000,4,,,0.5435495062338273,0.02338865627131597,0.12024048096192384
F4_corrected_rule,N2,CORR,0.1,20000,4,,,0.5435495062338273,0.02338865627131597,0.6209677419354839
F4_corrected_rule,N2,CORR,0.1,500,4,,,0.5061980347789524,0.021390635187014787,0.012412412412412413
F4_corrected_rule,N2,CORR,0.1,2000,4,,,0.5061980347789524,0.021390635187014787,0.03445512820512821
F4_corrected_rule,N2,CORR,0.1,5000,4,,,0.5061980347789524,0.021390635187014787,0.0841683366733467
F4_corrected_rule,N2,CORR,0.1,20000,4,,,0.5061980347789524,0.021390635187014787,0.3870967741935484
F4_corrected_rule,N2,CORR,0.1,500,4,,,0.45989606077098844,0.024776990693697303,0.012812812812812813
F4_corrected_rule,N2,CORR,0.1,2000,4,,,0.45989606077098844,0.024776990693697303,0.022435897435897436
F4_corrected_rule,N2,CORR,0.1,5000,4,,,0.45989606077098844,0.024776990693697303,0.056112224448897796
F4_corrected_rule,N2,CORR,0.1,20000,4,,,0.45989606077098844,0.024776990693697303,0.29838709677419356
F4_corrected_rule,N2,CORR,0.1,500,6,,,0.5981224790719198,0.03494113122386375,0.028428428428428427
F4_corrected_rule,N2,CORR,0.1,2000,6,,,0.5981224790719198,0.03494113122386375,0.11217948717948718
F4_corrected_rule,N2,CORR,0.1,5000,6,,,0.5981224790719198,0.03494113122386375,0.3366733466933868
F4_corrected_rule,N2,CORR,0.1,20000,6,,,0.5981224790719198,0.03494113122386375,0.9354838709677419
F4_corrected_rule,N2,CORR,0.1,500,6,,,0.5792127980228767,0.02877351950449584,0.018018018018018018
F4_corrected_rule,N2,CORR,0.1,2000,6,,,0.5792127980228767,0.02877351950449584,0.07451923076923077
F4_corrected_rule,N2,CORR,0.1,5000,6,,,0.5792127980228767,0.02877351950449584,0.20440881763527055
F4_corrected_rule,N2,CORR,0.1,20000,6,,,0.5792127980228767,0.02877351950449584,0.8467741935483871
F4_corrected_rule,N2,CORR,0.1,500,6,,,0.5386930769164213,0.020361866575516738,0.012012012012012012
F4_corrected_rule,N2,CORR,0.1,2000,6,,,0.5386930769164213,0.020361866575516738,0.03125
F4_corrected_rule,N2,CORR,0.1,5000,6,,,0.5386930769164213,0.020361866575516738,0.09418837675350701
F4_corrected_rule,N2,CORR,0.1,20000,6,,,0.5386930769164213,0.020361866575516738,0.4435483870967742
F4_corrected_rule,N2,CORR,0.1,500,6,,,0.49353367067638454,0.01481936027155958,0.010810810810810811
F4_corrected_rule,N2,CORR,0.1,2000,6,,,0.49353367067638454,0.01481936027155958,0.016025641025641024
F4_corrected_rule,N2,CORR,0.1,5000,6,,,0.49353367067638454,0.01481936027155958,0.04208416833667335
F4_corrected_rule,N2,CORR,0.1,20000,6,,,0.49353367067638454,0.01481936027155958,0.20967741935483872
F4_corrected_rule,N2,CORR,0.1,500,6,,,0.41585147196096645,0.014201883220189962,0.01061061061061061
F4_corrected_rule,N2,CORR,0.1,2000,6,,,0.41585147196096645,0.014201883220189962,0.011217948717948718
F4_corrected_rule,N2,CORR,0.1,5000,6,,,0.41585147196096645,0.014201883220189962,0.022044088176352707
F4_corrected_rule,N2,CORR,0.1,20000,6,,,0.41585147196096645,0.014201883220189962,0.06451612903225806
F4_corrected_rule,N2,CORR,0.1,500,10,,,0.5981224790719198,0.03494113122386375,0.028428428428428427
F4_corrected_rule,N2,CORR,0.1,2000,10,,,0.5981224790719198,0.03494113122386375,0.11217948717948718
F4_corrected_rule,N2,CORR,0.1,5000,10,,,0.5981224790719198,0.03494113122386375,0.3366733466933868
F4_corrected_rule,N2,CORR,0.1,20000,10,,,0.5981224790719198,0.03494113122386375,0.9354838709677419
F4_corrected_rule,N2,CORR,0.1,500,10,,,0.5792393436298062,0.028745137878033386,0.018018018018018018
F4_corrected_rule,N2,CORR,0.1,2000,10,,,0.5792393436298062,0.028745137878033386,0.07371794871794872
F4_corrected_rule,N2,CORR,0.1,5000,10,,,0.5792393436298062,0.028745137878033386,0.20440881763527055
F4_corrected_rule,N2,CORR,0.1,20000,10,,,0.5792393436298062,0.028745137878033386,0.8467741935483871
F4_corrected_rule,N2,CORR,0.1,500,10,,,0.537530500677208,0.019705680760665364,0.013013013013013013
F4_corrected_rule,N2,CORR,0.1,2000,10,,,0.537530500677208,0.019705680760665364,0.03125
F4_corrected_rule,N2,CORR,0.1,5000,10,,,0.537530500677208,0.019705680760665364,0.09018036072144289
F4_corrected_rule,N2,CORR,0.1,20000,10,,,0.537530500677208,0.019705680760665364,0.41935483870967744
F4_corrected_rule,N2,CORR,0.1,500,10,,,0.48464495717898265,0.01277610577570189,0.01061061061061061
F4_corrected_rule,N2,CORR,0.1,2000,10,,,0.48464495717898265,0.01277610577570189,0.01282051282051282
F4_corrected_rule,N2,CORR,0.1,5000,10,,,0.48464495717898265,0.01277610577570189,0.03807615230460922
F4_corrected_rule,N2,CORR,0.1,20000,10,,,0.48464495717898265,0.01277610577570189,0.13709677419354838
F4_corrected_rule,N2,CORR,0.1,500,10,,,0.3602514671400492,0.00965196121349083,0.008208208208208207
F4_corrected_rule,N2,CORR,0.1,2000,10,,,0.3602514671400492,0.00965196121349083,0.015224358974358974
F4_corrected_rule,N2,CORR,0.1,5000,10,,,0.3602514671400492,0.00965196121349083,0.018036072144288578
F4_corrected_rule,N2,CORR,0.1,20000,10,,,0.3602514671400492,0.00965196121349083,0.04032258064516129
F4_corrected_rule,N2,CORR,0.1,500,20,,,0.5981224790719198,0.03494113122386375,0.028428428428428427
F4_corrected_rule,N2,CORR,0.1,2000,20,,,0.5981224790719198,0.03494113122386375,0.11217948717948718
F4_corrected_rule,N2,CORR,0.1,5000,20,,,0.5981224790719198,0.03494113122386375,0.3366733466933868
F4_corrected_rule,N2,CORR,0.1,20000,20,,,0.5981224790719198,0.03494113122386375,0.9354838709677419
F4_corrected_rule,N2,CORR,0.1,500,20,,,0.5792393436298062,0.028745137878033386,0.018018018018018018
F4_corrected_rule,N2,CORR,0.1,2000,20,,,0.5792393436298062,0.028745137878033386,0.07371794871794872
F4_corrected_rule,N2,CORR,0.1,5000,20,,,0.5792393436298062,0.028745137878033386,0.20440881763527055
F4_corrected_rule,N2,CORR,0.1,20000,20,,,0.5792393436298062,0.028745137878033386,0.8467741935483871
F4_corrected_rule,N2,CORR,0.1,500,20,,,0.5374691111254246,0.019669665935866838,0.013013013013013013
F4_corrected_rule,N2,CORR,0.1,2000,20,,,0.5374691111254246,0.019669665935866838,0.03125
F4_corrected_rule,N2,CORR,0.1,5000,20,,,0.5374691111254246,0.019669665935866838,0.08817635270541083
F4_corrected_rule,N2,CORR,0.1,20000,20,,,0.5374691111254246,0.019669665935866838,0.4032258064516129
F4_corrected_rule,N2,CORR,0.1,500,20,,,0.48315562455746147,0.012587463513846174,0.01061061061061061
F4_corrected_rule,N2,CORR,0.1,2000,20,,,0.48315562455746147,0.012587463513846174,0.011217948717948718
F4_corrected_rule,N2,CORR,0.1,5000,20,,,0.48315562455746147,0.012587463513846174,0.036072144288577156
F4_corrected_rule,N2,CORR,0.1,20000,20,,,0.48315562455746147,0.012587463513846174,0.10483870967741936
F4_corrected_rule,N2,CORR,0.1,500,20,,,0.27582057832979673,0.008478087319614027,0.010810810810810811
F4_corrected_rule,N2,CORR,0.1,2000,20,,,0.27582057832979673,0.008478087319614027,0.01201923076923077
F4_corrected_rule,N2,CORR,0.1,5000,20,,,0.27582057832979673,0.008478087319614027,0.012024048096192385
F4_corrected_rule,N2,CORR,0.1,20000,20,,,0.27582057832979673,0.008478087319614027,0.008064516129032258
F4_corrected_rule,N2,CORR,0.1,500,50,,,0.5981224790719198,0.03494113122386375,0.028428428428428427
F4_corrected_rule,N2,CORR,0.1,2000,50,,,0.5981224790719198,0.03494113122386375,0.11217948717948718
F4_corrected_rule,N2,CORR,0.1,5000,50,,,0.5981224790719198,0.03494113122386375,0.3366733466933868
F4_corrected_rule,N2,CORR,0.1,20000,50,,,0.5981224790719198,0.03494113122386375,0.9354838709677419
F4_corrected_rule,N2,CORR,0.1,500,50,,,0.5792393436298062,0.028745137878033386,0.018018018018018018
F4_corrected_rule,N2,CORR,0.1,2000,50,,,0.5792393436298062,0.028745137878033386,0.07371794871794872
F4_corrected_rule,N2,CORR,0.1,5000,50,,,0.5792393436298062,0.028745137878033386,0.20440881763527055
F4_corrected_rule,N2,CORR,0.1,20000,50,,,0.5792393436298062,0.028745137878033386,0.8467741935483871
F4_corrected_rule,N2,CORR,0.1,500,50,,,0.5374691111254246,0.019669665935866838,0.013013013013013013
F4_corrected_rule,N2,CORR,0.1,2000,50,,,0.5374691111254246,0.019669665935866838,0.03125
F4_corrected_rule,N2,CORR,0.1,5000,50,,,0.5374691111254246,0.019669665935866838,0.08817635270541083
F4_corrected_rule,N2,CORR,0.1,20000,50,,,0.5374691111254246,0.019669665935866838,0.4032258064516129
F4_corrected_rule,N2,CORR,0.1,500,50,,,0.4831704208384079,0.01258052932581867,0.01061061061061061
F4_corrected_rule,N2,CORR,0.1,2000,50,,,0.4831704208384079,0.01258052932581867,0.011217948717948718
F4_corrected_rule,N2,CORR,0.1,5000,50,,,0.4831704208384079,0.01258052932581867,0.036072144288577156
F4_corrected_rule,N2,CORR,0.1,20000,50,,,0.4831704208384079,0.01258052932581867,0.11290322580645161
F4_corrected_rule,N2,CORR,0.1,500,50,,,0.19995670953530048,0.008906270159253271,0.01041041041041041
F4_corrected_rule,N2,CORR,0.1,2000,50,,,0.19995670953530048,0.008906270159253271,0.016826923076923076
F4_corrected_rule,N2,CORR,0.1,5000,50,,,0.19995670953530048,0.008906270159253271,0.012024048096192385
F4_corrected_rule,N2,CORR,0.1,20000,50,,,0.19995670953530048,0.008906270159253271,0.024193548387096774
F4_corrected_rule,N2,MEMLESS,0.2,500,1,,,0.7607763419920333,0.06037092915416272,0.07307307307307308
F4_corrected_rule,N2,MEMLESS,0.2,2000,1,,,0.7607763419920333,0.06037092915416272,0.4150641025641026
F4_corrected_rule,N2,MEMLESS,0.2,5000,1,,,0.7607763419920333,0.06037092915416272,0.8577154308617234
F4_corrected_rule,N2,MEMLESS,0.2,20000,1,,,0.7607763419920333,0.06037092915416272,1.0
F4_corrected_rule,N2,CORR,0.2,500,2,,,0.7527681338824651,0.051826678573111816,0.045445445445445445
F4_corrected_rule,N2,CORR,0.2,2000,2,,,0.7527681338824651,0.051826678573111816,0.29086538461538464
F4_corrected_rule,N2,CORR,0.2,5000,2,,,0.7527681338824651,0.051826678573111816,0.7134268537074149
F4_corrected_rule,N2,CORR,0.2,20000,2,,,0.7527681338824651,0.051826678573111816,1.0
F4_corrected_rule,N2,CORR,0.2,500,2,,,0.737850618849127,0.04839748644353323,0.033633633633633635
F4_corrected_rule,N2,CORR,0.2,2000,2,,,0.737850618849127,0.04839748644353323,0.23717948717948717
F4_corrected_rule,N2,CORR,0.2,5000,2,,,0.737850618849127,0.04839748644353323,0.6492985971943888
F4_corrected_rule,N2,CORR,0.2,20000,2,,,0.737850618849127,0.04839748644353323,1.0
F4_corrected_rule,N2,CORR,0.2,500,2,,,0.7143869990405449,0.047267062562310586,0.03283283283283283
F4_corrected_rule,N2,CORR,0.2,2000,2,,,0.7143869990405449,0.047267062562310586,0.21314102564102563
F4_corrected_rule,N2,CORR,0.2,5000,2,,,0.7143869990405449,0.047267062562310586,0.6232464929859719
F4_corrected_rule,N2,CORR,0.2,20000,2,,,0.7143869990405449,0.047267062562310586,1.0
F4_corrected_rule,N2,CORR,0.2,500,2,,,0.6930422610882755,0.0472783002672916,0.033433433433433433
F4_corrected_rule,N2,CORR,0.2,2000,2,,,0.6930422610882755,0.0472783002672916,0.21314102564102563
F4_corrected_rule,N2,CORR,0.2,5000,2,,,0.6930422610882755,0.0472783002672916,0.5991983967935872
F4_corrected_rule,N2,CORR,0.2,20000,2,,,0.6930422610882755,0.0472783002672916,1.0
F4_corrected_rule,N2,CORR,0.2,500,2,,,0.6709959419812667,0.04771499397719099,0.03863863863863864
F4_corrected_rule,N2,CORR,0.2,2000,2,,,0.6709959419812667,0.04771499397719099,0.21474358974358973
F4_corrected_rule,N2,CORR,0.2,5000,2,,,0.6709959419812667,0.04771499397719099,0.6352705410821643
F4_corrected_rule,N2,CORR,0.2,20000,2,,,0.6709959419812667,0.04771499397719099,1.0
F4_corrected_rule,N2,CORR,0.2,500,4,,,0.7519803709719898,0.04819295018866593,0.03843843843843844
F4_corrected_rule,N2,CORR,0.2,2000,4,,,0.7519803709719898,0.04819295018866593,0.23477564102564102
F4_corrected_rule,N2,CORR,0.2,5000,4,,,0.7519803709719898,0.04819295018866593,0.625250501002004
F4_corrected_rule,N2,CORR,0.2,20000,4,,,0.7519803709719898,0.04819295018866593,1.0
F4_corrected_rule,N2,CORR,0.2,500,4,,,0.7312927148932192,0.03979629148068088,0.022622622622622622
F4_corrected_rule,N2,CORR,0.2,2000,4,,,0.7312927148932192,0.03979629148068088,0.14342948717948717
F4_corrected_rule,N2,CORR,0.2,5000,4,,,0.7312927148932192,0.03979629148068088,0.4168336673346693
F4_corrected_rule,N2,CORR,0.2,20000,4,,,0.7312927148932192,0.03979629148068088,0.9919354838709677
F4_corrected_rule,N2,CORR,0.2,500,4,,,0.6916809339128059,0.03312255831294525,0.01761761761761762
F4_corrected_rule,N2,CORR,0.2,2000,4,,,0.6916809339128059,0.03312255831294525,0.07852564102564102
F4_corrected_rule,N2,CORR,0.2,5000,4,,,0.6916809339128059,0.03312255831294525,0.2725450901803607
F4_corrected_rule,N2,CORR,0.2,20000,4,,,0.6916809339128059,0.03312255831294525,0.9758064516129032
F4_corrected_rule,N2,CORR,0.2,500,4,,,0.6480877419213078,0.030851542024488067,0.015015015015015015
F4_corrected_rule,N2,CORR,0.2,2000,4,,,0.6480877419213078,0.030851542024488067,0.0625
F4_corrected_rule,N2,CORR,0.2,5000,4,,,0.6480877419213078,0.030851542024488067,0.218436873747495
F4_corrected_rule,N2,CORR,0.2,20000,4,,,0.6480877419213078,0.030851542024488067,0.9032258064516129
F4_corrected_rule,N2,CORR,0.2,500,4,,,0.5967014268475309,0.029155698190431754,0.013013013013013013
F4_corrected_rule,N2,CORR,0.2,2000,4,,,0.5967014268475309,0.029155698190431754,0.057692307692307696
F4_corrected_rule,N2,CORR,0.2,5000,4,,,0.5967014268475309,0.029155698190431754,0.156312625250501
F4_corrected_rule,N2,CORR,0.2,20000,4,,,0.5967014268475309,0.029155698190431754,0.7419354838709677
F4_corrected_rule,N2,CORR,0.2,500,6,,,0.7519862540431151,0.04814767282250879,0.03923923923923924
F4_corrected_rule,N2,CORR,0.2,2000,6,,,0.7519862540431151,0.04814767282250879,0.23237179487179488
F4_corrected_rule,N2,CORR,0.2,5000,6,,,0.7519862540431151,0.04814767282250879,0.627254509018036
F4_corrected_rule,N2,CORR,0.2,20000,6,,,0.7519862540431151,0.04814767282250879,1.0
F4_corrected_rule,N2,CORR,0.2,500,6,,,0.7305708350518805,0.039095652981472585,0.022022022022022022
F4_corrected_rule,N2,CORR,0.2,2000,6,,,0.7305708350518805,0.039095652981472585,0.13942307692307693
F4_corrected_rule,N2,CORR,0.2,5000,6,,,0.7305708350518805,0.039095652981472585,0.4028056112224449
F4_corrected_rule,N2,CORR,0.2,20000,6,,,0.7305708350518805,0.039095652981472585,0.9919354838709677
F4_corrected_rule,N2,CORR,0.2,500,6,,,0.6870995156509225,0.03084383310330435,0.015415415415415416
F4_corrected_rule,N2,CORR,0.2,2000,6,,,0.6870995156509225,0.03084383310330435,0.06009615384615385
F4_corrected_rule,N2,CORR,0.2,5000,6,,,0.6870995156509225,0.03084383310330435,0.22444889779559118
F4_corrected_rule,N2,CORR,0.2,20000,6,,,0.6870995156509225,0.03084383310330435,0.9193548387096774
F4_corrected_rule,N2,CORR,0.2,500,6,,,0.6335550741777872,0.025850582563176298,0.014614614614614614
F4_corrected_rule,N2,CORR,0.2,2000,6,,,0.6335550741777872,0.025850582563176298,0.044070512820512824
F4_corrected_rule,N2,CORR,0.2,5000,6,,,0.6335550741777872,0.025850582563176298,0.13627254509018036
F4_corrected_rule,N2,CORR,0.2,20000,6,,,0.6335550741777872,0.025850582563176298,0.6612903225806451
F4_corrected_rule,N2,CORR,0.2,500,6,,,0.556607721148568,0.019265874091961465,0.010810810810810811
F4_corrected_rule,N2,CORR,0.2,2000,6,,,0.556607721148568,0.019265874091961465,0.021634615384615384
F4_corrected_rule,N2,CORR,0.2,5000,6,,,0.556607721148568,0.019265874091961465,0.06012024048096192
F4_corrected_rule,N2,CORR,0.2,20000,6,,,0.556607721148568,0.019265874091961465,0.3467741935483871
F4_corrected_rule,N2,CORR,0.2,500,10,,,0.7519907080759194,0.04814608094293558,0.03923923923923924
F4_corrected_rule,N2,CORR,0.2,2000,10,,,0.7519907080759194,0.04814608094293558,0.23237179487179488
F4_corrected_rule,N2,CORR,0.2,5000,10,,,0.7519907080759194,0.04814608094293558,0.627254509018036
F4_corrected_rule,N2,CORR,0.2,20000,10,,,0.7519907080759194,0.04814608094293558,1.0
F4_corrected_rule,N2,CORR,0.2,500,10,,,0.7303743522468789,0.03904035781511105,0.02142142142142142
F4_corrected_rule,N2,CORR,0.2,2000,10,,,0.7303743522468789,0.03904035781511105,0.13782051282051283
F4_corrected_rule,N2,CORR,0.2,5000,10,,,0.7303743522468789,0.03904035781511105,0.40080160320641284
F4_corrected_rule,N2,CORR,0.2,20000,10,,,0.7303743522468789,0.03904035781511105,0.9919354838709677
F4_corrected_rule,N2,CORR,0.2,500,10,,,0.685322610803911,0.030309436110533064,0.016016016016016016
F4_corrected_rule,N2,CORR,0.2,2000,10,,,0.685322610803911,0.030309436110533064,0.057692307692307696
F4_corrected_rule,N2,CORR,0.2,5000,10,,,0.685322610803911,0.030309436110533064,0.22244488977955912
F4_corrected_rule,N2,CORR,0.2,20000,10,,,0.685322610803911,0.030309436110533064,0.9032258064516129
F4_corrected_rule,N2,CORR,0.2,500,10,,,0.6255390246108746,0.023136977890027156,0.012412412412412413
F4_corrected_rule,N2,CORR,0.2,2000,10,,,0.6255390246108746,0.023136977890027156,0.038461538461538464
F4_corrected_rule,N2,CORR,0.2,5000,10,,,0.6255390246108746,0.023136977890027156,0.09218436873747494
F4_corrected_rule,N2,CORR,0.2,20000,10,,,0.6255390246108746,0.023136977890027156,0.4838709677419355
F4_corrected_rule,N2,CORR,0.2,500,10,,,0.5047911673927801,0.012270237664068994,0.01121121121121121
F4_corrected_rule,N2,CORR,0.2,2000,10,,,0.5047911673927801,0.012270237664068994,0.01282051282051282
F4_corrected_rule,N2,CORR,0.2,5000,10,,,0.5047911673927801,0.012270237664068994,0.026052104208416832
F4_corrected_rule,N2,CORR,0.2,20000,10,,,0.5047911673927801,0.012270237664068994,0.04838709677419355
F4_corrected_rule,N2,CORR,0.2,500,20,,,0.7519907080759194,0.04814608094293558,0.03923923923923924
F4_corrected_rule,N2,CORR,0.2,2000,20,,,0.7519907080759194,0.04814608094293558,0.23237179487179488
F4_corrected_rule,N2,CORR,0.2,5000,20,,,0.7519907080759194,0.04814608094293558,0.627254509018036
F4_corrected_rule,N2,CORR,0.2,20000,20,,,0.7519907080759194,0.04814608094293558,1.0
F4_corrected_rule,N2,CORR,0.2,500,20,,,0.7303750911716864,0.039041446949832116,0.02142142142142142
F4_corrected_rule,N2,CORR,0.2,2000,20,,,0.7303750911716864,0.039041446949832116,0.13782051282051283
F4_corrected_rule,N2,CORR,0.2,5000,20,,,0.7303750911716864,0.039041446949832116,0.40080160320641284
F4_corrected_rule,N2,CORR,0.2,20000,20,,,0.7303750911716864,0.039041446949832116,0.9919354838709677
F4_corrected_rule,N2,CORR,0.2,500,20,,,0.6852111219042493,0.03031764526211111,0.015815815815815815
F4_corrected_rule,N2,CORR,0.2,2000,20,,,0.6852111219042493,0.03031764526211111,0.057692307692307696
F4_corrected_rule,N2,CORR,0.2,5000,20,,,0.6852111219042493,0.03031764526211111,0.218436873747495
F4_corrected_rule,N2,CORR,0.2,20000,20,,,0.6852111219042493,0.03031764526211111,0.9112903225806451
F4_corrected_rule,N2,CORR,0.2,500,20,,,0.6224342654962939,0.02233497283730411,0.012012012012012012
F4_corrected_rule,N2,CORR,0.2,2000,20,,,0.6224342654962939,0.02233497283730411,0.03365384615384615
F4_corrected_rule,N2,CORR,0.2,5000,20,,,0.6224342654962939,0.02233497283730411,0.09819639278557114
F4_corrected_rule,N2,CORR,0.2,20000,20,,,0.6224342654962939,0.02233497283730411,0.41935483870967744
F4_corrected_rule,N2,CORR,0.2,500,20,,,0.4368493305786059,0.009712009018622446,0.01041041041041041
F4_corrected_rule,N2,CORR,0.2,2000,20,,,0.4368493305786059,0.009712009018622446,0.013621794871794872
F4_corrected_rule,N2,CORR,0.2,5000,20,,,0.4368493305786059,0.009712009018622446,0.02004008016032064
F4_corrected_rule,N2,CORR,0.2,20000,20,,,0.4368493305786059,0.009712009018622446,0.04838709677419355
F4_corrected_rule,N2,CORR,0.2,500,50,,,0.7519907080759194,0.04814608094293558,0.03923923923923924
F4_corrected_rule,N2,CORR,0.2,2000,50,,,0.7519907080759194,0.04814608094293558,0.23237179487179488
F4_corrected_rule,N2,CORR,0.2,5000,50,,,0.7519907080759194,0.04814608094293558,0.627254509018036
F4_corrected_rule,N2,CORR,0.2,20000,50,,,0.7519907080759194,0.04814608094293558,1.0
F4_corrected_rule,N2,CORR,0.2,500,50,,,0.7303750911716864,0.039041446949832116,0.02142142142142142
F4_corrected_rule,N2,CORR,0.2,2000,50,,,0.7303750911716864,0.039041446949832116,0.13782051282051283
F4_corrected_rule,N2,CORR,0.2,5000,50,,,0.7303750911716864,0.039041446949832116,0.40080160320641284
F4_corrected_rule,N2,CORR,0.2,20000,50,,,0.7303750911716864,0.039041446949832116,0.9919354838709677
F4_corrected_rule,N2,CORR,0.2,500,50,,,0.6852111219042493,0.03031764526211111,0.015815815815815815
F4_corrected_rule,N2,CORR,0.2,2000,50,,,0.6852111219042493,0.03031764526211111,0.057692307692307696
F4_corrected_rule,N2,CORR,0.2,5000,50,,,0.6852111219042493,0.03031764526211111,0.218436873747495
F4_corrected_rule,N2,CORR,0.2,20000,50,,,0.6852111219042493,0.03031764526211111,0.9112903225806451
F4_corrected_rule,N2,CORR,0.2,500,50,,,0.6224917461881784,0.022322489682764693,0.012012012012012012
F4_corrected_rule,N2,CORR,0.2,2000,50,,,0.6224917461881784,0.022322489682764693,0.03445512820512821
F4_corrected_rule,N2,CORR,0.2,5000,50,,,0.6224917461881784,0.022322489682764693,0.09819639278557114
F4_corrected_rule,N2,CORR,0.2,20000,50,,,0.6224917461881784,0.022322489682764693,0.41935483870967744
F4_corrected_rule,N2,CORR,0.2,500,50,,,0.34284747282994027,0.008541821383571431,0.00940940940940941
F4_corrected_rule,N2,CORR,0.2,2000,50,,,0.34284747282994027,0.008541821383571431,0.010416666666666666
F4_corrected_rule,N2,CORR,0.2,5000,50,,,0.34284747282994027,0.008541821383571431,0.01603206412825651
F4_corrected_rule,N2,CORR,0.2,20000,50,,,0.34284747282994027,0.008541821383571431,0.024193548387096774
F4_corrected_rule,N2,MEMLESS,0.3,500,1,,,0.8534541308315482,0.053080769405275945,0.05025025025025025
F4_corrected_rule,N2,MEMLESS,0.3,2000,1,,,0.8534541308315482,0.053080769405275945,0.33573717948717946
F4_corrected_rule,N2,MEMLESS,0.3,5000,1,,,0.8534541308315482,0.053080769405275945,0.7454909819639278
F4_corrected_rule,N2,MEMLESS,0.3,20000,1,,,0.8534541308315482,0.053080769405275945,1.0
F4_corrected_rule,N2,CORR,0.3,500,2,,,0.8455479242760905,0.042923465204298926,0.028428428428428427
F4_corrected_rule,N2,CORR,0.3,2000,2,,,0.8455479242760905,0.042923465204298926,0.1778846153846154
F4_corrected_rule,N2,CORR,0.3,5000,2,,,0.8455479242760905,0.042923465204298926,0.5170340681362725
F4_corrected_rule,N2,CORR,0.3,20000,2,,,0.8455479242760905,0.042923465204298926,1.0
F4_corrected_rule,N2,CORR,0.3,500,2,,,0.8314915382866356,0.03951859419451893,0.026426426426426425
F4_corrected_rule,N2,CORR,0.3,2000,2,,,0.8314915382866356,0.03951859419451893,0.14102564102564102
F4_corrected_rule,N2,CORR,0.3,5000,2,,,0.8314915382866356,0.03951859419451893,0.4288577154308617
F4_corrected_rule,N2,CORR,0.3,20000,2,,,0.8314915382866356,0.03951859419451893,1.0
F4_corrected_rule,N2,CORR,0.3,500,2,,,0.8107876514888815,0.039460293257083695,0.022822822822822823
F4_corrected_rule,N2,CORR,0.3,2000,2,,,0.8107876514888815,0.039460293257083695,0.1362179487179487
F4_corrected_rule,N2,CORR,0.3,5000,2,,,0.8107876514888815,0.039460293257083695,0.4088176352705411
F4_corrected_rule,N2,CORR,0.3,20000,2,,,0.8107876514888815,0.039460293257083695,1.0
F4_corrected_rule,N2,CORR,0.3,500,2,,,0.7911220049959715,0.0405377088961241,0.023223223223223222
F4_corrected_rule,N2,CORR,0.3,2000,2,,,0.7911220049959715,0.0405377088961241,0.1546474358974359
F4_corrected_rule,N2,CORR,0.3,5000,2,,,0.7911220049959715,0.0405377088961241,0.43687374749499
F4_corrected_rule,N2,CORR,0.3,20000,2,,,0.7911220049959715,0.0405377088961241,1.0
F4_corrected_rule,N2,CORR,0.3,500,2,,,0.770081395492781,0.04268635594344278,0.025425425425425426
F4_corrected_rule,N2,CORR,0.3,2000,2,,,0.770081395492781,0.04268635594344278,0.17067307692307693
F4_corrected_rule,N2,CORR,0.3,5000,2,,,0.770081395492781,0.04268635594344278,0.4969939879759519
F4_corrected_rule,N2,CORR,0.3,20000,2,,,0.770081395492781,0.04268635594344278,1.0
F4_corrected_rule,N2,CORR,0.3,500,4,,,0.8446967755875682,0.04082906578532606,0.026426426426426425
F4_corrected_rule,N2,CORR,0.3,2000,4,,,0.8446967755875682,0.04082906578532606,0.16506410256410256
F4_corrected_rule,N2,CORR,0.3,5000,4,,,0.8446967755875682,0.04082906578532606,0.46292585170340683
F4_corrected_rule,N2,CORR,0.3,20000,4,,,0.8446967755875682,0.04082906578532606,1.0
F4_corrected_rule,N2,CORR,0.3,500,4,,,0.8262028107252384,0.03459429701611495,0.018018018018018018
F4_corrected_rule,N2,CORR,0.3,2000,4,,,0.8262028107252384,0.03459429701611495,0.0953525641025641
F4_corrected_rule,N2,CORR,0.3,5000,4,,,0.8262028107252384,0.03459429701611495,0.3026052104208417
F4_corrected_rule,N2,CORR,0.3,20000,4,,,0.8262028107252384,0.03459429701611495,0.9758064516129032
F4_corrected_rule,N2,CORR,0.3,500,4,,,0.7904397240443047,0.032074743385383915,0.013413413413413414
F4_corrected_rule,N2,CORR,0.3,2000,4,,,0.7904397240443047,0.032074743385383915,0.0673076923076923
F4_corrected_rule,N2,CORR,0.3,5000,4,,,0.7904397240443047,0.032074743385383915,0.24849699398797595
F4_corrected_rule,N2,CORR,0.3,20000,4,,,0.7904397240443047,0.032074743385383915,0.9193548387096774
F4_corrected_rule,N2,CORR,0.3,500,4,,,0.7481507247468187,0.03102318139061718,0.015615615615615615
F4_corrected_rule,N2,CORR,0.3,2000,4,,,0.7481507247468187,0.03102318139061718,0.07211538461538461
F4_corrected_rule,N2,CORR,0.3,5000,4,,,0.7481507247468187,0.03102318139061718,0.218436873747495
F4_corrected_rule,N2,CORR,0.3,20000,4,,,0.7481507247468187,0.03102318139061718,0.9354838709677419
F4_corrected_rule,N2,CORR,0.3,500,4,,,0.6927564419756159,0.031159968886998585,0.015415415415415416
F4_corrected_rule,N2,CORR,0.3,2000,4,,,0.6927564419756159,0.031159968886998585,0.06330128205128205
F4_corrected_rule,N2,CORR,0.3,5000,4,,,0.6927564419756159,0.031159968886998585,0.24248496993987975
F4_corrected_rule,N2,CORR,0.3,20000,4,,,0.6927564419756159,0.031159968886998585,0.9516129032258065
F4_corrected_rule,N2,CORR,0.3,500,6,,,0.8446667425060547,0.04082102890778987,0.026626626626626626
F4_corrected_rule,N2,CORR,0.3,2000,6,,,0.8446667425060547,0.04082102890778987,0.1642628205128205
F4_corrected_rule,N2,CORR,0.3,5000,6,,,0.8446667425060547,0.04082102890778987,0.4709418837675351
F4_corrected_rule,N2,CORR,0.3,20000,6,,,0.8446667425060547,0.04082102890778987,1.0
F4_corrected_rule,N2,CORR,0.3,500,6,,,0.8257479357570545,0.034338983864216924,0.017817817817817817
F4_corrected_rule,N2,CORR,0.3,2000,6,,,0.8257479357570545,0.034338983864216924,0.09294871794871795
F4_corrected_rule,N2,CORR,0.3,5000,6,,,0.8257479357570545,0.034338983864216924,0.3106212424849699
F4_corrected_rule,N2,CORR,0.3,20000,6,,,0.8257479357570545,0.034338983864216924,0.9758064516129032
F4_corrected_rule,N2,CORR,0.3,500,6,,,0.7864646855128621,0.03039093343175495,0.013813813813813814
F4_corrected_rule,N2,CORR,0.3,2000,6,,,0.7864646855128621,0.03039093343175495,0.0625
F4_corrected_rule,N2,CORR,0.3,5000,6,,,0.7864646855128621,0.03039093343175495,0.19839679358717435
F4_corrected_rule,N2,CORR,0.3,20000,6,,,0.7864646855128621,0.03039093343175495,0.9032258064516129
F4_corrected_rule,N2,CORR,0.3,500,6,,,0.7328532871599047,0.02746624543319097,0.014614614614614614
F4_corrected_rule,N2,CORR,0.3,2000,6,,,0.7328532871599047,0.02746624543319097,0.046474358974358976
F4_corrected_rule,N2,CORR,0.3,5000,6,,,0.7328532871599047,0.02746624543319097,0.1523046092184369
F4_corrected_rule,N2,CORR,0.3,20000,6,,,0.7328532871599047,0.02746624543319097,0.8064516129032258
F4_corrected_rule,N2,CORR,0.3,500,6,,,0.655454087060411,0.02383194656939047,0.012212212212212211
F4_corrected_rule,N2,CORR,0.3,2000,6,,,0.655454087060411,0.02383194656939047,0.03365384615384615
F4_corrected_rule,N2,CORR,0.3,5000,6,,,0.655454087060411,0.02383194656939047,0.10420841683366733
F4_corrected_rule,N2,CORR,0.3,20000,6,,,0.655454087060411,0.02383194656939047,0.5564516129032258
F4_corrected_rule,N2,CORR,0.3,500,10,,,0.8446707462967074,0.04081811711890145,0.026626626626626626
F4_corrected_rule,N2,CORR,0.3,2000,10,,,0.8446707462967074,0.04081811711890145,0.1642628205128205
F4_corrected_rule,N2,CORR,0.3,5000,10,,,0.8446707462967074,0.04081811711890145,0.4709418837675351
F4_corrected_rule,N2,CORR,0.3,20000,10,,,0.8446707462967074,0.04081811711890145,1.0
F4_corrected_rule,N2,CORR,0.3,500,10,,,0.8255982114450456,0.03432249699794136,0.01761761761761762
F4_corrected_rule,N2,CORR,0.3,2000,10,,,0.8255982114450456,0.03432249699794136,0.09455128205128205
F4_corrected_rule,N2,CORR,0.3,5000,10,,,0.8255982114450456,0.03432249699794136,0.30861723446893785
F4_corrected_rule,N2,CORR,0.3,20000,10,,,0.8255982114450456,0.03432249699794136,0.9758064516129032
F4_corrected_rule,N2,CORR,0.3,500,10,,,0.7852300636652728,0.030038076312839775,0.014014014014014014
F4_corrected_rule,N2,CORR,0.3,2000,10,,,0.7852300636652728,0.030038076312839775,0.057692307692307696
F4_corrected_rule,N2,CORR,0.3,5000,10,,,0.7852300636652728,0.030038076312839775,0.1963927855711423
F4_corrected_rule,N2,CORR,0.3,20000,10,,,0.7852300636652728,0.030038076312839775,0.9032258064516129
F4_corrected_rule,N2,CORR,0.3,500,10,,,0.7236250425547708,0.025680660914675673,0.013013013013013013
F4_corrected_rule,N2,CORR,0.3,2000,10,,,0.7236250425547708,0.025680660914675673,0.040865384615384616
F4_corrected_rule,N2,CORR,0.3,5000,10,,,0.7236250425547708,0.025680660914675673,0.11823647294589178
F4_corrected_rule,N2,CORR,0.3,20000,10,,,0.7236250425547708,0.025680660914675673,0.6612903225806451
F4_corrected_rule,N2,CORR,0.3,500,10,,,0.6082656526520673,0.016111624894274215,0.00940940940940941
F4_corrected_rule,N2,CORR,0.3,2000,10,,,0.6082656526520673,0.016111624894274215,0.013621794871794872
F4_corrected_rule,N2,CORR,0.3,5000,10,,,0.6082656526520673,0.016111624894274215,0.04008016032064128
F4_corrected_rule,N2,CORR,0.3,20000,10,,,0.6082656526520673,0.016111624894274215,0.18548387096774194
F4_corrected_rule,N2,CORR,0.3,500,20,,,0.8446707462967074,0.04081811711890145,0.026626626626626626
F4_corrected_rule,N2,CORR,0.3,2000,20,,,0.8446707462967074,0.04081811711890145,0.1642628205128205
F4_corrected_rule,N2,CORR,0.3,5000,20,,,0.8446707462967074,0.04081811711890145,0.4709418837675351
F4_corrected_rule,N2,CORR,0.3,20000,20,,,0.8446707462967074,0.04081811711890145,1.0
F4_corrected_rule,N2,CORR,0.3,500,20,,,0.8255992480007454,0.034324429225316304,0.01761761761761762
F4_corrected_rule,N2,CORR,0.3,2000,20,,,0.8255992480007454,0.034324429225316304,0.09455128205128205
F4_corrected_rule,N2,CORR,0.3,5000,20,,,0.8255992480007454,0.034324429225316304,0.30861723446893785
F4_corrected_rule,N2,CORR,0.3,20000,20,,,0.8255992480007454,0.034324429225316304,0.9758064516129032
F4_corrected_rule,N2,CORR,0.3,500,20,,,0.7849475975845343,0.03004617587164807,0.014014014014014014
F4_corrected_rule,N2,CORR,0.3,2000,20,,,0.7849475975845343,0.03004617587164807,0.058493589743589744
F4_corrected_rule,N2,CORR,0.3,5000,20,,,0.7849475975845343,0.03004617587164807,0.1903807615230461
F4_corrected_rule,N2,CORR,0.3,20000,20,,,0.7849475975845343,0.03004617587164807,0.8870967741935484
F4_corrected_rule,N2,CORR,0.3,500,20,,,0.7210606255839251,0.02512508191597147,0.014614614614614614
F4_corrected_rule,N2,CORR,0.3,2000,20,,,0.7210606255839251,0.02512508191597147,0.03685897435897436
F4_corrected_rule,N2,CORR,0.3,5000,20,,,0.7210606255839251,0.02512508191597147,0.12424849699398798
F4_corrected_rule,N2,CORR,0.3,20000,20,,,0.7210606255839251,0.02512508191597147,0.6532258064516129
F4_corrected_rule,N2,CORR,0.3,500,20,,,0.5435322796794076,0.010456283818853399,0.01001001001001001
F4_corrected_rule,N2,CORR,0.3,2000,20,,,0.5435322796794076,0.010456283818853399,0.009615384615384616
F4_corrected_rule,N2,CORR,0.3,5000,20,,,0.5435322796794076,0.010456283818853399,0.03006012024048096
F4_corrected_rule,N2,CORR,0.3,20000,20,,,0.5435322796794076,0.010456283818853399,0.06451612903225806
F4_corrected_rule,N2,CORR,0.3,500,50,,,0.8446707462967074,0.04081811711890145,0.026626626626626626
F4_corrected_rule,N2,CORR,0.3,2000,50,,,0.8446707462967074,0.04081811711890145,0.1642628205128205
F4_corrected_rule,N2,CORR,0.3,5000,50,,,0.8446707462967074,0.04081811711890145,0.4709418837675351
F4_corrected_rule,N2,CORR,0.3,20000,50,,,0.8446707462967074,0.04081811711890145,1.0
F4_corrected_rule,N2,CORR,0.3,500,50,,,0.8255992480007454,0.034324429225316304,0.01761761761761762
F4_corrected_rule,N2,CORR,0.3,2000,50,,,0.8255992480007454,0.034324429225316304,0.09455128205128205
F4_corrected_rule,N2,CORR,0.3,5000,50,,,0.8255992480007454,0.034324429225316304,0.30861723446893785
F4_corrected_rule,N2,CORR,0.3,20000,50,,,0.8255992480007454,0.034324429225316304,0.9758064516129032
F4_corrected_rule,N2,CORR,0.3,500,50,,,0.7849493971378969,0.03004526666777288,0.014014014014014014
F4_corrected_rule,N2,CORR,0.3,2000,50,,,0.7849493971378969,0.03004526666777288,0.058493589743589744
F4_corrected_rule,N2,CORR,0.3,5000,50,,,0.7849493971378969,0.03004526666777288,0.1903807615230461
F4_corrected_rule,N2,CORR,0.3,20000,50,,,0.7849493971378969,0.03004526666777288,0.8870967741935484
F4_corrected_rule,N2,CORR,0.3,500,50,,,0.7209265726125309,0.025128093801296075,0.014614614614614614
F4_corrected_rule,N2,CORR,0.3,2000,50,,,0.7209265726125309,0.025128093801296075,0.035256410256410256
F4_corrected_rule,N2,CORR,0.3,5000,50,,,0.7209265726125309,0.025128093801296075,0.12625250501002003
F4_corrected_rule,N2,CORR,0.3,20000,50,,,0.7209265726125309,0.025128093801296075,0.6532258064516129
F4_corrected_rule,N2,CORR,0.3,500,50,,,0.4615851164042906,0.008775411920113798,0.011611611611611611
F4_corrected_rule,N2,CORR,0.3,2000,50,,,0.4615851164042906,0.008775411920113798,0.014423076923076924
F4_corrected_rule,N2,CORR,0.3,5000,50,,,0.4615851164042906,0.008775411920113798,0.022044088176352707
F4_corrected_rule,N2,CORR,0.3,20000,50,,,0.4615851164042906,0.008775411920113798,0.024193548387096774
F4_corrected_rule,N2,MEMLESS,0.5,500,1,,,0.9524684757938442,0.02317871494105255,0.012812812812812813
F4_corrected_rule,N2,MEMLESS,0.5,2000,1,,,0.9524684757938442,0.02317871494105255,0.04246794871794872
F4_corrected_rule,N2,MEMLESS,0.5,5000,1,,,0.9524684757938442,0.02317871494105255,0.1282565130260521
F4_corrected_rule,N2,MEMLESS,0.5,20000,1,,,0.9524684757938442,0.02317871494105255,0.6774193548387096
F4_corrected_rule,N2,CORR,0.5,500,2,,,0.9489751073636101,0.01949729959177506,0.011011011011011011
F4_corrected_rule,N2,CORR,0.5,2000,2,,,0.9489751073636101,0.01949729959177506,0.029647435897435896
F4_corrected_rule,N2,CORR,0.5,5000,2,,,0.9489751073636101,0.01949729959177506,0.0781563126252505
F4_corrected_rule,N2,CORR,0.5,20000,2,,,0.9489751073636101,0.01949729959177506,0.45161290322580644
F4_corrected_rule,N2,CORR,0.5,500,2,,,0.9407863048942017,0.019245709741052504,0.01061061061061061
F4_corrected_rule,N2,CORR,0.5,2000,2,,,0.9407863048942017,0.019245709741052504,0.01842948717948718
F4_corrected_rule,N2,CORR,0.5,5000,2,,,0.9407863048942017,0.019245709741052504,0.06813627254509018
F4_corrected_rule,N2,CORR,0.5,20000,2,,,0.9407863048942017,0.019245709741052504,0.4112903225806452
F4_corrected_rule,N2,CORR,0.5,500,2,,,0.9271619566360287,0.0208279813253415,0.01041041041041041
F4_corrected_rule,N2,CORR,0.5,2000,2,,,0.9271619566360287,0.0208279813253415,0.024839743589743588
F4_corrected_rule,N2,CORR,0.5,5000,2,,,0.9271619566360287,0.0208279813253415,0.0781563126252505
F4_corrected_rule,N2,CORR,0.5,20000,2,,,0.9271619566360287,0.0208279813253415,0.46774193548387094
F4_corrected_rule,N2,CORR,0.5,500,2,,,0.913047879708971,0.023307423713790063,0.012212212212212211
F4_corrected_rule,N2,CORR,0.5,2000,2,,,0.913047879708971,0.023307423713790063,0.028846153846153848
F4_corrected_rule,N2,CORR,0.5,5000,2,,,0.913047879708971,0.023307423713790063,0.09619238476953908
F4_corrected_rule,N2,CORR,0.5,20000,2,,,0.913047879708971,0.023307423713790063,0.5806451612903226
F4_corrected_rule,N2,CORR,0.5,500,2,,,0.8967547897499486,0.026198198133819878,0.013013013013013013
F4_corrected_rule,N2,CORR,0.5,2000,2,,,0.8967547897499486,0.026198198133819878,0.04326923076923077
F4_corrected_rule,N2,CORR,0.5,5000,2,,,0.8967547897499486,0.026198198133819878,0.13026052104208416
F4_corrected_rule,N2,CORR,0.5,20000,2,,,0.8967547897499486,0.026198198133819878,0.7419354838709677
F4_corrected_rule,N2,CORR,0.5,500,4,,,0.9487427449428212,0.01916144413803506,0.011811811811811812
F4_corrected_rule,N2,CORR,0.5,2000,4,,,0.9487427449428212,0.01916144413803506,0.027243589743589744
F4_corrected_rule,N2,CORR,0.5,5000,4,,,0.9487427449428212,0.01916144413803506,0.06813627254509018
F4_corrected_rule,N2,CORR,0.5,20000,4,,,0.9487427449428212,0.01916144413803506,0.4596774193548387
F4_corrected_rule,N2,CORR,0.5,500,4,,,0.9386788149993806,0.01826749299203924,0.01061061061061061
F4_corrected_rule,N2,CORR,0.5,2000,4,,,0.9386788149993806,0.01826749299203924,0.016826923076923076
F4_corrected_rule,N2,CORR,0.5,5000,4,,,0.9386788149993806,0.01826749299203924,0.05811623246492986
F4_corrected_rule,N2,CORR,0.5,20000,4,,,0.9386788149993806,0.01826749299203924,0.3467741935483871
F4_corrected_rule,N2,CORR,0.5,500,4,,,0.9145772451942862,0.019601823674745097,0.011011011011011011
F4_corrected_rule,N2,CORR,0.5,2000,4,,,0.9145772451942862,0.019601823674745097,0.02403846153846154
F4_corrected_rule,N2,CORR,0.5,5000,4,,,0.9145772451942862,0.019601823674745097,0.056112224448897796
F4_corrected_rule,N2,CORR,0.5,20000,4,,,0.9145772451942862,0.019601823674745097,0.4032258064516129
F4_corrected_rule,N2,CORR,0.5,500,4,,,0.8823360314011504,0.022440230709819084,0.011811811811811812
F4_corrected_rule,N2,CORR,0.5,2000,4,,,0.8823360314011504,0.022440230709819084,0.027243589743589744
F4_corrected_rule,N2,CORR,0.5,5000,4,,,0.8823360314011504,0.022440230709819084,0.09018036072144289
F4_corrected_rule,N2,CORR,0.5,20000,4,,,0.8823360314011504,0.022440230709819084,0.5645161290322581
F4_corrected_rule,N2,CORR,0.5,500,4,,,0.8366967127575236,0.025980855355931042,0.012012012012012012
F4_corrected_rule,N2,CORR,0.5,2000,4,,,0.8366967127575236,0.025980855355931042,0.040865384615384616
F4_corrected_rule,N2,CORR,0.5,5000,4,,,0.8366967127575236,0.025980855355931042,0.12024048096192384
F4_corrected_rule,N2,CORR,0.5,20000,4,,,0.8366967127575236,0.025980855355931042,0.7741935483870968
F4_corrected_rule,N2,CORR,0.5,500,6,,,0.9487135842015192,0.01917263481407006,0.012012012012012012
F4_corrected_rule,N2,CORR,0.5,2000,6,,,0.9487135842015192,0.01917263481407006,0.027243589743589744
F4_corrected_rule,N2,CORR,0.5,5000,6,,,0.9487135842015192,0.01917263481407006,0.06412825651302605
F4_corrected_rule,N2,CORR,0.5,20000,6,,,0.9487135842015192,0.01917263481407006,0.45161290322580644
F4_corrected_rule,N2,CORR,0.5,500,6,,,0.9385645353866299,0.01812845019301544,0.011611611611611611
F4_corrected_rule,N2,CORR,0.5,2000,6,,,0.9385645353866299,0.01812845019301544,0.016826923076923076
F4_corrected_rule,N2,CORR,0.5,5000,6,,,0.9385645353866299,0.01812845019301544,0.06412825651302605
F4_corrected_rule,N2,CORR,0.5,20000,6,,,0.9385645353866299,0.01812845019301544,0.3387096774193548
F4_corrected_rule,N2,CORR,0.5,500,6,,,0.9121333150891187,0.019273255603065677,0.01041041041041041
F4_corrected_rule,N2,CORR,0.5,2000,6,,,0.9121333150891187,0.019273255603065677,0.020833333333333332
F4_corrected_rule,N2,CORR,0.5,5000,6,,,0.9121333150891187,0.019273255603065677,0.05410821643286573
F4_corrected_rule,N2,CORR,0.5,20000,6,,,0.9121333150891187,0.019273255603065677,0.3790322580645161
F4_corrected_rule,N2,CORR,0.5,500,6,,,0.8726229940983401,0.021510151603193618,0.011611611611611611
F4_corrected_rule,N2,CORR,0.5,2000,6,,,0.8726229940983401,0.021510151603193618,0.029647435897435896
F4_corrected_rule,N2,CORR,0.5,5000,6,,,0.8726229940983401,0.021510151603193618,0.0781563126252505
F4_corrected_rule,N2,CORR,0.5,20000,6,,,0.8726229940983401,0.021510151603193618,0.4838709677419355
F4_corrected_rule,N2,CORR,0.5,500,6,,,0.8039199388816146,0.023805394081048953,0.01061061061061061
F4_corrected_rule,N2,CORR,0.5,2000,6,,,0.8039199388816146,0.023805394081048953,0.038461538461538464
F4_corrected_rule,N2,CORR,0.5,5000,6,,,0.8039199388816146,0.023805394081048953,0.11222444889779559
F4_corrected_rule,N2,CORR,0.5,20000,6,,,0.8039199388816146,0.023805394081048953,0.6451612903225806
F4_corrected_rule,N2,CORR,0.5,500,10,,,0.9487049068635411,0.019174042889176627,0.012012012012012012
F4_corrected_rule,N2,CORR,0.5,2000,10,,,0.9487049068635411,0.019174042889176627,0.027243589743589744
F4_corrected_rule,N2,CORR,0.5,5000,10,,,0.9487049068635411,0.019174042889176627,0.06412825651302605
F4_corrected_rule,N2,CORR,0.5,20000,10,,,0.9487049068635411,0.019174042889176627,0.45161290322580644
F4_corrected_rule,N2,CORR,0.5,500,10,,,0.9385353568399145,0.018147203127813923,0.011611611611611611
F4_corrected_rule,N2,CORR,0.5,2000,10,,,0.9385353568399145,0.018147203127813923,0.016826923076923076
F4_corrected_rule,N2,CORR,0.5,5000,10,,,0.9385353568399145,0.018147203127813923,0.06212424849699399
F4_corrected_rule,N2,CORR,0.5,20000,10,,,0.9385353568399145,0.018147203127813923,0.3387096774193548
F4_corrected_rule,N2,CORR,0.5,500,10,,,0.9117051015870917,0.019351205226238222,0.010810810810810811
F4_corrected_rule,N2,CORR,0.5,2000,10,,,0.9117051015870917,0.019351205226238222,0.020833333333333332
F4_corrected_rule,N2,CORR,0.5,5000,10,,,0.9117051015870917,0.019351205226238222,0.06212424849699399
F4_corrected_rule,N2,CORR,0.5,20000,10,,,0.9117051015870917,0.019351205226238222,0.4032258064516129
F4_corrected_rule,N2,CORR,0.5,500,10,,,0.8664747072018776,0.020680281083417656,0.009009009009009009
F4_corrected_rule,N2,CORR,0.5,2000,10,,,0.8664747072018776,0.020680281083417656,0.02403846153846154
F4_corrected_rule,N2,CORR,0.5,5000,10,,,0.8664747072018776,0.020680281083417656,0.07414829659318638
F4_corrected_rule,N2,CORR,0.5,20000,10,,,0.8664747072018776,0.020680281083417656,0.49193548387096775
F4_corrected_rule,N2,CORR,0.5,500,10,,,0.7648734196672112,0.01984024751312105,0.007807807807807808
F4_corrected_rule,N2,CORR,0.5,2000,10,,,0.7648734196672112,0.01984024751312105,0.020032051282051284
F4_corrected_rule,N2,CORR,0.5,5000,10,,,0.7648734196672112,0.01984024751312105,0.05410821643286573
F4_corrected_rule,N2,CORR,0.5,20000,10,,,0.7648734196672112,0.01984024751312105,0.3709677419354839
F4_corrected_rule,N2,CORR,0.5,500,20,,,0.9487049068635411,0.019174042889176627,0.012012012012012012
F4_corrected_rule,N2,CORR,0.5,2000,20,,,0.9487049068635411,0.019174042889176627,0.027243589743589744
F4_corrected_rule,N2,CORR,0.5,5000,20,,,0.9487049068635411,0.019174042889176627,0.06412825651302605
F4_corrected_rule,N2,CORR,0.5,20000,20,,,0.9487049068635411,0.019174042889176627,0.45161290322580644
F4_corrected_rule,N2,CORR,0.5,500,20,,,0.9385358807370265,0.01814676809454474,0.011611611611611611
F4_corrected_rule,N2,CORR,0.5,2000,20,,,0.9385358807370265,0.01814676809454474,0.016826923076923076
F4_corrected_rule,N2,CORR,0.5,5000,20,,,0.9385358807370265,0.01814676809454474,0.06212424849699399
F4_corrected_rule,N2,CORR,0.5,20000,20,,,0.9385358807370265,0.01814676809454474,0.3387096774193548
F4_corrected_rule,N2,CORR,0.5,500,20,,,0.911676751168898,0.019371522854633623,0.010810810810810811
F4_corrected_rule,N2,CORR,0.5,2000,20,,,0.911676751168898,0.019371522854633623,0.020833333333333332
F4_corrected_rule,N2,CORR,0.5,5000,20,,,0.911676751168898,0.019371522854633623,0.06012024048096192
F4_corrected_rule,N2,CORR,0.5,20000,20,,,0.911676751168898,0.019371522854633623,0.3951612903225806
F4_corrected_rule,N2,CORR,0.5,500,20,,,0.8648700528901323,0.02044860914928246,0.00940940940940941
F4_corrected_rule,N2,CORR,0.5,2000,20,,,0.8648700528901323,0.02044860914928246,0.02403846153846154
F4_corrected_rule,N2,CORR,0.5,5000,20,,,0.8648700528901323,0.02044860914928246,0.07014028056112225
F4_corrected_rule,N2,CORR,0.5,20000,20,,,0.8648700528901323,0.02044860914928246,0.4274193548387097
F4_corrected_rule,N2,CORR,0.5,500,20,,,0.718365943463577,0.013288524817406267,0.00880880880880881
F4_corrected_rule,N2,CORR,0.5,2000,20,,,0.718365943463577,0.013288524817406267,0.008814102564102564
F4_corrected_rule,N2,CORR,0.5,5000,20,,,0.718365943463577,0.013288524817406267,0.02404809619238477
F4_corrected_rule,N2,CORR,0.5,20000,20,,,0.718365943463577,0.013288524817406267,0.10483870967741936
F4_corrected_rule,N2,CORR,0.5,500,50,,,0.9487049068635411,0.019174042889176627,0.012012012012012012
F4_corrected_rule,N2,CORR,0.5,2000,50,,,0.9487049068635411,0.019174042889176627,0.027243589743589744
F4_corrected_rule,N2,CORR,0.5,5000,50,,,0.9487049068635411,0.019174042889176627,0.06412825651302605
F4_corrected_rule,N2,CORR,0.5,20000,50,,,0.9487049068635411,0.019174042889176627,0.45161290322580644
F4_corrected_rule,N2,CORR,0.5,500,50,,,0.9385358807370265,0.01814676809454474,0.011611611611611611
F4_corrected_rule,N2,CORR,0.5,2000,50,,,0.9385358807370265,0.01814676809454474,0.016826923076923076
F4_corrected_rule,N2,CORR,0.5,5000,50,,,0.9385358807370265,0.01814676809454474,0.06212424849699399
F4_corrected_rule,N2,CORR,0.5,20000,50,,,0.9385358807370265,0.01814676809454474,0.3387096774193548
F4_corrected_rule,N2,CORR,0.5,500,50,,,0.911676751168898,0.019371522854633623,0.010810810810810811
F4_corrected_rule,N2,CORR,0.5,2000,50,,,0.911676751168898,0.019371522854633623,0.020833333333333332
F4_corrected_rule,N2,CORR,0.5,5000,50,,,0.911676751168898,0.019371522854633623,0.06012024048096192
F4_corrected_rule,N2,CORR,0.5,20000,50,,,0.911676751168898,0.019371522854633623,0.3951612903225806
F4_corrected_rule,N2,CORR,0.5,500,50,,,0.8648425784762166,0.020437776795073432,0.00940940940940941
F4_corrected_rule,N2,CORR,0.5,2000,50,,,0.8648425784762166,0.020437776795073432,0.02403846153846154
F4_corrected_rule,N2,CORR,0.5,5000,50,,,0.8648425784762166,0.020437776795073432,0.07014028056112225
F4_corrected_rule,N2,CORR,0.5,20000,50,,,0.8648425784762166,0.020437776795073432,0.43548387096774194
F4_corrected_rule,N2,CORR,0.5,500,50,,,0.6559872807965118,0.009222121728393269,0.00980980980980981
F4_corrected_rule,N2,CORR,0.5,2000,50,,,0.6559872807965118,0.009222121728393269,0.011217948717948718
F4_corrected_rule,N2,CORR,0.5,5000,50,,,0.6559872807965118,0.009222121728393269,0.018036072144288578
F4_corrected_rule,N2,CORR,0.5,20000,50,,,0.6559872807965118,0.009222121728393269,0.024193548387096774
