exp,segment,split,budget,S,scheduler_ref,psi_memless,max_rhat_memless,r1_memless,scheduler_corr,max_rhat_corr,r1_corr,realized_rate_memless,realized_rate_corr
F6,0,interleave,0.02,0.006357857340556952,MEMLESS,0.5083888388293949,0.16057921404453368,0.14522268215537837,CORR_L10_f0.3,0.15098044094932608,0.0650287755679263,0.016789087093389297,0.01888772298006296
F6,0,interleave,0.05,0.006357857340556952,MEMLESS,0.6515605236320752,0.11913064609880297,0.09928375869072907,CORR_L10_f0.3,0.10997964757013864,0.08344954162440321,0.04512067156348373,0.05456453305351522
F6,0,interleave,0.1,0.006357857340556952,MEMLESS,0.7764587008154029,0.1285666582375507,0.021795628298240423,CORR_L10_f0.3,0.11029728212782393,0.08159944104930436,0.10388247639034627,0.10703043022035677
F6,0,interleave,0.2,0.006357857340556952,MEMLESS,0.8682675336028692,0.10288865515710602,-0.048670448871991796,CORR_L10_f0.3,0.0938089483514197,0.002170798444143816,0.1930745015739769,0.20776495278069254
F6,0,interleave,0.3,0.006357857340556952,MEMLESS,0.9151031252699703,0.09549762852038075,-0.038579276753974656,CORR_L10_f0.3,0.08578129222540098,-0.01207185300144305,0.2738719832109129,0.2728226652675761
F6,0,interleave,0.5,0.006357857340556952,MEMLESS,0.9788865819925813,0.10385233409376596,-0.0031083595922740677,CORR_L10_f0.3,0.1030769112341901,0.002566620913676901,0.5099685204616999,0.4700944386149003
F6,0,contiguous,0.02,0.006357857340556952,MEMLESS,0.6710904118540205,0.2352726366106046,-0.2352726366106046,CORR_L10_f0.3,0.34607063399653615,-0.34607063399653615,0.09024134312696747,0.09863588667366212
F6,0,contiguous,0.05,0.006357857340556952,MEMLESS,0.8205156557536949,0.3133961742213917,-0.21776862850896717,CORR_L10_f0.3,0.3034793716286303,-0.3034793716286303,0.20566631689401887,0.25918153200419725
F6,0,contiguous,0.1,0.006357857340556952,MEMLESS,0.904796558202524,0.2963051329565196,-0.26034169872851837,CORR_L10_f0.3,0.3257539766692674,-0.3257539766692674,0.3357817418677859,0.39664218258132217
F6,0,contiguous,0.2,0.006357857340556952,MEMLESS,0.9592440196334202,0.3211203523340191,-0.3211203523340191,CORR_L10_f0.3,0.3707296344058143,-0.3707296344058143,0.4879328436516264,0.602308499475341
F6,0,contiguous,0.3,0.006357857340556952,MEMLESS,0.984917758767322,0.3572146952777809,-0.3572146952777809,CORR_L10_f0.3,0.39383072652216494,-0.39383072652216494,0.621196222455404,0.7093389296956978
F6,0,contiguous,0.5,0.006357857340556952,MEMLESS,0.9973944213264523,0.40866895550212,-0.40866895550212,CORR_L10_f0.3,0.4056675430304941,-0.4056675430304941,0.782791185729276,0.8037775445960126
F6,1,interleave,0.02,0.005152860057189325,MEMLESS,0.43593274040557795,0.13657434425110782,-0.13657434425110782,CORR_L10_f0.3,0.18445045256484632,-0.1687187122205289,0.02200825309491059,0.033012379642365884
F6,1,interleave,0.05,0.005152860057189325,MEMLESS,0.5781862340093966,0.12400157882617452,-0.12400157882617452,CORR_L10_f0.3,0.22282901742965425,-0.22282901742965425,0.048143053645116916,0.048143053645116916
F6,1,interleave,0.1,0.005152860057189325,MEMLESS,0.7152043465549484,0.15611937258045294,-0.15611937258045294,CORR_L10_f0.3,0.19100586613127396,-0.19100586613127396,0.10178817056396149,0.1031636863823934
F6,1,interleave,0.2,0.005152860057189325,MEMLESS,0.8512866051346187,0.1787672204648681,-0.1787672204648681,CORR_L10_f0.3,0.2116969347280771,-0.2116969347280771,0.21458046767537828,0.2585969738651995
F6,1,interleave,0.3,0.005152860057189325,MEMLESS,0.9140592118427854,0.1682194721545105,-0.1682194721545105,CORR_L10_f0.3,0.21768835157394173,-0.21768835157394173,0.312242090784044,0.3342503438789546
F6,1,interleave,0.5,0.005152860057189325,MEMLESS,0.9686410182651197,0.2099335358482482,-0.2099335358482482,CORR_L10_f0.3,0.20229195686389914,-0.20229195686389914,0.49105914718019256,0.49793672627235214
F6,1,contiguous,0.02,0.005152860057189325,MEMLESS,0.603078160189983,0.23120607216811442,-0.23120607216811442,CORR_L10_f0.3,0.3221418841347005,-0.23274513501760785,0.03571428571428571,0.057692307692307696
F6,1,contiguous,0.05,0.005152860057189325,MEMLESS,0.6945919441990455,0.2760353429565906,-0.21862136402007465,CORR_L10_f0.3,0.3562250050744074,-0.22374788653981523,0.061813186813186816,0.08653846153846154
F6,1,contiguous,0.1,0.005152860057189325,MEMLESS,0.7895853857377015,0.33451129856529,-0.1903577025129868,CORR_L10_f0.3,0.3858162017272386,-0.21999610411077722,0.11675824175824176,0.11538461538461539
F6,1,contiguous,0.2,0.005152860057189325,MEMLESS,0.8806386533402032,0.3683844868016492,-0.1678603456457604,CORR_L10_f0.3,0.39382333774150324,-0.20094798897965607,0.2184065934065934,0.19093406593406592
F6,1,contiguous,0.3,0.005152860057189325,MEMLESS,0.9304039174366364,0.3754850836600802,-0.2090709749670462,CORR_L10_f0.3,0.41150434010810844,-0.17400592038809765,0.31868131868131866,0.28296703296703296
F6,1,contiguous,0.5,0.005152860057189325,MEMLESS,0.9790503349435492,0.4169930348764259,-0.21911091376561714,CORR_L10_f0.3,0.4138899194093633,-0.21931097780516157,0.5206043956043956,0.5398351648351648
F6,2,interleave,0.02,0.0030769597917597903,MEMLESS,0.5562115117713984,0.15971929087157644,-0.15971929087157644,CORR_L10_f0.3,0.20249372156632955,-0.20249372156632955,0.021599062820325084,0.021159759847708303
F6,2,interleave,0.05,0.0030769597917597903,MEMLESS,0.6703656654613646,0.17398129342503602,-0.17398129342503602,CORR_L10_f0.3,0.22075913844497244,-0.22075913844497244,0.047078635232098404,0.04759115536681798
F6,2,interleave,0.1,0.0030769597917597903,MEMLESS,0.7792349905158662,0.2102448946053455,-0.2102448946053455,CORR_L10_f0.3,0.2248239421223826,-0.2248239421223826,0.099136037487187,0.09247327573583249
F6,2,interleave,0.2,0.0030769597917597903,MEMLESS,0.8729782842510053,0.2288997099162654,-0.2288997099162654,CORR_L10_f0.3,0.23375669196723137,-0.23375669196723137,0.19431834822082297,0.19944354956801874
F6,2,interleave,0.3,0.0030769597917597903,MEMLESS,0.9280108188063186,0.23601706109427306,-0.23601706109427306,CORR_L10_f0.3,0.2396663122470921,-0.2396663122470921,0.29865280421730855,0.29967784448674767
F6,2,interleave,0.5,0.0030769597917597903,MEMLESS,0.9790589399338386,0.24689766916505076,-0.24689766916505076,CORR_L10_f0.3,0.24776950423799127,-0.24776950423799127,0.5057109386440182,0.5103236198564943
F6,2,contiguous,0.02,0.0030769597917597903,MEMLESS,0.5769025542557464,0.29813893191905266,-0.29813893191905266,CORR_L10_f0.3,0.37681684941653054,-0.37681684941653054,0.025258071601142105,0.029284720696976352
F6,2,contiguous,0.05,0.0030769597917597903,MEMLESS,0.7079952510546401,0.2826895676989274,-0.2826895676989274,CORR_L10_f0.3,0.3685464056049708,-0.3685464056049708,0.06259609048978695,0.06149791346365034
F6,2,contiguous,0.1,0.0030769597917597903,MEMLESS,0.8169885477636543,0.31327723254514206,-0.31327723254514206,CORR_L10_f0.3,0.357111924381385,-0.357111924381385,0.1326597847573029,0.1276813822388169
F6,2,contiguous,0.2,0.0030769597917597903,MEMLESS,0.9051778524346956,0.3683844810895055,-0.3683844810895055,CORR_L10_f0.3,0.38303837596103923,-0.38303837596103923,0.2500183029504356,0.26224467384142325
F6,2,contiguous,0.3,0.0030769597917597903,MEMLESS,0.9463175645046868,0.3841855235512882,-0.3841855235512882,CORR_L10_f0.3,0.39579186609371125,-0.39579186609371125,0.35273446079508014,0.3792371330258438
F6,2,contiguous,0.5,0.0030769597917597903,MEMLESS,0.9850088041662087,0.4085061731769592,-0.4085061731769592,CORR_L10_f0.3,0.408524912675523,-0.408524912675523,0.555457939819899,0.5812284940332382
F6,3,interleave,0.02,0.0029434917851514316,MEMLESS,0.43102253892683945,0.06308903013601776,-0.0475444626816926,CORR_L10_f0.3,0.12533447089870445,-0.12533447089870445,0.019266985368680285,0.020860495436766623
F6,3,interleave,0.05,0.0029434917851514316,MEMLESS,0.5765591324392579,0.06549660327254314,-0.06549660327254314,CORR_L10_f0.3,0.10750346686429431,-0.10750346686429431,0.04889178617992177,0.053599884108358684
F6,3,interleave,0.1,0.0029434917851514316,MEMLESS,0.7075987973624223,0.0847118840288273,-0.0847118840288273,CORR_L10_f0.3,0.10969729470374846,-0.10969729470374846,0.10039113428943937,0.09879762422135303
F6,3,interleave,0.2,0.0029434917851514316,MEMLESS,0.8282788060751648,0.10748435839371652,-0.10748435839371652,CORR_L10_f0.3,0.10776202341619129,-0.10776202341619129,0.1922352600318702,0.2002028103723019
F6,3,interleave,0.3,0.0029434917851514316,MEMLESS,0.8995897957317334,0.1173910751093449,-0.1173910751093449,CORR_L10_f0.3,0.11656781471883404,-0.11656781471883404,0.29226423294219905,0.3012458351441402
F6,3,interleave,0.5,0.0029434917851514316,MEMLESS,0.969816173512776,0.12505448197049696,-0.12505448197049696,CORR_L10_f0.3,0.12454999323377719,-0.12454999323377719,0.4962335216572505,0.49391568883094306
F6,3,contiguous,0.02,0.0029434917851514316,MEMLESS,0.34433419429539613,0.23492643398266375,-0.23492643398266375,CORR_L10_f0.3,0.285763935218954,-0.285763935218954,0.008908524661403636,0.008111827333961034
F6,3,contiguous,0.05,0.0029434917851514316,MEMLESS,0.46808138441040587,0.19826394115473506,-0.19826394115473506,CORR_L10_f0.3,0.2731798059066513,-0.2731798059066513,0.025856449627000795,0.022090244079090316
F6,3,contiguous,0.1,0.0029434917851514316,MEMLESS,0.6003193610179431,0.1770693772293546,-0.1770693772293546,CORR_L10_f0.3,0.2520721296004897,-0.2520721296004897,0.062069964510755415,0.051785326283769105
F6,3,contiguous,0.2,0.0029434917851514316,MEMLESS,0.765062495693127,0.20818462179236455,-0.20818462179236455,CORR_L10_f0.3,0.2510296572962471,-0.2510296572962471,0.15115521112479177,0.13855290794524516
F6,3,contiguous,0.3,0.0029434917851514316,MEMLESS,0.8642427956603372,0.24400113071063062,-0.24400113071063062,CORR_L10_f0.3,0.26743196025445354,-0.26743196025445354,0.2570435286448903,0.23422901426812487
F6,3,contiguous,0.5,0.0029434917851514316,MEMLESS,0.9611524649368193,0.2985213532183076,-0.2985213532183076,CORR_L10_f0.3,0.29693215397222555,-0.29693215397222555,0.4768595639892808,0.4697617150720649
F6,4,interleave,0.02,0.0043190127272085665,MEMLESS,0.3192434520281332,0.06823353202032259,-0.04915969353087861,CORR_L10_f0.3,0.11069490977212461,-0.11069490977212461,0.016227180527383367,0.02332657200811359
F6,4,interleave,0.05,0.0043190127272085665,MEMLESS,0.4445938889361424,0.09432983619221921,0.014914957409612737,CORR_L10_f0.3,0.1048757630175816,-0.1048757630175816,0.03955375253549696,0.05273833671399594
F6,4,interleave,0.1,0.0043190127272085665,MEMLESS,0.669816819781419,0.06386787354251995,-0.027807105386805014,CORR_L10_f0.3,0.13090704297489228,-0.06468437847543873,0.12271805273833672,0.1105476673427992
F6,4,interleave,0.2,0.0043190127272085665,MEMLESS,0.8088754562163671,0.15624089870435603,-0.018784909631566874,CORR_L10_f0.3,0.1426618360090823,-0.0977351388489189,0.2231237322515213,0.23935091277890466
F6,4,interleave,0.3,0.0043190127272085665,MEMLESS,0.8996836112849899,0.13458531141386956,-0.0886464468268061,CORR_L10_f0.3,0.14363663762759707,-0.0956960189584313,0.3438133874239351,0.35699797160243407
F6,4,interleave,0.5,0.0043190127272085665,MEMLESS,0.9731700643446546,0.16590394860357233,-0.13096496342671463,CORR_L10_f0.3,0.15748531187246406,-0.12275035302923114,0.5557809330628803,0.5415821501014199
F6,4,contiguous,0.02,0.0043190127272085665,MEMLESS,0.17986778939484338,0.21180437096556942,-0.21180437096556942,CORR_L10_f0.3,0.29034567591419286,-0.29034567591419286,0.015212981744421906,0.013184584178498986
F6,4,contiguous,0.05,0.0043190127272085665,MEMLESS,0.40529767555000273,0.06893929865747743,-0.056973791455914524,CORR_L10_f0.3,0.21598881011574497,-0.21598881011574497,0.05273833671399594,0.058823529411764705
F6,4,contiguous,0.1,0.0043190127272085665,MEMLESS,0.5794992321872304,0.11723218095879048,-0.11723218095879048,CORR_L10_f0.3,0.210777885347919,-0.210777885347919,0.1075050709939148,0.1308316430020284
F6,4,contiguous,0.2,0.0043190127272085665,MEMLESS,0.7913859131828282,0.17612281613097244,-0.17612281613097244,CORR_L10_f0.3,0.24216691818369065,-0.24216691818369065,0.23529411764705882,0.2839756592292089
F6,4,contiguous,0.3,0.0043190127272085665,MEMLESS,0.8815875477836774,0.23427862816317974,-0.23427862816317974,CORR_L10_f0.3,0.2624727440160929,-0.2624727440160929,0.33874239350912777,0.38742393509127787
F6,4,contiguous,0.5,0.0043190127272085665,MEMLESS,0.9625450715043367,0.2613153478194047,-0.2613153478194047,CORR_L10_f0.3,0.2784599790310605,-0.2784599790310605,0.5344827586206896,0.5496957403651116
F6,5,interleave,0.02,0.00479362661391587,MEMLESS,0.36826194948948515,0.0880624287288185,-0.04973053812134053,CORR_L10_f0.3,0.1128707241241369,-0.023346397877444025,0.017982989064398543,0.017982989064398543
F6,5,interleave,0.05,0.00479362661391587,MEMLESS,0.523270184456256,0.05715292487109139,-0.022954124942485447,CORR_L10_f0.3,0.10473441160128708,-0.048196100266972554,0.04520048602673147,0.04860267314702309
F6,5,interleave,0.1,0.00479362661391587,MEMLESS,0.6740820951741028,0.05366641277572653,-0.028465915961957442,CORR_L10_f0.3,0.0834441221478742,-0.0430147445004943,0.09720534629404617,0.09185905224787363
F6,5,interleave,0.2,0.00479362661391587,MEMLESS,0.8099863494023112,0.06653202291799658,-0.06653202291799658,CORR_L10_f0.3,0.07080279264737421,-0.044555154000793185,0.18857837181044956,0.19125151883353583
F6,5,interleave,0.3,0.00479362661391587,MEMLESS,0.8859397497308134,0.06310577287970388,-0.06236439329788446,CORR_L10_f0.3,0.05796079350669618,-0.0480941979476893,0.28238153098420415,0.2741190765492102
F6,5,interleave,0.5,0.00479362661391587,MEMLESS,0.9630419613881931,0.0811097892966921,-0.05583824380685629,CORR_L10_f0.3,0.0772593080446675,-0.048048977725022875,0.4755771567436209,0.47460510328068045
F6,5,contiguous,0.02,0.00479362661391587,MEMLESS,0.3608884954198142,0.31410755037256144,-0.31410755037256144,CORR_L10_f0.3,0.3964497913303979,-0.3964497913303979,0.015795868772782502,0.010935601458080195
F6,5,contiguous,0.05,0.00479362661391587,MEMLESS,0.518609819917595,0.27723441366921076,-0.27723441366921076,CORR_L10_f0.3,0.36950832127419714,-0.36950832127419714,0.0425273390036452,0.040826245443499394
F6,5,contiguous,0.1,0.00479362661391587,MEMLESS,0.6762944401750547,0.237515591522808,-0.237515591522808,CORR_L10_f0.3,0.36447813764355536,-0.36447813764355536,0.09623329283110571,0.0882138517618469
F6,5,contiguous,0.2,0.00479362661391587,MEMLESS,0.8159496673721623,0.2974416212595666,-0.2974416212595666,CORR_L10_f0.3,0.35892051416317283,-0.35892051416317283,0.19076549210206561,0.20340218712029162
F6,5,contiguous,0.3,0.00479362661391587,MEMLESS,0.8878164891737261,0.3557621048685988,-0.3557621048685988,CORR_L10_f0.3,0.37731901658167194,-0.37731901658167194,0.2789793438639125,0.28554070473876064
F6,5,contiguous,0.5,0.00479362661391587,MEMLESS,0.9561348811217928,0.4017229060626861,-0.4017229060626861,CORR_L10_f0.3,0.41049756522454073,-0.41049756522454073,0.4437424058323208,0.4284325637910085
F6,6,interleave,0.02,0.0039263902835613524,MEMLESS,0.5184331315462651,0.20032849506410075,-0.20032849506410075,CORR_L10_f0.3,0.474005323601433,-0.474005323601433,0.019757807520713832,0.008922880815806247
F6,6,interleave,0.05,0.0039263902835613524,MEMLESS,0.6742466398813866,0.30385662381522055,-0.30385662381522055,CORR_L10_f0.3,0.39237293680554025,-0.39237293680554025,0.04716379859783301,0.05035054174633524
F6,6,interleave,0.1,0.0039263902835613524,MEMLESS,0.7894450380655909,0.36946180431501047,-0.36946180431501047,CORR_L10_f0.3,0.40127161083075347,-0.40127161083075347,0.10261312938177183,0.10388782664117271
F6,6,interleave,0.2,0.0039263902835613524,MEMLESS,0.8921523078915008,0.4046353630905496,-0.4046353630905496,CORR_L10_f0.3,0.42712454477017336,-0.42712454477017336,0.21478648820905036,0.20905035054174634
F6,6,interleave,0.3,0.0039263902835613524,MEMLESS,0.9369060790800835,0.41789701759543507,-0.41789701759543507,CORR_L10_f0.3,0.4393799887294626,-0.4393799887294626,0.3084767367750159,0.3052899936265137
F6,6,interleave,0.5,0.0039263902835613524,MEMLESS,0.9802204944188089,0.45369245488818244,-0.45369245488818244,CORR_L10_f0.3,0.46340257817653013,-0.46340257817653013,0.4958572339069471,0.5321861057998726
F6,6,contiguous,0.02,0.0039263902835613524,MEMLESS,0.5000142186556548,0.2710808131861745,0.10086818560707062,CORR_L10_f0.3,0.44385896202051334,-0.0573013560895623,0.02165605095541401,0.04076433121019108
F6,6,contiguous,0.05,0.0039263902835613524,MEMLESS,0.6752553629790924,0.35867045030771616,-0.1033009494710962,CORR_L10_f0.3,0.49168464004874185,-0.13444519443818573,0.05222929936305733,0.050955414012738856
F6,6,contiguous,0.1,0.0039263902835613524,MEMLESS,0.8451541296537453,0.49043700092290593,-0.17351742032764905,CORR_L10_f0.3,0.48306323720574385,-0.1983675745800235,0.16178343949044585,0.1089171974522293
F6,6,contiguous,0.2,0.0039263902835613524,MEMLESS,0.9395043335622396,0.519828711975621,-0.18434989554641956,CORR_L10_f0.3,0.528547994658025,-0.188653265239078,0.33184713375796177,0.33885350318471336
F6,6,contiguous,0.3,0.0039263902835613524,MEMLESS,0.9648251925954549,0.535297177328111,-0.1929414872482349,CORR_L10_f0.3,0.5568032190510077,-0.1889115391185804,0.42547770700636944,0.49872611464968153
F6,6,contiguous,0.5,0.0039263902835613524,MEMLESS,0.99313296704123,0.5847418216820579,-0.19156069306240892,CORR_L10_f0.3,0.5901917089425363,-0.1910024229017902,0.6522292993630573,0.7121019108280254
F6,7,interleave,0.02,0.0008811082726064122,MEMLESS,0.2828474172450665,0.11954904975722386,-0.04511547821472226,CORR_L10_f0.3,0.13909976397255736,-0.13909976397255736,0.02106149957877001,0.02864363942712721
F6,7,interleave,0.05,0.0008811082726064122,MEMLESS,0.4310742008724526,0.07248830049187956,-0.07130394326394708,CORR_L10_f0.3,0.1515893030276294,-0.1515893030276294,0.05054759898904802,0.04465037910699242
F6,7,interleave,0.1,0.0008811082726064122,MEMLESS,0.5607475236231614,0.09553495275723607,-0.09553495275723607,CORR_L10_f0.3,0.1739011025417276,-0.1739011025417276,0.09267059814658804,0.09519797809604044
F6,7,interleave,0.2,0.0008811082726064122,MEMLESS,0.7035459231970786,0.12573198341672043,-0.12573198341672043,CORR_L10_f0.3,0.18343685117905373,-0.18343685117905373,0.16680707666385847,0.17101937657961247
F6,7,interleave,0.3,0.0008811082726064122,MEMLESS,0.7973864613091145,0.1303463706234509,-0.1303463706234509,CORR_L10_f0.3,0.1651769029427867,-0.1651769029427867,0.2468407750631845,0.2409435551811289
F6,7,interleave,0.5,0.0008811082726064122,MEMLESS,0.9411617495591155,0.14732307415026874,-0.14732307415026874,CORR_L10_f0.3,0.17894720177703952,-0.17894720177703952,0.481044650379107,0.4035383319292334
F6,7,contiguous,0.02,0.0008811082726064122,MEMLESS,0.10024879578566527,0.20470734115533434,0.028617550110647625,CORR_L10_f0.3,0.2557278243784679,0.015553297108332344,0.005054759898904802,0.0016849199663016006
F6,7,contiguous,0.05,0.0008811082726064122,MEMLESS,0.22060035142533652,0.16606786041945917,0.030317214997676326,CORR_L10_f0.3,0.2173406881995982,0.026274776196662956,0.017691659646166806,0.02611625947767481
F6,7,contiguous,0.1,0.0008811082726064122,MEMLESS,0.3563354826088267,0.12705643431562338,0.01710466755125149,CORR_L10_f0.3,0.22630277584023262,0.00941895578467298,0.04633529907329402,0.05307497893850042
F6,7,contiguous,0.2,0.0008811082726064122,MEMLESS,0.6150982463901844,0.15502211493101847,0.0019892888595708226,CORR_L10_f0.3,0.19237522162048756,0.005233224951503168,0.14490311710193765,0.11120471777590564
F6,7,contiguous,0.3,0.0008811082726064122,MEMLESS,0.7548355796506387,0.16873459016861717,0.01230869638289132,CORR_L10_f0.3,0.20881225239951262,0.006240456984239506,0.2375737152485257,0.2316764953664701
F6,7,contiguous,0.5,0.0008811082726064122,MEMLESS,0.9230906807610587,0.26289684320714396,-0.010924498586704965,CORR_L10_f0.3,0.2516075510327283,0.004577750360473684,0.46166807076663857,0.45240101095197977
F6,8,interleave,0.02,0.0024199714748234565,MEMLESS,0.5497977468752726,0.04359021814467846,-0.02201863282443508,CORR_L10_f0.3,0.0781984935156903,-0.0781984935156903,0.018847006651884702,0.016260162601626018
F6,8,interleave,0.05,0.0024199714748234565,MEMLESS,0.6957809624190521,0.13023829344397686,-0.13023829344397686,CORR_L10_f0.3,0.17213052271619428,-0.17213052271619428,0.04767184035476718,0.04988913525498891
F6,8,interleave,0.1,0.0024199714748234565,MEMLESS,0.7917990021823529,0.12632909199206782,-0.12632909199206782,CORR_L10_f0.3,0.1944650662378064,-0.1944650662378064,0.0975609756097561,0.11419068736141907
F6,8,interleave,0.2,0.0024199714748234565,MEMLESS,0.8907466929327276,0.15304288871022173,-0.15304288871022173,CORR_L10_f0.3,0.19546125234374956,-0.19546125234374956,0.21359940872135993,0.2320768662232077
F6,8,interleave,0.3,0.0024199714748234565,MEMLESS,0.937141845646949,0.17485416728875763,-0.17485416728875763,CORR_L10_f0.3,0.19798899960708977,-0.19798899960708977,0.32261640798226165,0.3392461197339246
F6,8,interleave,0.5,0.0024199714748234565,MEMLESS,0.981328087225643,0.21417246878053595,-0.21417246878053595,CORR_L10_f0.3,0.21899574460240495,-0.21899574460240495,0.5306725794530672,0.5413895048041389
F6,8,contiguous,0.02,0.0024199714748234565,MEMLESS,0.8602697727683679,0.42703711791511084,-0.42703711791511084,CORR_L10_f0.3,0.4221255102292431,-0.4221255102292431,0.12527716186252771,0.1696230598669623
F6,8,contiguous,0.05,0.0024199714748234565,MEMLESS,0.905781822871225,0.4435448555462002,-0.4435448555462002,CORR_L10_f0.3,0.44931479634625876,-0.44931479634625876,0.18662232076866223,0.20916481892091648
F6,8,contiguous,0.1,0.0024199714748234565,MEMLESS,0.9338934458300047,0.45146564198979794,-0.45146564198979794,CORR_L10_f0.3,0.45638889611220396,-0.45638889611220396,0.24796747967479674,0.30450849963045085
F6,8,contiguous,0.2,0.0024199714748234565,MEMLESS,0.9605636942123514,0.4551220623045622,-0.4551220623045622,CORR_L10_f0.3,0.45844579929314444,-0.45844579929314444,0.34220251293422027,0.39578713968957874
F6,8,contiguous,0.3,0.0024199714748234565,MEMLESS,0.978194676385111,0.45146155854692777,-0.45146155854692777,CORR_L10_f0.3,0.4603112671559269,-0.4603112671559269,0.4449371766444937,0.5059127864005912
F6,8,contiguous,0.5,0.0024199714748234565,MEMLESS,0.9926411787188648,0.4752533729830936,-0.4580451843224439,CORR_L10_f0.3,0.47115646643886366,-0.46121910808083955,0.6042128603104213,0.6456023651145603
F6,9,interleave,0.02,0.003322427439762262,MEMLESS,0.586325631647942,0.05902718081137663,-0.05835290437925072,CORR_L10_f0.3,0.12000398834569796,-0.12000398834569796,0.015015688032272524,0.013222770058269833
F6,9,interleave,0.05,0.003322427439762262,MEMLESS,0.7198139998894194,0.06288533298750029,-0.04075841002635491,CORR_L10_f0.3,0.08199928659337301,-0.08199928659337301,0.04616763783056925,0.03675481846705513
F6,9,interleave,0.1,0.003322427439762262,MEMLESS,0.7884931682869185,0.06175725427345181,-0.04628304021150687,CORR_L10_f0.3,0.09470957174111033,-0.09470957174111033,0.08000896458987002,0.08449125952487674
F6,9,interleave,0.2,0.003322427439762262,MEMLESS,0.8803771979354483,0.07504265526715855,-0.07504265526715855,CORR_L10_f0.3,0.10092275376895209,-0.10092275376895209,0.17234424025100853,0.1653966831017481
F6,9,interleave,0.3,0.003322427439762262,MEMLESS,0.921719596245279,0.08612490234635353,-0.08612490234635353,CORR_L10_f0.3,0.10687782835095955,-0.10687782835095955,0.2460779919318691,0.23554459883460332
F6,9,interleave,0.5,0.003322427439762262,MEMLESS,0.9728251033788646,0.10235975075267971,-0.10235975075267971,CORR_L10_f0.3,0.11512168855716105,-0.11512168855716105,0.42850739578664276,0.4392649036306589
F6,9,contiguous,0.02,0.003322427439762262,MEMLESS,0.3046968782179826,0.0876578408599809,-0.0876578408599809,CORR_L10_f0.3,0.071369665459221,-0.06995144547405333,0.0062752129090094125,0.0031376064545047063
F6,9,contiguous,0.05,0.003322427439762262,MEMLESS,0.4429187879250811,0.07076116483330731,-0.07076116483330731,CORR_L10_f0.3,0.08294674821852419,-0.08294674821852419,0.017929179740026894,0.015015688032272524
F6,9,contiguous,0.1,0.003322427439762262,MEMLESS,0.563061831359923,0.06154861177423985,-0.06154861177423985,CORR_L10_f0.3,0.0795906122526556,-0.0795906122526556,0.03922008068130883,0.04437471985656656
F6,9,contiguous,0.2,0.003322427439762262,MEMLESS,0.681548833993926,0.06224716640197982,-0.06224716640197982,CORR_L10_f0.3,0.09157337945228668,-0.0834451901744723,0.08314657104437471,0.0835948005378754
F6,9,contiguous,0.3,0.003322427439762262,MEMLESS,0.790934974611651,0.08147149597518423,-0.08147149597518423,CORR_L10_f0.3,0.10281476737752028,-0.07986978778314331,0.16001792917974003,0.12998655311519497
F6,9,contiguous,0.5,0.003322427439762262,MEMLESS,0.926218050841376,0.09560654333387235,-0.0884211295126659,CORR_L10_f0.3,0.10260360565124221,-0.0846801412720106,0.3574630210667862,0.2765575974899148
F6,10,interleave,0.02,0.0009672951903764483,MEMLESS,0.4427750711568144,0.26407071864265763,-0.26407071864265763,CORR_L10_f0.3,0.29070648904046975,-0.29070648904046975,0.022132317943836268,0.024988100904331272
F6,10,interleave,0.05,0.0009672951903764483,MEMLESS,0.5996670425556566,0.23050349315122054,-0.23050349315122054,CORR_L10_f0.3,0.2746957284051846,-0.2746957284051846,0.07258448357924797,0.06782484531175631
F6,10,interleave,0.1,0.0009672951903764483,MEMLESS,0.7125667337623022,0.22421747465663353,-0.22421747465663353,CORR_L10_f0.3,0.2815371745263179,-0.2815371745263179,0.13398381722989053,0.14992860542598763
F6,10,interleave,0.2,0.0009672951903764483,MEMLESS,0.8363830194698915,0.24658003475372484,-0.24658003475372484,CORR_L10_f0.3,0.2823292090194221,-0.2823292090194221,0.2486910994764398,0.2620180866254165
F6,10,interleave,0.3,0.0009672951903764483,MEMLESS,0.9064681363142518,0.26262892721646564,-0.26262892721646564,CORR_L10_f0.3,0.29390656062449083,-0.29390656062449083,0.354831032841504,0.3826749167063303
F6,10,interleave,0.5,0.0009672951903764483,MEMLESS,0.9694060756492204,0.3049557398798404,-0.3049557398798404,CORR_L10_f0.3,0.30569166280158905,-0.30569166280158905,0.5449785816277963,0.5671108995716325
F6,10,contiguous,0.02,0.0009672951903764483,MEMLESS,0.4594076781087287,0.29292130632565416,-0.020859736972187085,CORR_L10_f0.3,0.2849714836826328,-0.07304757760316498,0.01951451689671585,0.00951927653498334
F6,10,contiguous,0.05,0.0009672951903764483,MEMLESS,0.6089931415758637,0.28823638705370225,-0.024957135491490926,CORR_L10_f0.3,0.2973926516863932,-0.06399138832554502,0.07068062827225131,0.07877201332698715
F6,10,contiguous,0.1,0.0009672951903764483,MEMLESS,0.7499148328278218,0.31192453200871684,-0.06031222632498255,CORR_L10_f0.3,0.3020871247798797,-0.060356524198769364,0.15825797239409806,0.1949071870537839
F6,10,contiguous,0.2,0.0009672951903764483,MEMLESS,0.8897701635692773,0.316223808223527,-0.08248145389255677,CORR_L10_f0.3,0.32771016505738704,-0.061615951909242704,0.3250832936696811,0.3648262732032366
F6,10,contiguous,0.3,0.0009672951903764483,MEMLESS,0.9290413031652691,0.3241752154069554,-0.07552404395874696,CORR_L10_f0.3,0.3340391069372158,-0.0617019890783191,0.4007615421227987,0.4671584959543075
F6,10,contiguous,0.5,0.0009672951903764483,MEMLESS,0.9724857230250191,0.3432019698580663,-0.052132155269263056,CORR_L10_f0.3,0.34188036073787553,-0.06980509728001492,0.5642551166111376,0.6204188481675392
F6,11,interleave,0.02,0.0017771879245132977,MEMLESS,0.6492740188405881,0.3043512596082367,-0.3043512596082367,CORR_L10_f0.3,0.4091102424102027,-0.4091102424102027,0.024916247906197654,0.021147403685092128
F6,11,interleave,0.05,0.0017771879245132977,MEMLESS,0.7268791071812509,0.3288657066536256,-0.3288657066536256,CORR_L10_f0.3,0.4206491095667349,-0.4206491095667349,0.05402010050251256,0.05674204355108878
F6,11,interleave,0.1,0.0017771879245132977,MEMLESS,0.8122937031917069,0.3537571480663787,-0.3537571480663787,CORR_L10_f0.3,0.42194488544732867,-0.42194488544732867,0.11620603015075377,0.11683417085427136
F6,11,interleave,0.2,0.0017771879245132977,MEMLESS,0.8889481167826103,0.3791731566671177,-0.3791731566671177,CORR_L10_f0.3,0.43176530661397283,-0.43176530661397283,0.21880234505862647,0.23869346733668342
F6,11,interleave,0.3,0.0017771879245132977,MEMLESS,0.9369531400812109,0.40865477941172657,-0.40865477941172657,CORR_L10_f0.3,0.43889280010050197,-0.43889280010050197,0.33207705192629816,0.3542713567839196
F6,11,interleave,0.5,0.0017771879245132977,MEMLESS,0.9807745419326207,0.4488778657052709,-0.4488778657052709,CORR_L10_f0.3,0.45379812032086725,-0.45379812032086725,0.539572864321608,0.5705611390284757
F6,11,contiguous,0.02,0.0017771879245132977,MEMLESS,0.6784634006714318,0.2698227674379522,-0.2698227674379522,CORR_L10_f0.3,0.3314987434119667,-0.274675618087861,0.02554438860971524,0.026591289782244554
F6,11,contiguous,0.05,0.0017771879245132977,MEMLESS,0.7787564272269241,0.2995287131497921,-0.2995287131497921,CORR_L10_f0.3,0.33562703866471316,-0.2831127438232924,0.0745393634840871,0.07370184254606366
F6,11,contiguous,0.1,0.0017771879245132977,MEMLESS,0.8451137720471135,0.3032961642002171,-0.30042068073311085,CORR_L10_f0.3,0.3266754510714911,-0.2963782200160668,0.13819095477386933,0.13944723618090452
F6,11,contiguous,0.2,0.0017771879245132977,MEMLESS,0.91482189181107,0.32782285341879513,-0.2874857472302755,CORR_L10_f0.3,0.33204918732131394,-0.2979869058728379,0.2567001675041876,0.26046901172529313
F6,11,contiguous,0.3,0.0017771879245132977,MEMLESS,0.95110315216049,0.3505616555096097,-0.3057183678968057,CORR_L10_f0.3,0.34598370315256183,-0.2966596603004178,0.3639028475711893,0.3879815745393635
F6,11,contiguous,0.5,0.0017771879245132977,MEMLESS,0.9850334660305128,0.3754768517192621,-0.3134039253799249,CORR_L10_f0.3,0.369391036431022,-0.3009672673444693,0.5617671691792295,0.6059463986599665
F6,12,interleave,0.02,0.004772478769734467,MEMLESS,0.669983339634636,0.16219476653465412,-0.16219476653465412,CORR_L10_f0.3,0.25282443769795554,-0.25282443769795554,0.01847826086956522,0.01956521739130435
F6,12,interleave,0.05,0.004772478769734467,MEMLESS,0.7895351836909671,0.23462497861360074,-0.23462497861360074,CORR_L10_f0.3,0.23753426686741752,-0.23753426686741752,0.04673913043478261,0.04891304347826087
F6,12,interleave,0.1,0.004772478769734467,MEMLESS,0.8404128570035242,0.265718731511125,-0.265718731511125,CORR_L10_f0.3,0.27057024205198205,-0.27057024205198205,0.08315217391304348,0.08423913043478261
F6,12,interleave,0.2,0.004772478769734467,MEMLESS,0.9053061882325536,0.2820294623456249,-0.2820294623456249,CORR_L10_f0.3,0.2743427036340989,-0.2743427036340989,0.17608695652173914,0.17608695652173914
F6,12,interleave,0.3,0.004772478769734467,MEMLESS,0.937782499946791,0.2775594666481628,-0.2775594666481628,CORR_L10_f0.3,0.2759217499801553,-0.2759217499801553,0.25380434782608696,0.26902173913043476
F6,12,interleave,0.5,0.004772478769734467,MEMLESS,0.9791688684390237,0.2850740949207371,-0.2850740949207371,CORR_L10_f0.3,0.2756237863113727,-0.2756237863113727,0.4532608695652174,0.4380434782608696
F6,12,contiguous,0.02,0.004772478769734467,MEMLESS,0.5159877354181299,0.2156879179971149,-0.2156879179971149,CORR_L10_f0.3,0.3191488727902738,-0.3191488727902738,0.010869565217391304,0.010869565217391304
F6,12,contiguous,0.05,0.004772478769734467,MEMLESS,0.7392129839136403,0.29684942464149977,-0.29684942464149977,CORR_L10_f0.3,0.30587894010563194,-0.30587894010563194,0.058695652173913045,0.05543478260869565
F6,12,contiguous,0.1,0.004772478769734467,MEMLESS,0.8374790774124716,0.3040385012446455,-0.3040385012446455,CORR_L10_f0.3,0.33874194568633575,-0.33874194568633575,0.13641304347826086,0.14184782608695654
F6,12,contiguous,0.2,0.004772478769734467,MEMLESS,0.9207327120215164,0.31956827094997337,-0.31956827094997337,CORR_L10_f0.3,0.3418032248615464,-0.3418032248615464,0.27554347826086956,0.2543478260869565
F6,12,contiguous,0.3,0.004772478769734467,MEMLESS,0.9457722465691235,0.31041002971340725,-0.31041002971340725,CORR_L10_f0.3,0.3484201075239071,-0.3484201075239071,0.3451086956521739,0.4146739130434783
F6,12,contiguous,0.5,0.004772478769734467,MEMLESS,0.9833675983242065,0.353934661454002,-0.353934661454002,CORR_L10_f0.3,0.34933555406931205,-0.34933555406931205,0.528804347826087,0.5603260869565218
F6,13,interleave,0.02,0.0011271135536624012,MEMLESS,0.45570430854206695,0.14806469798484664,-0.10622753752425246,CORR_L10_f0.3,0.25081936985356085,-0.25081936985356085,0.03674540682414698,0.026246719160104987
F6,13,interleave,0.05,0.0011271135536624012,MEMLESS,0.670785244352763,0.12563006168136165,-0.03167555954507665,CORR_L10_f0.3,0.14538195613312382,-0.14538195613312382,0.09973753280839895,0.13648293963254593
F6,13,interleave,0.1,0.0011271135536624012,MEMLESS,0.7383323241138563,0.09777475276842118,-0.03800776564159647,CORR_L10_f0.3,0.13610407716490291,-0.13610407716490291,0.13910761154855644,0.1942257217847769
F6,13,interleave,0.2,0.0011271135536624012,MEMLESS,0.8448077959774746,0.07430762475717012,-0.06365995794190617,CORR_L10_f0.3,0.1311232909766288,-0.1311232909766288,0.24146981627296588,0.2650918635170604
F6,13,interleave,0.3,0.0011271135536624012,MEMLESS,0.921219899295907,0.0979125605375415,-0.0979125605375415,CORR_L10_f0.3,0.1469061951548907,-0.1469061951548907,0.3648293963254593,0.36220472440944884
F6,13,interleave,0.5,0.0011271135536624012,MEMLESS,0.9715303486729725,0.1437125547197754,-0.14303571881306426,CORR_L10_f0.3,0.1568653191195515,-0.1568653191195515,0.5196850393700787,0.47506561679790027
F6,13,contiguous,0.02,0.0011271135536624012,MEMLESS,0.0,0.1121199800477705,0.061239853210332124,CORR_L10_f0.3,0.1121199800477705,0.061239853210332124,0.0,0.0
F6,13,contiguous,0.05,0.0011271135536624012,MEMLESS,0.2223027144702239,0.0833509009999059,0.0833509009999059,CORR_L10_f0.3,0.07869542722432303,0.07869542722432303,0.01832460732984293,0.02356020942408377
F6,13,contiguous,0.1,0.0011271135536624012,MEMLESS,0.3772571791597208,0.04014649767617727,-0.0002522928414182118,CORR_L10_f0.3,0.09255282306437322,0.08074830947495411,0.049738219895287955,0.05759162303664921
F6,13,contiguous,0.2,0.0011271135536624012,MEMLESS,0.6037108536322793,0.04972546713380605,-0.04048879600017481,CORR_L10_f0.3,0.0388179991404327,0.03760815820134857,0.1387434554973822,0.12303664921465969
F6,13,contiguous,0.3,0.0011271135536624012,MEMLESS,0.7291262628873622,0.052802652262663965,0.014632299243115422,CORR_L10_f0.3,0.04707795605595268,0.0094460045449356,0.21465968586387435,0.25392670157068065
F6,13,contiguous,0.5,0.0011271135536624012,MEMLESS,0.9101787048112475,0.07163056989660671,0.02521017359482736,CORR_L10_f0.3,0.06366076491256274,0.03723905193516104,0.4083769633507853,0.39790575916230364
F6,14,interleave,0.02,0.001696942636400302,MEMLESS,0.5948396783735732,0.26124645109540573,-0.26124645109540573,CORR_L10_f0.3,0.29514890098171875,-0.29514890098171875,0.02327064073956009,0.02645839974497928
F6,14,interleave,0.05,0.001696942636400302,MEMLESS,0.6750700188680958,0.2525569090254554,-0.2525569090254554,CORR_L10_f0.3,0.31908639809434336,-0.31908639809434336,0.048135160981829773,0.055148230793751994
F6,14,interleave,0.1,0.001696942636400302,MEMLESS,0.7657213526465874,0.2571895909021579,-0.2571895909021579,CORR_L10_f0.3,0.32580610203369365,-0.32580610203369365,0.10264583997449793,0.09754542556582722
F6,14,interleave,0.2,0.001696942636400302,MEMLESS,0.8663926892009138,0.2920782119655486,-0.2920782119655486,CORR_L10_f0.3,0.33890874378605645,-0.33890874378605645,0.21326107746254383,0.1973222824354479
F6,14,interleave,0.3,0.001696942636400302,MEMLESS,0.9208244236234292,0.31860703694868064,-0.31860703694868064,CORR_L10_f0.3,0.3413935063369969,-0.3413935063369969,0.3146318138348741,0.30219955371373924
F6,14,interleave,0.5,0.001696942636400302,MEMLESS,0.9744411572178096,0.365607281753825,-0.365607281753825,CORR_L10_f0.3,0.3683789977647273,-0.3683789977647273,0.5052598023589416,0.5374561683136755
F6,14,contiguous,0.02,0.001696942636400302,MEMLESS,0.6909591434552468,0.31991573297595094,-0.2767283726710965,CORR_L10_f0.3,0.3391810170731202,-0.3391810170731202,0.036010197578075206,0.044933078393881457
F6,14,contiguous,0.05,0.001696942636400302,MEMLESS,0.7534013065930473,0.3053505774960912,-0.29810292715534065,CORR_L10_f0.3,0.34708146659671113,-0.30245784997534114,0.06405353728489484,0.07106437221159974
F6,14,contiguous,0.1,0.001696942636400302,MEMLESS,0.814946527961422,0.3126293832576073,-0.3009671393826422,CORR_L10_f0.3,0.35155867216305425,-0.31054862947537876,0.11344805608667942,0.12778840025493945
F6,14,contiguous,0.2,0.001696942636400302,MEMLESS,0.8924553658864951,0.3545247145357385,-0.3302388243384481,CORR_L10_f0.3,0.3663103004420617,-0.31713861984058545,0.2224346717654557,0.19694072657743786
F6,14,contiguous,0.3,0.001696942636400302,MEMLESS,0.9458022172651007,0.3773013063426569,-0.3354469550330634,CORR_L10_f0.3,0.38736905291056595,-0.3288791640324183,0.3546845124282983,0.30465264499681327
F6,14,contiguous,0.5,0.001696942636400302,MEMLESS,0.9816635129847072,0.41098886799832435,-0.32821827081386806,CORR_L10_f0.3,0.40698658568971385,-0.34172824870445473,0.5334608030592735,0.5417463352453792
F6,15,interleave,0.02,0.003654376084556493,MEMLESS,0.48663552111188735,0.23241651801509494,0.12139923969262173,CORR_L10_f0.3,0.10945025179625098,0.07393842131220464,0.02025586353944563,0.03091684434968017
F6,15,interleave,0.05,0.003654376084556493,MEMLESS,0.6485268059975161,0.11402365156899216,0.11402365156899216,CORR_L10_f0.3,0.10778693061403181,0.10778693061403181,0.053304904051172705,0.0650319829424307
F6,15,interleave,0.1,0.003654376084556493,MEMLESS,0.7471535787499956,0.09889784598614303,0.08623020397269295,CORR_L10_f0.3,0.10480956472763588,0.08272101806076089,0.10341151385927505,0.0906183368869936
F6,15,interleave,0.2,0.003654376084556493,MEMLESS,0.8695874242780895,0.09256741597459596,0.019178026399529396,CORR_L10_f0.3,0.08453370423930578,0.045677018853839936,0.22388059701492538,0.21321961620469082
F6,15,interleave,0.3,0.003654376084556493,MEMLESS,0.9246681785778675,0.07325020079587269,0.04710844767061975,CORR_L10_f0.3,0.07990588526876007,0.04832107822510299,0.3251599147121535,0.3422174840085288
F6,15,interleave,0.5,0.003654376084556493,MEMLESS,0.9742270542598491,0.07549778203711682,0.05903400302368214,CORR_L10_f0.3,0.0831291242212336,0.05594567474232193,0.502132196162047,0.5127931769722814
F6,15,contiguous,0.02,0.003654376084556493,MEMLESS,0.6670365382813684,0.20440593984067748,0.20440593984067748,CORR_L10_f0.3,0.20152146276675795,0.20152146276675795,0.08093716719914804,0.07987220447284345
F6,15,contiguous,0.05,0.003654376084556493,MEMLESS,0.8221272810786493,0.20233151927637044,0.13200323081991605,CORR_L10_f0.3,0.17322909033274267,0.17322909033274267,0.19169329073482427,0.2598509052183174
F6,15,contiguous,0.1,0.003654376084556493,MEMLESS,0.8831476875341584,0.22301481179375404,0.12877863643706206,CORR_L10_f0.3,0.17612888692534429,0.17612888692534429,0.27263045793397234,0.3844515441959531
F6,15,contiguous,0.2,0.003654376084556493,MEMLESS,0.9391781355354148,0.18854543799224285,0.13665876782266473,CORR_L10_f0.3,0.17442494380783705,0.17331489324866084,0.39403620873269435,0.5122470713525027
F6,15,contiguous,0.3,0.003654376084556493,MEMLESS,0.9716162907519406,0.16849292746950137,0.15086939920493983,CORR_L10_f0.3,0.1835986659128127,0.1835986659128127,0.5143769968051118,0.5857294994675186
F6,15,contiguous,0.5,0.003654376084556493,MEMLESS,0.9914760030354584,0.16934096187767886,0.16934096187767886,CORR_L10_f0.3,0.17225038160087836,0.17225038160087836,0.6624068157614483,0.7231096911608094
F6,16,interleave,0.02,0.003388220288207316,MEMLESS,0.4192102654256664,0.10053756670689785,-0.017506038402335625,CORR_L10_f0.3,0.07649947196685383,-0.050058157597898,0.012622720897615708,0.016830294530154277
F6,16,interleave,0.05,0.003388220288207316,MEMLESS,0.533057459411425,0.07675849451740312,-0.004495374133226996,CORR_L10_f0.3,0.08022845298790449,-0.08022845298790449,0.030855539971949508,0.037868162692847124
F6,16,interleave,0.1,0.003388220288207316,MEMLESS,0.6648652944648694,0.11142112083763733,-0.11142112083763733,CORR_L10_f0.3,0.11957203857439253,-0.11957203857439253,0.07994389901823282,0.05890603085553997
F6,16,interleave,0.2,0.003388220288207316,MEMLESS,0.7822824743178916,0.1492572078060387,-0.1492572078060387,CORR_L10_f0.3,0.13907436364247552,-0.13907436364247552,0.15287517531556802,0.1584852734922861
F6,16,interleave,0.3,0.003388220288207316,MEMLESS,0.8543806342483392,0.12018515892276695,-0.12018515892276695,CORR_L10_f0.3,0.12383339025251783,-0.12383339025251783,0.2314165497896213,0.2370266479663394
F6,16,interleave,0.5,0.003388220288207316,MEMLESS,0.9574932337210262,0.12422899275125324,-0.11497504546009782,CORR_L10_f0.3,0.11431370438653377,-0.08668814274622386,0.45582047685834504,0.39691444600280507
F6,16,contiguous,0.02,0.003388220288207316,MEMLESS,0.43795378794503687,0.10133226371765257,0.050305908517855505,CORR_L10_f0.3,0.09760758889657659,0.030190863207205543,0.023842917251051893,0.04488078541374474
F6,16,contiguous,0.05,0.003388220288207316,MEMLESS,0.5391347868319335,0.1466118942392647,0.07659881248956092,CORR_L10_f0.3,0.14019868425859122,0.05104806912494413,0.047685834502103785,0.06311360448807854
F6,16,contiguous,0.1,0.003388220288207316,MEMLESS,0.6462705916256251,0.12490183582874823,0.014649821986466754,CORR_L10_f0.3,0.12140738486646795,0.05269059886623514,0.09396914446002805,0.09396914446002805
F6,16,contiguous,0.2,0.003388220288207316,MEMLESS,0.846253135752451,0.07128837951622029,-0.017272231060596856,CORR_L10_f0.3,0.0822821096618488,0.05239821389783449,0.25245441795231416,0.19775596072931276
F6,16,contiguous,0.3,0.003388220288207316,MEMLESS,0.9046939190356834,0.05169735890806145,0.013055315581385103,CORR_L10_f0.3,0.06261782575900725,0.03907477483109062,0.3394109396914446,0.3702664796633941
F6,16,contiguous,0.5,0.003388220288207316,MEMLESS,0.9700211319733991,0.06845620365990907,0.03320603573135477,CORR_L10_f0.3,0.05244447677508635,0.04993306784069552,0.5259467040673211,0.5497896213183731
F6,17,interleave,0.02,0.002025555775837486,MEMLESS,0.41755536604260657,0.04043492014330935,0.04043492014330935,CORR_L10_f0.3,0.03675477175318877,0.0345343209121372,0.01905599530929346,0.01920257988859572
F6,17,interleave,0.05,0.002025555775837486,MEMLESS,0.5560332782994986,0.03572352354999468,0.016777380379472018,CORR_L10_f0.3,0.04785421031507376,0.02015202813201382,0.04829961888009381,0.045441219583699795
F6,17,interleave,0.1,0.002025555775837486,MEMLESS,0.6664685499795777,0.03087936886801535,-0.012318122849053871,CORR_L10_f0.3,0.03292192457787399,0.009653183871441672,0.09242157725007329,0.0944737613603049
F6,17,interleave,0.2,0.002025555775837486,MEMLESS,0.80071027093691,0.036643579238221896,-0.036643579238221896,CORR_L10_f0.3,0.022751699852923708,-0.0034574202306110876,0.18762826150688947,0.18506303136909996
F6,17,interleave,0.3,0.002025555775837486,MEMLESS,0.8786933151668537,0.04016170450559623,-0.04016170450559623,CORR_L10_f0.3,0.030628592513173614,-0.0072372830075873446,0.2844473761360305,0.2864995602462621
F6,17,interleave,0.5,0.002025555775837486,MEMLESS,0.9599420783546357,0.02378565545289357,-0.013260099436116859,CORR_L10_f0.3,0.0356421405760847,-0.004467924742238981,0.4815303430079156,0.4816036352975667
F6,17,contiguous,0.02,0.002025555775837486,MEMLESS,0.48385201572603076,0.06409110659445831,-0.018294629052207575,CORR_L10_f0.3,0.073337883370513,-0.04629099611186438,0.026311931984755205,0.029536792729404866
F6,17,contiguous,0.05,0.002025555775837486,MEMLESS,0.6152090000434466,0.05060466749200286,-0.04678942570391516,CORR_L10_f0.3,0.03955500555846776,-0.03955500555846776,0.06420404573438875,0.059366754617414245
F6,17,contiguous,0.1,0.002025555775837486,MEMLESS,0.7408145030718642,0.09711550016884103,-0.09711550016884103,CORR_L10_f0.3,0.07120292781818603,-0.04689811248949679,0.1335385517443565,0.13419818235121664
F6,17,contiguous,0.2,0.002025555775837486,MEMLESS,0.8548384142594977,0.10662709924519301,-0.10662709924519301,CORR_L10_f0.3,0.0639494981779844,-0.0639494981779844,0.24809440046907066,0.27242744063324537
F6,17,contiguous,0.3,0.002025555775837486,MEMLESS,0.9187276400499598,0.1061197178990005,-0.1061197178990005,CORR_L10_f0.3,0.06650078902603299,-0.06650078902603299,0.36015831134564646,0.38573732043389036
F6,17,contiguous,0.5,0.002025555775837486,MEMLESS,0.9761368448562004,0.07142259990231636,-0.07142259990231636,CORR_L10_f0.3,0.061656297833112224,-0.061656297833112224,0.5594400469070654,0.5875109938434476
F6,18,interleave,0.02,0.0019724342017190346,MEMLESS,0.35778301384391314,0.03508144068417684,0.016010605227669724,CORR_L10_f0.3,0.019404087448006133,0.00917106612467565,0.018343967517401392,0.018633990719257542
F6,18,interleave,0.05,0.0019724342017190346,MEMLESS,0.4888157687123427,0.029800224588678276,-0.0046968462230989085,CORR_L10_f0.3,0.025760097196301797,0.0032765038245730913,0.04488109048723898,0.046113689095127613
F6,18,interleave,0.1,0.0019724342017190346,MEMLESS,0.6290163189467615,0.043747831136678954,-0.043747831136678954,CORR_L10_f0.3,0.03959364761456961,-0.015034757879994951,0.09621519721577726,0.09251740139211137
F6,18,interleave,0.2,0.0019724342017190346,MEMLESS,0.7773601705417341,0.0650142182273193,-0.0650142182273193,CORR_L10_f0.3,0.030436466434874045,-0.028698998938691492,0.1935179814385151,0.18786252900232017
F6,18,interleave,0.3,0.0019724342017190346,MEMLESS,0.8683277866099876,0.06648535702914261,-0.06648535702914261,CORR_L10_f0.3,0.03315620057539797,-0.03315620057539797,0.296911252900232,0.28465777262180975
F6,18,interleave,0.5,0.0019724342017190346,MEMLESS,0.9592504838218014,0.035950557304971265,-0.035950557304971265,CORR_L10_f0.3,0.032063469649154165,-0.032063469649154165,0.5028277262180975,0.4890516241299304
F6,18,contiguous,0.02,0.0019724342017190346,MEMLESS,0.26551982853324013,0.06536259457198974,0.06379406178488427,CORR_L10_f0.3,0.07172473229866687,0.030772221154884594,0.008628190255220417,0.007903132250580047
F6,18,contiguous,0.05,0.0019724342017190346,MEMLESS,0.3812167715226932,0.043330764814296485,0.041462799691024954,CORR_L10_f0.3,0.06214618125180355,0.04749626554176745,0.025884570765661252,0.024651972157772623
F6,18,contiguous,0.1,0.0019724342017190346,MEMLESS,0.5328198709675975,0.04794255632756961,-0.001108485154624257,CORR_L10_f0.3,0.044798705125369424,0.031589071782710455,0.06793793503480279,0.05655452436194896
F6,18,contiguous,0.2,0.0019724342017190346,MEMLESS,0.7183290135446149,0.06102065865283905,-0.04427745932114669,CORR_L10_f0.3,0.04511580290739252,0.013252862048238816,0.16429814385150812,0.1424013921113689
F6,18,contiguous,0.3,0.0019724342017190346,MEMLESS,0.8388812457536274,0.04098362612067207,-0.03721919487232613,CORR_L10_f0.3,0.05068537420132609,0.004719833781097738,0.27646461716937354,0.2521751740139211
F6,18,contiguous,0.5,0.0019724342017190346,MEMLESS,0.9478619295616523,0.05049007368686278,-0.0019920205882926123,CORR_L10_f0.3,0.046151388952837366,0.011647580067865553,0.4800609048723898,0.4890516241299304
F6,19,interleave,0.02,0.0027682956130900397,MEMLESS,0.38895135866501296,0.07379052789885802,-0.02538026575204484,CORR_L10_f0.3,0.09662606966640226,-0.03212364900948308,0.025746652935118436,0.02368692070030896
F6,19,interleave,0.05,0.0027682956130900397,MEMLESS,0.5520527368590437,0.11415349979334848,0.11415349979334848,CORR_L10_f0.3,0.07279948605307185,0.035369041449518024,0.057672502574665295,0.0690010298661174
F6,19,interleave,0.1,0.0027682956130900397,MEMLESS,0.6757792491606087,0.08513257077899271,0.0766372453019277,CORR_L10_f0.3,0.08129569059266381,0.08129569059266381,0.101956745623069,0.1431513903192585
F6,19,interleave,0.2,0.0027682956130900397,MEMLESS,0.787376481438798,0.060376852855607906,0.022623469465624445,CORR_L10_f0.3,0.06882642622495054,0.046614512535624736,0.17507723995880536,0.21318228630278063
F6,19,interleave,0.3,0.0027682956130900397,MEMLESS,0.8797191323891743,0.0310550977028717,-0.0019094304892919634,CORR_L10_f0.3,0.08372617813501944,0.037504911505221526,0.2811534500514933,0.282183316168898
F6,19,interleave,0.5,0.0027682956130900397,MEMLESS,0.9537535939005469,0.04246114361488861,-0.004012684207862412,CORR_L10_f0.3,0.05145184197786822,-0.017289762427833002,0.451081359423275,0.48094747682801237
F6,19,contiguous,0.02,0.0027682956130900397,MEMLESS,0.13421370611353287,0.03111999340810022,-0.026426598690718037,CORR_L10_f0.3,0.04161881468168062,-0.013256844278821773,0.0051440329218107,0.00720164609053498
F6,19,contiguous,0.05,0.0027682956130900397,MEMLESS,0.37636903572152824,0.08292686264948154,0.07168649425946735,CORR_L10_f0.3,0.060302662342263814,0.03840535082639744,0.0411522633744856,0.04938271604938271
F6,19,contiguous,0.1,0.0027682956130900397,MEMLESS,0.5808814543232563,0.09369648598491713,0.09369648598491713,CORR_L10_f0.3,0.08964277808022326,0.031180284101492865,0.10390946502057613,0.10082304526748971
F6,19,contiguous,0.2,0.0027682956130900397,MEMLESS,0.7970313228165322,0.04494587919520074,0.005181627486329847,CORR_L10_f0.3,0.06309484736932416,0.04172653512768049,0.2397119341563786,0.24691358024691357
F6,19,contiguous,0.3,0.0027682956130900397,MEMLESS,0.8695511996847421,0.042514513478689134,-0.01167056700861022,CORR_L10_f0.3,0.05562206833429399,0.00935098731848059,0.3220164609053498,0.360082304526749
F6,19,contiguous,0.5,0.0027682956130900397,MEMLESS,0.9595647823037351,0.07864101997091666,-0.011666815896767036,CORR_L10_f0.3,0.05322437541705416,0.01269321087097428,0.5185185185185185,0.5462962962962963
F6,20,interleave,0.02,0.0027633573091360485,MEMLESS,0.3678558675089591,0.054081550128876985,0.054081550128876985,CORR_L10_f0.3,0.045909331610448495,-0.005161198120089969,0.02170731707317073,0.02878048780487805
F6,20,interleave,0.05,0.0027633573091360485,MEMLESS,0.48424106887490737,0.04840556409580377,-0.0007534310495256603,CORR_L10_f0.3,0.032677596395455956,-0.01956525558053121,0.04682926829268293,0.05170731707317073
F6,20,interleave,0.1,0.0027633573091360485,MEMLESS,0.6185711267978128,0.05647614441651259,-0.05647614441651259,CORR_L10_f0.3,0.04319081751574096,-0.03057132054360705,0.09804878048780488,0.09878048780487805
F6,20,interleave,0.2,0.0027633573091360485,MEMLESS,0.7770458954522425,0.07655583535226979,-0.07655583535226979,CORR_L10_f0.3,0.04751266402061413,-0.04751266402061413,0.204390243902439,0.2004878048780488
F6,20,interleave,0.3,0.0027633573091360485,MEMLESS,0.8580366098568933,0.08686804365598759,-0.08686804365598759,CORR_L10_f0.3,0.052313532017579364,-0.04659330984349268,0.29536585365853657,0.3046341463414634
F6,20,interleave,0.5,0.0027633573091360485,MEMLESS,0.9559388444713359,0.07184998466738592,-0.07184998466738592,CORR_L10_f0.3,0.05187046843219144,-0.05187046843219144,0.5051219512195122,0.49317073170731707
F6,20,contiguous,0.02,0.0027633573091360485,MEMLESS,0.33240856720670126,0.09163156896258734,0.06438132075430344,CORR_L10_f0.3,0.05393088228244468,0.04602428911974559,0.015605949768349184,0.012679834186783711
F6,20,contiguous,0.05,0.0027633573091360485,MEMLESS,0.4793327379969863,0.0694352818821043,0.0694352818821043,CORR_L10_f0.3,0.07240892603557157,0.05799485860651344,0.04462326261887344,0.04462326261887344
F6,20,contiguous,0.1,0.0027633573091360485,MEMLESS,0.6046269784399261,0.06164478077343709,0.030502959954474013,CORR_L10_f0.3,0.05682539826071032,0.05311356110524709,0.09022189709826872,0.09314801267983419
F6,20,contiguous,0.2,0.0027633573091360485,MEMLESS,0.7617791878959592,0.07341459482878564,-0.029256255669357297,CORR_L10_f0.3,0.06215647253748058,0.03133706567416285,0.1894659839063643,0.182882223847842
F6,20,contiguous,0.3,0.0027633573091360485,MEMLESS,0.8584521944341288,0.07474434259311728,-0.0444350518649455,CORR_L10_f0.3,0.07300089391329785,0.010452584290540835,0.293586930017069,0.28627164106315534
F6,20,contiguous,0.5,0.0027633573091360485,MEMLESS,0.9520443550171387,0.0641864422358926,-0.017683032564750522,CORR_L10_f0.3,0.07409509886254736,-0.005143600409456514,0.48866130212143377,0.47329919531821507
F6,21,interleave,0.02,0.0018457872754085837,MEMLESS,0.44499764369214634,0.09377626683783523,0.09377626683783523,CORR_L10_f0.3,0.07098457944295805,0.04072150732857681,0.02508038585209003,0.0360128617363344
F6,21,interleave,0.05,0.0018457872754085837,MEMLESS,0.5670145182964583,0.0818417538987421,0.0818417538987421,CORR_L10_f0.3,0.0739153875827641,0.03536987655399031,0.04823151125401929,0.052733118971061095
F6,21,interleave,0.1,0.0018457872754085837,MEMLESS,0.6571975918203117,0.04884331318619152,-0.00792418817343477,CORR_L10_f0.3,0.06148671301430494,0.011258429143092127,0.08038585209003216,0.07395498392282958
F6,21,interleave,0.2,0.0018457872754085837,MEMLESS,0.7848536000721028,0.06297334880480986,-0.026453914736108107,CORR_L10_f0.3,0.04826073217324513,-0.020013428477744743,0.16270096463022507,0.1742765273311897
F6,21,interleave,0.3,0.0018457872754085837,MEMLESS,0.8687127136828003,0.05443616299698897,-0.049187109089170115,CORR_L10_f0.3,0.062031143633829396,-0.03018850340211683,0.26109324758842445,0.25016077170418005
F6,21,interleave,0.5,0.0018457872754085837,MEMLESS,0.9575833601168385,0.06196187716936263,-0.01850926056809274,CORR_L10_f0.3,0.055046694402117444,-0.007198601103055355,0.4707395498392283,0.45401929260450163
F6,21,contiguous,0.02,0.0018457872754085837,MEMLESS,0.5788834468838712,0.1526978060082768,-0.1526978060082768,CORR_L10_f0.3,0.13052882290293116,-0.13052882290293116,0.05466237942122187,0.06173633440514469
F6,21,contiguous,0.05,0.0018457872754085837,MEMLESS,0.7048558026627476,0.15643966205412224,-0.15643966205412224,CORR_L10_f0.3,0.12995785904504564,-0.12995785904504564,0.10546623794212219,0.09453376205787781
F6,21,contiguous,0.1,0.0018457872754085837,MEMLESS,0.8193724510357202,0.1873849087183788,-0.1873849087183788,CORR_L10_f0.3,0.11747822418801412,-0.11747822418801412,0.19421221864951768,0.1729903536977492
F6,21,contiguous,0.2,0.0018457872754085837,MEMLESS,0.9035386978082852,0.16291202160704168,-0.16291202160704168,CORR_L10_f0.3,0.12709216433611725,-0.12709216433611725,0.312540192926045,0.3581993569131833
F6,21,contiguous,0.3,0.0018457872754085837,MEMLESS,0.9445025721864435,0.1489942385058912,-0.1489942385058912,CORR_L10_f0.3,0.11553942896616408,-0.11553942896616408,0.4135048231511254,0.4707395498392283
F6,21,contiguous,0.5,0.0018457872754085837,MEMLESS,0.9840717023993802,0.1157854032339755,-0.1157854032339755,CORR_L10_f0.3,0.11372113178537288,-0.11372113178537288,0.5987138263665595,0.6347266881028939
F6,22,interleave,0.02,0.0006428434282033131,MEMLESS,0.22753277669252522,0.054816821728862514,-0.054816821728862514,CORR_L10_f0.3,0.07207111390542574,-0.07207111390542574,0.013651877133105802,0.016211604095563138
F6,22,interleave,0.05,0.0006428434282033131,MEMLESS,0.3646478086152941,0.11677681832264976,-0.11677681832264976,CORR_L10_f0.3,0.10587645845296094,-0.10587645845296094,0.040955631399317405,0.04436860068259386
F6,22,interleave,0.1,0.0006428434282033131,MEMLESS,0.5400599165639385,0.057351456029578786,-0.057351456029578786,CORR_L10_f0.3,0.1100572874868194,-0.1100572874868194,0.10238907849829351,0.08191126279863481
F6,22,interleave,0.2,0.0006428434282033131,MEMLESS,0.7374197291313416,0.06380993068851394,-0.036520289261986305,CORR_L10_f0.3,0.08488614150505518,-0.08488614150505518,0.21928327645051193,0.21928327645051193
F6,22,interleave,0.3,0.0006428434282033131,MEMLESS,0.8328409884390793,0.04215720659816518,-0.04215720659816518,CORR_L10_f0.3,0.10263434684094867,-0.10263434684094867,0.3097269624573379,0.3583617747440273
F6,22,interleave,0.5,0.0006428434282033131,MEMLESS,0.9498418579919107,0.08499448018445283,-0.08499448018445283,CORR_L10_f0.3,0.09301614241110741,-0.09301614241110741,0.5247440273037542,0.5213310580204779
F6,22,contiguous,0.02,0.0006428434282033131,MEMLESS,0.04108923881970017,0.10276675350186579,0.10276675350186579,CORR_L10_f0.3,0.10910551826513774,0.10766100764648256,0.0025575447570332483,0.0008525149190110827
F6,22,contiguous,0.05,0.0006428434282033131,MEMLESS,0.15315753200450832,0.08978421027228788,0.08978421027228788,CORR_L10_f0.3,0.11686764177992263,0.11686764177992263,0.01278772378516624,0.014492753623188406
F6,22,contiguous,0.1,0.0006428434282033131,MEMLESS,0.3071099707876393,0.053618869890039514,0.03857790184869757,CORR_L10_f0.3,0.1030402341224166,0.1030402341224166,0.04092071611253197,0.028132992327365727
F6,22,contiguous,0.2,0.0006428434282033131,MEMLESS,0.5239246974668553,0.05536130719741166,0.012318136059272266,CORR_L10_f0.3,0.0657147176529613,0.06341586511531244,0.11508951406649616,0.08780903665814152
F6,22,contiguous,0.3,0.0006428434282033131,MEMLESS,0.7020995385732232,0.06522729303342682,0.008756223812903403,CORR_L10_f0.3,0.08291495122465321,0.03134163991379098,0.21398124467178176,0.16453537936913895
F6,22,contiguous,0.5,0.0006428434282033131,MEMLESS,0.8986672385473159,0.10844048854363861,0.05383150930428662,CORR_L10_f0.3,0.10917703645530913,0.06498401186863617,0.42625745950554134,0.39300937766410915
F6,23,interleave,0.02,0.0017970550451687462,MEMLESS,0.5926891186657121,0.04902437304064212,0.04902437304064212,CORR_L10_f0.3,0.05806740960698345,0.009439261396110048,0.021553325901151988,0.02564102564102564
F6,23,interleave,0.05,0.0017970550451687462,MEMLESS,0.7002890845230434,0.042059011121563676,-0.026189498024889752,CORR_L10_f0.3,0.04812871420542638,-0.007557800737173922,0.046822742474916385,0.044221479004087696
F6,23,interleave,0.1,0.0017970550451687462,MEMLESS,0.7793601756008283,0.04374191903902066,-0.03376195679875531,CORR_L10_f0.3,0.04464970642498827,-0.04289653715599253,0.08732813080639168,0.08286882199925678
F6,23,interleave,0.2,0.0017970550451687462,MEMLESS,0.8634597945639024,0.08127347036844956,-0.08127347036844956,CORR_L10_f0.3,0.051115801507577246,-0.051115801507577246,0.1705685618729097,0.15124489037532515
F6,23,interleave,0.3,0.0017970550451687462,MEMLESS,0.9110845446705746,0.08920643013277835,-0.08920643013277835,CORR_L10_f0.3,0.06278384803441332,-0.06278384803441332,0.2523225566703828,0.23708658491267187
F6,23,interleave,0.5,0.0017970550451687462,MEMLESS,0.9698519489401695,0.07608876983640667,-0.07608876983640667,CORR_L10_f0.3,0.06966372004898148,-0.06966372004898148,0.4485321441843181,0.41025641025641024
F6,23,contiguous,0.02,0.0017970550451687462,MEMLESS,0.8134916016289863,0.22364336347974897,-0.22364336347974897,CORR_L10_f0.3,0.1516227751507945,-0.1516227751507945,0.12444279346210996,0.13707280832095098
F6,23,contiguous,0.05,0.0017970550451687462,MEMLESS,0.864315130120633,0.25226775648395905,-0.25226775648395905,CORR_L10_f0.3,0.1886792782949886,-0.1886792782949886,0.17830609212481427,0.22102526002971767
F6,23,contiguous,0.1,0.0017970550451687462,MEMLESS,0.9086917118862444,0.2302912483661303,-0.2302912483661303,CORR_L10_f0.3,0.18503653721834284,-0.18503653721834284,0.25074294205052006,0.3098068350668648
F6,23,contiguous,0.2,0.0017970550451687462,MEMLESS,0.9504270244111057,0.2069227960166012,-0.2069227960166012,CORR_L10_f0.3,0.17251231871249612,-0.17251231871249612,0.3614413075780089,0.4156760772659733
F6,23,contiguous,0.3,0.0017970550451687462,MEMLESS,0.9721312752541065,0.19270404017469492,-0.19270404017469492,CORR_L10_f0.3,0.16601878400732203,-0.16601878400732203,0.45690936106983654,0.48811292719167904
F6,23,contiguous,0.5,0.0017970550451687462,MEMLESS,0.9899459781194357,0.16807471608344804,-0.16807471608344804,CORR_L10_f0.3,0.15841683511926546,-0.15841683511926546,0.5995542347696879,0.6433878157503715
F6,24,interleave,0.02,0.0023583355344686456,MEMLESS,0.5317029963057718,0.041280903248113364,8.256860647412386e-05,CORR_L10_f0.3,0.03337998560456905,-0.02154642170782687,0.023386552732178996,0.023386552732178996
F6,24,interleave,0.05,0.0023583355344686456,MEMLESS,0.6353243459377984,0.032466265775648644,-0.021263795014997613,CORR_L10_f0.3,0.042594588798391765,-0.02730159634219584,0.052394872948054866,0.06049021812457837
F6,24,interleave,0.1,0.0023583355344686456,MEMLESS,0.7456235400377081,0.09319797159784689,-0.09319797159784689,CORR_L10_f0.3,0.044974812091553365,-0.044974812091553365,0.10928715988306724,0.10568922869350124
F6,24,interleave,0.2,0.0023583355344686456,MEMLESS,0.8526284990829829,0.11865516762345862,-0.11865516762345862,CORR_L10_f0.3,0.06588157954171796,-0.06588157954171796,0.20800539689678435,0.2057566899033056
F6,24,interleave,0.3,0.0023583355344686456,MEMLESS,0.9119133828580944,0.10636190446246739,-0.10636190446246739,CORR_L10_f0.3,0.07355563298836681,-0.07355563298836681,0.3064987632111536,0.31481897908702494
F6,24,interleave,0.5,0.0023583355344686456,MEMLESS,0.9731308756907566,0.0649149612695565,-0.0649149612695565,CORR_L10_f0.3,0.07154698248723149,-0.07154698248723149,0.5113559703170677,0.4960647627614122
F6,24,contiguous,0.02,0.0023583355344686456,MEMLESS,0.22890189192951488,0.14172496583741134,0.14172496583741134,CORR_L10_f0.3,0.14895475861442137,0.14895475861442137,0.006969424460431655,0.0049460431654676255
F6,24,contiguous,0.05,0.0023583355344686456,MEMLESS,0.3480787078032352,0.12238816370515762,0.12238816370515762,CORR_L10_f0.3,0.15894098387636835,0.15894098387636835,0.01933453237410072,0.019109712230215826
F6,24,contiguous,0.1,0.0023583355344686456,MEMLESS,0.5071579947538414,0.07411399241227341,0.07411399241227341,CORR_L10_f0.3,0.13972372336839226,0.13972372336839226,0.054181654676258996,0.045638489208633094
F6,24,contiguous,0.2,0.0023583355344686456,MEMLESS,0.6760827048881086,0.0505597620934677,0.0505597620934677,CORR_L10_f0.3,0.1175739969685671,0.1175739969685671,0.12342625899280575,0.10948741007194245
F6,24,contiguous,0.3,0.0023583355344686456,MEMLESS,0.7910564170868573,0.05912003698303414,0.05912003698303414,CORR_L10_f0.3,0.11892847744573817,0.11892847744573817,0.20526079136690648,0.17468525179856115
F6,24,contiguous,0.5,0.0023583355344686456,MEMLESS,0.9227858744208259,0.09645344330087884,0.09645344330087884,CORR_L10_f0.3,0.11683660386763796,0.11683660386763796,0.39388489208633093,0.3464478417266187
F6,25,interleave,0.02,0.0007950339758566571,MEMLESS,0.4498012723589762,0.0866597200443685,0.06951535427833745,CORR_L10_f0.3,0.08939979894247826,0.03994378032630288,0.01982326247910198,0.022928110819202294
F6,25,interleave,0.05,0.0007950339758566571,MEMLESS,0.5453844079372557,0.08861549379026643,-0.008904128693369593,CORR_L10_f0.3,0.08293171553295549,0.01447331053453256,0.04490088368760449,0.046333890613804635
F6,25,interleave,0.1,0.0007950339758566571,MEMLESS,0.6525807449851404,0.07100874666439763,-0.07100874666439763,CORR_L10_f0.3,0.08671720665161156,0.00400111837933951,0.08956293288750895,0.07953188440410795
F6,25,interleave,0.2,0.0007950339758566571,MEMLESS,0.787587415451595,0.07346501245756847,-0.07346501245756847,CORR_L10_f0.3,0.06401098407484405,-0.007064376888366612,0.18318605206591831,0.1729161690948173
F6,25,interleave,0.3,0.0007950339758566571,MEMLESS,0.8687403359301404,0.07583185971206749,-0.05504260913554579,CORR_L10_f0.3,0.05220340455629335,-0.005066279786099471,0.27871984714592785,0.26534511583472653
F6,25,interleave,0.5,0.0007950339758566571,MEMLESS,0.9551043947840251,0.07724868357675156,-0.0016696850257708483,CORR_L10_f0.3,0.0649252067821337,0.014974992054734857,0.4721757821829472,0.4666825889658467
F6,25,contiguous,0.02,0.0007950339758566571,MEMLESS,0.37699415782017875,0.058431017562169014,-0.058431017562169014,CORR_L10_f0.3,0.07264755979459254,-0.07264755979459254,0.018385864374403055,0.012655205348615091
F6,25,contiguous,0.05,0.0007950339758566571,MEMLESS,0.5867161328884289,0.12228081434184658,-0.05948191248273436,CORR_L10_f0.3,0.07364476118496238,-0.07364476118496238,0.08524355300859598,0.08476599808978033
F6,25,contiguous,0.1,0.0007950339758566571,MEMLESS,0.7251467741400305,0.12107919927477105,-0.07323619226293794,CORR_L10_f0.3,0.0976127873357583,-0.08754123751353719,0.166189111747851,0.19890162368672398
F6,25,contiguous,0.2,0.0007950339758566571,MEMLESS,0.8504423925841947,0.09289989998553032,-0.07858762540733757,CORR_L10_f0.3,0.10132466035763507,-0.10132466035763507,0.2898758357211079,0.3457497612225406
F6,25,contiguous,0.3,0.0007950339758566571,MEMLESS,0.9162781135188923,0.07417077392157023,-0.0732413623316992,CORR_L10_f0.3,0.08679446362336599,-0.08679446362336599,0.40019102196752626,0.44412607449856734
F6,25,contiguous,0.5,0.0007950339758566571,MEMLESS,0.9745052589524282,0.08470367219808811,-0.08470367219808811,CORR_L10_f0.3,0.08679722125990096,-0.08679722125990096,0.5821394460362942,0.6301337153772684
F6,26,interleave,0.02,0.0013573377674545733,MEMLESS,0.4613715078972644,0.07472741050388473,0.07472741050388473,CORR_L10_f0.3,0.08758882197839937,0.08758882197839937,0.017223272421760135,0.016173072883847932
F6,26,interleave,0.05,0.0013573377674545733,MEMLESS,0.5779191456379525,0.05700023165351405,0.05700023165351405,CORR_L10_f0.3,0.1017756657048571,0.1017756657048571,0.045158580130224744,0.03780718336483932
F6,26,interleave,0.1,0.0013573377674545733,MEMLESS,0.6767737145030104,0.04027944484547004,0.04027944484547004,CORR_L10_f0.3,0.0854440101289321,0.0854440101289321,0.08653644192396555,0.09073724007561437
F6,26,interleave,0.2,0.0013573377674545733,MEMLESS,0.8015906926717892,0.029146754507901867,0.02535906106947797,CORR_L10_f0.3,0.08257963710333799,0.08257963710333799,0.18000420079815166,0.1741230833858433
F6,26,interleave,0.3,0.0013573377674545733,MEMLESS,0.8773352719216944,0.03585633717983403,0.0298933156574089,CORR_L10_f0.3,0.0712653200540712,0.0712653200540712,0.27557235874816216,0.28040327662255826
F6,26,interleave,0.5,0.0013573377674545733,MEMLESS,0.9550764101006594,0.05990581774881221,0.05990581774881221,CORR_L10_f0.3,0.07341145622627179,0.07341145622627179,0.46250787649653435,0.46670867464818316
F6,26,contiguous,0.02,0.0013573377674545733,MEMLESS,0.625320471317244,0.14360588736945232,-0.14360588736945232,CORR_L10_f0.3,0.14677318175174914,-0.14677318175174914,0.028559428811423773,0.029399412011759767
F6,26,contiguous,0.05,0.0013573377674545733,MEMLESS,0.7320196763110629,0.21260979969330812,-0.21260979969330812,CORR_L10_f0.3,0.18510844718855132,-0.18510844718855132,0.07769844603107938,0.07307853842923141
F6,26,contiguous,0.1,0.0013573377674545733,MEMLESS,0.8134788421819726,0.24920690281772445,-0.24920690281772445,CORR_L10_f0.3,0.19857493293349873,-0.19857493293349873,0.14405711885762285,0.14531709365812684
F6,26,contiguous,0.2,0.0013573377674545733,MEMLESS,0.8934067311947345,0.2461948444184872,-0.2461948444184872,CORR_L10_f0.3,0.21566780650710413,-0.21566780650710413,0.2568248635027299,0.2771944561108778
F6,26,contiguous,0.3,0.0013573377674545733,MEMLESS,0.9390545917900628,0.24243162612647512,-0.24243162612647512,CORR_L10_f0.3,0.208229232074083,-0.208229232074083,0.36749265014699706,0.39626207475850483
F6,26,contiguous,0.5,0.0013573377674545733,MEMLESS,0.9802351792057858,0.20766181281438245,-0.20766181281438245,CORR_L10_f0.3,0.19375923065647874,-0.19375923065647874,0.5539689206215875,0.5821083578328433
F6,27,interleave,0.02,0.002702353281012637,MEMLESS,0.5162503937330236,0.052123950012574145,0.028569356685985627,CORR_L10_f0.3,0.06436327141852183,0.015002056280096331,0.019726027397260273,0.014794520547945205
F6,27,interleave,0.05,0.002702353281012637,MEMLESS,0.6677596645052045,0.05535016859949136,-0.04810431354012785,CORR_L10_f0.3,0.033388494815210445,-0.033388494815210445,0.054246575342465755,0.05808219178082192
F6,27,interleave,0.1,0.002702353281012637,MEMLESS,0.741808628929894,0.06659188317216476,-0.06659188317216476,CORR_L10_f0.3,0.03974303150026373,-0.017313438428204212,0.09315068493150686,0.09863013698630137
F6,27,interleave,0.2,0.002702353281012637,MEMLESS,0.8453089494667895,0.10503401458913529,-0.10503401458913529,CORR_L10_f0.3,0.04540058024025822,-0.04540058024025822,0.19232876712328767,0.18904109589041096
F6,27,interleave,0.3,0.002702353281012637,MEMLESS,0.9144296057234348,0.10406534069641155,-0.10406534069641155,CORR_L10_f0.3,0.05604025809088942,-0.05604025809088942,0.3084931506849315,0.32
F6,27,interleave,0.5,0.002702353281012637,MEMLESS,0.9732784976080558,0.06239426970887264,-0.06239426970887264,CORR_L10_f0.3,0.0520448808190814,-0.0520448808190814,0.5112328767123288,0.5161643835616438
F6,27,contiguous,0.02,0.002702353281012637,MEMLESS,0.4314040051357988,0.13494067654549455,0.022819778417175578,CORR_L10_f0.3,0.10759623263830427,0.04146489020803655,0.014238773274917854,0.01095290251916758
F6,27,contiguous,0.05,0.002702353281012637,MEMLESS,0.5971634767119578,0.11350657077232716,-0.046568315809144445,CORR_L10_f0.3,0.11178481091823586,0.007968918976709326,0.05093099671412924,0.047097480832420595
F6,27,contiguous,0.1,0.002702353281012637,MEMLESS,0.7680276842408993,0.0845404033104256,-0.0845404033104256,CORR_L10_f0.3,0.05123496418675279,-0.018118910571364763,0.1456736035049288,0.15772179627601315
F6,27,contiguous,0.2,0.002702353281012637,MEMLESS,0.8753789806701084,0.11733709189306889,-0.11733709189306889,CORR_L10_f0.3,0.04526955549073381,-0.041483790545640845,0.26451259583789705,0.3044906900328587
F6,27,contiguous,0.3,0.002702353281012637,MEMLESS,0.9281816823939024,0.08384660414580897,-0.08384660414580897,CORR_L10_f0.3,0.04950512946333842,-0.035710262094205594,0.3658269441401972,0.3893756845564075
F6,27,contiguous,0.5,0.002702353281012637,MEMLESS,0.9767899614142567,0.05044380098453175,-0.03064584065095949,CORR_L10_f0.3,0.07493410766412759,-0.014825390797155447,0.5465498357064622,0.5930996714129244
F6,28,interleave,0.02,0.0008946751090828577,MEMLESS,0.3791838424887397,0.1704140550716913,0.004844603415385655,CORR_L10_f0.3,0.217034393646257,-0.1651971620520213,0.008174386920980926,0.01634877384196185
F6,28,interleave,0.05,0.0008946751090828577,MEMLESS,0.45982245029092744,0.22246899314920468,0.22246899314920468,CORR_L10_f0.3,0.10093513117693281,0.01408906099536321,0.01907356948228883,0.027247956403269755
F6,28,interleave,0.1,0.0008946751090828577,MEMLESS,0.6369040315687652,0.14544906186119813,0.0035325673887512303,CORR_L10_f0.3,0.1375886541128572,-0.027270104802570267,0.08174386920980926,0.05994550408719346
F6,28,interleave,0.2,0.0008946751090828577,MEMLESS,0.7964118054263244,0.09243370315991041,-0.07730610379829501,CORR_L10_f0.3,0.08606006787770486,-0.06620633722476221,0.1989100817438692,0.20708446866485014
F6,28,interleave,0.3,0.0008946751090828577,MEMLESS,0.8601963885957212,0.10393936530879354,-0.08871664225359989,CORR_L10_f0.3,0.11090945233040193,-0.07839922549983652,0.2779291553133515,0.329700272479564
F6,28,interleave,0.5,0.0008946751090828577,MEMLESS,0.9567743035862875,0.12342094389399666,-0.0673491620106845,CORR_L10_f0.3,0.08903908435136267,-0.03643410340759041,0.49318801089918257,0.5068119891008175
F6,28,contiguous,0.02,0.0008946751090828577,MEMLESS,0.0,0.174047911619568,0.174047911619568,CORR_L10_f0.3,0.174047911619568,0.174047911619568,0.0,0.0
F6,28,contiguous,0.05,0.0008946751090828577,MEMLESS,0.23230404285068776,0.0550401889536529,0.0550401889536529,CORR_L10_f0.3,0.1595089217265502,0.1595089217265502,0.02452316076294278,0.027247956403269755
F6,28,contiguous,0.1,0.0008946751090828577,MEMLESS,0.3498278911142792,0.08689206790108919,0.08689206790108919,CORR_L10_f0.3,0.14706663107950374,0.14706663107950374,0.051771117166212535,0.05994550408719346
F6,28,contiguous,0.2,0.0008946751090828577,MEMLESS,0.5956606714249513,0.08434636094539977,0.08434636094539977,CORR_L10_f0.3,0.14576959553608185,0.14576959553608185,0.1444141689373297,0.13896457765667575
F6,28,contiguous,0.3,0.0008946751090828577,MEMLESS,0.7099312391013899,0.06601850954690956,0.05731584812330175,CORR_L10_f0.3,0.12464451006702316,0.12464451006702316,0.21525885558583105,0.23978201634877383
F6,28,contiguous,0.5,0.0008946751090828577,MEMLESS,0.9047118801436925,0.07777706513642604,0.07777706513642604,CORR_L10_f0.3,0.1000450744109269,0.1000450744109269,0.4332425068119891,0.42779291553133514
F6,29,interleave,0.02,0.001230328122750895,MEMLESS,0.40226879323288667,0.036834997543083045,0.036834997543083045,CORR_L10_f0.3,0.05718396282202613,0.05718396282202613,0.013448607108549471,0.01601024655779699
F6,29,interleave,0.05,0.001230328122750895,MEMLESS,0.5373375048946992,0.05060697141597471,0.048461484514744003,CORR_L10_f0.3,0.04786255169092304,0.04786255169092304,0.042907460774895934,0.04899135446685879
F6,29,interleave,0.1,0.001230328122750895,MEMLESS,0.6469709483962273,0.02595053800138351,0.019859646893694363,CORR_L10_f0.3,0.03002563981082996,0.02236338713272887,0.08869676593019532,0.09702209414024976
F6,29,interleave,0.2,0.001230328122750895,MEMLESS,0.791420116345522,0.02860715937346726,0.01355720028345136,CORR_L10_f0.3,0.03063129340797817,0.01595057123945312,0.18956131924431635,0.1834774255523535
F6,29,interleave,0.3,0.001230328122750895,MEMLESS,0.8755547869339088,0.03208493315099887,0.004370730177658903,CORR_L10_f0.3,0.032127117890012706,0.020350597331441084,0.292347102145373,0.281780339417227
F6,29,interleave,0.5,0.001230328122750895,MEMLESS,0.9614668157370824,0.03983770241646876,0.009987601727363325,CORR_L10_f0.3,0.0355729856134159,0.025424174489190352,0.5033621517771374,0.4684598142811399
F6,29,contiguous,0.02,0.001230328122750895,MEMLESS,0.6465784127307045,0.20231076330656625,-0.20231076330656625,CORR_L10_f0.3,0.15211122409489186,-0.15211122409489186,0.040666026256804357,0.04835094460454691
F6,29,contiguous,0.05,0.001230328122750895,MEMLESS,0.7100209718167002,0.24336737101957923,-0.24336737101957923,CORR_L10_f0.3,0.15184631211414099,-0.15184631211414099,0.06948447006083894,0.0803714377201409
F6,29,contiguous,0.1,0.001230328122750895,MEMLESS,0.791081329399699,0.26815299187194985,-0.26815299187194985,CORR_L10_f0.3,0.16472437494221476,-0.16472437494221476,0.12904258725584375,0.13096381684277938
F6,29,contiguous,0.2,0.001230328122750895,MEMLESS,0.878728154859409,0.25523059341076265,-0.25523059341076265,CORR_L10_f0.3,0.17779597373605413,-0.17779597373605413,0.23310918988152418,0.23374959974383605
F6,29,contiguous,0.3,0.001230328122750895,MEMLESS,0.9249251333621531,0.2363385673609983,-0.2363385673609983,CORR_L10_f0.3,0.176508213543577,-0.176508213543577,0.32628882484790267,0.3397374319564521
F6,29,contiguous,0.5,0.001230328122750895,MEMLESS,0.97727679389185,0.1780220777266453,-0.1780220777266453,CORR_L10_f0.3,0.1730005324794231,-0.1730005324794231,0.5308997758565482,0.5254562920268973
F6,30,interleave,0.02,0.0035384946869255725,MEMLESS,0.4989424421847989,0.1907116267234178,0.10010883564624454,CORR_L10_f0.3,0.12292992235087641,0.10424530127111634,0.021321961620469083,0.03304904051172708
F6,30,interleave,0.05,0.0035384946869255725,MEMLESS,0.6516442666605743,0.10570337824889407,0.10570337824889407,CORR_L10_f0.3,0.1040825739762772,0.10029374264016269,0.05543710021321962,0.050106609808102345
F6,30,interleave,0.1,0.0035384946869255725,MEMLESS,0.7496938298281131,0.10137526824809356,0.09678420747956579,CORR_L10_f0.3,0.1005560148107465,0.1005560148107465,0.10554371002132196,0.09701492537313433
F6,30,interleave,0.2,0.0035384946869255725,MEMLESS,0.846629338377742,0.0736549091532701,0.02745277224208365,CORR_L10_f0.3,0.07460511888244961,0.06457730097999846,0.20149253731343283,0.1812366737739872
F6,30,interleave,0.3,0.0035384946869255725,MEMLESS,0.9098835864033339,0.07691189278333191,0.04826538334946824,CORR_L10_f0.3,0.060871679056943385,0.05133880224738732,0.3070362473347548,0.3070362473347548
F6,30,interleave,0.5,0.0035384946869255725,MEMLESS,0.968951966692413,0.06956952738491318,0.06132188830788984,CORR_L10_f0.3,0.06948411673672955,0.05944811828365559,0.48933901918976547,0.4722814498933902
F6,30,contiguous,0.02,0.0035384946869255725,MEMLESS,0.6799664434803023,0.15826311320542716,0.15826311320542716,CORR_L10_f0.3,0.16796888625388723,0.16796888625388723,0.09052183173588925,0.0979765708200213
F6,30,contiguous,0.05,0.0035384946869255725,MEMLESS,0.806038406307895,0.16193897549862818,0.16120614659536572,CORR_L10_f0.3,0.1849440295671478,0.1849440295671478,0.1853035143769968,0.2364217252396166
F6,30,contiguous,0.1,0.0035384946869255725,MEMLESS,0.8617306403098121,0.19722061164088295,0.1504470885956193,CORR_L10_f0.3,0.1871040472269015,0.1871040472269015,0.25559105431309903,0.35356762513312034
F6,30,contiguous,0.2,0.0035384946869255725,MEMLESS,0.9380306476785552,0.1671254798953081,0.1541427261304344,CORR_L10_f0.3,0.1823565413123342,0.17316078484902533,0.4142705005324814,0.48562300319488816
F6,30,contiguous,0.3,0.0035384946869255725,MEMLESS,0.9637184467270229,0.15460096243784738,0.15460096243784738,CORR_L10_f0.3,0.17540064850195128,0.17480226636171003,0.5026624068157615,0.5995740149094781
F6,30,contiguous,0.5,0.0035384946869255725,MEMLESS,0.9888902271477286,0.17927964791045156,0.16484680161809812,CORR_L10_f0.3,0.17749610028440954,0.17749610028440954,0.6613418530351438,0.7689030883919062
F6,31,interleave,0.02,18.923779189872096,MEMLESS,0.3478084993506248,0.06096245089320338,-0.04913501738684327,CORR_L10_f0.3,0.09557079827470086,-0.05323893323678815,0.022388059701492536,0.029850746268656716
F6,31,interleave,0.05,18.923779189872096,MEMLESS,0.5289126482191882,0.0991252719599069,-0.03668310173491095,CORR_L10_f0.3,0.10501197143320372,-0.0655314442687023,0.06183368869936034,0.057569296375266525
F6,31,interleave,0.1,18.923779189872096,MEMLESS,0.629731449382293,0.08053470377714894,-0.06272446261804761,CORR_L10_f0.3,0.11161680879496004,-0.049647877238069966,0.10127931769722814,0.1162046908315565
F6,31,interleave,0.2,18.923779189872096,MEMLESS,0.8073009632914322,0.06840755768433,-0.007427329700579033,CORR_L10_f0.3,0.0804816148775594,-0.04358025983432238,0.22281449893390193,0.17164179104477612
F6,31,interleave,0.3,18.923779189872096,MEMLESS,0.8861073629240865,0.06260633853487418,-0.050480624126912704,CORR_L10_f0.3,0.05180149035770843,-0.05180149035770843,0.32196162046908317,0.27611940298507465
F6,31,interleave,0.5,18.923779189872096,MEMLESS,0.9622389715462073,0.07294695327631964,-0.07294695327631964,CORR_L10_f0.3,0.039454593717757766,-0.021766954132052294,0.5042643923240938,0.5213219616204691
F6,31,contiguous,0.02,18.923779189872096,MEMLESS,0.21899933365780347,0.12837133830635247,-0.12837133830635247,CORR_L10_f0.3,0.1217936092104418,-0.1217936092104418,0.008519701810436636,0.012779552715654952
F6,31,contiguous,0.05,18.923779189872096,MEMLESS,0.5333522629583892,0.04182464161978035,-0.012379543483859607,CORR_L10_f0.3,0.06603784337353964,-0.06603784337353964,0.07987220447284345,0.05750798722044728
F6,31,contiguous,0.1,18.923779189872096,MEMLESS,0.6921766392707097,0.035517322064668844,-0.01797572597328665,CORR_L10_f0.3,0.04244138756391033,-0.04244138756391033,0.15335463258785942,0.16080937167199147
F6,31,contiguous,0.2,18.923779189872096,MEMLESS,0.8232945661128777,0.07218341029646351,-0.040632635227152644,CORR_L10_f0.3,0.08863784278248825,-0.0743468263658991,0.2566560170394036,0.3077742279020234
F6,31,contiguous,0.3,18.923779189872096,MEMLESS,0.8977303288642605,0.06788327923961367,-0.049729769181908204,CORR_L10_f0.3,0.0808761198737862,-0.06919810462980973,0.3588924387646432,0.40468583599574015
F6,31,contiguous,0.5,18.923779189872096,MEMLESS,0.971448636092358,0.072433079653613,-0.072433079653613,CORR_L10_f0.3,0.07019424073315002,-0.07019424073315002,0.5612353567625133,0.5718849840255591
F6,32,interleave,0.02,0.00326671393904047,MEMLESS,0.4068570633080136,0.11983435054305266,0.005645611412708372,CORR_L10_f0.3,0.08539243933339058,-0.04522922968050275,0.012622720897615708,0.0182328190743338
F6,32,interleave,0.05,0.00326671393904047,MEMLESS,0.5580321478918352,0.08713938273326834,-0.042308143562083435,CORR_L10_f0.3,0.11742557068195773,0.0038426023642627177,0.04207573632538569,0.02664796633941094
F6,32,interleave,0.1,0.00326671393904047,MEMLESS,0.6591485631032806,0.11530474489514199,-0.09012624838106216,CORR_L10_f0.3,0.10828326649807914,-0.06317564630541164,0.07994389901823282,0.0785413744740533
F6,32,interleave,0.2,0.00326671393904047,MEMLESS,0.7707951204907502,0.13341751087422787,-0.13341751087422787,CORR_L10_f0.3,0.09039823062662279,-0.0796029402812973,0.14305750350631136,0.17391304347826086
F6,32,interleave,0.3,0.00326671393904047,MEMLESS,0.863430389914532,0.1080426806472658,-0.1080426806472658,CORR_L10_f0.3,0.06887691187763423,-0.06887691187763423,0.24403927068723702,0.23983169705469845
F6,32,interleave,0.5,0.00326671393904047,MEMLESS,0.9501484800778542,0.1291622081775161,-0.08389054115345594,CORR_L10_f0.3,0.13895951293962652,-0.06173335558623831,0.43338008415147267,0.3758765778401122
F6,32,contiguous,0.02,0.00326671393904047,MEMLESS,0.41296686179837827,0.1353556456864149,0.06053162179918125,CORR_L10_f0.3,0.10140846474051837,0.03516826529516137,0.02244039270687237,0.03927068723702665
F6,32,contiguous,0.05,0.00326671393904047,MEMLESS,0.5373318332156825,0.13709722797545687,0.03894659116108301,CORR_L10_f0.3,0.11784043587573532,0.03248159099666698,0.05049088359046283,0.05890603085553997
F6,32,contiguous,0.1,0.00326671393904047,MEMLESS,0.6597238952943139,0.09865971914153308,-0.019428274258077093,CORR_L10_f0.3,0.11892929479251223,0.059684318088460316,0.10238429172510519,0.08976157082748948
F6,32,contiguous,0.2,0.00326671393904047,MEMLESS,0.821234310807113,0.05757002603444043,-0.007120766398085596,CORR_L10_f0.3,0.07106024972192951,0.06630571440198596,0.2244039270687237,0.20196353436185133
F6,32,contiguous,0.3,0.00326671393904047,MEMLESS,0.9041838645392521,0.05760378878874852,-0.01658515527830762,CORR_L10_f0.3,0.057265933020559184,0.04577871897926869,0.3394109396914446,0.3576437587657784
F6,32,contiguous,0.5,0.00326671393904047,MEMLESS,0.9701929409231277,0.06079673788608524,0.024356104388259105,CORR_L10_f0.3,0.04850517664994056,0.032504197949073464,0.5329593267882188,0.5624123422159888
F6,33,interleave,0.02,17.76188595513472,MEMLESS,0.22195210013397246,0.07804312193571818,0.07804312193571818,CORR_L10_f0.3,0.05868877115994799,0.03286148938558563,0.021037868162692847,0.030855539971949508
F6,33,interleave,0.05,17.76188595513472,MEMLESS,0.4407716039692821,0.07865004880075743,0.001512924135783739,CORR_L10_f0.3,0.03929771203799272,0.010338530718225132,0.07012622720897616,0.0546984572230014
F6,33,interleave,0.1,17.76188595513472,MEMLESS,0.5640258921200962,0.04934190946720016,0.014839057977399966,CORR_L10_f0.3,0.08605360837863216,-0.0024459248947633883,0.11640953716690042,0.12622720897615708
F6,33,interleave,0.2,17.76188595513472,MEMLESS,0.7454805613977206,0.06513332206692976,-0.0045934334282755635,CORR_L10_f0.3,0.07071178997465462,-0.016467707468408057,0.22159887798036465,0.21598877980364656
F6,33,interleave,0.3,17.76188595513472,MEMLESS,0.8446763501580663,0.08067922081801007,-0.010501416850730642,CORR_L10_f0.3,0.03953269218909255,-0.015113254599464927,0.3211781206171108,0.28330995792426367
F6,33,interleave,0.5,17.76188595513472,MEMLESS,0.9386133636080838,0.06301540252876248,-0.01668595259879502,CORR_L10_f0.3,0.09945319011908989,0.021701698647123426,0.485273492286115,0.4488078541374474
F6,33,contiguous,0.02,17.76188595513472,MEMLESS,0.21650767879142588,0.08147419266839888,0.07160372008993977,CORR_L10_f0.3,0.12083981959448625,0.0815246872646975,0.021037868162692847,0.016830294530154277
F6,33,contiguous,0.05,17.76188595513472,MEMLESS,0.3462596223123029,0.07105773670505473,0.022181988872605446,CORR_L10_f0.3,0.10742773841184836,0.08445311821743552,0.04908835904628331,0.05329593267882188
F6,33,contiguous,0.1,17.76188595513472,MEMLESS,0.5505463024821445,0.07891018186157027,0.05053720364826137,CORR_L10_f0.3,0.09643221357445991,0.02532614641739671,0.12201963534361851,0.1332398316970547
F6,33,contiguous,0.2,17.76188595513472,MEMLESS,0.7570693814498559,0.08666980117724558,0.016389321295217883,CORR_L10_f0.3,0.07882509139306872,0.018890210232274805,0.24544179523141654,0.25245441795231416
F6,33,contiguous,0.3,17.76188595513472,MEMLESS,0.8465273546737411,0.07583281109633454,0.023971135609165195,CORR_L10_f0.3,0.0824786990875699,0.05681041047278573,0.3394109396914446,0.3814866760168303
F6,33,contiguous,0.5,17.76188595513472,MEMLESS,0.9545201098400989,0.059148934026477314,0.059148934026477314,CORR_L10_f0.3,0.05322332320732369,0.05322332320732369,0.5455820476858345,0.5189340813464236
F6,34,interleave,0.02,0.001982373695684593,MEMLESS,0.4139440690013198,0.04137050133848513,0.04059584199685597,CORR_L10_f0.3,0.03919796037741214,0.03826462301541045,0.018836118440340076,0.017956610964526533
F6,34,interleave,0.05,0.001982373695684593,MEMLESS,0.5535098405579058,0.02806968359731607,0.012052287465486654,CORR_L10_f0.3,0.038748986902908254,0.019329351862236683,0.04822632659044269,0.04470829668718851
F6,34,interleave,0.1,0.001982373695684593,MEMLESS,0.6689796866288591,0.03605803430666369,-0.0074095434286536145,CORR_L10_f0.3,0.02763090933315171,0.005425245923679127,0.09520668425681618,0.09564643799472296
F6,34,interleave,0.2,0.001982373695684593,MEMLESS,0.7988267828382914,0.03326136909537767,-0.03242482964884746,CORR_L10_f0.3,0.029243793991876817,-0.0028072966649478094,0.18931398416886544,0.1868953386103782
F6,34,interleave,0.3,0.001982373695684593,MEMLESS,0.8766138311604693,0.04024713568438722,-0.04024713568438722,CORR_L10_f0.3,0.02893294119661424,-0.006584364856838329,0.28510700674289063,0.28378774552917035
F6,34,interleave,0.5,0.001982373695684593,MEMLESS,0.960628668515366,0.030569405771540065,-0.016647699660860937,CORR_L10_f0.3,0.030728316231680562,-0.004385019524902457,0.4881999413661683,0.4758135444151275
F6,34,contiguous,0.02,0.001982373695684593,MEMLESS,0.4837891534782485,0.06565685654792454,-0.03788121974819729,CORR_L10_f0.3,0.06160005665642832,-0.037437159272170756,0.026824978012313105,0.026751685722661976
F6,34,contiguous,0.05,0.001982373695684593,MEMLESS,0.6164430198536223,0.05056237966989529,-0.040083622316329025,CORR_L10_f0.3,0.039215728015022946,-0.039215728015022946,0.06552330694810905,0.06031955438287892
F6,34,contiguous,0.1,0.001982373695684593,MEMLESS,0.7362567371220001,0.09229425762226416,-0.09229425762226416,CORR_L10_f0.3,0.06267439602849965,-0.04678016950578404,0.13163295221342713,0.13339196716505425
F6,34,contiguous,0.2,0.001982373695684593,MEMLESS,0.8506416890220725,0.11628075316349525,-0.11628075316349525,CORR_L10_f0.3,0.0635131144967484,-0.0635131144967484,0.244869539724421,0.2720609791849897
F6,34,contiguous,0.3,0.001982373695684593,MEMLESS,0.9155003993786953,0.10395077108224317,-0.10395077108224317,CORR_L10_f0.3,0.06953911037825314,-0.06953911037825314,0.35649369686309,0.3863969510407505
F6,34,contiguous,0.5,0.001982373695684593,MEMLESS,0.9761932177598346,0.07146822381127034,-0.07146822381127034,CORR_L10_f0.3,0.06351114508458516,-0.06351114508458516,0.5636177074171798,0.579155672823219
F6,35,interleave,0.02,14.859298013551383,MEMLESS,0.2754541905114129,0.046534237878034596,-0.012843155642351861,CORR_L10_f0.3,0.038863053498861246,-0.01446674847709154,0.02030196423336265,0.024992670771034887
F6,35,interleave,0.05,14.859298013551383,MEMLESS,0.41762438555162074,0.02599373830050588,0.005294604444726991,CORR_L10_f0.3,0.037010743567840294,-0.008082483012658617,0.04991204925241865,0.05482263265904427
F6,35,interleave,0.1,14.859298013551383,MEMLESS,0.5659936727814976,0.02352091372608888,0.002338081117297998,CORR_L10_f0.3,0.02878860273076512,-0.0010281396570982204,0.10019055995309294,0.10282908238053357
F6,35,interleave,0.2,14.859298013551383,MEMLESS,0.7434272735516431,0.025997098038784073,0.006513261572767843,CORR_L10_f0.3,0.019744095944514317,-0.0017888252614826725,0.20279976546467313,0.1969363822925828
F6,35,interleave,0.3,14.859298013551383,MEMLESS,0.8446216412576903,0.03913455913764672,0.018704621602353266,CORR_L10_f0.3,0.026240493627554574,-0.0012102814073872141,0.30203752565230135,0.2912635590735855
F6,35,interleave,0.5,14.859298013551383,MEMLESS,0.9469218968775309,0.023457177679525543,0.01358524860826119,CORR_L10_f0.3,0.023194400843507098,0.001196695213568643,0.4922310172969804,0.4881999413661683
F6,35,contiguous,0.02,14.859298013551383,MEMLESS,0.3836897618344508,0.034579996005048394,0.02906753230304972,CORR_L10_f0.3,0.06267623723276258,0.06267623723276258,0.0411169744942832,0.03994429785986514
F6,35,contiguous,0.05,14.859298013551383,MEMLESS,0.5423039195002541,0.03638623061855856,0.03638623061855856,CORR_L10_f0.3,0.061161151899286365,0.061161151899286365,0.08978305482263266,0.09975080621518616
F6,35,contiguous,0.1,14.859298013551383,MEMLESS,0.675251055531098,0.052722231119250375,0.052722231119250375,CORR_L10_f0.3,0.05995372156134386,0.05995372156134386,0.1547933157431838,0.17267663441805922
F6,35,contiguous,0.2,14.859298013551383,MEMLESS,0.8207994434911529,0.06377085128865906,0.06377085128865906,CORR_L10_f0.3,0.07023335901075885,0.07023335901075885,0.27352682497801234,0.2897244209909118
F6,35,contiguous,0.3,14.859298013551383,MEMLESS,0.8935763181067884,0.060417911687882894,0.060417911687882894,CORR_L10_f0.3,0.07107588684066445,0.07107588684066445,0.3725447082966872,0.40024919378481383
F6,35,contiguous,0.5,14.859298013551383,MEMLESS,0.9658658033744975,0.0528682183800143,0.0528682183800143,CORR_L10_f0.3,0.0548805384043854,0.0548805384043854,0.5574611550864849,0.577469950161243
F6,36,interleave,0.02,0.0019320927799594309,MEMLESS,0.35205628374991943,0.03994038981974247,0.022274625343841947,CORR_L10_f0.3,0.017475440599960097,0.00847843668587111,0.018271461716937356,0.018779002320185614
F6,36,interleave,0.05,0.0019320927799594309,MEMLESS,0.48080118547190026,0.03697599230998042,-0.0009711823124506186,CORR_L10_f0.3,0.03100486949817739,0.007119181055418427,0.044446055684454755,0.04495359628770302
F6,36,interleave,0.1,0.0019320927799594309,MEMLESS,0.6255601088032359,0.03235358023054019,-0.03235358023054019,CORR_L10_f0.3,0.030360000958056785,-0.005323020862295135,0.09679524361948956,0.08910962877030162
F6,36,interleave,0.2,0.0019320927799594309,MEMLESS,0.7807428840971996,0.059215292342366666,-0.059215292342366666,CORR_L10_f0.3,0.02572831515251446,-0.02572831515251446,0.19815835266821347,0.1853973317865429
F6,36,interleave,0.3,0.0019320927799594309,MEMLESS,0.8685224377836548,0.061047419647978725,-0.061047419647978725,CORR_L10_f0.3,0.030356991175065295,-0.030356991175065295,0.29799883990719256,0.28117749419953597
F6,36,interleave,0.5,0.0019320927799594309,MEMLESS,0.9553819872654528,0.033531872848893626,-0.033531872848893626,CORR_L10_f0.3,0.028761334216331234,-0.028761334216331234,0.4899941995359629,0.4976798143851508
F6,36,contiguous,0.02,0.0019320927799594309,MEMLESS,0.2549450004457336,0.09156043322944257,0.06299236236696916,CORR_L10_f0.3,0.08048490293348337,0.03689338213386386,0.008193155452436195,0.0069605568445475635
F6,36,contiguous,0.05,0.0019320927799594309,MEMLESS,0.370737637215608,0.052180817890790245,0.052180817890790245,CORR_L10_f0.3,0.06320216670875904,0.04822135159772079,0.02515951276102088,0.02566705336426914
F6,36,contiguous,0.1,0.0019320927799594309,MEMLESS,0.5208472512908735,0.04091238834437928,0.005869936878978186,CORR_L10_f0.3,0.049394615281709915,0.04063601821006495,0.0658352668213457,0.05365429234338747
F6,36,contiguous,0.2,0.0019320927799594309,MEMLESS,0.7113388541244212,0.0447567181344271,-0.034314940513809,CORR_L10_f0.3,0.04570027021761255,0.018882789075525534,0.16197795823665892,0.14058874709976799
F6,36,contiguous,0.3,0.0019320927799594309,MEMLESS,0.8323348863390292,0.045453063896701486,-0.03318827677194695,CORR_L10_f0.3,0.045189989181377045,0.01081428909069946,0.2718242459396752,0.2404292343387471
F6,36,contiguous,0.5,0.0019320927799594309,MEMLESS,0.9477481327859529,0.04699843459814688,0.008013519553847255,CORR_L10_f0.3,0.040839481629136296,0.01647156057577682,0.48332366589327147,0.4810759860788863
F6,37,interleave,0.02,13.036766577298248,MEMLESS,0.19110809261734493,0.025683388328485872,-0.010209700143416588,CORR_L10_f0.3,0.027933960591918484,-0.019537605422154894,0.015661252900232018,0.01413863109048724
F6,37,interleave,0.05,13.036766577298248,MEMLESS,0.3487417388277325,0.016256319356319833,-0.005389941355293913,CORR_L10_f0.3,0.02540983285329968,-0.020707058594337427,0.04488109048723898,0.04357598607888631
F6,37,interleave,0.1,13.036766577298248,MEMLESS,0.5231601462905332,0.020473250076127724,-0.012673037440011572,CORR_L10_f0.3,0.014592256952726946,-0.014592256952726946,0.09759280742459396,0.09287993039443156
F6,37,interleave,0.2,13.036766577298248,MEMLESS,0.7109677083272519,0.01500138919498793,-0.006885526348811465,CORR_L10_f0.3,0.016860279890555767,-0.014176607324406617,0.19344547563805103,0.1935179814385151
F6,37,interleave,0.3,13.036766577298248,MEMLESS,0.8238122382227525,0.009898552757202635,0.006952511428236399,CORR_L10_f0.3,0.01514540909655321,-0.009759887646548287,0.2914008120649652,0.2900232018561485
F6,37,interleave,0.5,13.036766577298248,MEMLESS,0.9397325894968661,0.00766793804166453,-0.000783392724773811,CORR_L10_f0.3,0.010629395208121784,-0.0004119111544085105,0.48129350348027844,0.4775232018561485
F6,37,contiguous,0.02,13.036766577298248,MEMLESS,0.2714521080573529,0.02664401274360222,0.02664401274360222,CORR_L10_f0.3,0.040442885448552214,0.040442885448552214,0.023636890951276104,0.027842227378190254
F6,37,contiguous,0.05,13.036766577298248,MEMLESS,0.41381389643998767,0.02654599239463233,0.02654599239463233,CORR_L10_f0.3,0.03844653405080484,0.03844653405080484,0.05445185614849188,0.055104408352668215
F6,37,contiguous,0.1,13.036766577298248,MEMLESS,0.570104762440143,0.03202637987943867,0.03202637987943867,CORR_L10_f0.3,0.04868784054400072,0.04868784054400072,0.10817865429234338,0.11042633410672854
F6,37,contiguous,0.2,13.036766577298248,MEMLESS,0.7416733254288755,0.039742592818896784,0.039742592818896784,CORR_L10_f0.3,0.05971152219909962,0.05971152219909962,0.20736658932714616,0.2119344547563805
F6,37,contiguous,0.3,13.036766577298248,MEMLESS,0.8403385572920087,0.03659719149302818,0.03659719149302818,CORR_L10_f0.3,0.057232622674925133,0.057232622674925133,0.30256670533642693,0.30887470997679817
F6,37,contiguous,0.5,13.036766577298248,MEMLESS,0.949170351131873,0.04420083252823976,0.04420083252823976,CORR_L10_f0.3,0.05625453216953629,0.05625453216953629,0.5053654292343387,0.5047128770301624
F6,38,interleave,0.02,0.0025912505116920653,MEMLESS,0.40680396769222765,0.09564774940078681,0.007484649769157656,CORR_L10_f0.3,0.08706845963541707,-0.05894260265356001,0.029866117404737384,0.02059732234809475
F6,38,interleave,0.05,0.0025912505116920653,MEMLESS,0.5648182657463093,0.1238568004507097,0.1238568004507097,CORR_L10_f0.3,0.09879358085996263,0.025225548616708827,0.06385169927909372,0.07209062821833162
F6,38,interleave,0.1,0.0025912505116920653,MEMLESS,0.6859909944078278,0.0988535991821863,0.0988535991821863,CORR_L10_f0.3,0.08070588688645561,0.06791390572704097,0.11328527291452112,0.12873326467559218
F6,38,interleave,0.2,0.0025912505116920653,MEMLESS,0.7920084091253247,0.05870992467606469,0.01793836136968285,CORR_L10_f0.3,0.04497244973023548,0.024996974329028542,0.18846549948506694,0.2368692070030896
F6,38,interleave,0.3,0.0025912505116920653,MEMLESS,0.8751217816509089,0.033036905839610435,0.03153394832329825,CORR_L10_f0.3,0.0462707971716625,0.006229745687117389,0.28733264675592174,0.3171987641606591
F6,38,interleave,0.5,0.0025912505116920653,MEMLESS,0.9586736520184046,0.06812740996814859,0.008556320786453924,CORR_L10_f0.3,0.05046079590219034,-0.003950928693338921,0.4819773429454171,0.4768280123583934
F6,38,contiguous,0.02,0.0025912505116920653,MEMLESS,0.14532727146590713,0.04297118315012968,-0.019582746905172213,CORR_L10_f0.3,0.05953421964931175,-0.014025872694725052,0.006172839506172839,0.00823045267489712
F6,38,contiguous,0.05,0.0025912505116920653,MEMLESS,0.3591976578949949,0.06873196469262031,0.04342206782048407,CORR_L10_f0.3,0.07400603474908547,0.041154037787966884,0.037037037037037035,0.030864197530864196
F6,38,contiguous,0.1,0.0025912505116920653,MEMLESS,0.5855682208813439,0.09966017897050672,0.07264727052980266,CORR_L10_f0.3,0.09641567676015682,0.042293632142756575,0.10905349794238683,0.08539094650205761
F6,38,contiguous,0.2,0.0025912505116920653,MEMLESS,0.7668839266713077,0.05888628404506187,0.014817655965850355,CORR_L10_f0.3,0.05921544477954999,0.039281737588306935,0.21604938271604937,0.2088477366255144
F6,38,contiguous,0.3,0.0025912505116920653,MEMLESS,0.8584586984539827,0.045955288157901966,-0.011356351953094824,CORR_L10_f0.3,0.08484439808072528,0.011881297451793144,0.31378600823045266,0.360082304526749
F6,38,contiguous,0.5,0.0025912505116920653,MEMLESS,0.9599340106353331,0.05096576403599005,0.011283493889555173,CORR_L10_f0.3,0.07298400930329996,0.01860102209016649,0.5288065843621399,0.5401234567901234
F6,39,interleave,0.02,14.063425158840936,MEMLESS,0.18043724215191032,0.050560425070941065,-0.0240080285856646,CORR_L10_f0.3,0.06560208144523794,-0.035061127189597266,0.012358393408856848,0.016477857878475798
F6,39,interleave,0.05,14.063425158840936,MEMLESS,0.30748998456862786,0.05186196452906983,-0.05186196452906983,CORR_L10_f0.3,0.04649120274990757,-0.039187119294692103,0.03604531410916581,0.03810504634397528
F6,39,interleave,0.1,14.063425158840936,MEMLESS,0.465610983581502,0.05513318913544004,-0.05211617189496691,CORR_L10_f0.3,0.047357151247573906,-0.047357151247573906,0.08341915550978372,0.09989701338825953
F6,39,interleave,0.2,14.063425158840936,MEMLESS,0.6635109408801181,0.07176675562383274,-0.049971766858610725,CORR_L10_f0.3,0.046504574034342,-0.046042826413628744,0.18537590113285274,0.21112255406797117
F6,39,interleave,0.3,14.063425158840936,MEMLESS,0.7908333857529549,0.06648449692202993,-0.06648449692202993,CORR_L10_f0.3,0.06770605108907186,-0.017505008591209507,0.2883625128733265,0.3408856848609681
F6,39,interleave,0.5,14.063425158840936,MEMLESS,0.9465988977659893,0.0407376308227191,-0.030549453124323053,CORR_L10_f0.3,0.036820656544781456,-0.020892371910167122,0.5303810504634398,0.5303810504634398
F6,39,contiguous,0.02,14.063425158840936,MEMLESS,0.0,0.04988612582787417,-0.014654050194130727,CORR_L10_f0.3,0.04988612582787417,-0.014654050194130727,0.0,0.0
F6,39,contiguous,0.05,14.063425158840936,MEMLESS,0.16622582354096183,0.06210377276061665,-0.06210377276061665,CORR_L10_f0.3,0.056570746471856205,-0.009979508436794392,0.023662551440329218,0.0030864197530864196
F6,39,contiguous,0.1,14.063425158840936,MEMLESS,0.364621557007866,0.04264024425650529,-0.04264024425650529,CORR_L10_f0.3,0.07743621604191939,-0.03974163956145435,0.07098765432098765,0.06481481481481481
F6,39,contiguous,0.2,14.063425158840936,MEMLESS,0.63158594650695,0.0475935018366801,-0.04372050778191954,CORR_L10_f0.3,0.0709269794450994,-0.013894763177699773,0.18621399176954734,0.14609053497942387
F6,39,contiguous,0.3,14.063425158840936,MEMLESS,0.796359813279925,0.04291844182752512,-0.04018204810753519,CORR_L10_f0.3,0.0703456917929983,-0.04027876073264589,0.3055555555555556,0.2757201646090535
F6,39,contiguous,0.5,14.063425158840936,MEMLESS,0.9302643855934271,0.04337240515088337,-0.04337240515088337,CORR_L10_f0.3,0.04491305184353025,-0.02893777896678698,0.4876543209876543,0.5051440329218106
F6,40,interleave,0.02,0.002709230944127438,MEMLESS,0.3645632090711346,0.04887741450748238,0.04248064230189662,CORR_L10_f0.3,0.03021362949347278,-0.002827913789343353,0.02195121951219512,0.027560975609756098
F6,40,interleave,0.05,0.002709230944127438,MEMLESS,0.49335661512339596,0.05017936981258975,-0.012753821558741427,CORR_L10_f0.3,0.03800695977669302,-0.010005188347710045,0.050731707317073174,0.05097560975609756
F6,40,interleave,0.1,0.002709230944127438,MEMLESS,0.6135867360121636,0.04901566247791879,-0.04901566247791879,CORR_L10_f0.3,0.045305744895365055,-0.021651229628906414,0.0975609756097561,0.09731707317073171
F6,40,interleave,0.2,0.002709230944127438,MEMLESS,0.7734100308219407,0.07286052154573047,-0.07286052154573047,CORR_L10_f0.3,0.04377969167512855,-0.03577316276899767,0.204390243902439,0.20195121951219513
F6,40,interleave,0.3,0.002709230944127438,MEMLESS,0.8595005842277406,0.08389232961628758,-0.08389232961628758,CORR_L10_f0.3,0.04164743549258928,-0.041162425277525526,0.30048780487804877,0.3078048780487805
F6,40,interleave,0.5,0.002709230944127438,MEMLESS,0.9569417595733267,0.05555052954101308,-0.05555052954101308,CORR_L10_f0.3,0.047048512723497526,-0.047048512723497526,0.5102439024390244,0.4980487804878049
F6,40,contiguous,0.02,0.002709230944127438,MEMLESS,0.34342233731642297,0.0851662300888649,0.06684815063027082,CORR_L10_f0.3,0.059485723086647214,0.015035902355216629,0.017312850524262374,0.011948305291392344
F6,40,contiguous,0.05,0.002709230944127438,MEMLESS,0.4762586983637827,0.061582402775026156,0.05257514188790974,CORR_L10_f0.3,0.07598136978274267,0.043674806930424366,0.0448671055840039,0.04730553523530846
F6,40,contiguous,0.1,0.002709230944127438,MEMLESS,0.6165645061568314,0.06888734701671995,-0.0008363264328624027,CORR_L10_f0.3,0.0685432163979849,0.045673941243269844,0.0980248719824433,0.0897342111680078
F6,40,contiguous,0.2,0.002709230944127438,MEMLESS,0.7682613603581449,0.06524050839549103,-0.04297363415054342,CORR_L10_f0.3,0.06738330491181113,0.007115441272506431,0.19800048768593026,0.1894659839063643
F6,40,contiguous,0.3,0.002709230944127438,MEMLESS,0.8591659854882867,0.06307638940938713,-0.051631523884540696,CORR_L10_f0.3,0.06332559851062014,-0.004503604943647987,0.29748841745915633,0.2757863935625457
F6,40,contiguous,0.5,0.002709230944127438,MEMLESS,0.9529758126056235,0.058436242782166095,-0.029360633800009292,CORR_L10_f0.3,0.05532067075379286,-0.017125770948714633,0.49012435991221653,0.48597902950499877
F6,41,interleave,0.02,12.466014495821188,MEMLESS,0.25391009107362617,0.03963432268528879,-0.036682639025635476,CORR_L10_f0.3,0.0462354385661801,-0.0462354385661801,0.022926829268292682,0.03
F6,41,interleave,0.05,12.466014495821188,MEMLESS,0.3780587926504937,0.039333654369051174,-0.023558735724968513,CORR_L10_f0.3,0.038816735749558934,-0.038816735749558934,0.050731707317073174,0.05609756097560976
F6,41,interleave,0.1,12.466014495821188,MEMLESS,0.5480910059390885,0.050887782880895606,0.03194825305677057,CORR_L10_f0.3,0.03581187608706185,-0.03581187608706185,0.10902439024390244,0.09780487804878049
F6,41,interleave,0.2,12.466014495821188,MEMLESS,0.7242260587305424,0.025472235937038686,-0.019285598535480595,CORR_L10_f0.3,0.022329449406267396,-0.013119466102762397,0.2075609756097561,0.21
F6,41,interleave,0.3,12.466014495821188,MEMLESS,0.8353869101781308,0.018695989234195614,-0.0017486797092980185,CORR_L10_f0.3,0.034013515314359415,-0.0171320774766183,0.3097560975609756,0.3126829268292683
F6,41,interleave,0.5,12.466014495821188,MEMLESS,0.9414478580343836,0.051816427590846814,-0.011018644714298333,CORR_L10_f0.3,0.032421922409492654,-0.01640229478114042,0.4924390243902439,0.5185365853658537
F6,41,contiguous,0.02,12.466014495821188,MEMLESS,0.3339825197820744,0.05836269422428932,-0.03649559278100394,CORR_L10_f0.3,0.047774191357999284,-0.04537624271511764,0.0448671055840039,0.04925627895635211
F6,41,contiguous,0.05,12.466014495821188,MEMLESS,0.4933438500970644,0.04441136198049488,0.011924087915987,CORR_L10_f0.3,0.04972911540389579,-0.038627986631290696,0.09314801267983419,0.1289929285540112
F6,41,contiguous,0.1,12.466014495821188,MEMLESS,0.6321463333843135,0.02833262275010555,-0.012012254574832505,CORR_L10_f0.3,0.04073824813932273,-0.038607916183094344,0.15630334064862228,0.19190441355766885
F6,41,contiguous,0.2,12.466014495821188,MEMLESS,0.7942041604390007,0.053196517155672494,-0.030896803241272787,CORR_L10_f0.3,0.03738166924032855,-0.03738166924032855,0.2731041209461107,0.28358936844672034
F6,41,contiguous,0.3,12.466014495821188,MEMLESS,0.8740392693573046,0.059615436418331065,-0.059615436418331065,CORR_L10_f0.3,0.03541110888203957,-0.03541110888203957,0.36698366252133624,0.39526944647646917
F6,41,contiguous,0.5,12.466014495821188,MEMLESS,0.9597877008956767,0.061880757986116676,-0.061880757986116676,CORR_L10_f0.3,0.06643944821032573,-0.06643944821032573,0.5544989027066569,0.5735186539868324
F6,42,interleave,0.02,0.001750727665373337,MEMLESS,0.4174304851999913,0.11388492767899358,0.11388492767899358,CORR_L10_f0.3,0.06857328704747499,0.04134315371155104,0.02508038585209003,0.028938906752411574
F6,42,interleave,0.05,0.001750727665373337,MEMLESS,0.5407320436583783,0.0653172852377375,0.039308969426128645,CORR_L10_f0.3,0.0597390715590591,0.03250936765664926,0.04694533762057878,0.054019292604501605
F6,42,interleave,0.1,0.001750727665373337,MEMLESS,0.6399699579341722,0.04358412051132248,-0.04358412051132248,CORR_L10_f0.3,0.06731943966348866,-0.007864163170509957,0.08038585209003216,0.08745980707395498
F6,42,interleave,0.2,0.001750727665373337,MEMLESS,0.7684074576101537,0.054202173963075834,-0.054202173963075834,CORR_L10_f0.3,0.05710160095916248,-0.03985992156658375,0.1607717041800643,0.1639871382636656
F6,42,interleave,0.3,0.001750727665373337,MEMLESS,0.8554231402187167,0.06416082159240673,-0.06416082159240673,CORR_L10_f0.3,0.054793128518852,-0.023619318834253316,0.2565916398713826,0.2810289389067524
F6,42,interleave,0.5,0.001750727665373337,MEMLESS,0.954511520673559,0.04534225133164087,-0.03130057651261778,CORR_L10_f0.3,0.050495913618737176,-0.011131751178193887,0.4778135048231511,0.49710610932475885
F6,42,contiguous,0.02,0.001750727665373337,MEMLESS,0.5651904078672634,0.10401047649387157,-0.08756445174001057,CORR_L10_f0.3,0.12596755286326886,-0.12596755286326886,0.05530546623794212,0.06173633440514469
F6,42,contiguous,0.05,0.001750727665373337,MEMLESS,0.6858877339263065,0.12992139197798644,-0.12633957802740572,CORR_L10_f0.3,0.09462691875290195,-0.09462691875290195,0.10096463022508038,0.1022508038585209
F6,42,contiguous,0.1,0.001750727665373337,MEMLESS,0.7939413390736609,0.177716907562997,-0.177716907562997,CORR_L10_f0.3,0.10405965090519398,-0.08464440898613998,0.17491961414790996,0.19935691318327975
F6,42,contiguous,0.2,0.001750727665373337,MEMLESS,0.8891566350814405,0.16991873700752821,-0.16991873700752821,CORR_L10_f0.3,0.0993842838074773,-0.0993842838074773,0.2919614147909968,0.32282958199356915
F6,42,contiguous,0.3,0.001750727665373337,MEMLESS,0.9358763499129514,0.13818439443490368,-0.13818439443490368,CORR_L10_f0.3,0.10301031772354963,-0.09634405284839416,0.3935691318327974,0.45401929260450163
F6,42,contiguous,0.5,0.001750727665373337,MEMLESS,0.9816023888712302,0.11157140401498801,-0.11157140401498801,CORR_L10_f0.3,0.10283329354914574,-0.10283329354914574,0.5845659163987138,0.6122186495176849
F6,43,interleave,0.02,11.28702272600337,MEMLESS,0.2185529688238394,0.07640897795664,0.005232305151854135,CORR_L10_f0.3,0.03899846698447935,0.01822659787099109,0.020578778135048232,0.02765273311897106
F6,43,interleave,0.05,11.28702272600337,MEMLESS,0.3357067389189475,0.05025948750865896,-0.01873518499753658,CORR_L10_f0.3,0.06250411683700027,0.02404886728326837,0.04565916398713826,0.05594855305466238
F6,43,interleave,0.1,11.28702272600337,MEMLESS,0.5339511343721527,0.05863582221760899,0.0012088388066248685,CORR_L10_f0.3,0.043570106867954386,0.02524489042919107,0.10996784565916398,0.10546623794212219
F6,43,interleave,0.2,11.28702272600337,MEMLESS,0.7241169505622347,0.0713544700379531,0.017586621551620732,CORR_L10_f0.3,0.04404591935262456,0.023582159385092116,0.21414790996784566,0.23344051446945338
F6,43,interleave,0.3,11.28702272600337,MEMLESS,0.8438972006364907,0.04396942501141631,-0.0015407792010223847,CORR_L10_f0.3,0.04396017241340229,0.02019125035584661,0.32540192926045014,0.3260450160771704
F6,43,interleave,0.5,11.28702272600337,MEMLESS,0.9378091347808749,0.030017806458062915,0.030017806458062915,CORR_L10_f0.3,0.02863817703768522,0.02863817703768522,0.4855305466237942,0.5048231511254019
F6,43,contiguous,0.02,11.28702272600337,MEMLESS,0.3168603751566847,0.10013362383396346,-0.016879396340245777,CORR_L10_f0.3,0.10308303706093308,-0.01319463817783443,0.036655948553054665,0.04501607717041801
F6,43,contiguous,0.05,11.28702272600337,MEMLESS,0.5347753791814558,0.10995994958673903,0.044267533244464405,CORR_L10_f0.3,0.09588416582449696,0.02085001912671311,0.10482315112540193,0.1189710610932476
F6,43,contiguous,0.1,11.28702272600337,MEMLESS,0.6741579506449944,0.10158053233627666,0.08600317029389908,CORR_L10_f0.3,0.11382592125655534,0.03175697332633927,0.17363344051446947,0.2012861736334405
F6,43,contiguous,0.2,11.28702272600337,MEMLESS,0.7969056679402509,0.06803264650161515,0.06803264650161515,CORR_L10_f0.3,0.06466967329335567,0.04301904251427193,0.2694533762057878,0.3086816720257235
F6,43,contiguous,0.3,11.28702272600337,MEMLESS,0.8850368911441432,0.08276104416349463,0.08276104416349463,CORR_L10_f0.3,0.05178680724242397,0.04051956605404992,0.37942122186495175,0.40514469453376206
F6,43,contiguous,0.5,11.28702272600337,MEMLESS,0.9624805118351588,0.060152784174629166,0.03411222070118204,CORR_L10_f0.3,0.043364387365739464,0.016536070967870128,0.5581993569131832,0.5864951768488746
F6,44,interleave,0.02,0.0006260811596387763,MEMLESS,0.2341136645820315,0.05807756035298767,-0.05208337321636142,CORR_L10_f0.3,0.08159661636324221,-0.06654697738250476,0.014505119453924915,0.015358361774744027
F6,44,interleave,0.05,0.0006260811596387763,MEMLESS,0.3403309925947149,0.10228727919292424,-0.10228727919292424,CORR_L10_f0.3,0.09847112156113112,-0.09847112156113112,0.03583617747440273,0.040955631399317405
F6,44,interleave,0.1,0.0006260811596387763,MEMLESS,0.5434075745759405,0.07217915653073104,-0.07217915653073104,CORR_L10_f0.3,0.08791597144650029,-0.08791597144650029,0.10494880546075085,0.10665529010238908
F6,44,interleave,0.2,0.0006260811596387763,MEMLESS,0.7240506547038579,0.03539201793555202,-0.029820138196809166,CORR_L10_f0.3,0.08779415387128467,-0.08779415387128467,0.20819112627986347,0.21843003412969283
F6,44,interleave,0.3,0.0006260811596387763,MEMLESS,0.82748689717301,0.04536715936186741,-0.04161389205914862,CORR_L10_f0.3,0.08629900527763776,-0.08629900527763776,0.3054607508532423,0.3267918088737201
F6,44,interleave,0.5,0.0006260811596387763,MEMLESS,0.9489302227372728,0.10091922403111235,-0.10091922403111235,CORR_L10_f0.3,0.09612684625220735,-0.09612684625220735,0.5247440273037542,0.5307167235494881
F6,44,contiguous,0.02,0.0006260811596387763,MEMLESS,0.02724275805162826,0.10896638342737879,0.10896638342737879,CORR_L10_f0.3,0.1313852354469556,0.11059921939126546,0.0017050298380221654,0.0
F6,44,contiguous,0.05,0.0006260811596387763,MEMLESS,0.15491290132178998,0.10148361210048913,0.10148361210048913,CORR_L10_f0.3,0.12602011463950957,0.12602011463950957,0.013640238704177323,0.013640238704177323
F6,44,contiguous,0.1,0.0006260811596387763,MEMLESS,0.3166879296600822,0.05468517105789456,0.05468517105789456,CORR_L10_f0.3,0.09869075672189608,0.09869075672189608,0.0443307757885763,0.028985507246376812
F6,44,contiguous,0.2,0.0006260811596387763,MEMLESS,0.5319003525137392,0.0582290584560301,0.004500826749416477,CORR_L10_f0.3,0.0608224201484291,0.0608224201484291,0.11764705882352941,0.08610400682011936
F6,44,contiguous,0.3,0.0006260811596387763,MEMLESS,0.6948947436779895,0.06134522064378477,0.015078246009500406,CORR_L10_f0.3,0.09351515822239191,0.036692600288228995,0.2071611253196931,0.1534526854219949
F6,44,contiguous,0.5,0.0006260811596387763,MEMLESS,0.9027657625787192,0.09710015914199369,0.05963789444934208,CORR_L10_f0.3,0.10404299763120553,0.0653246414624848,0.43648763853367434,0.38448422847399827
F6,45,interleave,0.02,8.090826559589248,MEMLESS,0.18794809394038525,0.06440490908539884,-0.007234360553638405,CORR_L10_f0.3,0.05628432808387053,-0.0029073770571927024,0.024744027303754267,0.043515358361774746
F6,45,interleave,0.05,8.090826559589248,MEMLESS,0.2821726874078709,0.04518814606194091,-0.03731437329673431,CORR_L10_f0.3,0.05277920002377148,0.013247927901446303,0.04522184300341297,0.05887372013651877
F6,45,interleave,0.1,8.090826559589248,MEMLESS,0.44779573016174284,0.07282044567392322,-0.010693696492369805,CORR_L10_f0.3,0.07415029725244607,0.020705620594354785,0.09726962457337884,0.10409556313993173
F6,45,interleave,0.2,8.090826559589248,MEMLESS,0.7009969114032614,0.05045671916466314,-0.03483919233458719,CORR_L10_f0.3,0.10213448989544636,0.02956475584685479,0.2226962457337884,0.20648464163822525
F6,45,interleave,0.3,8.090826559589248,MEMLESS,0.8362989872927683,0.0381642507591622,0.010271936720616373,CORR_L10_f0.3,0.05920704061707892,0.00948951221090284,0.33447098976109213,0.3412969283276451
F6,45,interleave,0.5,8.090826559589248,MEMLESS,0.9401617997879542,0.03549060386543656,0.03216518927983681,CORR_L10_f0.3,0.060331837848197324,-0.00664988840654915,0.5119453924914675,0.5196245733788396
F6,45,contiguous,0.02,8.090826559589248,MEMLESS,0.061451712204389816,0.06563607955537656,-0.06504231964677631,CORR_L10_f0.3,0.06638314604000696,-0.050607718430048625,0.005967604433077579,0.008525149190110827
F6,45,contiguous,0.05,8.090826559589248,MEMLESS,0.16219228896919835,0.06257094863957251,-0.033560869820468,CORR_L10_f0.3,0.0841471398060546,-0.03970350208221307,0.021312872975277068,0.017050298380221655
F6,45,contiguous,0.1,8.090826559589248,MEMLESS,0.3170917338935324,0.05447934127909416,-0.029745706921508623,CORR_L10_f0.3,0.06898131844499084,-0.016119508755918076,0.05541346973572037,0.04092071611253197
F6,45,contiguous,0.2,8.090826559589248,MEMLESS,0.547664275371805,0.07646286319771334,-0.008645014693844972,CORR_L10_f0.3,0.03389091931798094,-0.017003920282417574,0.13554987212276215,0.09974424552429667
F6,45,contiguous,0.3,8.090826559589248,MEMLESS,0.7024914079051906,0.05893766930345848,-0.0321785809571624,CORR_L10_f0.3,0.037327589921067716,-0.029989921054453174,0.21739130434782608,0.18925831202046037
F6,45,contiguous,0.5,8.090826559589248,MEMLESS,0.8955613992392636,0.05736541651336071,-0.05522909073671732,CORR_L10_f0.3,0.05499885559991419,-0.04886197983525826,0.4177323103154305,0.3955669224211424
F6,46,interleave,0.02,0.0016220905203750814,MEMLESS,0.5615001605750228,0.06857988661583486,0.06857988661583486,CORR_L10_f0.3,0.05019493815415191,0.0003128714102933438,0.022668153102935712,0.026384243775548124
F6,46,interleave,0.05,0.0016220905203750814,MEMLESS,0.6560730525031933,0.05789004754151938,0.014719532126624387,CORR_L10_f0.3,0.0386611821555274,0.0010610554116558023,0.046822742474916385,0.03976217019695281
F6,46,interleave,0.1,0.0016220905203750814,MEMLESS,0.7504065905007922,0.040116937637081095,-0.040116937637081095,CORR_L10_f0.3,0.03190618065496882,-0.023507272661265836,0.09215904868078781,0.08249721293199554
F6,46,interleave,0.2,0.0016220905203750814,MEMLESS,0.8502207038388034,0.08267631813981005,-0.08267631813981005,CORR_L10_f0.3,0.05856352917338418,-0.05856352917338418,0.18394648829431437,0.1806020066889632
F6,46,interleave,0.3,0.0016220905203750814,MEMLESS,0.9089415662268917,0.0978781758020032,-0.0978781758020032,CORR_L10_f0.3,0.0754299371409569,-0.0754299371409569,0.2790784095131921,0.2508361204013378
F6,46,interleave,0.5,0.0016220905203750814,MEMLESS,0.9679340156759794,0.08750807814597134,-0.08750807814597134,CORR_L10_f0.3,0.07236889892150236,-0.07236889892150236,0.46562616127833517,0.463768115942029
F6,46,contiguous,0.02,0.0016220905203750814,MEMLESS,0.7804145265354785,0.19996687684982806,-0.19996687684982806,CORR_L10_f0.3,0.15935435010287538,-0.15935435010287538,0.11404160475482912,0.13038632986627044
F6,46,contiguous,0.05,0.0016220905203750814,MEMLESS,0.8531737569535439,0.20131108031134365,-0.20131108031134365,CORR_L10_f0.3,0.1282721548179879,-0.1282721548179879,0.1812778603268945,0.21322436849925705
F6,46,contiguous,0.1,0.0016220905203750814,MEMLESS,0.8942662545248553,0.18429234186369298,-0.18429234186369298,CORR_L10_f0.3,0.14792318502738272,-0.14792318502738272,0.24071322436849926,0.2938335809806835
F6,46,contiguous,0.2,0.0016220905203750814,MEMLESS,0.9383107703277458,0.17308687206112752,-0.17308687206112752,CORR_L10_f0.3,0.13714722776940605,-0.13714722776940605,0.3387815750371471,0.3774145616641902
F6,46,contiguous,0.3,0.0016220905203750814,MEMLESS,0.9618663083980745,0.1626227453972349,-0.1626227453972349,CORR_L10_f0.3,0.1329802786406629,-0.1329802786406629,0.4238484398216939,0.4673105497771174
F6,46,contiguous,0.5,0.0016220905203750814,MEMLESS,0.9877627984190332,0.12690418086931005,-0.12690418086931005,CORR_L10_f0.3,0.12688196761940077,-0.12688196761940077,0.5939821693907875,0.6066121842496285
F6,47,interleave,0.02,13.376495414852203,MEMLESS,0.2677638827739362,0.03578779083292744,0.013359277536429029,CORR_L10_f0.3,0.04662672076349979,0.01724975973777657,0.0189520624303233,0.019695280564845784
F6,47,interleave,0.05,13.376495414852203,MEMLESS,0.4252799909917797,0.028112321925968235,0.001056775301771414,CORR_L10_f0.3,0.03151880546570674,0.015368304747214312,0.05128205128205128,0.05351170568561873
F6,47,interleave,0.1,13.376495414852203,MEMLESS,0.5718984415806352,0.03297331414285458,0.03297331414285458,CORR_L10_f0.3,0.02650358127904256,0.01588751979207551,0.10144927536231885,0.09104422147900408
F6,47,interleave,0.2,13.376495414852203,MEMLESS,0.739051266444719,0.0584557723200433,0.04413371719874642,CORR_L10_f0.3,0.04248065547431751,0.03805892250405808,0.19881085098476403,0.18840579710144928
F6,47,interleave,0.3,13.376495414852203,MEMLESS,0.8391050064353179,0.04875577156357729,0.04875577156357729,CORR_L10_f0.3,0.053771061959979126,0.053771061959979126,0.2946859903381642,0.2980304719435154
F6,47,interleave,0.5,13.376495414852203,MEMLESS,0.9506667472747343,0.043958553050935115,0.027220933342059096,CORR_L10_f0.3,0.037550483723001724,0.03354261546524465,0.5061315496098104,0.5131921218877741
F6,47,contiguous,0.02,13.376495414852203,MEMLESS,0.4757340076573672,0.0709919588087992,-0.011593975409893485,CORR_L10_f0.3,0.06562644889412035,-0.027927460558682976,0.05572065378900446,0.07020802377414562
F6,47,contiguous,0.05,13.376495414852203,MEMLESS,0.584121335984037,0.07318001903034338,-0.036043096793216885,CORR_L10_f0.3,0.06518207360687782,-0.012102005306203487,0.09323922734026746,0.11255572065378901
F6,47,contiguous,0.1,13.376495414852203,MEMLESS,0.7129839274111733,0.0940262635353695,-0.060459569342909275,CORR_L10_f0.3,0.08361367285256217,-0.033812232397726794,0.16344725111441308,0.1760772659732541
F6,47,contiguous,0.2,13.376495414852203,MEMLESS,0.8385113936134613,0.06477632337006113,-0.05488756827290886,CORR_L10_f0.3,0.06780189396011697,-0.06549306444713922,0.2760029717682021,0.2960624071322437
F6,47,contiguous,0.3,13.376495414852203,MEMLESS,0.9023724447229684,0.06515156314228718,-0.06515156314228718,CORR_L10_f0.3,0.06076622083995256,-0.06076622083995256,0.37147102526002973,0.41344725111441305
F6,47,contiguous,0.5,13.376495414852203,MEMLESS,0.96943896735686,0.05619193116451078,-0.05619193116451078,CORR_L10_f0.3,0.06347268316048338,-0.06347268316048338,0.562778603268945,0.5898959881129272
F6,48,interleave,0.02,0.0023151691575531105,MEMLESS,0.5151255881818325,0.039990559911617145,-0.006475463282283789,CORR_L10_f0.3,0.039114508749218645,-0.01697202028490077,0.022487069934787496,0.026534742523049246
F6,48,interleave,0.05,0.0023151691575531105,MEMLESS,0.6290839952574602,0.0331867493864076,-0.0331867493864076,CORR_L10_f0.3,0.06063619617915171,-0.04364094229901071,0.053519226444794246,0.06138970092196987
F6,48,interleave,0.1,0.0023151691575531105,MEMLESS,0.7381845026781917,0.09423974263700394,-0.09423974263700394,CORR_L10_f0.3,0.04834450162794319,-0.04834450162794319,0.10928715988306724,0.10141668540589162
F6,48,interleave,0.2,0.0023151691575531105,MEMLESS,0.8470397965017766,0.11151552705202117,-0.11151552705202117,CORR_L10_f0.3,0.06785456271576161,-0.06785456271576161,0.20778052619743648,0.21902406116483022
F6,48,interleave,0.3,0.0023151691575531105,MEMLESS,0.9095157841543908,0.10457577649152476,-0.10457577649152476,CORR_L10_f0.3,0.0730645622694471,-0.0730645622694471,0.30852259950528443,0.3323588936361592
F6,48,interleave,0.5,0.0023151691575531105,MEMLESS,0.9725029609464975,0.07714161479462242,-0.07714161479462242,CORR_L10_f0.3,0.07311707277138677,-0.07311707277138677,0.5129300652125028,0.5187767033955476
F6,48,contiguous,0.02,0.0023151691575531105,MEMLESS,0.22689420032727686,0.14011316535202925,0.14011316535202925,CORR_L10_f0.3,0.1511089948984419,0.1511089948984419,0.007419064748201439,0.0049460431654676255
F6,48,contiguous,0.05,0.0023151691575531105,MEMLESS,0.34966228914760716,0.11220928261633611,0.11220928261633611,CORR_L10_f0.3,0.1340449036120137,0.1340449036120137,0.02068345323741007,0.018884892086330936
F6,48,contiguous,0.1,0.0023151691575531105,MEMLESS,0.49902494516178053,0.05934602767551374,0.05934602767551374,CORR_L10_f0.3,0.11884829934811723,0.11884829934811723,0.053282374100719426,0.048111510791366906
F6,48,contiguous,0.2,0.0023151691575531105,MEMLESS,0.6654185764184342,0.04273417726610202,0.04273417726610202,CORR_L10_f0.3,0.1075445071113589,0.1075445071113589,0.12027877697841727,0.11668165467625899
F6,48,contiguous,0.3,0.0023151691575531105,MEMLESS,0.787021726694554,0.04849011644000998,0.04849011644000998,CORR_L10_f0.3,0.1054152379416268,0.1054152379416268,0.20750899280575538,0.179181654676259
F6,48,contiguous,0.5,0.0023151691575531105,MEMLESS,0.9299877556673043,0.08313696940889177,0.08313696940889177,CORR_L10_f0.3,0.1051016143074402,0.1051016143074402,0.4170413669064748,0.3322841726618705
F6,49,interleave,0.02,9.43813256407697,MEMLESS,0.21176042254398492,0.027046855646718198,-0.013155505251818085,CORR_L10_f0.3,0.03822314745876697,-0.004383830874850997,0.020013492241960872,0.027434225320440746
F6,49,interleave,0.05,9.43813256407697,MEMLESS,0.3635775476787946,0.03164139165549646,-0.014032621365596338,CORR_L10_f0.3,0.028719932197730707,0.004878352282937963,0.05217000224870699,0.05486845064088149
F6,49,interleave,0.1,9.43813256407697,MEMLESS,0.4983205271029318,0.026111424455137876,0.01188647278885977,CORR_L10_f0.3,0.034826907661689964,-0.014256863072023502,0.09601978862154262,0.10591409939284911
F6,49,interleave,0.2,9.43813256407697,MEMLESS,0.7012365200536838,0.032188102216158636,-0.003257164512235516,CORR_L10_f0.3,0.03834397920412134,-0.011602014425544531,0.19833595682482572,0.19338880143917248
F6,49,interleave,0.3,9.43813256407697,MEMLESS,0.8161408075015182,0.033295137013058855,0.0077987964826880425,CORR_L10_f0.3,0.02514701594565761,-0.02514701594565761,0.2948054868450641,0.30672363391050145
F6,49,interleave,0.5,9.43813256407697,MEMLESS,0.942618401051216,0.02197497797413494,-0.007404558345756944,CORR_L10_f0.3,0.029538268130701685,-0.005513430155648503,0.5023611423431527,0.5059590735327187
F6,49,contiguous,0.02,9.43813256407697,MEMLESS,0.27630217273936997,0.031217241856251864,-0.031217241856251864,CORR_L10_f0.3,0.04061761588303349,-0.04061761588303349,0.03237410071942446,0.03552158273381295
F6,49,contiguous,0.05,9.43813256407697,MEMLESS,0.39957899259068713,0.035563651080731964,-0.021289258736786817,CORR_L10_f0.3,0.03647779067204361,-0.022751855810304325,0.06272482014388489,0.06497302158273381
F6,49,contiguous,0.1,9.43813256407697,MEMLESS,0.5763347638202719,0.03446647669289455,-0.029410213900556828,CORR_L10_f0.3,0.03913792420241956,-0.0279593451834501,0.12994604316546762,0.11263489208633093
F6,49,contiguous,0.2,9.43813256407697,MEMLESS,0.7431711594827555,0.03757703392687716,-0.01598149176765701,CORR_L10_f0.3,0.040877183748630815,-0.040877183748630815,0.22999100719424462,0.26056654676258995
F6,49,contiguous,0.3,9.43813256407697,MEMLESS,0.8492161429418855,0.04007727489600046,-0.024088400482353715,CORR_L10_f0.3,0.03887304595891746,-0.033645414833486015,0.33498201438848924,0.383318345323741
F6,49,contiguous,0.5,9.43813256407697,MEMLESS,0.9543336731320384,0.05381263732962035,-0.05381263732962035,CORR_L10_f0.3,0.042373523659321496,-0.03885970128712538,0.5361960431654677,0.5780125899280576
F6,50,interleave,0.02,0.0007643315470595529,MEMLESS,0.41697669955681627,0.08629651867464132,0.05114902432905945,CORR_L10_f0.3,0.0858923897754362,0.035749419785551274,0.01910675901600191,0.021017434917602103
F6,50,interleave,0.05,0.0007643315470595529,MEMLESS,0.5301581538030106,0.08812415757064128,-0.01136616694458132,CORR_L10_f0.3,0.07992663577812109,0.016924167551725062,0.04776689754000478,0.048244566515404826
F6,50,interleave,0.1,0.0007643315470595529,MEMLESS,0.6433967807568032,0.08151398992939331,-0.08151398992939331,CORR_L10_f0.3,0.0927054620835962,-0.0019280840034769109,0.09553379508000956,0.08932409839980893
F6,50,interleave,0.2,0.0007643315470595529,MEMLESS,0.787028099741905,0.07814595173238512,-0.07814595173238512,CORR_L10_f0.3,0.05246286851749117,-0.013491865584180257,0.19871029376641988,0.1870074038691187
F6,50,interleave,0.3,0.0007643315470595529,MEMLESS,0.8660457444070429,0.061841407325325205,-0.055288248186569945,CORR_L10_f0.3,0.05064526404278705,-0.012481732360920558,0.29281108192022925,0.2849295438261285
F6,50,interleave,0.5,0.0007643315470595529,MEMLESS,0.9570139548220818,0.06964162070987955,-0.001397042772172457,CORR_L10_f0.3,0.06492952990533471,0.008713625044739607,0.49582039646524956,0.50035825173155
F6,50,contiguous,0.02,0.0007643315470595529,MEMLESS,0.37791007736047366,0.056464713016709876,-0.056464713016709876,CORR_L10_f0.3,0.09746849261776078,-0.09746849261776078,0.019340974212034383,0.011938872970391595
F6,50,contiguous,0.05,0.0007643315470595529,MEMLESS,0.5770714788528057,0.13136328767840652,-0.06410646346725643,CORR_L10_f0.3,0.09791151763525119,-0.09791151763525119,0.08237822349570201,0.07521489971346705
F6,50,contiguous,0.1,0.0007643315470595529,MEMLESS,0.7174434626832612,0.1277175364240252,-0.08772152346033327,CORR_L10_f0.3,0.1020681238078515,-0.1020681238078515,0.16189111747851004,0.18003820439350526
F6,50,contiguous,0.2,0.0007643315470595529,MEMLESS,0.8447459283700132,0.09910315622268873,-0.09786285539225102,CORR_L10_f0.3,0.10929589194962855,-0.10929589194962855,0.28414517669531997,0.3342884431709647
F6,50,contiguous,0.3,0.0007643315470595529,MEMLESS,0.9106965494980088,0.09044679100915913,-0.09044679100915913,CORR_L10_f0.3,0.10391571652165184,-0.10391571652165184,0.38944603629417385,0.44484240687679083
F6,50,contiguous,0.5,0.0007643315470595529,MEMLESS,0.9733317277033674,0.09661204987089775,-0.09661204987089775,CORR_L10_f0.3,0.1022277039398282,-0.1022277039398282,0.5768863419293219,0.6224928366762178
F6,51,interleave,0.02,8.541788059816279,MEMLESS,0.21155156286551868,0.030934199778677535,0.014485636981120069,CORR_L10_f0.3,0.021486581829643688,0.01782866646241744,0.024361117745402436,0.029615476474802963
F6,51,interleave,0.05,8.541788059816279,MEMLESS,0.3074343200629742,0.024128228287496205,0.00911425467588248,CORR_L10_f0.3,0.025959010849048635,0.014825920664634147,0.04490088368760449,0.05254358729400525
F6,51,interleave,0.1,8.541788059816279,MEMLESS,0.4722790126001645,0.020440352188332383,-0.007822565310307684,CORR_L10_f0.3,0.025642518366712188,0.014113396398135651,0.09529496059230953,0.09720563649390972
F6,51,interleave,0.2,8.541788059816279,MEMLESS,0.6645195606111234,0.027075345876248803,0.027075345876248803,CORR_L10_f0.3,0.03342156176053471,0.026233339031924225,0.18844041079531884,0.1970384523525197
F6,51,interleave,0.3,8.541788059816279,MEMLESS,0.7946283152271457,0.026280835672810893,0.024459767685858544,CORR_L10_f0.3,0.022766252125120515,0.022766252125120515,0.2892285646047289,0.28779555767852877
F6,51,interleave,0.5,8.541788059816279,MEMLESS,0.9330493377658372,0.04199857558811007,0.04199857558811007,CORR_L10_f0.3,0.03992453209601271,0.03992453209601271,0.4910437067112491,0.480057320277048
F6,51,contiguous,0.02,8.541788059816279,MEMLESS,0.1144855609393538,0.03102485511017889,-0.027945011944171545,CORR_L10_f0.3,0.04216252468460235,0.011110616120559665,0.011461318051575931,0.011700095510983763
F6,51,contiguous,0.05,8.541788059816279,MEMLESS,0.250301066543706,0.03838750116113314,-0.020319641921628072,CORR_L10_f0.3,0.030943597491833254,-0.0034544306737380294,0.03581661891117478,0.025549188156638012
F6,51,contiguous,0.1,8.541788059816279,MEMLESS,0.39679788044430647,0.027301228842129793,0.008571061422501991,CORR_L10_f0.3,0.031983860999431124,-0.0021616760492266652,0.07473734479465138,0.06948424068767908
F6,51,contiguous,0.2,8.541788059816279,MEMLESS,0.6174666900724591,0.019405315918992826,0.004176879351961886,CORR_L10_f0.3,0.023927664548260907,0.023264161536634735,0.16809933142311365,0.14756446991404013
F6,51,contiguous,0.3,8.541788059816279,MEMLESS,0.754036181269388,0.021427117807380474,-0.006826883768911019,CORR_L10_f0.3,0.03456010059387657,0.03456010059387657,0.2609837631327603,0.24785100286532952
F6,51,contiguous,0.5,8.541788059816279,MEMLESS,0.9212916097612703,0.023274078366244153,0.018005865114081858,CORR_L10_f0.3,0.024759741706200836,0.019338709599175778,0.4754059216809933,0.4395893027698185
F6,52,interleave,0.02,0.0012848740585956226,MEMLESS,0.4396485157407077,0.0653232126665281,0.0653232126665281,CORR_L10_f0.3,0.0885565657124913,0.0885565657124913,0.017223272421760135,0.016803192606595255
F6,52,interleave,0.05,0.0012848740585956226,MEMLESS,0.5679840796057646,0.056917233981651626,0.04369552506265869,CORR_L10_f0.3,0.07515478242460542,0.07515478242460542,0.04788909892879647,0.03864734299516908
F6,52,interleave,0.1,0.0012848740585956226,MEMLESS,0.672054167443766,0.03397208238262155,0.025379143309187332,CORR_L10_f0.3,0.07739562292487293,0.07739562292487293,0.0924175593362739,0.09850871665616467
F6,52,interleave,0.2,0.0012848740585956226,MEMLESS,0.7961659058517029,0.03322339036698087,0.02702477367272812,CORR_L10_f0.3,0.07355333142642363,0.07355333142642363,0.1844150388573829,0.18945599663936147
F6,52,interleave,0.3,0.0012848740585956226,MEMLESS,0.8687539568161594,0.032735337542573725,0.030673743206156793,CORR_L10_f0.3,0.06377783411992788,0.06377783411992788,0.2741020793950851,0.28691451375761395
F6,52,interleave,0.5,0.0012848740585956226,MEMLESS,0.957858848695315,0.059156958438546056,0.059156958438546056,CORR_L10_f0.3,0.061560049540715894,0.061560049540715894,0.481411468178954,0.4545263600084016
F6,52,contiguous,0.02,0.0012848740585956226,MEMLESS,0.6165637931842732,0.15194390664275656,-0.15194390664275656,CORR_L10_f0.3,0.1563541170819928,-0.1563541170819928,0.030449391012179756,0.031499370012599746
F6,52,contiguous,0.05,0.0012848740585956226,MEMLESS,0.7195565184646493,0.2097951991500814,-0.2097951991500814,CORR_L10_f0.3,0.18351226293437603,-0.18351226293437603,0.07727845443091139,0.0747585048299034
F6,52,contiguous,0.1,0.0012848740585956226,MEMLESS,0.8005303515885646,0.24245285387569185,-0.24245285387569185,CORR_L10_f0.3,0.19271062001285957,-0.19271062001285957,0.14153716925661486,0.1505669886602268
F6,52,contiguous,0.2,0.0012848740585956226,MEMLESS,0.8911310151425621,0.2229770854735541,-0.2229770854735541,CORR_L10_f0.3,0.21193750258694052,-0.21193750258694052,0.26417471650566987,0.25535489290214197
F6,52,contiguous,0.3,0.0012848740585956226,MEMLESS,0.9361410211257166,0.22778279760918058,-0.22778279760918058,CORR_L10_f0.3,0.1938912386555402,-0.1938912386555402,0.36560268794624107,0.37715245695086097
F6,52,contiguous,0.5,0.0012848740585956226,MEMLESS,0.979243398672612,0.19540877281825073,-0.19540877281825073,CORR_L10_f0.3,0.1831352106751558,-0.1831352106751558,0.5503989920201596,0.5892482150356992
F6,53,interleave,0.02,9.435128726475114,MEMLESS,0.15551078270540664,0.018846730484855842,0.007448831353189718,CORR_L10_f0.3,0.02256676086002845,0.0040165947671070516,0.013862633900441084,0.011762234824616677
F6,53,interleave,0.05,9.435128726475114,MEMLESS,0.3237436509408117,0.036621305354095364,0.015899815964492997,CORR_L10_f0.3,0.02772932293037173,-0.010440346929482156,0.048519218651543794,0.043478260869565216
F6,53,interleave,0.1,9.435128726475114,MEMLESS,0.48506317641644753,0.02298776261907939,0.021398924725169265,CORR_L10_f0.3,0.03491938316120684,-0.0015391044266070456,0.10081915563957151,0.08716656164671288
F6,53,interleave,0.2,9.435128726475114,MEMLESS,0.68288870581991,0.040155511389540065,0.0009596024011716982,CORR_L10_f0.3,0.032531985315310076,-0.0009606975619779574,0.20184835118672548,0.18399495904221802
F6,53,interleave,0.3,9.435128726475114,MEMLESS,0.8168396672839944,0.02638883036783367,0.01752511283582954,CORR_L10_f0.3,0.028499185840637306,-0.015731035390188327,0.31274942239025416,0.30287754673387945
F6,53,interleave,0.5,9.435128726475114,MEMLESS,0.9387551436058647,0.022368789327243156,0.0012396006353617567,CORR_L10_f0.3,0.025150667930117908,-0.004186572902777931,0.5072463768115942,0.5227893299726948
F6,53,contiguous,0.02,9.435128726475114,MEMLESS,0.24363866729764708,0.043442105716004986,-0.043442105716004986,CORR_L10_f0.3,0.04333349970092012,-0.04333349970092012,0.024149517009659806,0.029609407811843763
F6,53,contiguous,0.05,9.435128726475114,MEMLESS,0.37155862980652027,0.023313646685516047,-0.023225538334377287,CORR_L10_f0.3,0.049136004678396454,-0.049136004678396454,0.05291894162116758,0.05879882402351953
F6,53,contiguous,0.1,9.435128726475114,MEMLESS,0.5121708168276886,0.04074252798946623,-0.04074252798946623,CORR_L10_f0.3,0.04123253061566364,-0.04123253061566364,0.10100797984040319,0.10919781604367913
F6,53,contiguous,0.2,9.435128726475114,MEMLESS,0.7012027880968967,0.0613637675855496,-0.0613637675855496,CORR_L10_f0.3,0.048586550762458096,-0.048586550762458096,0.2015959680806384,0.19382612347753045
F6,53,contiguous,0.3,9.435128726475114,MEMLESS,0.814638675304972,0.054335411734630176,-0.054335411734630176,CORR_L10_f0.3,0.04742646021122229,-0.04742646021122229,0.29630407391852165,0.27971440571188577
F6,53,contiguous,0.5,9.435128726475114,MEMLESS,0.9377621752132872,0.05761928180564723,-0.05761928180564723,CORR_L10_f0.3,0.04539507373536043,-0.04539507373536043,0.4909701805963881,0.47921041579168416
F6,54,interleave,0.02,0.0026481241194045886,MEMLESS,0.5334494094187265,0.07003416912223019,0.043971577162632114,CORR_L10_f0.3,0.06130846759032452,0.022869488951743698,0.021917808219178082,0.014794520547945205
F6,54,interleave,0.05,0.0026481241194045886,MEMLESS,0.6585339307282292,0.06050411691807738,-0.033315145726077654,CORR_L10_f0.3,0.023964352044428247,-0.015808583085331833,0.05095890410958904,0.05808219178082192
F6,54,interleave,0.1,0.0026481241194045886,MEMLESS,0.7348866471068823,0.05389357306999091,-0.05389357306999091,CORR_L10_f0.3,0.047764300826154855,-0.01493677563346908,0.08986301369863013,0.09917808219178083
F6,54,interleave,0.2,0.0026481241194045886,MEMLESS,0.8409566710051618,0.10279059322601486,-0.10279059322601486,CORR_L10_f0.3,0.03597730618677881,-0.03597730618677881,0.18794520547945207,0.1967123287671233
F6,54,interleave,0.3,0.0026481241194045886,MEMLESS,0.907444776748074,0.08606665724687257,-0.08606665724687257,CORR_L10_f0.3,0.04856554556999884,-0.04856554556999884,0.2947945205479452,0.2854794520547945
F6,54,interleave,0.5,0.0026481241194045886,MEMLESS,0.9688797141257485,0.055627186254897744,-0.055627186254897744,CORR_L10_f0.3,0.04819062797419792,-0.04819062797419792,0.4931506849315068,0.5117808219178083
F6,54,contiguous,0.02,0.0026481241194045886,MEMLESS,0.4246498452422383,0.13802439343885453,0.031957920784405416,CORR_L10_f0.3,0.08561313920408181,0.025161020783758762,0.013691128148959474,0.006024096385542169
F6,54,contiguous,0.05,0.0026481241194045886,MEMLESS,0.5844463184377899,0.09912664444092065,-0.053945974733527635,CORR_L10_f0.3,0.11026482885297627,0.0018677514119245465,0.04819277108433735,0.04928806133625411
F6,54,contiguous,0.1,0.0026481241194045886,MEMLESS,0.7664846506428689,0.08132247626482786,-0.08132247626482786,CORR_L10_f0.3,0.05846688558786559,-0.014797523381013793,0.14731653888280394,0.14184008762322015
F6,54,contiguous,0.2,0.0026481241194045886,MEMLESS,0.8752830579355587,0.10967454446767716,-0.10967454446767716,CORR_L10_f0.3,0.06001267106878039,-0.03077061777400533,0.2683461117196057,0.3066812705366922
F6,54,contiguous,0.3,0.0026481241194045886,MEMLESS,0.9292429737272351,0.06299624966376356,-0.06299624966376356,CORR_L10_f0.3,0.05284757954707787,-0.035694917342430715,0.3729463307776561,0.4063526834611172
F6,54,contiguous,0.5,0.0026481241194045886,MEMLESS,0.9764855778626377,0.06393821682388376,-0.03623274197528605,CORR_L10_f0.3,0.054753774556207606,-0.014739736472620562,0.552026286966046,0.5892661555312158
F6,55,interleave,0.02,9.796726667472532,MEMLESS,0.3321052072537413,0.0732212661053927,-0.008986107542528392,CORR_L10_f0.3,0.053050787948658196,-0.02563396820307591,0.02684931506849315,0.02684931506849315
F6,55,interleave,0.05,9.796726667472532,MEMLESS,0.4363231793717319,0.057557487440664544,-0.01437787499451317,CORR_L10_f0.3,0.08192112922732059,-0.03874407368800067,0.05150684931506849,0.056438356164383564
F6,55,interleave,0.1,9.796726667472532,MEMLESS,0.5793559744420834,0.08258216219258221,-0.022459895509039752,CORR_L10_f0.3,0.058411547194412446,-0.04403355315496436,0.10301369863013699,0.1052054794520548
F6,55,interleave,0.2,9.796726667472532,MEMLESS,0.7482401466907953,0.03707097726588794,-0.02526159800384926,CORR_L10_f0.3,0.06032323168850354,-0.06032323168850354,0.20273972602739726,0.2
F6,55,interleave,0.3,9.796726667472532,MEMLESS,0.8505772022964189,0.05416422233110779,-0.019823100383707576,CORR_L10_f0.3,0.05420711089605011,-0.05420711089605011,0.30684931506849317,0.28657534246575345
F6,55,interleave,0.5,9.796726667472532,MEMLESS,0.9509705251254058,0.0695209782745109,-0.030578907366532092,CORR_L10_f0.3,0.05950231524502783,-0.03076858482804353,0.5008219178082192,0.46301369863013697
F6,55,contiguous,0.02,9.796726667472532,MEMLESS,0.3427281678230266,0.10498890062434109,-0.10498890062434109,CORR_L10_f0.3,0.09246947527438684,-0.09246947527438684,0.03504928806133625,0.045454545454545456
F6,55,contiguous,0.05,9.796726667472532,MEMLESS,0.4959199812056751,0.11128046149151473,-0.11128046149151473,CORR_L10_f0.3,0.12498385583091697,-0.12498385583091697,0.07721796276013143,0.0887185104052574
F6,55,contiguous,0.1,9.796726667472532,MEMLESS,0.6237629536332319,0.0977022121333817,-0.0977022121333817,CORR_L10_f0.3,0.09829305469900187,-0.09829305469900187,0.1303395399780942,0.17305585980284777
F6,55,contiguous,0.2,9.796726667472532,MEMLESS,0.7851473781355333,0.07630715280028576,-0.07630715280028576,CORR_L10_f0.3,0.1141315054570303,-0.1141315054570303,0.24041621029572838,0.27163198247535597
F6,55,contiguous,0.3,9.796726667472532,MEMLESS,0.8736895245230328,0.08755847225519577,-0.08755847225519577,CORR_L10_f0.3,0.12046170100000503,-0.12046170100000503,0.3433734939759036,0.3718510405257393
F6,55,contiguous,0.5,9.796726667472532,MEMLESS,0.9585181530967195,0.11305702014892519,-0.11305702014892519,CORR_L10_f0.3,0.11228520020385903,-0.11228520020385903,0.531763417305586,0.5558598028477546
F6,56,interleave,0.02,0.000844441354042845,MEMLESS,0.3596379836809462,0.17226130362491818,0.03414470162752096,CORR_L10_f0.3,0.20396675123277394,-0.08116688791427241,0.008174386920980926,0.013623978201634877
F6,56,interleave,0.05,0.000844441354042845,MEMLESS,0.4587804679081043,0.20711513671845228,0.20711513671845228,CORR_L10_f0.3,0.0653298691246163,0.012597262378160905,0.02452316076294278,0.02997275204359673
F6,56,interleave,0.1,0.000844441354042845,MEMLESS,0.594894504756406,0.11302519311122106,0.05361029314162999,CORR_L10_f0.3,0.10103335799134426,-0.0495316754793536,0.07084468664850137,0.0681198910081744
F6,56,interleave,0.2,0.000844441354042845,MEMLESS,0.7972654869022722,0.059652397497067695,-0.059652397497067695,CORR_L10_f0.3,0.10467487823827312,-0.030588720149971417,0.21525885558583105,0.17983651226158037
F6,56,interleave,0.3,0.000844441354042845,MEMLESS,0.8665577137995004,0.11981252668197774,-0.03505513343865875,CORR_L10_f0.3,0.09945911609419028,0.007494005931248371,0.2970027247956403,0.3405994550408719
F6,56,interleave,0.5,0.000844441354042845,MEMLESS,0.9564749372948146,0.09558044076911733,-0.02818112484983974,CORR_L10_f0.3,0.09061899542145103,-0.02541796580955244,0.5013623978201635,0.5286103542234333
F6,56,contiguous,0.02,0.000844441354042845,MEMLESS,0.0,0.16463593365530524,0.16463593365530524,CORR_L10_f0.3,0.16463593365530524,0.16463593365530524,0.0,0.0
F6,56,contiguous,0.05,0.000844441354042845,MEMLESS,0.21234198254420858,0.09377850987710164,0.09377850987710164,CORR_L10_f0.3,0.1720522679091351,0.1720522679091351,0.021798365122615803,0.02997275204359673
F6,56,contiguous,0.1,0.000844441354042845,MEMLESS,0.37099492751455926,0.09172454405569476,0.09172454405569476,CORR_L10_f0.3,0.16209342249835698,0.16209342249835698,0.05722070844686648,0.04904632152588556
F6,56,contiguous,0.2,0.000844441354042845,MEMLESS,0.6102568606022153,0.053685880397272484,0.053685880397272484,CORR_L10_f0.3,0.13966272930248405,0.13966272930248405,0.15258855585831063,0.10354223433242507
F6,56,contiguous,0.3,0.000844441354042845,MEMLESS,0.7586704200982287,0.07210644229534979,0.029993938304413416,CORR_L10_f0.3,0.11720556834160437,0.11720556834160437,0.24795640326975477,0.21798365122615804
F6,56,contiguous,0.5,0.000844441354042845,MEMLESS,0.9202135946300704,0.06342493825144281,0.06342493825144281,CORR_L10_f0.3,0.1090585845820433,0.1090585845820433,0.45231607629427795,0.40599455040871935
F6,57,interleave,0.02,8.320733417926121,MEMLESS,0.3431003787329436,0.1502479929545128,0.031108336764028344,CORR_L10_f0.3,0.07164378015357196,0.04944596678057897,0.04632152588555858,0.07901907356948229
F6,57,interleave,0.05,8.320733417926121,MEMLESS,0.4881166957532766,0.08574807045717857,0.08574807045717857,CORR_L10_f0.3,0.0811663140363206,0.019604599436011227,0.08719346049046321,0.08719346049046321
F6,57,interleave,0.1,8.320733417926121,MEMLESS,0.5991811418663724,0.11261643303252626,0.020617092681208597,CORR_L10_f0.3,0.11041451234845424,0.08757183020220052,0.1335149863760218,0.21798365122615804
F6,57,interleave,0.2,8.320733417926121,MEMLESS,0.7041453840769331,0.12836594346930363,-0.03635254716658738,CORR_L10_f0.3,0.11415137005188916,0.04763297566973971,0.19618528610354224,0.28065395095367845
F6,57,interleave,0.3,8.320733417926121,MEMLESS,0.825630724920545,0.11747424172934827,-0.030003613504460163,CORR_L10_f0.3,0.11625974157895375,0.013260146203408455,0.3133514986376022,0.37057220708446864
F6,57,interleave,0.5,8.320733417926121,MEMLESS,0.9489358211899566,0.11845422967909236,0.051484547921703136,CORR_L10_f0.3,0.12066679346158236,0.008730342535464196,0.5340599455040872,0.5149863760217984
F6,57,contiguous,0.02,8.320733417926121,MEMLESS,0.10899925436182449,0.07666555720867436,0.03306438655846519,CORR_L10_f0.3,0.07990895992624931,0.07990895992624931,0.010899182561307902,0.0
F6,57,contiguous,0.05,8.320733417926121,MEMLESS,0.21908632113838442,0.11580486414947522,0.006177124640934883,CORR_L10_f0.3,0.09719770941006976,0.06582218756634359,0.027247956403269755,0.01634877384196185
F6,57,contiguous,0.1,8.320733417926121,MEMLESS,0.28002772967589046,0.10849460652627474,-0.03473771805953896,CORR_L10_f0.3,0.0944049575932941,0.06043057679766768,0.04087193460490463,0.05722070844686648
F6,57,contiguous,0.2,8.320733417926121,MEMLESS,0.5603266172404051,0.05579652219450467,0.016017187670749646,CORR_L10_f0.3,0.0690796684974846,0.0690796684974846,0.14168937329700274,0.1362397820163488
F6,57,contiguous,0.3,8.320733417926121,MEMLESS,0.7213772908645909,0.07128876542427871,-0.007622778037662648,CORR_L10_f0.3,0.0948012763737919,0.0948012763737919,0.23705722070844687,0.20435967302452315
F6,57,contiguous,0.5,8.320733417926121,MEMLESS,0.8900588064030761,0.10521399936244472,0.0447590048830038,CORR_L10_f0.3,0.08010592790213872,0.08010592790213872,0.4196185286103542,0.44959128065395093
F6,58,interleave,0.02,0.0011366682316439286,MEMLESS,0.375709265856984,0.051992931312347945,0.051992931312347945,CORR_L10_f0.3,0.04613120669568111,0.04613120669568111,0.01440922190201729,0.01440922190201729
F6,58,interleave,0.05,0.0011366682316439286,MEMLESS,0.5214321021608059,0.026946856911978262,0.005813189266457195,CORR_L10_f0.3,0.03816193052770096,0.034997592995519265,0.04771053474223503,0.056996477745757286
F6,58,interleave,0.1,0.0011366682316439286,MEMLESS,0.6550408042061391,0.03146991378997177,-0.03146991378997177,CORR_L10_f0.3,0.032531175568320254,0.013488212988763824,0.10342619276336855,0.09990393852065321
F6,58,interleave,0.2,0.0011366682316439286,MEMLESS,0.7973378404103784,0.03493781020958128,-0.03493781020958128,CORR_L10_f0.3,0.04056235803144901,-0.00595090439736621,0.20589177073326928,0.207492795389049
F6,58,interleave,0.3,0.0011366682316439286,MEMLESS,0.8697345624563477,0.030434051697787595,-0.019241515237110905,CORR_L10_f0.3,0.03491676880579752,-0.015147857070635642,0.29586935638808837,0.2936279218699968
F6,58,interleave,0.5,0.0011366682316439286,MEMLESS,0.9600502696440345,0.01928033434687327,0.0026929248124163154,CORR_L10_f0.3,0.027906692458720034,0.011356900303598117,0.5062439961575408,0.4771053474223503
F6,58,contiguous,0.02,0.0011366682316439286,MEMLESS,0.6024938185509574,0.17389157674545033,-0.17389157674545033,CORR_L10_f0.3,0.12398210378332605,-0.12398210378332605,0.0345821325648415,0.04835094460454691
F6,58,contiguous,0.05,0.0011366682316439286,MEMLESS,0.6888785870767988,0.16859323096970288,-0.16859323096970288,CORR_L10_f0.3,0.11758666844728646,-0.11758666844728646,0.06948447006083894,0.06692283061159142
F6,58,contiguous,0.1,0.0011366682316439286,MEMLESS,0.7707200125657271,0.18823213022145258,-0.18823213022145258,CORR_L10_f0.3,0.12573634960766072,-0.12573634960766072,0.12263848863272495,0.1111111111111111
F6,58,contiguous,0.2,0.0011366682316439286,MEMLESS,0.8666191013910913,0.19464960869010164,-0.19464960869010164,CORR_L10_f0.3,0.1367619206389497,-0.1367619206389497,0.2254242715337816,0.20236951649055396
F6,58,contiguous,0.3,0.0011366682316439286,MEMLESS,0.9120221325997375,0.1676605310677708,-0.1676605310677708,CORR_L10_f0.3,0.14850446896960287,-0.14850446896960287,0.308677553634326,0.3102785782901057
F6,58,contiguous,0.5,0.0011366682316439286,MEMLESS,0.9732526395428167,0.1280749819250539,-0.1280749819250539,CORR_L10_f0.3,0.13899194555693956,-0.13899194555693956,0.5174511687479987,0.5078450208133205
F6,59,interleave,0.02,11.661360239083631,MEMLESS,0.25542943540232504,0.07803009777563881,-0.009259119609348611,CORR_L10_f0.3,0.04221395967510628,-0.040364292062047405,0.01921229586935639,0.02881844380403458
F6,59,interleave,0.05,11.661360239083631,MEMLESS,0.40561213052331657,0.0444900834543682,-0.03124380795289884,CORR_L10_f0.3,0.05381412609017948,-0.022965033337761283,0.052833813640730067,0.06404098623118797
F6,59,interleave,0.1,11.661360239083631,MEMLESS,0.5293824274602303,0.06322646973268678,-0.06322646973268678,CORR_L10_f0.3,0.03191613369031175,-0.03191613369031175,0.09574127441562601,0.11495357028498239
F6,59,interleave,0.2,11.661360239083631,MEMLESS,0.7167696432077799,0.05023495398982732,-0.05023495398982732,CORR_L10_f0.3,0.05459237178606343,-0.05459237178606343,0.19820685238552674,0.18475824527697726
F6,59,interleave,0.3,11.661360239083631,MEMLESS,0.8327084959511738,0.03990902581866537,-0.03990902581866537,CORR_L10_f0.3,0.04819989701167397,-0.04819989701167397,0.3025936599423631,0.281780339417227
F6,59,interleave,0.5,11.661360239083631,MEMLESS,0.9461806347478687,0.032951552357968344,-0.026715814803264924,CORR_L10_f0.3,0.03254220742335418,-0.03254220742335418,0.4918347742555235,0.4899135446685879
F6,59,contiguous,0.02,11.661360239083631,MEMLESS,0.4698852425869129,0.07842850627945648,-0.07842850627945648,CORR_L10_f0.3,0.06709330903012414,-0.030985620223711294,0.059558117195004805,0.07108549471661864
F6,59,contiguous,0.05,11.661360239083631,MEMLESS,0.5854455891626521,0.07973982021567777,-0.07973982021567777,CORR_L10_f0.3,0.06808495833805465,-0.042443303856704744,0.1053474223503042,0.12039705411463336
F6,59,contiguous,0.1,11.661360239083631,MEMLESS,0.7001115043173041,0.06639674183927172,-0.030662851775981853,CORR_L10_f0.3,0.04390462713494976,-0.03761085474469026,0.17066922830611592,0.19020172910662825
F6,59,contiguous,0.2,11.661360239083631,MEMLESS,0.8253883991946811,0.08713027215578424,-0.048221769735958264,CORR_L10_f0.3,0.07318035710370646,-0.024681965634018196,0.27889849503682357,0.3089977585654819
F6,59,contiguous,0.3,11.661360239083631,MEMLESS,0.8994938905299578,0.07780591556725427,-0.031031362569331887,CORR_L10_f0.3,0.06366428489389238,-0.023224226990125846,0.3820044828690362,0.414985590778098
F6,59,contiguous,0.5,11.661360239083631,MEMLESS,0.9690393241876248,0.054857752347537765,-0.029311562307990154,CORR_L10_f0.3,0.063679910714596,-0.02099568594106742,0.5632404739032981,0.5827729747038104
F6,60,interleave,0.02,0.003915452768848291,MEMLESS,0.5352544567865617,0.24415408683160741,0.04470971744779869,CORR_L10_f0.3,0.17379468876441326,0.027304261297039476,0.02586206896551724,0.03017241379310345
F6,60,interleave,0.05,0.003915452768848291,MEMLESS,0.6567638743538146,0.11607945294002744,0.04332058131617311,CORR_L10_f0.3,0.1553729556211021,0.01995371443339671,0.059267241379310345,0.05495689655172414
F6,60,interleave,0.1,0.003915452768848291,MEMLESS,0.737715110194132,0.12278517112441058,-0.01716052436078922,CORR_L10_f0.3,0.129251850356143,0.006819117507263867,0.09913793103448276,0.13577586206896552
F6,60,interleave,0.2,0.003915452768848291,MEMLESS,0.8572853549995739,0.11582475218953853,-0.06759433897272765,CORR_L10_f0.3,0.153433091069089,-0.011120643033638158,0.21336206896551724,0.2101293103448276
F6,60,interleave,0.3,0.003915452768848291,MEMLESS,0.9128367909079045,0.14824854198022502,-0.06261184240084271,CORR_L10_f0.3,0.17052998370828273,-0.03211486136172068,0.30603448275862066,0.3394396551724138
F6,60,interleave,0.5,0.003915452768848291,MEMLESS,0.9720927873830757,0.1720336965745135,-0.031078649085759375,CORR_L10_f0.3,0.1691716998402387,-0.02535474394845931,0.5,0.4978448275862069
F6,60,contiguous,0.02,0.003915452768848291,MEMLESS,0.6234085296803155,0.18124100902525098,0.10509074805852317,CORR_L10_f0.3,0.176296415582507,0.12110204833298126,0.061356297093649086,0.061356297093649086
F6,60,contiguous,0.05,0.003915452768848291,MEMLESS,0.824006063437355,0.3097253259780713,0.08526093977399118,CORR_L10_f0.3,0.2446513008661811,0.14978524909983518,0.193756727664155,0.1302475780409042
F6,60,contiguous,0.1,0.003915452768848291,MEMLESS,0.8734124146181524,0.3345288146426936,0.08439174715898876,CORR_L10_f0.3,0.30743315403723565,0.14146368708584953,0.25834230355220666,0.333692142088267
F6,60,contiguous,0.2,0.003915452768848291,MEMLESS,0.9332137777540945,0.31630763085416763,0.09213065966666951,CORR_L10_f0.3,0.32200563497332313,0.1401893215814966,0.379978471474704,0.45855758880516684
F6,60,contiguous,0.3,0.003915452768848291,MEMLESS,0.9643188938785303,0.30983452702572445,0.10251433027116985,CORR_L10_f0.3,0.2956943375141265,0.12607815081911283,0.48331539289558667,0.5306781485468245
F6,60,contiguous,0.5,0.003915452768848291,MEMLESS,0.9887698320223193,0.28525201512921766,0.11237330425133385,CORR_L10_f0.3,0.2912636990601063,0.1236031060273015,0.6404736275565124,0.7082884822389667
F6,61,interleave,0.02,30.94770353566125,MEMLESS,0.3243513354075324,0.1739106335487236,0.11769752345187602,CORR_L10_f0.3,0.2057279903489746,0.2057279903489746,0.02586206896551724,0.028017241379310345
F6,61,interleave,0.05,30.94770353566125,MEMLESS,0.44395601852687655,0.1315349715749024,0.1315349715749024,CORR_L10_f0.3,0.20863908363595426,0.20863908363595426,0.05064655172413793,0.05387931034482758
F6,61,interleave,0.1,30.94770353566125,MEMLESS,0.5775848753068001,0.09597396680704844,0.07704207853969229,CORR_L10_f0.3,0.26593576059746643,0.26593576059746643,0.09590517241379311,0.11637931034482758
F6,61,interleave,0.2,30.94770353566125,MEMLESS,0.7669763052714413,0.10329241579881282,0.10329241579881282,CORR_L10_f0.3,0.2568947999581005,0.2568947999581005,0.20150862068965517,0.2025862068965517
F6,61,interleave,0.3,30.94770353566125,MEMLESS,0.8607459374776889,0.1719963604529381,0.1719963604529381,CORR_L10_f0.3,0.2585173115592532,0.2585173115592532,0.2920258620689655,0.2801724137931034
F6,61,interleave,0.5,30.94770353566125,MEMLESS,0.9527553126645552,0.24916664408518652,0.24916664408518652,CORR_L10_f0.3,0.28310586817714145,0.28310586817714145,0.47413793103448276,0.46336206896551724
F6,61,contiguous,0.02,30.94770353566125,MEMLESS,0.1688484959627635,0.4086298190332717,0.4086298190332717,CORR_L10_f0.3,0.47118220381572834,0.47118220381572834,0.010764262648008612,0.017222820236813777
F6,61,contiguous,0.05,30.94770353566125,MEMLESS,0.31124998558220696,0.2960535300809301,0.2960535300809301,CORR_L10_f0.3,0.45660984291552686,0.45660984291552686,0.03767491926803014,0.03444564047362755
F6,61,contiguous,0.1,30.94770353566125,MEMLESS,0.5572372195063119,0.16205879842445653,0.143672500618964,CORR_L10_f0.3,0.42740867213221667,0.42740867213221667,0.1216361679224973,0.08503767491926803
F6,61,contiguous,0.2,30.94770353566125,MEMLESS,0.801667264932702,0.26775261437469694,0.26775261437469694,CORR_L10_f0.3,0.4291130967663392,0.4291130967663392,0.27879440258342303,0.27341227125941875
F6,61,contiguous,0.3,30.94770353566125,MEMLESS,0.8856923846914615,0.3430285897225963,0.3430285897225963,CORR_L10_f0.3,0.4340753025394101,0.4340753025394101,0.3832077502691066,0.43057050592034446
F6,61,contiguous,0.5,30.94770353566125,MEMLESS,0.9718467275315884,0.4445522245893141,0.4445522245893141,CORR_L10_f0.3,0.4730542155489235,0.4730542155489235,0.5984930032292788,0.596340150699677
F6,62,interleave,0.02,0.0041601296206974685,MEMLESS,0.4202145379316664,0.09343407996140463,-0.0195990452257813,CORR_L10_f0.3,0.19995409892798374,-0.19995409892798374,0.015647226173541962,0.02275960170697013
F6,62,interleave,0.05,0.0041601296206974685,MEMLESS,0.5685650752142368,0.23196787045299164,-0.23196787045299164,CORR_L10_f0.3,0.20528629052640418,-0.20528629052640418,0.041251778093883355,0.032716927453769556
F6,62,interleave,0.1,0.0041601296206974685,MEMLESS,0.6631658849538077,0.2702665926180423,-0.2702665926180423,CORR_L10_f0.3,0.2876185161569362,-0.2876185161569362,0.07539118065433854,0.08534850640113797
F6,62,interleave,0.2,0.0041601296206974685,MEMLESS,0.7975449073516379,0.28767863138123506,-0.28767863138123506,CORR_L10_f0.3,0.27659722160531003,-0.27659722160531003,0.16358463726884778,0.16927453769559034
F6,62,interleave,0.3,0.0041601296206974685,MEMLESS,0.8757469344886533,0.2788296439562713,-0.2788296439562713,CORR_L10_f0.3,0.28672421738828957,-0.28672421738828957,0.2532005689900427,0.2361308677098151
F6,62,interleave,0.5,0.0041601296206974685,MEMLESS,0.9601350014522095,0.2694241693541369,-0.2694241693541369,CORR_L10_f0.3,0.29519748387337297,-0.26592770573687324,0.45519203413940257,0.38549075391180654
F6,62,contiguous,0.02,0.0041601296206974685,MEMLESS,0.4471987192406012,0.22855442386386265,0.22855442386386265,CORR_L10_f0.3,0.31155409963897224,0.31155409963897224,0.032716927453769556,0.05405405405405406
F6,62,contiguous,0.05,0.0041601296206974685,MEMLESS,0.6315196760543419,0.19051932657406828,0.19051932657406828,CORR_L10_f0.3,0.30636121889405277,0.30636121889405277,0.08677098150782361,0.08108108108108109
F6,62,contiguous,0.1,0.0041601296206974685,MEMLESS,0.7409487980963658,0.20373658627465885,0.1259657464285,CORR_L10_f0.3,0.281080180695575,0.281080180695575,0.1465149359886202,0.1806543385490754
F6,62,contiguous,0.2,0.0041601296206974685,MEMLESS,0.8524140541402256,0.23055679805861048,0.1676988979534226,CORR_L10_f0.3,0.2857680327656981,0.2857680327656981,0.25177809388335703,0.2759601706970128
F6,62,contiguous,0.3,0.0041601296206974685,MEMLESS,0.9171430167388099,0.2490071155306207,0.22581543981133784,CORR_L10_f0.3,0.2944709371210033,0.2700810611518954,0.3584637268847795,0.3840682788051209
F6,62,contiguous,0.5,0.0041601296206974685,MEMLESS,0.976515270742909,0.32462989105789497,0.2684379648028659,CORR_L10_f0.3,0.30169408057684544,0.27952612257291815,0.5547652916073968,0.55049786628734
F6,63,interleave,0.02,51.78814538331905,MEMLESS,0.17357392023034554,0.4837954647853696,0.47944451699218155,CORR_L10_f0.3,0.6029335916514243,0.6029335916514243,0.01849217638691323,0.015647226173541962
F6,63,interleave,0.05,51.78814538331905,MEMLESS,0.30922364474269737,0.3191327416440328,0.3115978773074511,CORR_L10_f0.3,0.6522008264124752,0.6522008264124752,0.04267425320056899,0.01849217638691323
F6,63,interleave,0.1,51.78814538331905,MEMLESS,0.49856905696522824,0.26648364889342463,0.26648364889342463,CORR_L10_f0.3,0.6062711483208181,0.6062711483208181,0.09672830725462304,0.09957325746799431
F6,63,interleave,0.2,51.78814538331905,MEMLESS,0.6798512156708953,0.31757798885738386,0.31757798885738386,CORR_L10_f0.3,0.5837354329493942,0.5837354329493942,0.18349928876244664,0.21337126600284495
F6,63,interleave,0.3,51.78814538331905,MEMLESS,0.7835520789705882,0.35068919245776975,0.35068919245776975,CORR_L10_f0.3,0.5799905606233315,0.5799905606233315,0.26600284495021337,0.2930298719772404
F6,63,interleave,0.5,51.78814538331905,MEMLESS,0.9412881634043077,0.5061529051893446,0.5061529051893446,CORR_L10_f0.3,0.6194448011715714,0.6194448011715714,0.5120910384068279,0.5220483641536273
F6,63,contiguous,0.02,51.78814538331905,MEMLESS,0.4162897598841771,0.4740067798939209,0.3848711578971933,CORR_L10_f0.3,0.9902709926939132,0.9902709926939132,0.07965860597439545,0.12802275960170698
F6,63,contiguous,0.05,51.78814538331905,MEMLESS,0.6406119633730524,0.5781009386572665,0.5781009386572665,CORR_L10_f0.3,1.0262139605966885,1.0262139605966885,0.17496443812233287,0.18776671408250356
F6,63,contiguous,0.1,51.78814538331905,MEMLESS,0.7280271640653012,0.6118241690852205,0.6118241690852205,CORR_L10_f0.3,0.9886658828922309,0.9886658828922309,0.23044096728307253,0.24466571834992887
F6,63,contiguous,0.2,51.78814538331905,MEMLESS,0.8702997276585426,0.7375855706190005,0.7375855706190005,CORR_L10_f0.3,0.9848507392031303,0.9848507392031303,0.3812233285917496,0.40256045519203415
F6,63,contiguous,0.3,51.78814538331905,MEMLESS,0.9303451033462835,0.8657175081055357,0.8657175081055357,CORR_L10_f0.3,1.0081272481991297,1.0081272481991297,0.48933143669985774,0.5519203413940256
F6,63,contiguous,0.5,51.78814538331905,MEMLESS,0.9822377714112251,0.9916513033354899,0.9901384749737421,CORR_L10_f0.3,1.0434338820102436,1.0434338820102436,0.6699857752489331,0.689900426742532
F6,64,interleave,0.02,0.002004895597174063,MEMLESS,0.3997807894360634,0.052537304073540604,0.046313550767009416,CORR_L10_f0.3,0.07347414888846596,0.04409182119473868,0.01877658794190993,0.020023470734927388
F6,64,interleave,0.05,0.002004895597174063,MEMLESS,0.534481986045518,0.07591808017575066,0.01797775404475908,CORR_L10_f0.3,0.08262177079476865,0.020906210533508482,0.046868123808126744,0.04598797124834971
F6,64,interleave,0.1,0.002004895597174063,MEMLESS,0.6546323955041274,0.0745973332527664,-0.0353477177940491,CORR_L10_f0.3,0.07193768922796007,0.01046167224600434,0.09307613319642072,0.09549655273580754
F6,64,interleave,0.2,0.002004895597174063,MEMLESS,0.795398135485615,0.06398025586331114,-0.05832436001522227,CORR_L10_f0.3,0.06179587081605677,-0.004639127632271986,0.190919759424967,0.18211823382719672
F6,64,interleave,0.3,0.002004895597174063,MEMLESS,0.8754615387431701,0.06944893407084837,-0.05456529600284045,CORR_L10_f0.3,0.06282605780567863,-0.008175288700235596,0.2875898489071439,0.2784949391227813
F6,64,interleave,0.5,0.002004895597174063,MEMLESS,0.9577124751593576,0.07941200771646748,-0.008626083212254275,CORR_L10_f0.3,0.08010107195549712,0.0011549867314993598,0.48019656740501687,0.48694440369664077
F6,64,contiguous,0.02,0.002004895597174063,MEMLESS,0.4650414871005266,0.07934356393385339,0.02053983403933008,CORR_L10_f0.3,0.09119217280503499,0.012420579595201379,0.02625788470001467,0.02757811353968021
F6,64,contiguous,0.05,0.002004895597174063,MEMLESS,0.6033570256656996,0.08591688598195144,0.0015219207205964909,CORR_L10_f0.3,0.07436062416081346,0.022999007635979053,0.06571805779668476,0.0619040633709843
F6,64,contiguous,0.1,0.002004895597174063,MEMLESS,0.719158982769673,0.1003141368927182,-0.04735106117646271,CORR_L10_f0.3,0.09791329461478214,0.005255874402457458,0.12652193046794777,0.133563150946164
F6,64,contiguous,0.2,0.002004895597174063,MEMLESS,0.8514906585008496,0.09156648781305442,-0.07420307347956007,CORR_L10_f0.3,0.09595508044439671,-0.02122993746533513,0.25267713070265513,0.26734634003227226
F6,64,contiguous,0.3,0.002004895597174063,MEMLESS,0.9134139697412119,0.07821250077079375,-0.06025660209323894,CORR_L10_f0.3,0.08800046426671669,-0.025577525859282243,0.3585888220624908,0.3841865923426727
F6,64,contiguous,0.5,0.002004895597174063,MEMLESS,0.9744147097008944,0.07137369234217886,-0.01794883677825938,CORR_L10_f0.3,0.0721591951124381,-0.011465497184872081,0.5593369517383013,0.5883086401642952
F6,65,interleave,0.02,16.24784954239718,MEMLESS,0.25080635979853644,0.07933766495320531,-0.03419529859001267,CORR_L10_f0.3,0.08711165724777511,-0.00034011040775575074,0.018556549801965673,0.021637083761185272
F6,65,interleave,0.05,16.24784954239718,MEMLESS,0.39117864337347324,0.0469794852883244,-0.019488160882030668,CORR_L10_f0.3,0.0532152287465662,-0.0019985367875761753,0.04723485404136717,0.048335044741088455
F6,65,interleave,0.1,16.24784954239718,MEMLESS,0.547819814476242,0.028766991052545474,0.010869874747438139,CORR_L10_f0.3,0.04780023452390716,0.002572234695021048,0.0987971248349714,0.09747689599530586
F6,65,interleave,0.2,16.24784954239718,MEMLESS,0.7275343221793431,0.032466304252681905,0.032466304252681905,CORR_L10_f0.3,0.033364031906708405,0.008695108637510158,0.19847440222971982,0.19363356315094615
F6,65,interleave,0.3,16.24784954239718,MEMLESS,0.8332404801742025,0.043843983934158795,0.03892828688860549,CORR_L10_f0.3,0.02876188383819869,0.008274276941272429,0.295364529851841,0.2845093149479243
F6,65,interleave,0.5,16.24784954239718,MEMLESS,0.9480051920618293,0.09076646541071905,0.02097506125502746,CORR_L10_f0.3,0.06718720771481429,0.013294327766756452,0.4979463106938536,0.49068505207569313
F6,65,contiguous,0.02,16.24784954239718,MEMLESS,0.3676948699570917,0.13970341252321342,0.13970341252321342,CORR_L10_f0.3,0.23579630888587422,0.23579630888587422,0.03938682705002201,0.045107818688572686
F6,65,contiguous,0.05,16.24784954239718,MEMLESS,0.5354839798194384,0.12633894020905564,0.12633894020905564,CORR_L10_f0.3,0.24169673509364603,0.24169673509364603,0.09065571365703388,0.1002640457679331
F6,65,contiguous,0.1,16.24784954239718,MEMLESS,0.6741358054560552,0.14107745209386593,0.14107745209386593,CORR_L10_f0.3,0.23972272380439388,0.23972272380439388,0.15784069238668036,0.17280328590288985
F6,65,contiguous,0.2,16.24784954239718,MEMLESS,0.814380237623834,0.17115022644400496,0.17115022644400496,CORR_L10_f0.3,0.2445071795832099,0.2445071795832099,0.2678597623588089,0.29851840985770867
F6,65,contiguous,0.3,16.24784954239718,MEMLESS,0.8871646780392831,0.20967103533872375,0.20967103533872375,CORR_L10_f0.3,0.24781217976661873,0.24781217976661873,0.3618160481150066,0.3956285756197741
F6,65,contiguous,0.5,16.24784954239718,MEMLESS,0.9657218710956038,0.25135926553336024,0.25135926553336024,CORR_L10_f0.3,0.26245225483177714,0.26245225483177714,0.5539826903329911,0.5678450931494793
F6,66,interleave,0.02,0.00202781298128206,MEMLESS,0.3539788021630327,0.07493114952252261,0.005841726100587464,CORR_L10_f0.3,0.08164741039227406,-0.026177956095298237,0.019082861703671454,0.02002612102742708
F6,66,interleave,0.05,0.00202781298128206,MEMLESS,0.4814394539919132,0.04544217746963363,-0.025940076312502516,CORR_L10_f0.3,0.07494666220007297,-0.0364675895621461,0.04621970686402554,0.04621970686402554
F6,66,interleave,0.1,0.00202781298128206,MEMLESS,0.6209084828055805,0.05875522819132603,-0.05875522819132603,CORR_L10_f0.3,0.06193654816161829,-0.06193654816161829,0.09701059352778987,0.09584965897547526
F6,66,interleave,0.2,0.00202781298128206,MEMLESS,0.7741859262195246,0.09483550351124564,-0.09483550351124564,CORR_L10_f0.3,0.07442477539569323,-0.07442477539569323,0.19532723842693367,0.19474677115077638
F6,66,interleave,0.3,0.00202781298128206,MEMLESS,0.8636972191835323,0.0989239806936092,-0.0989239806936092,CORR_L10_f0.3,0.07939889899953421,-0.07939889899953421,0.29516760992599045,0.2974894790306197
F6,66,interleave,0.5,0.00202781298128206,MEMLESS,0.9568648544716645,0.0879263036918167,-0.0879263036918167,CORR_L10_f0.3,0.07538920011120828,-0.07538920011120828,0.49811348135248873,0.5046437382092585
F6,66,contiguous,0.02,0.00202781298128206,MEMLESS,0.2581088760393266,0.1406286276532622,0.09063865706853788,CORR_L10_f0.3,0.13419633365918426,0.0773193082587155,0.00827165868524162,0.00805398345668263
F6,66,contiguous,0.05,0.00202781298128206,MEMLESS,0.38008876649051254,0.08991136321895378,0.07562581988808836,CORR_L10_f0.3,0.10467495192813217,0.07881830179205591,0.027572195617472064,0.03011173995066028
F6,66,contiguous,0.1,0.00202781298128206,MEMLESS,0.5280866948268136,0.07212452940994207,0.019205706668421044,CORR_L10_f0.3,0.09154943893503267,0.06125728808520639,0.07016398200551444,0.06406907560586272
F6,66,contiguous,0.2,0.00202781298128206,MEMLESS,0.7199596233511277,0.06432561024029002,-0.021911174971178785,CORR_L10_f0.3,0.07842589586622695,0.04379443855030745,0.1700043535045712,0.15302568567696995
F6,66,contiguous,0.3,0.00202781298128206,MEMLESS,0.8376308133289277,0.06796823534412877,-0.014416618550220493,CORR_L10_f0.3,0.08390339404825346,0.03932268695839462,0.28007546074590045,0.2594688724423161
F6,66,contiguous,0.5,0.00202781298128206,MEMLESS,0.9490336511373102,0.10316478655093558,0.02668014675841654,CORR_L10_f0.3,0.10285678116383419,0.0429832098552909,0.4871571615150196,0.4728631548396459
F6,67,interleave,0.02,14.45225887723204,MEMLESS,0.1859257993973637,0.07413883367831971,-0.00903482826081149,CORR_L10_f0.3,0.09459445376389501,0.015463321904960721,0.01618052532288492,0.016253083732404586
F6,67,interleave,0.05,14.45225887723204,MEMLESS,0.3545624618222992,0.03503176664138058,-0.006394145513549205,CORR_L10_f0.3,0.06882234340623568,0.009841741308787842,0.04970251052096938,0.04114061819764911
F6,67,interleave,0.1,14.45225887723204,MEMLESS,0.5155016110728894,0.01745251888521313,0.012311783492047286,CORR_L10_f0.3,0.04324411991376033,0.012886146370944,0.0999129299085764,0.0999129299085764
F6,67,interleave,0.2,14.45225887723204,MEMLESS,0.700926216254286,0.04032661198418731,0.04032661198418731,CORR_L10_f0.3,0.03663729827211645,0.02159435055861969,0.19503700478885502,0.19554491365549267
F6,67,interleave,0.3,14.45225887723204,MEMLESS,0.817257700785479,0.05213857813420666,0.03858592806378796,CORR_L10_f0.3,0.03823302379722673,0.023187528467043635,0.29320853286895954,0.2872587432883471
F6,67,interleave,0.5,14.45225887723204,MEMLESS,0.9378709854768635,0.08624550277458332,0.02179602341444295,CORR_L10_f0.3,0.07465288067086558,0.029186800258370924,0.485560876505587,0.48860832970541285
F6,67,contiguous,0.02,14.45225887723204,MEMLESS,0.25419201947250797,0.1268370676309831,0.1268370676309831,CORR_L10_f0.3,0.20875938188250742,0.20875938188250742,0.023218691046292265,0.025322884922362503
F6,67,contiguous,0.05,14.45225887723204,MEMLESS,0.39989705913564827,0.10357655349623061,0.10357655349623061,CORR_L10_f0.3,0.18537731746081976,0.18537731746081976,0.05630532578725874,0.05732114352053403
F6,67,contiguous,0.1,14.45225887723204,MEMLESS,0.5554334202538865,0.09624091213308714,0.09624091213308714,CORR_L10_f0.3,0.18160642712125297,0.18160642712125297,0.11050645769844725,0.10825714700333769
F6,67,contiguous,0.2,14.45225887723204,MEMLESS,0.7323326914504231,0.11112895608463777,0.11112895608463777,CORR_L10_f0.3,0.19118509247296758,0.19118509247296758,0.2107096212451023,0.2104919460165433
F6,67,contiguous,0.3,14.45225887723204,MEMLESS,0.8372165722346078,0.1459279913483017,0.1459279913483017,CORR_L10_f0.3,0.20461423227889033,0.20461423227889033,0.3093164997823248,0.31708024960092873
F6,67,contiguous,0.5,14.45225887723204,MEMLESS,0.9477266458112329,0.20530640154149965,0.20530640154149965,CORR_L10_f0.3,0.22401216771644886,0.22401216771644886,0.5065302568567697,0.5095777100565956
F6,68,interleave,0.02,0.003120137300337899,MEMLESS,0.4429207869558807,0.10028087267294049,0.0014586115417490949,CORR_L10_f0.3,0.14908838067097055,-0.09861052175969798,0.03225806451612903,0.01664932362122789
F6,68,interleave,0.05,0.003120137300337899,MEMLESS,0.5863727048544859,0.13197347573653395,0.13197347573653395,CORR_L10_f0.3,0.10887367580332341,-0.02288962970661303,0.06763787721123829,0.08012486992715921
F6,68,interleave,0.1,0.003120137300337899,MEMLESS,0.6886529739861293,0.08326523131245367,0.060424139083816025,CORR_L10_f0.3,0.06708627631245644,-0.004632040775738655,0.10822060353798127,0.12695109261186263
F6,68,interleave,0.2,0.003120137300337899,MEMLESS,0.8082784947729815,0.06543781841182776,0.0025574150838285955,CORR_L10_f0.3,0.0571770991798006,-0.007903126780521458,0.18938605619146723,0.22684703433922998
F6,68,interleave,0.3,0.003120137300337899,MEMLESS,0.8644689867816802,0.07339904765127171,-0.02521115770863075,CORR_L10_f0.3,0.06279418954999236,-9.520395316505364e-05,0.25390218522372526,0.2736732570239334
F6,68,interleave,0.5,0.003120137300337899,MEMLESS,0.9566495464459519,0.12818533879952693,-0.07713090470193028,CORR_L10_f0.3,0.1287933314308784,-0.02956371049136077,0.4578563995837669,0.4172736732570239
F6,68,contiguous,0.02,0.003120137300337899,MEMLESS,0.10938699967359294,0.15542893435713498,0.03313292402763158,CORR_L10_f0.3,0.12877031898912353,0.09005549944876784,0.004158004158004158,0.004158004158004158
F6,68,contiguous,0.05,0.003120137300337899,MEMLESS,0.3477028495358492,0.07276683429786897,0.07276683429786897,CORR_L10_f0.3,0.11029827562134846,0.11029827562134846,0.0395010395010395,0.04261954261954262
F6,68,contiguous,0.1,0.003120137300337899,MEMLESS,0.5760300650042169,0.07812786220205946,0.07812786220205946,CORR_L10_f0.3,0.12239199423478603,0.12239199423478603,0.10914760914760915,0.10602910602910603
F6,68,contiguous,0.2,0.003120137300337899,MEMLESS,0.7610787795445542,0.08505536582838297,0.08505536582838297,CORR_L10_f0.3,0.12426649795933628,0.12426649795933628,0.2151767151767152,0.23180873180873182
F6,68,contiguous,0.3,0.003120137300337899,MEMLESS,0.8713289460313397,0.07460258375602662,0.07460258375602662,CORR_L10_f0.3,0.10383302599712312,0.10383302599712312,0.33264033264033266,0.3212058212058212
F6,68,contiguous,0.5,0.003120137300337899,MEMLESS,0.9546383442179481,0.09392882360858672,0.09392882360858672,CORR_L10_f0.3,0.10343429872446476,0.10343429872446476,0.5114345114345115,0.5363825363825364
F6,69,interleave,0.02,31.27196690159187,MEMLESS,0.15342654872433772,0.43776798039618653,0.43776798039618653,CORR_L10_f0.3,0.4585693881450047,0.4585693881450047,0.01664932362122789,0.009365244536940686
F6,69,interleave,0.05,31.27196690159187,MEMLESS,0.32987531234696243,0.2686548514200097,0.2686548514200097,CORR_L10_f0.3,0.39522011293142684,0.39522011293142684,0.054110301768990635,0.037460978147762745
F6,69,interleave,0.1,31.27196690159187,MEMLESS,0.5200191195275142,0.10622355115709356,0.07877980783905153,CORR_L10_f0.3,0.3869804166584589,0.3869804166584589,0.11966701352757544,0.1113423517169615
F6,69,interleave,0.2,31.27196690159187,MEMLESS,0.689529097746118,0.14776222591981727,0.1363032877661833,CORR_L10_f0.3,0.3659011007789713,0.3659011007789713,0.20915712799167535,0.21852237252861603
F6,69,interleave,0.3,31.27196690159187,MEMLESS,0.7990264659064461,0.18350909529591025,0.1588354334758272,CORR_L10_f0.3,0.39412303222388545,0.39412303222388545,0.29864724245577523,0.3017689906347555
F6,69,interleave,0.5,31.27196690159187,MEMLESS,0.9278313261357048,0.33084149995525197,0.33084149995525197,CORR_L10_f0.3,0.40588270139338034,0.40588270139338034,0.4797086368366285,0.44432882414151925
F6,69,contiguous,0.02,31.27196690159187,MEMLESS,0.0,0.5741847686092979,0.5741847686092979,CORR_L10_f0.3,0.5741847686092979,0.5741847686092979,0.0,0.0
F6,69,contiguous,0.05,31.27196690159187,MEMLESS,0.12410782485346987,0.3387969184598272,0.3387969184598272,CORR_L10_f0.3,0.5294340921207452,0.5294340921207452,0.018711018711018712,0.02702702702702703
F6,69,contiguous,0.1,31.27196690159187,MEMLESS,0.35186941149502166,0.19459844636774423,0.19459844636774423,CORR_L10_f0.3,0.4569803994734369,0.4569803994734369,0.08004158004158005,0.0550935550935551
F6,69,contiguous,0.2,31.27196690159187,MEMLESS,0.637355819763755,0.18904553219944045,0.18904553219944045,CORR_L10_f0.3,0.4109205160763373,0.4109205160763373,0.2151767151767152,0.19854469854469856
F6,69,contiguous,0.3,31.27196690159187,MEMLESS,0.7849050538524581,0.24615280608984189,0.24615280608984189,CORR_L10_f0.3,0.4207777468592993,0.4207777468592993,0.33264033264033266,0.31704781704781704
F6,69,contiguous,0.5,31.27196690159187,MEMLESS,0.9469922018306302,0.4600795902404096,0.4600795902404096,CORR_L10_f0.3,0.5081013954441429,0.5081013954441429,0.5665280665280665,0.5582120582120582
F6,70,interleave,0.02,0.002867351019714843,MEMLESS,0.37221828933046075,0.07556545372884399,0.007990380666969483,CORR_L10_f0.3,0.04294927194867471,-0.0339315885535028,0.022249388753056234,0.023227383863080684
F6,70,interleave,0.05,0.002867351019714843,MEMLESS,0.4818545352468284,0.061207118300153324,-0.02635391928590044,CORR_L10_f0.3,0.060682573813555934,-0.047677905567110546,0.04767726161369193,0.05232273838630807
F6,70,interleave,0.1,0.002867351019714843,MEMLESS,0.6129736476967667,0.05912201012116646,-0.05912201012116646,CORR_L10_f0.3,0.06624097287222344,-0.06624097287222344,0.09755501222493887,0.09193154034229829
F6,70,interleave,0.2,0.002867351019714843,MEMLESS,0.7635744496926493,0.1079206981524269,-0.1079206981524269,CORR_L10_f0.3,0.08156180108031764,-0.08156180108031764,0.1963325183374083,0.2041564792176039
F6,70,interleave,0.3,0.002867351019714843,MEMLESS,0.8546948266948442,0.11126269607789101,-0.11126269607789101,CORR_L10_f0.3,0.09550202368864866,-0.09550202368864866,0.2943765281173594,0.2960880195599022
F6,70,interleave,0.5,0.002867351019714843,MEMLESS,0.9552421185991558,0.1097630390621042,-0.1097630390621042,CORR_L10_f0.3,0.10024874931518722,-0.10024874931518722,0.5056234718826406,0.48704156479217603
F6,70,contiguous,0.02,0.002867351019714843,MEMLESS,0.30498649832930375,0.10454436732452112,0.10454436732452112,CORR_L10_f0.3,0.09422534634079327,0.09422534634079327,0.013933023710584209,0.011977511610853092
F6,70,contiguous,0.05,0.002867351019714843,MEMLESS,0.45300763881966116,0.0921093825428191,0.07853259972737316,CORR_L10_f0.3,0.1054488260641639,0.1054488260641639,0.04302126619408458,0.0447323392813493
F6,70,contiguous,0.1,0.002867351019714843,MEMLESS,0.5848718079760281,0.061490199043769754,0.061490199043769754,CORR_L10_f0.3,0.10635629342695825,0.10635629342695825,0.08897580053776583,0.0967978489366903
F6,70,contiguous,0.2,0.002867351019714843,MEMLESS,0.7452711887374993,0.05410142129586361,0.0004488357486949446,CORR_L10_f0.3,0.07370576196323875,0.07370576196323875,0.18699584453678808,0.183818137374725
F6,70,contiguous,0.3,0.002867351019714843,MEMLESS,0.8490642908458513,0.05251495055032147,-0.00802095367852105,CORR_L10_f0.3,0.05795091159033939,0.05795091159033939,0.29112686384747005,0.28232705939868
F6,70,contiguous,0.5,0.002867351019714843,MEMLESS,0.9506344942929573,0.05186181887871066,0.028163498525113587,CORR_L10_f0.3,0.055999007587364216,0.048381196803246186,0.4913224150574432,0.48227817159618674
F6,71,interleave,0.02,14.832486146603244,MEMLESS,0.2657607856323285,0.04446701939191056,0.0435621509603253,CORR_L10_f0.3,0.08868896590237416,0.08868896590237416,0.02176039119804401,0.026405867970660146
F6,71,interleave,0.05,14.832486146603244,MEMLESS,0.4116212548019966,0.07085908001825646,0.05317591869080436,CORR_L10_f0.3,0.08587100097160816,0.08587100097160816,0.05354523227383863,0.05819070904645477
F6,71,interleave,0.1,14.832486146603244,MEMLESS,0.5412615468934426,0.046580907124366376,0.046580907124366376,CORR_L10_f0.3,0.09131022199381868,0.09131022199381868,0.09706601466992665,0.10709046454767726
F6,71,interleave,0.2,14.832486146603244,MEMLESS,0.7162803177676331,0.08504807530376783,0.08504807530376783,CORR_L10_f0.3,0.0834512738079746,0.0834512738079746,0.1916870415647922,0.1941320293398533
F6,71,interleave,0.3,14.832486146603244,MEMLESS,0.8226795799752407,0.09724773898083311,0.09724773898083311,CORR_L10_f0.3,0.11520209978296976,0.11520209978296976,0.28899755501222496,0.2995110024449878
F6,71,interleave,0.5,14.832486146603244,MEMLESS,0.9464022630407274,0.1307358730429622,0.1307358730429622,CORR_L10_f0.3,0.1418118375463696,0.1418118375463696,0.5073349633251834,0.47114914425427873
F6,71,contiguous,0.02,14.832486146603244,MEMLESS,0.29647864784519,0.09923611312840662,0.09923611312840662,CORR_L10_f0.3,0.22040476666983286,0.22040476666983286,0.03348814470789538,0.03715472989489123
F6,71,contiguous,0.05,14.832486146603244,MEMLESS,0.47204115789989376,0.04483070767045145,0.04483070767045145,CORR_L10_f0.3,0.19605725812739885,0.19605725812739885,0.08066487411390857,0.07895380102664386
F6,71,contiguous,0.1,14.832486146603244,MEMLESS,0.6142411548907432,0.08312613267055083,0.08312613267055083,CORR_L10_f0.3,0.19085811341432776,0.19085811341432776,0.14006355414324126,0.15595208995355658
F6,71,contiguous,0.2,14.832486146603244,MEMLESS,0.7819491950300989,0.14670354901981847,0.14670354901981847,CORR_L10_f0.3,0.2322205925100008,0.2322205925100008,0.2551943290149108,0.26863847470056224
F6,71,contiguous,0.3,14.832486146603244,MEMLESS,0.8682827196526746,0.17911519451198385,0.1781637315777189,CORR_L10_f0.3,0.2507925896277173,0.2507925896277173,0.35443656807626495,0.38841359080909316
F6,71,contiguous,0.5,14.832486146603244,MEMLESS,0.9594577696160599,0.23485706313889282,0.23485706313889282,CORR_L10_f0.3,0.25668458041750236,0.25668458041750236,0.551454412124175,0.5815204106575409
F6,72,interleave,0.02,0.0031529766262482248,MEMLESS,0.4832309400324627,0.13668420075322854,-0.13668420075322854,CORR_L10_f0.3,0.21315215100563228,-0.21315215100563228,0.027831715210355986,0.031067961165048542
F6,72,interleave,0.05,0.0031529766262482248,MEMLESS,0.6120843601415253,0.20047215562704931,-0.20047215562704931,CORR_L10_f0.3,0.20775583505952736,-0.20775583505952736,0.05436893203883495,0.04789644012944984
F6,72,interleave,0.1,0.0031529766262482248,MEMLESS,0.7107420837472871,0.16843243097903782,-0.16843243097903782,CORR_L10_f0.3,0.23765625587088043,-0.23765625587088043,0.09579288025889968,0.08608414239482201
F6,72,interleave,0.2,0.0031529766262482248,MEMLESS,0.8299216681075702,0.24811109868178627,-0.24811109868178627,CORR_L10_f0.3,0.24319905264096933,-0.24319905264096933,0.18640776699029127,0.16763754045307444
F6,72,interleave,0.3,0.0031529766262482248,MEMLESS,0.889023352769608,0.2533173139944002,-0.2533173139944002,CORR_L10_f0.3,0.2605120817355917,-0.2605120817355917,0.26731391585760517,0.2841423948220065
F6,72,interleave,0.5,0.0031529766262482248,MEMLESS,0.960768948661236,0.2544894488886495,-0.2544894488886495,CORR_L10_f0.3,0.2668709750493018,-0.2668709750493018,0.4588996763754045,0.45307443365695793
F6,72,contiguous,0.02,0.0031529766262482248,MEMLESS,0.5796350555769211,0.3102497870707417,0.14041684747721242,CORR_L10_f0.3,0.2604484402043646,0.2604484402043646,0.05372168284789644,0.040129449838187704
F6,72,contiguous,0.05,0.0031529766262482248,MEMLESS,0.7199310209135312,0.26055273926926875,0.1261766462744208,CORR_L10_f0.3,0.27983861410393057,0.2511054661368583,0.11003236245954692,0.09838187702265372
F6,72,contiguous,0.1,0.0031529766262482248,MEMLESS,0.8272838709431242,0.27800646524774036,0.13442554853033878,CORR_L10_f0.3,0.3144833413808379,0.20869024056009863,0.19546925566343043,0.21229773462783172
F6,72,contiguous,0.2,0.0031529766262482248,MEMLESS,0.9099617970102003,0.32370558727544935,0.15159345496776097,CORR_L10_f0.3,0.3312566366656848,0.21681300344513005,0.31650485436893205,0.37216828478964403
F6,72,contiguous,0.3,0.0031529766262482248,MEMLESS,0.9468308300506737,0.3196739038939768,0.1773326044031123,CORR_L10_f0.3,0.34681856423709145,0.21758993754163963,0.4110032362459547,0.49773462783171524
F6,72,contiguous,0.5,0.0031529766262482248,MEMLESS,0.9850156400407314,0.337723144942657,0.23372979619647227,CORR_L10_f0.3,0.3440087503896481,0.24221985188790243,0.6110032362459547,0.6699029126213593
F6,73,interleave,0.02,41.68981759762884,MEMLESS,0.43215055290703147,0.5422103385284539,0.5422103385284539,CORR_L10_f0.3,0.7020392165778478,0.7020392165778478,0.019417475728155338,0.022653721682847898
F6,73,interleave,0.05,41.68981759762884,MEMLESS,0.6078999248020134,0.6484595936888891,0.6484595936888891,CORR_L10_f0.3,0.733366789083687,0.733366789083687,0.04983818770226537,0.056957928802589
F6,73,interleave,0.1,41.68981759762884,MEMLESS,0.7272966101621542,0.6111580063144035,0.6111580063144035,CORR_L10_f0.3,0.7296889445396973,0.7296889445396973,0.1029126213592233,0.1029126213592233
F6,73,interleave,0.2,41.68981759762884,MEMLESS,0.8512171943605263,0.590978643459442,0.590978643459442,CORR_L10_f0.3,0.7240915760353728,0.7240915760353728,0.21100323624595468,0.19870550161812298
F6,73,interleave,0.3,41.68981759762884,MEMLESS,0.912763298743388,0.6477901764902251,0.6477901764902251,CORR_L10_f0.3,0.72728200358571,0.72728200358571,0.3119741100323625,0.32168284789644014
F6,73,interleave,0.5,41.68981759762884,MEMLESS,0.9738362719669298,0.7207682378251599,0.7207682378251599,CORR_L10_f0.3,0.739211695068135,0.739211695068135,0.512621359223301,0.4867313915857605
F6,73,contiguous,0.02,41.68981759762884,MEMLESS,0.76233477648887,1.1913998393574015,1.1913998393574015,CORR_L10_f0.3,1.3027426709081116,1.3027426709081116,0.10161812297734628,0.11521035598705502
F6,73,contiguous,0.05,41.68981759762884,MEMLESS,0.8325545671629025,1.166097854904501,1.166097854904501,CORR_L10_f0.3,1.3077892853748778,1.3077892853748778,0.1546925566343042,0.13980582524271845
F6,73,contiguous,0.1,41.68981759762884,MEMLESS,0.8813971414806795,1.177786792083449,1.177786792083449,CORR_L10_f0.3,1.2981389499873612,1.2981389499873612,0.21488673139158576,0.21294498381877022
F6,73,contiguous,0.2,41.68981759762884,MEMLESS,0.9340988669755179,1.2237447314644176,1.2237447314644176,CORR_L10_f0.3,1.3036938901993673,1.3036938901993673,0.32038834951456313,0.34045307443365697
F6,73,contiguous,0.3,41.68981759762884,MEMLESS,0.9600101620069691,1.2695269727163236,1.2695269727163236,CORR_L10_f0.3,1.3079267751769206,1.3079267751769206,0.4077669902912621,0.42653721682847895
F6,73,contiguous,0.5,41.68981759762884,MEMLESS,0.9880922797356398,1.3082713431024708,1.3082713431024708,CORR_L10_f0.3,1.331989248492199,1.331989248492199,0.5922330097087378,0.6401294498381876
F6,74,interleave,0.02,0.0008320299301521943,MEMLESS,0.17955167695102572,0.09993880793281658,-0.09993880793281658,CORR_L10_f0.3,0.11461778876171042,-0.11461778876171042,0.01721170395869191,0.014629948364888123
F6,74,interleave,0.05,0.0008320299301521943,MEMLESS,0.2877165804783655,0.09189957959066895,-0.09189957959066895,CORR_L10_f0.3,0.10823754284780703,-0.10823754284780703,0.0387263339070568,0.0387263339070568
F6,74,interleave,0.1,0.0008320299301521943,MEMLESS,0.4512676900843712,0.10590756490025423,-0.10590756490025423,CORR_L10_f0.3,0.11482530748091407,-0.11482530748091407,0.08864027538726334,0.08261617900172118
F6,74,interleave,0.2,0.0008320299301521943,MEMLESS,0.6825423195956959,0.04528141694961046,-0.04184897876911567,CORR_L10_f0.3,0.11071166131843578,-0.11071166131843578,0.20137693631669534,0.22461273666092943
F6,74,interleave,0.3,0.0008320299301521943,MEMLESS,0.8152025251256684,0.06394034298482473,-0.06394034298482473,CORR_L10_f0.3,0.0886725107689677,-0.0886725107689677,0.3132530120481928,0.3132530120481928
F6,74,interleave,0.5,0.0008320299301521943,MEMLESS,0.936514560472287,0.0956786488049168,-0.0956786488049168,CORR_L10_f0.3,0.11553886763435885,-0.11553886763435885,0.5017211703958692,0.5103270223752151
F6,74,contiguous,0.02,0.0008320299301521943,MEMLESS,0.06443697806883866,0.2034957474871756,0.2034957474871756,CORR_L10_f0.3,0.2377883808898324,0.2377883808898324,0.004299226139294927,0.0034393809114359416
F6,74,contiguous,0.05,0.0008320299301521943,MEMLESS,0.22877404318570987,0.16192659537014217,0.16192659537014217,CORR_L10_f0.3,0.2555022913783561,0.2555022913783561,0.027515047291487533,0.02063628546861565
F6,74,contiguous,0.1,0.0008320299301521943,MEMLESS,0.3563391901848257,0.1011883917244282,0.08164133051738562,CORR_L10_f0.3,0.2080248367696764,0.2080248367696764,0.05760963026655202,0.061908856405846945
F6,74,contiguous,0.2,0.0008320299301521943,MEMLESS,0.6171313033595532,0.11070396191547711,0.020271576731285615,CORR_L10_f0.3,0.17316423688542915,0.17316423688542915,0.15993121238177127,0.12553740326741186
F6,74,contiguous,0.3,0.0008320299301521943,MEMLESS,0.7579074634360726,0.09698533032514654,0.08607918940836957,CORR_L10_f0.3,0.17854915304347627,0.15420187190021992,0.2527944969905417,0.22613929492691315
F6,74,contiguous,0.5,0.0008320299301521943,MEMLESS,0.9098504971575195,0.1777785573994856,0.16577943953949006,CORR_L10_f0.3,0.19205092093863801,0.19205092093863801,0.44368013757523644,0.4290627687016337
F6,75,interleave,0.02,12.97861760898599,MEMLESS,0.2084232278671562,0.10357836692739535,0.08534368254093118,CORR_L10_f0.3,0.21845878682227554,0.21845878682227554,0.025817555938037865,0.04216867469879518
F6,75,interleave,0.05,12.97861760898599,MEMLESS,0.324400288416769,0.10283598694137551,0.05633965767113428,CORR_L10_f0.3,0.1916675826116327,0.1916675826116327,0.05163511187607573,0.07401032702237521
F6,75,interleave,0.1,12.97861760898599,MEMLESS,0.47900377151429674,0.0745563545982055,-0.00861960279920189,CORR_L10_f0.3,0.19134179528280063,0.19134179528280063,0.10154905335628227,0.10585197934595525
F6,75,interleave,0.2,12.97861760898599,MEMLESS,0.6956468460089363,0.0771505601960379,0.0771505601960379,CORR_L10_f0.3,0.20729010352789193,0.20729010352789193,0.2117039586919105,0.19793459552495696
F6,75,interleave,0.3,12.97861760898599,MEMLESS,0.8000388340090504,0.1578981423618023,0.1578981423618023,CORR_L10_f0.3,0.19301614035917686,0.19301614035917686,0.29948364888123924,0.30120481927710846
F6,75,interleave,0.5,12.97861760898599,MEMLESS,0.9323647033464857,0.24723403178055275,0.24723403178055275,CORR_L10_f0.3,0.2531174294898518,0.2531174294898518,0.5008605851979346,0.48623063683304646
F6,75,contiguous,0.02,12.97861760898599,MEMLESS,0.0,0.2766919385034097,0.2766919385034097,CORR_L10_f0.3,0.2766919385034097,0.2766919385034097,0.0,0.0
F6,75,contiguous,0.05,12.97861760898599,MEMLESS,0.08658523424827592,0.1805054873727043,0.1805054873727043,CORR_L10_f0.3,0.25896855795102947,0.25896855795102947,0.01117798796216681,0.004299226139294927
F6,75,contiguous,0.1,12.97861760898599,MEMLESS,0.23150230839194297,0.10311974030290638,0.10311974030290638,CORR_L10_f0.3,0.23081247563152466,0.23081247563152466,0.040412725709372314,0.021496130696474634
F6,75,contiguous,0.2,12.97861760898599,MEMLESS,0.4706157408475186,0.0443141159682123,0.034272000090444496,CORR_L10_f0.3,0.2077127715693042,0.2077127715693042,0.11607910576096303,0.08770421324161651
F6,75,contiguous,0.3,12.97861760898599,MEMLESS,0.6848069790030239,0.06063071620455572,0.06063071620455572,CORR_L10_f0.3,0.20121569519089103,0.20121569519089103,0.23215821152192606,0.2115219260533104
F6,75,contiguous,0.5,12.97861760898599,MEMLESS,0.8884181557682662,0.1742584985053546,0.1742584985053546,CORR_L10_f0.3,0.24082853584565564,0.24082853584565564,0.4376612209802236,0.4307824591573517
F6,76,interleave,0.02,0.0019869729390917224,MEMLESS,0.5981465528277462,0.15414507310887554,-0.15414507310887554,CORR_L10_f0.3,0.21857358360454898,-0.21857358360454898,0.023125699365908244,0.026855650876538604
F6,76,interleave,0.05,0.0019869729390917224,MEMLESS,0.7137626257983787,0.22902184254616667,-0.22902184254616667,CORR_L10_f0.3,0.24517478664139583,-0.24517478664139583,0.05184632599776203,0.04998135024244685
F6,76,interleave,0.1,0.0019869729390917224,MEMLESS,0.7895607258736905,0.2638060951253463,-0.2638060951253463,CORR_L10_f0.3,0.28340487364929723,-0.28340487364929723,0.09138381201044386,0.0917568071615069
F6,76,interleave,0.2,0.0019869729390917224,MEMLESS,0.8654524864348399,0.286840599898209,-0.286840599898209,CORR_L10_f0.3,0.3011809029825705,-0.3011809029825705,0.16859380828049236,0.15479298769116
F6,76,interleave,0.3,0.0019869729390917224,MEMLESS,0.9126836106246314,0.3072276837631015,-0.3072276837631015,CORR_L10_f0.3,0.3155124741802244,-0.3155124741802244,0.25214472211861244,0.22864602760164118
F6,76,interleave,0.5,0.0019869729390917224,MEMLESS,0.9724960949435781,0.3179207387830236,-0.3179207387830236,CORR_L10_f0.3,0.31945131961140627,-0.31945131961140627,0.46363297277135396,0.41290563222678106
F6,76,contiguous,0.02,0.0019869729390917224,MEMLESS,0.8007428543245321,0.3118995301347936,0.003626473753643338,CORR_L10_f0.3,0.29062942334417674,0.06902474878583983,0.11670395227442207,0.13236390753169278
F6,76,contiguous,0.05,0.0019869729390917224,MEMLESS,0.8610909673490178,0.32887173677207626,-0.03134199715991795,CORR_L10_f0.3,0.3352290506323008,0.05423470324073739,0.17598806860551827,0.21886651752423564
F6,76,contiguous,0.1,0.0019869729390917224,MEMLESS,0.9081273243409297,0.34926176439870693,-0.020364429164045638,CORR_L10_f0.3,0.36731312233125774,0.03503601178351086,0.24981357196122297,0.2975391498881432
F6,76,contiguous,0.2,0.0019869729390917224,MEMLESS,0.9485778025057697,0.37873220676298447,0.01946552722191707,CORR_L10_f0.3,0.3856147266105758,0.05688360125154738,0.35309470544369875,0.42020879940343026
F6,76,contiguous,0.3,0.0019869729390917224,MEMLESS,0.9694632932580716,0.38978498731695294,0.0373457044347527,CORR_L10_f0.3,0.3873160195397093,0.0635825023008088,0.44220730797912006,0.4899328859060403
F6,76,contiguous,0.5,0.0019869729390917224,MEMLESS,0.9894325676684164,0.39803485591440085,0.07526468170022602,CORR_L10_f0.3,0.40298613225822255,0.08162861899045631,0.5976882923191648,0.633855331841909
F6,77,interleave,0.02,17.546735956206874,MEMLESS,0.2597265991145103,0.1830305698416487,0.1830305698416487,CORR_L10_f0.3,0.27005119043144193,0.27005119043144193,0.022006713912719134,0.01864975755315181
F6,77,interleave,0.05,17.546735956206874,MEMLESS,0.38687209832440467,0.14080837484467829,0.1178660416246361,CORR_L10_f0.3,0.211029485680671,0.211029485680671,0.0484893696381947,0.05930622901902275
F6,77,interleave,0.1,17.546735956206874,MEMLESS,0.5574255210630764,0.14206677592873032,0.14206677592873032,CORR_L10_f0.3,0.21025608630291764,0.21025608630291764,0.10555762775083924,0.09138381201044386
F6,77,interleave,0.2,17.546735956206874,MEMLESS,0.7375001903565602,0.15437998937302594,0.15437998937302594,CORR_L10_f0.3,0.21640310841614208,0.21640310841614208,0.20775829914211116,0.18910854158895934
F6,77,interleave,0.3,17.546735956206874,MEMLESS,0.8433648138617654,0.1687699604515629,0.1687699604515629,CORR_L10_f0.3,0.21938225459739874,0.21938225459739874,0.30883998508019395,0.3121969414397613
F6,77,interleave,0.5,17.546735956206874,MEMLESS,0.9472704869159001,0.22360624886128752,0.22360624886128752,CORR_L10_f0.3,0.24854035142118244,0.24854035142118244,0.4923535994032078,0.5136143230138008
F6,77,contiguous,0.02,17.546735956206874,MEMLESS,0.3631983270200613,0.2024367681879899,0.2024367681879899,CORR_L10_f0.3,0.2618644913334826,0.2618644913334826,0.038404175988068605,0.051826994780014915
F6,77,contiguous,0.05,17.546735956206874,MEMLESS,0.513498336775503,0.1293731321378773,0.1293731321378773,CORR_L10_f0.3,0.26181132593520456,0.26181132593520456,0.08240119313944817,0.08911260253542133
F6,77,contiguous,0.1,17.546735956206874,MEMLESS,0.6694531597391387,0.11277687387325942,0.08028411179584133,CORR_L10_f0.3,0.23373554538557775,0.23373554538557775,0.15548098434004473,0.15137956748695003
F6,77,contiguous,0.2,17.546735956206874,MEMLESS,0.7953312096154835,0.14654163018960917,0.14654163018960917,CORR_L10_f0.3,0.23697338609487403,0.23697338609487403,0.25205070842654737,0.2897091722595078
F6,77,contiguous,0.3,17.546735956206874,MEMLESS,0.8898375380184956,0.1979871312488009,0.1979871312488009,CORR_L10_f0.3,0.2632290254373328,0.2632290254373328,0.3709917971662938,0.38814317673378074
F6,77,contiguous,0.5,17.546735956206874,MEMLESS,0.9656126574423842,0.2664592563670142,0.2664592563670142,CORR_L10_f0.3,0.29144690552481733,0.29144690552481733,0.5555555555555556,0.5876211782252051
F6,78,interleave,0.02,0.0024430610781992924,MEMLESS,0.5198063728308947,0.08342491583507819,-0.027919707533639607,CORR_L10_f0.3,0.06125655860783743,-0.06125655860783743,0.024566148298399818,0.02434077079107505
F6,78,interleave,0.05,0.0024430610781992924,MEMLESS,0.6151952485520303,0.08519235176638407,-0.08519235176638407,CORR_L10_f0.3,0.06795767251490915,-0.06795767251490915,0.04980842911877394,0.05251295920667117
F6,78,interleave,0.1,0.0024430610781992924,MEMLESS,0.7332255326763331,0.1002744863353085,-0.1002744863353085,CORR_L10_f0.3,0.08257057128580961,-0.08257057128580961,0.10818120351588911,0.09691232814965066
F6,78,interleave,0.2,0.0024430610781992924,MEMLESS,0.8490451357653143,0.15404644225148748,-0.15404644225148748,CORR_L10_f0.3,0.1067683665947956,-0.1067683665947956,0.210727969348659,0.20667117421681316
F6,78,interleave,0.3,0.0024430610781992924,MEMLESS,0.9043675331252266,0.1447358996946467,-0.1447358996946467,CORR_L10_f0.3,0.1262000491709679,-0.1262000491709679,0.2977236871760198,0.3173315303132747
F6,78,interleave,0.5,0.0024430610781992924,MEMLESS,0.9692972353223899,0.12114092334015851,-0.12114092334015851,CORR_L10_f0.3,0.12353822997846446,-0.12353822997846446,0.4942528735632184,0.4908722109533469
F6,78,contiguous,0.02,0.0024430610781992924,MEMLESS,0.23278632837412552,0.219525555380329,0.219525555380329,CORR_L10_f0.3,0.25300616866988906,0.25300616866988906,0.0076611086074808476,0.00878774222622803
F6,78,contiguous,0.05,0.0024430610781992924,MEMLESS,0.3766119127657561,0.17370501326863683,0.17370501326863683,CORR_L10_f0.3,0.22911514105956113,0.22911514105956113,0.025461919783686345,0.027715187021180712
F6,78,contiguous,0.1,0.0024430610781992924,MEMLESS,0.5234274141730425,0.12086109007751501,0.12086109007751501,CORR_L10_f0.3,0.21505005055482368,0.21505005055482368,0.061739522307345654,0.06309148264984227
F6,78,contiguous,0.2,0.0024430610781992924,MEMLESS,0.7012173767154167,0.11026496975864263,0.11026496975864263,CORR_L10_f0.3,0.19033316310767093,0.19033316310767093,0.1412798557908968,0.1363226678684092
F6,78,contiguous,0.3,0.0024430610781992924,MEMLESS,0.8150829206280179,0.12762739497496803,0.12762739497496803,CORR_L10_f0.3,0.18845659808194687,0.18845659808194687,0.23231185218566922,0.20594862550698512
F6,78,contiguous,0.5,0.0024430610781992924,MEMLESS,0.9366690460022212,0.18497974307673468,0.18497974307673468,CORR_L10_f0.3,0.2026655347767038,0.2026655347767038,0.427219468228932,0.3751689950428121
F6,79,interleave,0.02,22.019843543423345,MEMLESS,0.42629824392536736,0.29978412103023694,0.29350831412034883,CORR_L10_f0.3,0.5058783838594475,0.5058783838594475,0.018706333107955827,0.020509353166553976
F6,79,interleave,0.05,22.019843543423345,MEMLESS,0.6149966670765951,0.4783259381072008,0.4783259381072008,CORR_L10_f0.3,0.5253032124218603,0.5253032124218603,0.05116069416272256,0.05769664187514086
F6,79,interleave,0.1,22.019843543423345,MEMLESS,0.7176126071804569,0.5090082455199054,0.5023820179638137,CORR_L10_f0.3,0.5477079923085943,0.5477079923085943,0.09894072571557358,0.09623619562767635
F6,79,interleave,0.2,22.019843543423345,MEMLESS,0.832520275003349,0.536056267823748,0.536056267823748,CORR_L10_f0.3,0.550073579856275,0.538436713777369,0.19855758395312148,0.19968447148974533
F6,79,interleave,0.3,22.019843543423345,MEMLESS,0.8986234198472891,0.5419779007251415,0.5419779007251415,CORR_L10_f0.3,0.5501437740382773,0.5501437740382773,0.29749830966869506,0.29524453459544736
F6,79,interleave,0.5,22.019843543423345,MEMLESS,0.9676123873240123,0.5594875601396654,0.5521047977689378,CORR_L10_f0.3,0.5509242078419379,0.5509242078419379,0.49898580121703856,0.4942528735632184
F6,79,contiguous,0.02,22.019843543423345,MEMLESS,0.7539303177222718,0.9589078068460977,0.9589078068460977,CORR_L10_f0.3,1.0461355690959264,1.0461355690959264,0.09080666967102298,0.09283461018476791
F6,79,contiguous,0.05,22.019843543423345,MEMLESS,0.8030558317564948,1.001974783899092,1.001974783899092,CORR_L10_f0.3,1.071745059714223,1.071745059714223,0.12347904461469131,0.12685894547093285
F6,79,contiguous,0.1,22.019843543423345,MEMLESS,0.8512348792094596,1.0184126842699235,1.0184126842699235,CORR_L10_f0.3,1.0782918871939629,1.0782918871939629,0.1726002703920685,0.17462821090581343
F6,79,contiguous,0.2,22.019843543423345,MEMLESS,0.9090073856074146,1.0321546047750614,1.0321546047750614,CORR_L10_f0.3,1.0724434112790966,1.0724434112790966,0.2672374943668319,0.2733213159080667
F6,79,contiguous,0.3,22.019843543423345,MEMLESS,0.9469687421259458,1.0465785936620942,1.0465785936620942,CORR_L10_f0.3,1.0695979831282005,1.0695979831282005,0.3697611536728256,0.3760703019378098
F6,79,contiguous,0.5,22.019843543423345,MEMLESS,0.9839718847800927,1.0962072543199968,1.0741921663528373,CORR_L10_f0.3,1.0796725357218218,1.0796725357218218,0.5608382154123479,0.5698512843623253
F6,80,interleave,0.02,0.000856438287706335,MEMLESS,0.4828649828085738,0.11763854273619596,-0.08590669663177507,CORR_L10_f0.3,0.1119199375188471,-0.06991886747116301,0.020349533157768735,0.016758439071103665
F6,80,interleave,0.05,0.000856438287706335,MEMLESS,0.5495651938419267,0.1342208170113572,-0.1342208170113572,CORR_L10_f0.3,0.10526114337333078,-0.10526114337333078,0.03638975341153938,0.037586784773761074
F6,80,interleave,0.1,0.000856438287706335,MEMLESS,0.6402937268592186,0.16826697052987596,-0.16826697052987596,CORR_L10_f0.3,0.11327065331818993,-0.11327065331818993,0.07134306918841274,0.07325831936796744
F6,80,interleave,0.2,0.000856438287706335,MEMLESS,0.770676341536216,0.17734431833704364,-0.17734431833704364,CORR_L10_f0.3,0.12587704414955378,-0.12587704414955378,0.15681110845104143,0.13933445056260474
F6,80,interleave,0.3,0.000856438287706335,MEMLESS,0.8583106961050023,0.15642449137655362,-0.15642449137655362,CORR_L10_f0.3,0.1294496283869879,-0.1294496283869879,0.25257361742877665,0.21378980129279387
F6,80,interleave,0.5,0.000856438287706335,MEMLESS,0.9484439889207988,0.12995481309860815,-0.12995481309860815,CORR_L10_f0.3,0.12249595724098265,-0.12249595724098265,0.441943978932248,0.4381134785731386
F6,80,contiguous,0.02,0.000856438287706335,MEMLESS,0.4023044319919221,0.19125881375671297,0.021490928612026425,CORR_L10_f0.3,0.188997170120671,0.00990604835788842,0.016036381043561514,0.009813307802776448
F6,80,contiguous,0.05,0.000856438287706335,MEMLESS,0.5720097170028307,0.23975572433004738,-0.011976557102480984,CORR_L10_f0.3,0.20604923628144878,0.007871281036814655,0.06677836285303973,0.0730014360938248
F6,80,contiguous,0.1,0.000856438287706335,MEMLESS,0.7142923472878798,0.2495345891575733,-0.04307445977250176,CORR_L10_f0.3,0.21254200132837947,-0.014790486825655886,0.14648157012924845,0.1665868836764002
F6,80,contiguous,0.2,0.000856438287706335,MEMLESS,0.8466802304016222,0.23073104831551886,-0.03695576680649037,CORR_L10_f0.3,0.2295389472746485,-0.017699507562291522,0.27596936333173766,0.33197702249880323
F6,80,contiguous,0.3,0.000856438287706335,MEMLESS,0.9176730601857316,0.21198502221489884,-0.008088143635769499,CORR_L10_f0.3,0.2193652098671173,-0.015190188693104364,0.3977979894686453,0.4344183820009574
F6,80,contiguous,0.5,0.000856438287706335,MEMLESS,0.9757785688248571,0.21285339894452326,0.00043172360594197836,CORR_L10_f0.3,0.20914684330434397,-0.0010534627164671346,0.5859262805169938,0.6340354236476783
F6,81,interleave,0.02,10.444209835630172,MEMLESS,0.1562685546856572,0.09281293595779948,0.012244610792940758,CORR_L10_f0.3,0.1129973243784392,0.00961950984423252,0.01843428297821403,0.0220253770648791
F6,81,interleave,0.05,10.444209835630172,MEMLESS,0.27451852577271646,0.06517635017425255,0.024122469961172552,CORR_L10_f0.3,0.09302775116752207,0.02602258230842936,0.04261431649509217,0.050993536030644
F6,81,interleave,0.1,10.444209835630172,MEMLESS,0.4425576939034168,0.050690048739295696,0.050690048739295696,CORR_L10_f0.3,0.08234055611522093,0.034906259534005016,0.09288963370840315,0.09600191525017955
F6,81,interleave,0.2,10.444209835630172,MEMLESS,0.6615988032977546,0.03428998616868693,0.03428998616868693,CORR_L10_f0.3,0.0638146172317892,0.037510818113477146,0.1977495810390232,0.19152501795547044
F6,81,interleave,0.3,10.444209835630172,MEMLESS,0.7963057207586485,0.044918196316770416,0.03602310310706726,CORR_L10_f0.3,0.056612856052831895,0.017527888470404186,0.30308834091453196,0.2918362461096481
F6,81,interleave,0.5,10.444209835630172,MEMLESS,0.928120155931597,0.12314181235785077,0.03151140243399298,CORR_L10_f0.3,0.08640414991526522,0.032201938481023554,0.49054345223844864,0.4982044529566675
F6,81,contiguous,0.02,10.444209835630172,MEMLESS,0.11254346536012523,0.17894801629790624,0.17894801629790624,CORR_L10_f0.3,0.26001705108567835,0.26001705108567835,0.012685495452369555,0.006941120153183341
F6,81,contiguous,0.05,10.444209835630172,MEMLESS,0.21632334634762287,0.11277480507762273,0.11277480507762273,CORR_L10_f0.3,0.22060113854552724,0.22060113854552724,0.0318334131163236,0.029918621349928197
F6,81,contiguous,0.1,10.444209835630172,MEMLESS,0.37756755225838307,0.049075991393151386,0.038816045984485015,CORR_L10_f0.3,0.19350521857718306,0.19350521857718306,0.0749162278602202,0.06629966491144088
F6,81,contiguous,0.2,10.444209835630172,MEMLESS,0.6123816390841843,0.05020104961397978,0.05020104961397978,CORR_L10_f0.3,0.18079871413619242,0.18079871413619242,0.1759214935375778,0.17400670177118238
F6,81,contiguous,0.3,10.444209835630172,MEMLESS,0.7710269263753238,0.12986475331544145,0.12986475331544145,CORR_L10_f0.3,0.1858948798926336,0.1858948798926336,0.28889420775490665,0.2666347534705601
F6,81,contiguous,0.5,10.444209835630172,MEMLESS,0.924408376158731,0.21593539228469927,0.21593539228469927,CORR_L10_f0.3,0.22924280018846324,0.22924280018846324,0.49210148396361897,0.47678314983245573
F6,82,interleave,0.02,0.001366657363779879,MEMLESS,0.4929229008469615,0.05273840291327701,0.05012399865797115,CORR_L10_f0.3,0.0626780367469659,0.0626780367469659,0.017890970322037465,0.016417596295516732
F6,82,interleave,0.05,0.001366657363779879,MEMLESS,0.6050900711658137,0.04703444204455805,0.024391849541049594,CORR_L10_f0.3,0.06191306642312753,0.06191306642312753,0.04567459482214271,0.040623026731214484
F6,82,interleave,0.1,0.001366657363779879,MEMLESS,0.7151036594675658,0.03492753745657665,0.019531846640465828,CORR_L10_f0.3,0.053426552454808846,0.053426552454808846,0.09555882972005894,0.08798147758366659
F6,82,interleave,0.2,0.001366657363779879,MEMLESS,0.8197637842694968,0.04268902867309965,0.016833243149453066,CORR_L10_f0.3,0.04836582545375021,0.04836582545375021,0.18080404125447275,0.17638391917491056
F6,82,interleave,0.3,0.001366657363779879,MEMLESS,0.8872228365856729,0.04881785577690716,0.01804879454674533,CORR_L10_f0.3,0.046885731122956485,0.046699798773714205,0.27467901494422226,0.2658387707850979
F6,82,interleave,0.5,0.001366657363779879,MEMLESS,0.9640441219440294,0.046017205172030784,0.0334896706910435,CORR_L10_f0.3,0.05362255045054384,0.04980632728292288,0.48263523468743424,0.45253630814565354
F6,82,contiguous,0.02,0.001366657363779879,MEMLESS,0.6655419363409022,0.27383314807985,-0.27383314807985,CORR_L10_f0.3,0.32182350957778827,-0.32182350957778827,0.032407407407407406,0.03808922558922559
F6,82,contiguous,0.05,0.001366657363779879,MEMLESS,0.7608012608300554,0.33601158317215624,-0.33601158317215624,CORR_L10_f0.3,0.3188825385036159,-0.3188825385036159,0.08122895622895623,0.08627946127946128
F6,82,contiguous,0.1,0.001366657363779879,MEMLESS,0.8375706092442213,0.3320432778988393,-0.3320432778988393,CORR_L10_f0.3,0.33324218985136284,-0.33324218985136284,0.15298821548821548,0.1611952861952862
F6,82,contiguous,0.2,0.001366657363779879,MEMLESS,0.9145597344442704,0.346302412655687,-0.346302412655687,CORR_L10_f0.3,0.343179092182759,-0.343179092182759,0.2815656565656566,0.3015572390572391
F6,82,contiguous,0.3,0.001366657363779879,MEMLESS,0.9526034875322351,0.34504895647332007,-0.34504895647332007,CORR_L10_f0.3,0.3447580575629153,-0.3447580575629153,0.39436026936026936,0.406986531986532
F6,82,contiguous,0.5,0.001366657363779879,MEMLESS,0.9848832886577217,0.34946954066666064,-0.34946954066666064,CORR_L10_f0.3,0.340667362549808,-0.340667362549808,0.5744949494949495,0.6191077441077442
F6,83,interleave,0.02,11.505630174290575,MEMLESS,0.1717314128108687,0.11967003142407377,-0.09580385574755487,CORR_L10_f0.3,0.12552283838972414,-0.11431681081368937,0.017890970322037465,0.018943380340980847
F6,83,interleave,0.05,11.505630174290575,MEMLESS,0.31989375802461306,0.06845925367263714,-0.048616827383094356,CORR_L10_f0.3,0.10432340756481502,-0.10432340756481502,0.04883182487897285,0.0500947169017049
F6,83,interleave,0.1,11.505630174290575,MEMLESS,0.47129487281988897,0.026381793849411167,-0.00037500738424733876,CORR_L10_f0.3,0.07672644561266133,-0.07672644561266133,0.09597979372763629,0.10397810987160598
F6,83,interleave,0.2,11.505630174290575,MEMLESS,0.6656080530082944,0.03398917375083177,0.0027136033588194466,CORR_L10_f0.3,0.06093710152930789,-0.06093710152930789,0.19195958745527258,0.1978530835613555
F6,83,interleave,0.3,11.505630174290575,MEMLESS,0.7951135646334391,0.05413415067251901,-0.007559147564215476,CORR_L10_f0.3,0.05132741007863232,-0.05132741007863232,0.29404335929278047,0.2957272153230899
F6,83,interleave,0.5,11.505630174290575,MEMLESS,0.9355278683333046,0.11656330108853606,-0.07170960907808123,CORR_L10_f0.3,0.07991148184779014,-0.07991148184779014,0.5034729530625132,0.5036834350663019
F6,83,contiguous,0.02,11.505630174290575,MEMLESS,0.23165760131511137,0.11756683188346014,0.0695404828556722,CORR_L10_f0.3,0.14019097607429862,0.14019097607429862,0.025042087542087543,0.026304713804713806
F6,83,contiguous,0.05,11.505630174290575,MEMLESS,0.37193320447699696,0.07894695657631363,9.396203023314995e-05,CORR_L10_f0.3,0.1054821643649556,0.08799170071351771,0.05723905723905724,0.05723905723905724
F6,83,contiguous,0.1,11.505630174290575,MEMLESS,0.5232991221110146,0.051707969673222505,0.00036160722946158505,CORR_L10_f0.3,0.07636532891038539,0.07636532891038539,0.10984848484848485,0.11300505050505051
F6,83,contiguous,0.2,11.505630174290575,MEMLESS,0.6955920938115412,0.03961858533790867,0.01580244519220054,CORR_L10_f0.3,0.08122812503967662,0.08122812503967662,0.20475589225589225,0.2074915824915825
F6,83,contiguous,0.3,11.505630174290575,MEMLESS,0.8208237619379569,0.08708040967399351,0.04455944502259268,CORR_L10_f0.3,0.09092913389903717,0.09092913389903717,0.3135521885521885,0.29545454545454547
F6,83,contiguous,0.5,11.505630174290575,MEMLESS,0.9422612337854113,0.13943747888305963,0.10470980498689046,CORR_L10_f0.3,0.12666049836404616,0.11227370998531462,0.5092592592592593,0.5031565656565656
F6,84,interleave,0.02,0.003135631659483669,MEMLESS,0.5406421333024655,0.10983358751308638,-0.011665239071986676,CORR_L10_f0.3,0.14473765362477603,-0.14473765362477603,0.0209366391184573,0.02203856749311295
F6,84,interleave,0.05,0.003135631659483669,MEMLESS,0.6849441249251443,0.16626359721930561,-0.16626359721930561,CORR_L10_f0.3,0.17363729434322198,-0.17363729434322198,0.051790633608815424,0.05454545454545454
F6,84,interleave,0.1,0.003135631659483669,MEMLESS,0.774132041491606,0.22808927913724733,-0.22808927913724733,CORR_L10_f0.3,0.17168978639187668,-0.17168978639187668,0.09917355371900827,0.10137741046831956
F6,84,interleave,0.2,0.003135631659483669,MEMLESS,0.856537410410304,0.221223417016794,-0.221223417016794,CORR_L10_f0.3,0.17498282894881725,-0.17498282894881725,0.1840220385674931,0.19669421487603306
F6,84,interleave,0.3,0.003135631659483669,MEMLESS,0.9177731119551964,0.20690164895836916,-0.20690164895836916,CORR_L10_f0.3,0.183985961106553,-0.183985961106553,0.2953168044077135,0.2881542699724518
F6,84,interleave,0.5,0.003135631659483669,MEMLESS,0.9752243524049194,0.1942900729264836,-0.1942900729264836,CORR_L10_f0.3,0.19381080062133293,-0.19381080062133293,0.5035812672176309,0.5179063360881543
F6,84,contiguous,0.02,0.003135631659483669,MEMLESS,0.36538494476635924,0.1626397085852525,0.07088858341178503,CORR_L10_f0.3,0.1910444066356568,0.13051671810863708,0.011013215859030838,0.006057268722466961
F6,84,contiguous,0.05,0.003135631659483669,MEMLESS,0.6430770982862258,0.10261925325993007,0.041710681810377306,CORR_L10_f0.3,0.14410333993064336,0.14410333993064336,0.0671806167400881,0.04955947136563876
F6,84,contiguous,0.1,0.003135631659483669,MEMLESS,0.8003763844130687,0.11499584468256838,0.030476311660146683,CORR_L10_f0.3,0.13247175240018141,0.13247175240018141,0.16629955947136563,0.19273127753303965
F6,84,contiguous,0.2,0.003135631659483669,MEMLESS,0.897408793331289,0.11747774947375213,0.039806840961725806,CORR_L10_f0.3,0.13360325962588035,0.11332408792567311,0.2946035242290749,0.32433920704845814
F6,84,contiguous,0.3,0.003135631659483669,MEMLESS,0.9412019103988271,0.1396299135846011,0.07209031807812895,CORR_L10_f0.3,0.13081673122100074,0.11023583054485574,0.3931718061674009,0.43942731277533037
F6,84,contiguous,0.5,0.003135631659483669,MEMLESS,0.981148758545668,0.13818766202329213,0.12768569975502922,CORR_L10_f0.3,0.1467748430744486,0.13486471858379173,0.5638766519823789,0.6057268722466961
F6,85,interleave,0.02,47.095209074742655,MEMLESS,0.6451721227740207,0.6999373638404015,0.6999373638404015,CORR_L10_f0.3,0.7919527944029422,0.7919527944029422,0.017630853994490357,0.019834710743801654
F6,85,interleave,0.05,47.095209074742655,MEMLESS,0.7796285394912049,0.7360930191109353,0.7360930191109353,CORR_L10_f0.3,0.8258464822476654,0.8258464822476654,0.046831955922865015,0.06005509641873278
F6,85,interleave,0.1,47.095209074742655,MEMLESS,0.8424568535743084,0.739242665715164,0.739242665715164,CORR_L10_f0.3,0.8146345819969092,0.8146345819969092,0.09090909090909091,0.08650137741046832
F6,85,interleave,0.2,47.095209074742655,MEMLESS,0.9111787721939685,0.7830317600807,0.7830317600807,CORR_L10_f0.3,0.8275152304815482,0.8275152304815482,0.19173553719008266,0.20385674931129477
F6,85,interleave,0.3,47.095209074742655,MEMLESS,0.9446530748494085,0.8035680421801832,0.8035680421801832,CORR_L10_f0.3,0.823843375632224,0.823843375632224,0.28429752066115704,0.28539944903581266
F6,85,interleave,0.5,47.095209074742655,MEMLESS,0.9834037570329911,0.8282159204262239,0.8282159204262239,CORR_L10_f0.3,0.8330594014637758,0.8330594014637758,0.49421487603305786,0.4925619834710744
F6,85,contiguous,0.02,47.095209074742655,MEMLESS,0.8671445110088074,1.484261393850267,1.484261393850267,CORR_L10_f0.3,1.5848658904129709,1.5848658904129709,0.07984581497797356,0.0671806167400881
F6,85,contiguous,0.05,47.095209074742655,MEMLESS,0.8997232076739134,1.4811669639377223,1.4811669639377223,CORR_L10_f0.3,1.5748391329142106,1.5748391329142106,0.11674008810572688,0.11949339207048458
F6,85,contiguous,0.1,47.095209074742655,MEMLESS,0.9326645273284422,1.5022060517369324,1.5022060517369324,CORR_L10_f0.3,1.5698749657478155,1.5698749657478155,0.17951541850220265,0.19383259911894274
F6,85,contiguous,0.2,47.095209074742655,MEMLESS,0.9616903063878268,1.5270181766156679,1.5270181766156679,CORR_L10_f0.3,1.5726754679270794,1.5726754679270794,0.28248898678414097,0.30616740088105726
F6,85,contiguous,0.3,47.095209074742655,MEMLESS,0.9761550338714795,1.5467398001358275,1.5467398001358275,CORR_L10_f0.3,1.5756435301447647,1.5756435301447647,0.368942731277533,0.3783039647577093
F6,85,contiguous,0.5,47.095209074742655,MEMLESS,0.9924250893165135,1.5874214957309827,1.5874214957309827,CORR_L10_f0.3,1.5883155368186186,1.5883155368186186,0.5523127753303965,0.5787444933920705
F6,86,interleave,0.02,0.0016589368577192524,MEMLESS,0.3060108364149978,0.5302535312253188,0.5302535312253188,CORR_L10_f0.3,0.510184679371239,0.510184679371239,0.022408963585434174,0.0196078431372549
F6,86,interleave,0.05,0.0016589368577192524,MEMLESS,0.4745417688997515,0.32061979933640533,0.32061979933640533,CORR_L10_f0.3,0.5282296088273917,0.5282296088273917,0.06722689075630252,0.036414565826330535
F6,86,interleave,0.1,0.0016589368577192524,MEMLESS,0.6002964847112081,0.21531776253453527,0.21531776253453527,CORR_L10_f0.3,0.4126365834092338,0.4126365834092338,0.11764705882352941,0.12885154061624648
F6,86,interleave,0.2,0.0016589368577192524,MEMLESS,0.7436078056356883,0.2770631673470907,0.2770631673470907,CORR_L10_f0.3,0.4136029021309332,0.4136029021309332,0.20448179271708683,0.23529411764705882
F6,86,interleave,0.3,0.0016589368577192524,MEMLESS,0.8486992546877073,0.2797331296251093,0.25938624559620305,CORR_L10_f0.3,0.43868835383885485,0.43868835383885485,0.3081232492997199,0.2857142857142857
F6,86,interleave,0.5,0.0016589368577192524,MEMLESS,0.9605957054997294,0.41706226146028685,0.4081425161498086,CORR_L10_f0.3,0.45854873354040376,0.45854873354040376,0.5210084033613446,0.48739495798319327
F6,86,contiguous,0.02,0.0016589368577192524,MEMLESS,0.29770490326961074,0.6299974133067606,0.6299974133067606,CORR_L10_f0.3,0.7218718466310989,0.7218718466310989,0.03361344537815126,0.022408963585434174
F6,86,contiguous,0.05,0.0016589368577192524,MEMLESS,0.4913750508912838,0.45991408049685356,0.45991408049685356,CORR_L10_f0.3,0.7744950681919885,0.7744950681919885,0.0896358543417367,0.0896358543417367
F6,86,contiguous,0.1,0.0016589368577192524,MEMLESS,0.5913400157041744,0.5186784618264876,0.5186784618264876,CORR_L10_f0.3,0.7759186205859993,0.7759186205859993,0.12885154061624648,0.20168067226890757
F6,86,contiguous,0.2,0.0016589368577192524,MEMLESS,0.750640176557887,0.5125690262485311,0.5125690262485311,CORR_L10_f0.3,0.7640992402134734,0.7640992402134734,0.22408963585434175,0.24089635854341737
F6,86,contiguous,0.3,0.0016589368577192524,MEMLESS,0.8384076397330716,0.5956131153588498,0.5956131153588498,CORR_L10_f0.3,0.7747128898142396,0.7747128898142396,0.31092436974789917,0.31092436974789917
F6,86,contiguous,0.5,0.0016589368577192524,MEMLESS,0.9543829750943119,0.7338907742873051,0.7338907742873051,CORR_L10_f0.3,0.811117487572886,0.811117487572886,0.5154061624649859,0.49859943977591037
F6,87,interleave,0.02,15.74380110822793,MEMLESS,0.2575940990671787,0.23642377686045596,0.19178746714937633,CORR_L10_f0.3,0.5187250699233146,0.5187250699233146,0.03081232492997199,0.0
F6,87,interleave,0.05,15.74380110822793,MEMLESS,0.43574701291712603,0.2035734830101222,0.08286280843506885,CORR_L10_f0.3,0.3710493493545249,0.3710493493545249,0.06722689075630252,0.04201680672268908
F6,87,interleave,0.1,15.74380110822793,MEMLESS,0.5376102942988574,0.13332966719507128,0.10936284398029127,CORR_L10_f0.3,0.4226443549398092,0.4226443549398092,0.09803921568627451,0.12885154061624648
F6,87,interleave,0.2,15.74380110822793,MEMLESS,0.7162961541320506,0.25997631100503743,0.2343341455762164,CORR_L10_f0.3,0.38795041822093795,0.38795041822093795,0.19327731092436976,0.22969187675070027
F6,87,interleave,0.3,15.74380110822793,MEMLESS,0.8196709398671005,0.354610410698861,0.354610410698861,CORR_L10_f0.3,0.4663770034004581,0.4663770034004581,0.2857142857142857,0.26330532212885155
F6,87,interleave,0.5,15.74380110822793,MEMLESS,0.9496743161429468,0.5015440062923406,0.5015440062923406,CORR_L10_f0.3,0.4875302904275639,0.4875302904275639,0.5154061624649859,0.4173669467787115
F6,87,contiguous,0.02,15.74380110822793,MEMLESS,0.2532573940955177,0.42857243097422304,0.377773167419193,CORR_L10_f0.3,0.799455658235282,0.799455658235282,0.03361344537815126,0.06442577030812324
F6,87,contiguous,0.05,15.74380110822793,MEMLESS,0.4132271938455977,0.44286065120442564,0.44286065120442564,CORR_L10_f0.3,0.7448363359019232,0.7448363359019232,0.0700280112044818,0.10084033613445378
F6,87,contiguous,0.1,15.74380110822793,MEMLESS,0.6268424604433299,0.43036194135565964,0.32375363221818,CORR_L10_f0.3,0.7719698848856894,0.7719698848856894,0.15406162464985995,0.1876750700280112
F6,87,contiguous,0.2,15.74380110822793,MEMLESS,0.7815387851026796,0.5114400407419083,0.4998116694165969,CORR_L10_f0.3,0.7805823179949292,0.7805823179949292,0.26330532212885155,0.3081232492997199
F6,87,contiguous,0.3,15.74380110822793,MEMLESS,0.8702959608882976,0.6531054892416014,0.6327982929172813,CORR_L10_f0.3,0.765684684464405,0.765684684464405,0.36134453781512604,0.3333333333333333
F6,87,contiguous,0.5,15.74380110822793,MEMLESS,0.9692428133550719,0.7865146629416478,0.7865146629416478,CORR_L10_f0.3,0.7993082761645215,0.7993082761645215,0.5854341736694678,0.5238095238095238
F6,88,interleave,0.02,0.001388410834913486,MEMLESS,0.3978201532985891,0.15756653690637806,-0.15756653690637806,CORR_L10_f0.3,0.1770937183568924,-0.1770937183568924,0.013813042081593318,0.020880179890780597
F6,88,interleave,0.05,0.001388410834913486,MEMLESS,0.5337018436213204,0.13651582391224246,-0.13651582391224246,CORR_L10_f0.3,0.1593254315043073,-0.1593254315043073,0.043366527465467396,0.043045293928686154
F6,88,interleave,0.1,0.001388410834913486,MEMLESS,0.6424664687173722,0.19872857399564614,-0.19872857399564614,CORR_L10_f0.3,0.15836242635910955,-0.15836242635910955,0.08544812078380983,0.09123032444587215
F6,88,interleave,0.2,0.001388410834913486,MEMLESS,0.7753839984588391,0.19889524155335644,-0.19889524155335644,CORR_L10_f0.3,0.19404504324627134,-0.19404504324627134,0.17346610986186958,0.1680051397365885
F6,88,interleave,0.3,0.001388410834913486,MEMLESS,0.8689582974652748,0.1924644253493857,-0.1924644253493857,CORR_L10_f0.3,0.1890889155784014,-0.1890889155784014,0.2788307099261163,0.2515258592997109
F6,88,interleave,0.5,0.001388410834913486,MEMLESS,0.9549931242536164,0.19038208079134608,-0.19038208079134608,CORR_L10_f0.3,0.1963127405602417,-0.1963127405602417,0.471249598458079,0.43430774172823644
F6,88,contiguous,0.02,0.001388410834913486,MEMLESS,0.6082450791111722,0.25731161120578383,0.03418893936605212,CORR_L10_f0.3,0.25747992737970415,0.0788541929140061,0.0353356890459364,0.044651461612592355
F6,88,contiguous,0.05,0.001388410834913486,MEMLESS,0.6776718986525955,0.2525586694927401,-0.027705136201739058,CORR_L10_f0.3,0.264596466680619,0.06289303286375708,0.06199807259877931,0.06906521040796659
F6,88,contiguous,0.1,0.001388410834913486,MEMLESS,0.7547540673846933,0.29819715184303314,-0.0398459589534818,CORR_L10_f0.3,0.3071040975569489,0.03852979394465456,0.10857693543205911,0.12752971410215228
F6,88,contiguous,0.2,0.001388410834913486,MEMLESS,0.8598406008227125,0.31367999928227647,-0.04677134581813989,CORR_L10_f0.3,0.2964617857221137,0.0307513723659788,0.2161901702537745,0.22550594282043046
F6,88,contiguous,0.3,0.001388410834913486,MEMLESS,0.9158775702567667,0.3023849759013423,-0.0172467367416186,CORR_L10_f0.3,0.30776425148666825,0.02335112276270149,0.31480886604561514,0.3221972373915837
F6,88,contiguous,0.5,0.001388410834913486,MEMLESS,0.9749894594339313,0.31473495000838925,0.038478340014435106,CORR_L10_f0.3,0.3094461550385914,0.0436842179278214,0.5210407966591712,0.5024092515258592
F6,89,interleave,0.02,15.006155018314175,MEMLESS,0.2462576561194265,0.10868523164893981,0.01838296574520667,CORR_L10_f0.3,0.15121670219608033,0.10872130671942024,0.017346610986186957,0.018952778670093158
F6,89,interleave,0.05,15.006155018314175,MEMLESS,0.4016868235540217,0.0761820175477554,0.031809312727113175,CORR_L10_f0.3,0.16906438370071433,0.10346109718480363,0.048827497590748475,0.044651461612592355
F6,89,interleave,0.1,15.006155018314175,MEMLESS,0.5473706338722194,0.09709963249163311,0.005291879544476955,CORR_L10_f0.3,0.14630854379074512,0.08408905187063798,0.09765499518149695,0.10118856408609059
F6,89,interleave,0.2,15.006155018314175,MEMLESS,0.7198870733213972,0.09658808395011072,0.0495574307031139,CORR_L10_f0.3,0.1590849649942072,0.08385817878058166,0.19434628975265017,0.20462576292964985
F6,89,interleave,0.3,15.006155018314175,MEMLESS,0.8297551032357688,0.13491702672992123,0.08145457668471888,CORR_L10_f0.3,0.1494931286577032,0.0919904918478917,0.29457115322839705,0.28172181175714744
F6,89,interleave,0.5,15.006155018314175,MEMLESS,0.9439759152183398,0.18964677142042663,0.09733091383914101,CORR_L10_f0.3,0.17739952243027401,0.11219235988181045,0.4927722454224221,0.4959845807902345
F6,89,contiguous,0.02,15.006155018314175,MEMLESS,0.463676684018594,0.16633748953049177,0.16633748953049177,CORR_L10_f0.3,0.33156466822520697,0.33156466822520697,0.059749437841310635,0.07131384516543528
F6,89,contiguous,0.05,15.006155018314175,MEMLESS,0.6119597176615673,0.15900863421167788,0.15900863421167788,CORR_L10_f0.3,0.33460775503358253,0.33460775503358253,0.11885640860905879,0.12174751044008994
F6,89,contiguous,0.1,15.006155018314175,MEMLESS,0.7334138044845151,0.16722316436055276,0.16722316436055276,CORR_L10_f0.3,0.34240536092332324,0.34240536092332324,0.19434628975265017,0.22132990684227433
F6,89,contiguous,0.2,15.006155018314175,MEMLESS,0.8497320607153832,0.2222653232677321,0.2222653232677321,CORR_L10_f0.3,0.3407426841783399,0.3407426841783399,0.30806296177320913,0.3578541599743013
F6,89,contiguous,0.3,15.006155018314175,MEMLESS,0.9070576647479826,0.28183703500789997,0.28183703500789997,CORR_L10_f0.3,0.3583528582911243,0.3583528582911243,0.39832958560873755,0.4584002569868294
F6,89,contiguous,0.5,15.006155018314175,MEMLESS,0.97328636590187,0.3753027038695337,0.3753027038695337,CORR_L10_f0.3,0.3854651608756496,0.3854651608756496,0.5952457436556376,0.6068101509797623
