W,budget,cohort,config,exp,far_acf1,n_windows,power_acf1,power_ljungbox
250,0.02,all,MEMLESS,F6b,0.013392857142857142,224,0.008928571428571428,0.004464285714285714
250,0.02,white,MEMLESS,F6b,0.013392857142857142,224,0.008928571428571428,0.004464285714285714
500,0.02,all,MEMLESS,F6b,0.018867924528301886,106,0.009433962264150943,0.009433962264150943
500,0.02,white,MEMLESS,F6b,0.018867924528301886,106,0.009433962264150943,0.009433962264150943
1000,0.02,all,MEMLESS,F6b,0.02127659574468085,47,0.0,0.0
1000,0.02,white,MEMLESS,F6b,0.02127659574468085,47,0.0,0.0
2000,0.02,all,MEMLESS,F6b,0.05,20,0.0,0.0
2000,0.02,white,MEMLESS,F6b,0.05,20,0.0,0.0
250,0.02,all,CORR_L2_f0.0,F6b,0.013392857142857142,224,0.013392857142857142,0.013392857142857142
250,0.02,white,CORR_L2_f0.0,F6b,0.013392857142857142,224,0.013392857142857142,0.013392857142857142
500,0.02,all,CORR_L2_f0.0,F6b,0.018867924528301886,106,0.018867924528301886,0.018867924528301886
500,0.02,white,CORR_L2_f0.0,F6b,0.018867924528301886,106,0.018867924528301886,0.018867924528301886
1000,0.02,all,CORR_L2_f0.0,F6b,0.02127659574468085,47,0.02127659574468085,0.02127659574468085
1000,0.02,white,CORR_L2_f0.0,F6b,0.02127659574468085,47,0.02127659574468085,0.02127659574468085
2000,0.02,all,CORR_L2_f0.0,F6b,0.05,20,0.0,0.0
2000,0.02,white,CORR_L2_f0.0,F6b,0.05,20,0.0,0.0
250,0.02,all,CORR_L2_f0.15,F6b,0.013392857142857142,224,0.013392857142857142,0.013392857142857142
250,0.02,white,CORR_L2_f0.15,F6b,0.013392857142857142,224,0.013392857142857142,0.013392857142857142
500,0.02,all,CORR_L2_f0.15,F6b,0.018867924528301886,106,0.009433962264150943,0.009433962264150943
500,0.02,white,CORR_L2_f0.15,F6b,0.018867924528301886,106,0.009433962264150943,0.009433962264150943
1000,0.02,all,CORR_L2_f0.15,F6b,0.02127659574468085,47,0.02127659574468085,0.02127659574468085
1000,0.02,white,CORR_L2_f0.15,F6b,0.02127659574468085,47,0.02127659574468085,0.02127659574468085
2000,0.02,all,CORR_L2_f0.15,F6b,0.05,20,0.0,0.05
2000,0.02,white,CORR_L2_f0.15,F6b,0.05,20,0.0,0.05
250,0.02,all,CORR_L2_f0.3,F6b,0.013392857142857142,224,0.013392857142857142,0.013392857142857142
250,0.02,white,CORR_L2_f0.3,F6b,0.013392857142857142,224,0.013392857142857142,0.013392857142857142
500,0.02,all,CORR_L2_f0.3,F6b,0.018867924528301886,106,0.009433962264150943,0.009433962264150943
500,0.02,white,CORR_L2_f0.3,F6b,0.018867924528301886,106,0.009433962264150943,0.009433962264150943
1000,0.02,all,CORR_L2_f0.3,F6b,0.02127659574468085,47,0.02127659574468085,0.02127659574468085
1000,0.02,white,CORR_L2_f0.3,F6b,0.02127659574468085,47,0.02127659574468085,0.02127659574468085
2000,0.02,all,CORR_L2_f0.3,F6b,0.05,20,0.0,0.0
2000,0.02,white,CORR_L2_f0.3,F6b,0.05,20,0.0,0.0
250,0.02,all,CORR_L2_f0.5,F6b,0.013392857142857142,224,0.013392857142857142,0.013392857142857142
250,0.02,white,CORR_L2_f0.5,F6b,0.013392857142857142,224,0.013392857142857142,0.013392857142857142
500,0.02,all,CORR_L2_f0.5,F6b,0.018867924528301886,106,0.009433962264150943,0.009433962264150943
500,0.02,white,CORR_L2_f0.5,F6b,0.018867924528301886,106,0.009433962264150943,0.009433962264150943
1000,0.02,all,CORR_L2_f0.5,F6b,0.02127659574468085,47,0.02127659574468085,0.02127659574468085
1000,0.02,white,CORR_L2_f0.5,F6b,0.02127659574468085,47,0.02127659574468085,0.02127659574468085
2000,0.02,all,CORR_L2_f0.5,F6b,0.05,20,0.0,0.0
2000,0.02,white,CORR_L2_f0.5,F6b,0.05,20,0.0,0.0
250,0.02,all,CORR_L2_f0.7,F6b,0.013392857142857142,224,0.013392857142857142,0.013392857142857142
250,0.02,white,CORR_L2_f0.7,F6b,0.013392857142857142,224,0.013392857142857142,0.013392857142857142
500,0.02,all,CORR_L2_f0.7,F6b,0.018867924528301886,106,0.009433962264150943,0.009433962264150943
500,0.02,white,CORR_L2_f0.7,F6b,0.018867924528301886,106,0.009433962264150943,0.009433962264150943
1000,0.02,all,CORR_L2_f0.7,F6b,0.02127659574468085,47,0.02127659574468085,0.02127659574468085
1000,0.02,white,CORR_L2_f0.7,F6b,0.02127659574468085,47,0.02127659574468085,0.02127659574468085
2000,0.02,all,CORR_L2_f0.7,F6b,0.05,20,0.0,0.0
2000,0.02,white,CORR_L2_f0.7,F6b,0.05,20,0.0,0.0
250,0.02,all,CORR_L4_f0.0,F6b,0.013392857142857142,224,0.013392857142857142,0.013392857142857142
250,0.02,white,CORR_L4_f0.0,F6b,0.013392857142857142,224,0.013392857142857142,0.013392857142857142
500,0.02,all,CORR_L4_f0.0,F6b,0.018867924528301886,106,0.018867924528301886,0.018867924528301886
500,0.02,white,CORR_L4_f0.0,F6b,0.018867924528301886,106,0.018867924528301886,0.018867924528301886
1000,0.02,all,CORR_L4_f0.0,F6b,0.02127659574468085,47,0.02127659574468085,0.02127659574468085
1000,0.02,white,CORR_L4_f0.0,F6b,0.02127659574468085,47,0.02127659574468085,0.02127659574468085
2000,0.02,all,CORR_L4_f0.0,F6b,0.05,20,0.0,0.0
2000,0.02,white,CORR_L4_f0.0,F6b,0.05,20,0.0,0.0
250,0.02,all,CORR_L4_f0.15,F6b,0.013392857142857142,224,0.013392857142857142,0.013392857142857142
250,0.02,white,CORR_L4_f0.15,F6b,0.013392857142857142,224,0.013392857142857142,0.013392857142857142
500,0.02,all,CORR_L4_f0.15,F6b,0.018867924528301886,106,0.018867924528301886,0.018867924528301886
500,0.02,white,CORR_L4_f0.15,F6b,0.018867924528301886,106,0.018867924528301886,0.018867924528301886
1000,0.02,all,CORR_L4_f0.15,F6b,0.02127659574468085,47,0.02127659574468085,0.02127659574468085
1000,0.02,white,CORR_L4_f0.15,F6b,0.02127659574468085,47,0.02127659574468085,0.02127659574468085
2000,0.02,all,CORR_L4_f0.15,F6b,0.05,20,0.0,0.0
2000,0.02,white,CORR_L4_f0.15,F6b,0.05,20,0.0,0.0
250,0.02,all,CORR_L4_f0.3,F6b,0.013392857142857142,224,0.013392857142857142,0.017857142857142856
250,0.02,white,CORR_L4_f0.3,F6b,0.013392857142857142,224,0.013392857142857142,0.017857142857142856
500,0.02,all,CORR_L4_f0.3,F6b,0.018867924528301886,106,0.018867924528301886,0.018867924528301886
500,0.02,white,CORR_L4_f0.3,F6b,0.018867924528301886,106,0.018867924528301886,0.018867924528301886
1000,0.02,all,CORR_L4_f0.3,F6b,0.02127659574468085,47,0.02127659574468085,0.02127659574468085
1000,0.02,white,CORR_L4_f0.3,F6b,0.02127659574468085,47,0.02127659574468085,0.02127659574468085
2000,0.02,all,CORR_L4_f0.3,F6b,0.05,20,0.0,0.0
2000,0.02,white,CORR_L4_f0.3,F6b,0.05,20,0.0,0.0
250,0.02,all,CORR_L4_f0.5,F6b,0.013392857142857142,224,0.013392857142857142,0.017857142857142856
250,0.02,white,CORR_L4_f0.5,F6b,0.013392857142857142,224,0.013392857142857142,0.017857142857142856
500,0.02,all,CORR_L4_f0.5,F6b,0.018867924528301886,106,0.009433962264150943,0.009433962264150943
500,0.02,white,CORR_L4_f0.5,F6b,0.018867924528301886,106,0.009433962264150943,0.009433962264150943
1000,0.02,all,CORR_L4_f0.5,F6b,0.02127659574468085,47,0.02127659574468085,0.02127659574468085
1000,0.02,white,CORR_L4_f0.5,F6b,0.02127659574468085,47,0.02127659574468085,0.02127659574468085
2000,0.02,all,CORR_L4_f0.5,F6b,0.05,20,0.0,0.0
2000,0.02,white,CORR_L4_f0.5,F6b,0.05,20,0.0,0.0
250,0.02,all,CORR_L4_f0.7,F6b,0.013392857142857142,224,0.013392857142857142,0.017857142857142856
250,0.02,white,CORR_L4_f0.7,F6b,0.013392857142857142,224,0.013392857142857142,0.017857142857142856
500,0.02,all,CORR_L4_f0.7,F6b,0.018867924528301886,106,0.009433962264150943,0.009433962264150943
500,0.02,white,CORR_L4_f0.7,F6b,0.018867924528301886,106,0.009433962264150943,0.009433962264150943
1000,0.02,all,CORR_L4_f0.7,F6b,0.02127659574468085,47,0.02127659574468085,0.02127659574468085
1000,0.02,white,CORR_L4_f0.7,F6b,0.02127659574468085,47,0.02127659574468085,0.02127659574468085
2000,0.02,all,CORR_L4_f0.7,F6b,0.05,20,0.0,0.0
2000,0.02,white,CORR_L4_f0.7,F6b,0.05,20,0.0,0.0
250,0.02,all,CORR_L6_f0.0,F6b,0.013392857142857142,224,0.013392857142857142,0.013392857142857142
250,0.02,white,CORR_L6_f0.0,F6b,0.013392857142857142,224,0.013392857142857142,0.013392857142857142
500,0.02,all,CORR_L6_f0.0,F6b,0.018867924528301886,106,0.018867924528301886,0.018867924528301886
500,0.02,white,CORR_L6_f0.0,F6b,0.018867924528301886,106,0.018867924528301886,0.018867924528301886
1000,0.02,all,CORR_L6_f0.0,F6b,0.02127659574468085,47,0.02127659574468085,0.02127659574468085
1000,0.02,white,CORR_L6_f0.0,F6b,0.02127659574468085,47,0.02127659574468085,0.02127659574468085
2000,0.02,all,CORR_L6_f0.0,F6b,0.05,20,0.0,0.0
2000,0.02,white,CORR_L6_f0.0,F6b,0.05,20,0.0,0.0
250,0.02,all,CORR_L6_f0.15,F6b,0.013392857142857142,224,0.013392857142857142,0.013392857142857142
250,0.02,white,CORR_L6_f0.15,F6b,0.013392857142857142,224,0.013392857142857142,0.013392857142857142
500,0.02,all,CORR_L6_f0.15,F6b,0.018867924528301886,106,0.018867924528301886,0.018867924528301886
500,0.02,white,CORR_L6_f0.15,F6b,0.018867924528301886,106,0.018867924528301886,0.018867924528301886
1000,0.02,all,CORR_L6_f0.15,F6b,0.02127659574468085,47,0.02127659574468085,0.02127659574468085
1000,0.02,white,CORR_L6_f0.15,F6b,0.02127659574468085,47,0.02127659574468085,0.02127659574468085
2000,0.02,all,CORR_L6_f0.15,F6b,0.05,20,0.0,0.0
2000,0.02,white,CORR_L6_f0.15,F6b,0.05,20,0.0,0.0
250,0.02,all,CORR_L6_f0.3,F6b,0.013392857142857142,224,0.013392857142857142,0.017857142857142856
250,0.02,white,CORR_L6_f0.3,F6b,0.013392857142857142,224,0.013392857142857142,0.017857142857142856
500,0.02,all,CORR_L6_f0.3,F6b,0.018867924528301886,106,0.018867924528301886,0.018867924528301886
500,0.02,white,CORR_L6_f0.3,F6b,0.018867924528301886,106,0.018867924528301886,0.018867924528301886
1000,0.02,all,CORR_L6_f0.3,F6b,0.02127659574468085,47,0.02127659574468085,0.02127659574468085
1000,0.02,white,CORR_L6_f0.3,F6b,0.02127659574468085,47,0.02127659574468085,0.02127659574468085
2000,0.02,all,CORR_L6_f0.3,F6b,0.05,20,0.0,0.0
2000,0.02,white,CORR_L6_f0.3,F6b,0.05,20,0.0,0.0
250,0.02,all,CORR_L6_f0.5,F6b,0.013392857142857142,224,0.013392857142857142,0.017857142857142856
250,0.02,white,CORR_L6_f0.5,F6b,0.013392857142857142,224,0.013392857142857142,0.017857142857142856
500,0.02,all,CORR_L6_f0.5,F6b,0.018867924528301886,106,0.009433962264150943,0.009433962264150943
500,0.02,white,CORR_L6_f0.5,F6b,0.018867924528301886,106,0.009433962264150943,0.009433962264150943
1000,0.02,all,CORR_L6_f0.5,F6b,0.02127659574468085,47,0.02127659574468085,0.02127659574468085
1000,0.02,white,CORR_L6_f0.5,F6b,0.02127659574468085,47,0.02127659574468085,0.02127659574468085
2000,0.02,all,CORR_L6_f0.5,F6b,0.05,20,0.0,0.0
2000,0.02,white,CORR_L6_f0.5,F6b,0.05,20,0.0,0.0
250,0.02,all,CORR_L6_f0.7,F6b,0.013392857142857142,224,0.013392857142857142,0.017857142857142856
250,0.02,white,CORR_L6_f0.7,F6b,0.013392857142857142,224,0.013392857142857142,0.017857142857142856
500,0.02,all,CORR_L6_f0.7,F6b,0.018867924528301886,106,0.009433962264150943,0.009433962264150943
500,0.02,white,CORR_L6_f0.7,F6b,0.018867924528301886,106,0.009433962264150943,0.009433962264150943
1000,0.02,all,CORR_L6_f0.7,F6b,0.02127659574468085,47,0.02127659574468085,0.02127659574468085
1000,0.02,white,CORR_L6_f0.7,F6b,0.02127659574468085,47,0.02127659574468085,0.02127659574468085
2000,0.02,all,CORR_L6_f0.7,F6b,0.05,20,0.0,0.0
2000,0.02,white,CORR_L6_f0.7,F6b,0.05,20,0.0,0.0
250,0.02,all,CORR_L10_f0.0,F6b,0.013392857142857142,224,0.013392857142857142,0.013392857142857142
250,0.02,white,CORR_L10_f0.0,F6b,0.013392857142857142,224,0.013392857142857142,0.013392857142857142
500,0.02,all,CORR_L10_f0.0,F6b,0.018867924528301886,106,0.018867924528301886,0.018867924528301886
500,0.02,white,CORR_L10_f0.0,F6b,0.018867924528301886,106,0.018867924528301886,0.018867924528301886
1000,0.02,all,CORR_L10_f0.0,F6b,0.02127659574468085,47,0.02127659574468085,0.02127659574468085
1000,0.02,white,CORR_L10_f0.0,F6b,0.02127659574468085,47,0.02127659574468085,0.02127659574468085
2000,0.02,all,CORR_L10_f0.0,F6b,0.05,20,0.0,0.0
2000,0.02,white,CORR_L10_f0.0,F6b,0.05,20,0.0,0.0
250,0.02,all,CORR_L10_f0.15,F6b,0.013392857142857142,224,0.013392857142857142,0.013392857142857142
250,0.02,white,CORR_L10_f0.15,F6b,0.013392857142857142,224,0.013392857142857142,0.013392857142857142
500,0.02,all,CORR_L10_f0.15,F6b,0.018867924528301886,106,0.018867924528301886,0.018867924528301886
500,0.02,white,CORR_L10_f0.15,F6b,0.018867924528301886,106,0.018867924528301886,0.018867924528301886
1000,0.02,all,CORR_L10_f0.15,F6b,0.02127659574468085,47,0.02127659574468085,0.02127659574468085
1000,0.02,white,CORR_L10_f0.15,F6b,0.02127659574468085,47,0.02127659574468085,0.02127659574468085
2000,0.02,all,CORR_L10_f0.15,F6b,0.05,20,0.0,0.0
2000,0.02,white,CORR_L10_f0.15,F6b,0.05,20,0.0,0.0
250,0.02,all,CORR_L10_f0.3,F6b,0.013392857142857142,224,0.013392857142857142,0.017857142857142856
250,0.02,white,CORR_L10_f0.3,F6b,0.013392857142857142,224,0.013392857142857142,0.017857142857142856
500,0.02,all,CORR_L10_f0.3,F6b,0.018867924528301886,106,0.018867924528301886,0.018867924528301886
500,0.02,white,CORR_L10_f0.3,F6b,0.018867924528301886,106,0.018867924528301886,0.018867924528301886
1000,0.02,all,CORR_L10_f0.3,F6b,0.02127659574468085,47,0.02127659574468085,0.02127659574468085
1000,0.02,white,CORR_L10_f0.3,F6b,0.02127659574468085,47,0.02127659574468085,0.02127659574468085
2000,0.02,all,CORR_L10_f0.3,F6b,0.05,20,0.0,0.0
2000,0.02,white,CORR_L10_f0.3,F6b,0.05,20,0.0,0.0
250,0.02,all,CORR_L10_f0.5,F6b,0.013392857142857142,224,0.013392857142857142,0.017857142857142856
250,0.02,white,CORR_L10_f0.5,F6b,0.013392857142857142,224,0.013392857142857142,0.017857142857142856
500,0.02,all,CORR_L10_f0.5,F6b,0.018867924528301886,106,0.009433962264150943,0.009433962264150943
500,0.02,white,CORR_L10_f0.5,F6b,0.018867924528301886,106,0.009433962264150943,0.009433962264150943
1000,0.02,all,CORR_L10_f0.5,F6b,0.02127659574468085,47,0.02127659574468085,0.02127659574468085
1000,0.02,white,CORR_L10_f0.5,F6b,0.02127659574468085,47,0.02127659574468085,0.02127659574468085
2000,0.02,all,CORR_L10_f0.5,F6b,0.05,20,0.0,0.0
2000,0.02,white,CORR_L10_f0.5,F6b,0.05,20,0.0,0.0
250,0.02,all,CORR_L10_f0.7,F6b,0.013392857142857142,224,0.013392857142857142,0.017857142857142856
250,0.02,white,CORR_L10_f0.7,F6b,0.013392857142857142,224,0.013392857142857142,0.017857142857142856
500,0.02,all,CORR_L10_f0.7,F6b,0.018867924528301886,106,0.009433962264150943,0.009433962264150943
500,0.02,white,CORR_L10_f0.7,F6b,0.018867924528301886,106,0.009433962264150943,0.009433962264150943
1000,0.02,all,CORR_L10_f0.7,F6b,0.02127659574468085,47,0.02127659574468085,0.02127659574468085
1000,0.02,white,CORR_L10_f0.7,F6b,0.02127659574468085,47,0.02127659574468085,0.02127659574468085
2000,0.02,all,CORR_L10_f0.7,F6b,0.05,20,0.0,0.0
2000,0.02,white,CORR_L10_f0.7,F6b,0.05,20,0.0,0.0
250,0.02,all,CORR_L20_f0.0,F6b,0.013392857142857142,224,0.013392857142857142,0.013392857142857142
250,0.02,white,CORR_L20_f0.0,F6b,0.013392857142857142,224,0.013392857142857142,0.013392857142857142
500,0.02,all,CORR_L20_f0.0,F6b,0.018867924528301886,106,0.018867924528301886,0.018867924528301886
500,0.02,white,CORR_L20_f0.0,F6b,0.018867924528301886,106,0.018867924528301886,0.018867924528301886
1000,0.02,all,CORR_L20_f0.0,F6b,0.02127659574468085,47,0.02127659574468085,0.02127659574468085
1000,0.02,white,CORR_L20_f0.0,F6b,0.02127659574468085,47,0.02127659574468085,0.02127659574468085
2000,0.02,all,CORR_L20_f0.0,F6b,0.05,20,0.0,0.0
2000,0.02,white,CORR_L20_f0.0,F6b,0.05,20,0.0,0.0
250,0.02,all,CORR_L20_f0.15,F6b,0.013392857142857142,224,0.013392857142857142,0.013392857142857142
250,0.02,white,CORR_L20_f0.15,F6b,0.013392857142857142,224,0.013392857142857142,0.013392857142857142
500,0.02,all,CORR_L20_f0.15,F6b,0.018867924528301886,106,0.018867924528301886,0.018867924528301886
500,0.02,white,CORR_L20_f0.15,F6b,0.018867924528301886,106,0.018867924528301886,0.018867924528301886
1000,0.02,all,CORR_L20_f0.15,F6b,0.02127659574468085,47,0.02127659574468085,0.02127659574468085
1000,0.02,white,CORR_L20_f0.15,F6b,0.02127659574468085,47,0.02127659574468085,0.02127659574468085
2000,0.02,all,CORR_L20_f0.15,F6b,0.05,20,0.0,0.0
2000,0.02,white,CORR_L20_f0.15,F6b,0.05,20,0.0,0.0
250,0.02,all,CORR_L20_f0.3,F6b,0.013392857142857142,224,0.013392857142857142,0.017857142857142856
250,0.02,white,CORR_L20_f0.3,F6b,0.013392857142857142,224,0.013392857142857142,0.017857142857142856
500,0.02,all,CORR_L20_f0.3,F6b,0.018867924528301886,106,0.018867924528301886,0.018867924528301886
500,0.02,white,CORR_L20_f0.3,F6b,0.018867924528301886,106,0.018867924528301886,0.018867924528301886
1000,0.02,all,CORR_L20_f0.3,F6b,0.02127659574468085,47,0.02127659574468085,0.02127659574468085
1000,0.02,white,CORR_L20_f0.3,F6b,0.02127659574468085,47,0.02127659574468085,0.02127659574468085
2000,0.02,all,CORR_L20_f0.3,F6b,0.05,20,0.0,0.0
2000,0.02,white,CORR_L20_f0.3,F6b,0.05,20,0.0,0.0
250,0.02,all,CORR_L20_f0.5,F6b,0.013392857142857142,224,0.013392857142857142,0.017857142857142856
250,0.02,white,CORR_L20_f0.5,F6b,0.013392857142857142,224,0.013392857142857142,0.017857142857142856
500,0.02,all,CORR_L20_f0.5,F6b,0.018867924528301886,106,0.009433962264150943,0.009433962264150943
500,0.02,white,CORR_L20_f0.5,F6b,0.018867924528301886,106,0.009433962264150943,0.009433962264150943
1000,0.02,all,CORR_L20_f0.5,F6b,0.02127659574468085,47,0.02127659574468085,0.02127659574468085
1000,0.02,white,CORR_L20_f0.5,F6b,0.02127659574468085,47,0.02127659574468085,0.02127659574468085
2000,0.02,all,CORR_L20_f0.5,F6b,0.05,20,0.0,0.0
2000,0.02,white,CORR_L20_f0.5,F6b,0.05,20,0.0,0.0
250,0.02,all,CORR_L20_f0.7,F6b,0.013392857142857142,224,0.013392857142857142,0.017857142857142856
250,0.02,white,CORR_L20_f0.7,F6b,0.013392857142857142,224,0.013392857142857142,0.017857142857142856
500,0.02,all,CORR_L20_f0.7,F6b,0.018867924528301886,106,0.009433962264150943,0.009433962264150943
500,0.02,white,CORR_L20_f0.7,F6b,0.018867924528301886,106,0.009433962264150943,0.009433962264150943
1000,0.02,all,CORR_L20_f0.7,F6b,0.02127659574468085,47,0.02127659574468085,0.02127659574468085
1000,0.02,white,CORR_L20_f0.7,F6b,0.02127659574468085,47,0.02127659574468085,0.02127659574468085
2000,0.02,all,CORR_L20_f0.7,F6b,0.05,20,0.0,0.0
2000,0.02,white,CORR_L20_f0.7,F6b,0.05,20,0.0,0.0
250,0.02,all,DITHER_s0.5,F6b,0.013392857142857142,224,0.004464285714285714,0.008928571428571428
250,0.02,white,DITHER_s0.5,F6b,0.013392857142857142,224,0.004464285714285714,0.008928571428571428
500,0.02,all,DITHER_s0.5,F6b,0.018867924528301886,106,0.0,0.0
500,0.02,white,DITHER_s0.5,F6b,0.018867924528301886,106,0.0,0.0
1000,0.02,all,DITHER_s0.5,F6b,0.02127659574468085,47,0.0,0.0
1000,0.02,white,DITHER_s0.5,F6b,0.02127659574468085,47,0.0,0.0
2000,0.02,all,DITHER_s0.5,F6b,0.05,20,0.0,0.0
2000,0.02,white,DITHER_s0.5,F6b,0.05,20,0.0,0.0
250,0.02,all,DITHER_s1.0,F6b,0.013392857142857142,224,0.0,0.0
250,0.02,white,DITHER_s1.0,F6b,0.013392857142857142,224,0.0,0.0
500,0.02,all,DITHER_s1.0,F6b,0.018867924528301886,106,0.0,0.0
500,0.02,white,DITHER_s1.0,F6b,0.018867924528301886,106,0.0,0.0
1000,0.02,all,DITHER_s1.0,F6b,0.02127659574468085,47,0.02127659574468085,0.0
1000,0.02,white,DITHER_s1.0,F6b,0.02127659574468085,47,0.02127659574468085,0.0
2000,0.02,all,DITHER_s1.0,F6b,0.05,20,0.0,0.0
2000,0.02,white,DITHER_s1.0,F6b,0.05,20,0.0,0.0
250,0.02,all,DITHER_s2.0,F6b,0.013392857142857142,224,0.004464285714285714,0.008928571428571428
250,0.02,white,DITHER_s2.0,F6b,0.013392857142857142,224,0.004464285714285714,0.008928571428571428
500,0.02,all,DITHER_s2.0,F6b,0.018867924528301886,106,0.0,0.0
500,0.02,white,DITHER_s2.0,F6b,0.018867924528301886,106,0.0,0.0
1000,0.02,all,DITHER_s2.0,F6b,0.02127659574468085,47,0.02127659574468085,0.02127659574468085
1000,0.02,white,DITHER_s2.0,F6b,0.02127659574468085,47,0.02127659574468085,0.02127659574468085
2000,0.02,all,DITHER_s2.0,F6b,0.05,20,0.0,0.0
2000,0.02,white,DITHER_s2.0,F6b,0.05,20,0.0,0.0
250,0.02,all,DITHER_blind,F6b,0.013392857142857142,224,0.004464285714285714,0.004464285714285714
250,0.02,white,DITHER_blind,F6b,0.013392857142857142,224,0.004464285714285714,0.004464285714285714
500,0.02,all,DITHER_blind,F6b,0.018867924528301886,106,0.0,0.0
500,0.02,white,DITHER_blind,F6b,0.018867924528301886,106,0.0,0.0
1000,0.02,all,DITHER_blind,F6b,0.02127659574468085,47,0.02127659574468085,0.0
1000,0.02,white,DITHER_blind,F6b,0.02127659574468085,47,0.02127659574468085,0.0
2000,0.02,all,DITHER_blind,F6b,0.05,20,0.0,0.0
2000,0.02,white,DITHER_blind,F6b,0.05,20,0.0,0.0
250,0.05,all,MEMLESS,F6b,0.013392857142857142,224,0.008928571428571428,0.004464285714285714
250,0.05,white,MEMLESS,F6b,0.013392857142857142,224,0.008928571428571428,0.004464285714285714
500,0.05,all,MEMLESS,F6b,0.018867924528301886,106,0.009433962264150943,0.009433962264150943
500,0.05,white,MEMLESS,F6b,0.018867924528301886,106,0.009433962264150943,0.009433962264150943
1000,0.05,all,MEMLESS,F6b,0.02127659574468085,47,0.0,0.0
1000,0.05,white,MEMLESS,F6b,0.02127659574468085,47,0.0,0.0
2000,0.05,all,MEMLESS,F6b,0.05,20,0.0,0.0
2000,0.05,white,MEMLESS,F6b,0.05,20,0.0,0.0
250,0.05,all,CORR_L2_f0.0,F6b,0.013392857142857142,224,0.008928571428571428,0.013392857142857142
250,0.05,white,CORR_L2_f0.0,F6b,0.013392857142857142,224,0.008928571428571428,0.013392857142857142
500,0.05,all,CORR_L2_f0.0,F6b,0.018867924528301886,106,0.009433962264150943,0.018867924528301886
500,0.05,white,CORR_L2_f0.0,F6b,0.018867924528301886,106,0.009433962264150943,0.018867924528301886
1000,0.05,all,CORR_L2_f0.0,F6b,0.02127659574468085,47,0.02127659574468085,0.02127659574468085
1000,0.05,white,CORR_L2_f0.0,F6b,0.02127659574468085,47,0.02127659574468085,0.02127659574468085
2000,0.05,all,CORR_L2_f0.0,F6b,0.05,20,0.0,0.05
2000,0.05,white,CORR_L2_f0.0,F6b,0.05,20,0.0,0.05
250,0.05,all,CORR_L2_f0.15,F6b,0.013392857142857142,224,0.008928571428571428,0.013392857142857142
250,0.05,white,CORR_L2_f0.15,F6b,0.013392857142857142,224,0.008928571428571428,0.013392857142857142
500,0.05,all,CORR_L2_f0.15,F6b,0.018867924528301886,106,0.009433962264150943,0.018867924528301886
500,0.05,white,CORR_L2_f0.15,F6b,0.018867924528301886,106,0.009433962264150943,0.018867924528301886
1000,0.05,all,CORR_L2_f0.15,F6b,0.02127659574468085,47,0.02127659574468085,0.02127659574468085
1000,0.05,white,CORR_L2_f0.15,F6b,0.02127659574468085,47,0.02127659574468085,0.02127659574468085
2000,0.05,all,CORR_L2_f0.15,F6b,0.05,20,0.0,0.05
2000,0.05,white,CORR_L2_f0.15,F6b,0.05,20,0.0,0.05
250,0.05,all,CORR_L2_f0.3,F6b,0.013392857142857142,224,0.008928571428571428,0.008928571428571428
250,0.05,white,CORR_L2_f0.3,F6b,0.013392857142857142,224,0.008928571428571428,0.008928571428571428
500,0.05,all,CORR_L2_f0.3,F6b,0.018867924528301886,106,0.009433962264150943,0.018867924528301886
500,0.05,white,CORR_L2_f0.3,F6b,0.018867924528301886,106,0.009433962264150943,0.018867924528301886
1000,0.05,all,CORR_L2_f0.3,F6b,0.02127659574468085,47,0.02127659574468085,0.02127659574468085
1000,0.05,white,CORR_L2_f0.3,F6b,0.02127659574468085,47,0.02127659574468085,0.02127659574468085
2000,0.05,all,CORR_L2_f0.3,F6b,0.05,20,0.0,0.05
2000,0.05,white,CORR_L2_f0.3,F6b,0.05,20,0.0,0.05
250,0.05,all,CORR_L2_f0.5,F6b,0.013392857142857142,224,0.008928571428571428,0.008928571428571428
250,0.05,white,CORR_L2_f0.5,F6b,0.013392857142857142,224,0.008928571428571428,0.008928571428571428
500,0.05,all,CORR_L2_f0.5,F6b,0.018867924528301886,106,0.009433962264150943,0.018867924528301886
500,0.05,white,CORR_L2_f0.5,F6b,0.018867924528301886,106,0.009433962264150943,0.018867924528301886
1000,0.05,all,CORR_L2_f0.5,F6b,0.02127659574468085,47,0.0,0.0
1000,0.05,white,CORR_L2_f0.5,F6b,0.02127659574468085,47,0.0,0.0
2000,0.05,all,CORR_L2_f0.5,F6b,0.05,20,0.0,0.05
2000,0.05,white,CORR_L2_f0.5,F6b,0.05,20,0.0,0.05
250,0.05,all,CORR_L2_f0.7,F6b,0.013392857142857142,224,0.008928571428571428,0.008928571428571428
250,0.05,white,CORR_L2_f0.7,F6b,0.013392857142857142,224,0.008928571428571428,0.008928571428571428
500,0.05,all,CORR_L2_f0.7,F6b,0.018867924528301886,106,0.009433962264150943,0.018867924528301886
500,0.05,white,CORR_L2_f0.7,F6b,0.018867924528301886,106,0.009433962264150943,0.018867924528301886
1000,0.05,all,CORR_L2_f0.7,F6b,0.02127659574468085,47,0.0,0.0
1000,0.05,white,CORR_L2_f0.7,F6b,0.02127659574468085,47,0.0,0.0
2000,0.05,all,CORR_L2_f0.7,F6b,0.05,20,0.0,0.05
2000,0.05,white,CORR_L2_f0.7,F6b,0.05,20,0.0,0.05
250,0.05,all,CORR_L4_f0.0,F6b,0.013392857142857142,224,0.013392857142857142,0.017857142857142856
250,0.05,white,CORR_L4_f0.0,F6b,0.013392857142857142,224,0.013392857142857142,0.017857142857142856
500,0.05,all,CORR_L4_f0.0,F6b,0.018867924528301886,106,0.009433962264150943,0.02830188679245283
500,0.05,white,CORR_L4_f0.0,F6b,0.018867924528301886,106,0.009433962264150943,0.02830188679245283
1000,0.05,all,CORR_L4_f0.0,F6b,0.02127659574468085,47,0.02127659574468085,0.02127659574468085
1000,0.05,white,CORR_L4_f0.0,F6b,0.02127659574468085,47,0.02127659574468085,0.02127659574468085
2000,0.05,all,CORR_L4_f0.0,F6b,0.05,20,0.0,0.05
2000,0.05,white,CORR_L4_f0.0,F6b,0.05,20,0.0,0.05
250,0.05,all,CORR_L4_f0.15,F6b,0.013392857142857142,224,0.008928571428571428,0.008928571428571428
250,0.05,white,CORR_L4_f0.15,F6b,0.013392857142857142,224,0.008928571428571428,0.008928571428571428
500,0.05,all,CORR_L4_f0.15,F6b,0.018867924528301886,106,0.009433962264150943,0.018867924528301886
500,0.05,white,CORR_L4_f0.15,F6b,0.018867924528301886,106,0.009433962264150943,0.018867924528301886
1000,0.05,all,CORR_L4_f0.15,F6b,0.02127659574468085,47,0.02127659574468085,0.0
1000,0.05,white,CORR_L4_f0.15,F6b,0.02127659574468085,47,0.02127659574468085,0.0
2000,0.05,all,CORR_L4_f0.15,F6b,0.05,20,0.0,0.05
2000,0.05,white,CORR_L4_f0.15,F6b,0.05,20,0.0,0.05
250,0.05,all,CORR_L4_f0.3,F6b,0.013392857142857142,224,0.008928571428571428,0.013392857142857142
250,0.05,white,CORR_L4_f0.3,F6b,0.013392857142857142,224,0.008928571428571428,0.013392857142857142
500,0.05,all,CORR_L4_f0.3,F6b,0.018867924528301886,106,0.009433962264150943,0.018867924528301886
500,0.05,white,CORR_L4_f0.3,F6b,0.018867924528301886,106,0.009433962264150943,0.018867924528301886
1000,0.05,all,CORR_L4_f0.3,F6b,0.02127659574468085,47,0.02127659574468085,0.0
1000,0.05,white,CORR_L4_f0.3,F6b,0.02127659574468085,47,0.02127659574468085,0.0
2000,0.05,all,CORR_L4_f0.3,F6b,0.05,20,0.0,0.05
2000,0.05,white,CORR_L4_f0.3,F6b,0.05,20,0.0,0.05
250,0.05,all,CORR_L4_f0.5,F6b,0.013392857142857142,224,0.008928571428571428,0.008928571428571428
250,0.05,white,CORR_L4_f0.5,F6b,0.013392857142857142,224,0.008928571428571428,0.008928571428571428
500,0.05,all,CORR_L4_f0.5,F6b,0.018867924528301886,106,0.009433962264150943,0.018867924528301886
500,0.05,white,CORR_L4_f0.5,F6b,0.018867924528301886,106,0.009433962264150943,0.018867924528301886
1000,0.05,all,CORR_L4_f0.5,F6b,0.02127659574468085,47,0.0,0.0
1000,0.05,white,CORR_L4_f0.5,F6b,0.02127659574468085,47,0.0,0.0
2000,0.05,all,CORR_L4_f0.5,F6b,0.05,20,0.0,0.05
2000,0.05,white,CORR_L4_f0.5,F6b,0.05,20,0.0,0.05
250,0.05,all,CORR_L4_f0.7,F6b,0.013392857142857142,224,0.008928571428571428,0.008928571428571428
250,0.05,white,CORR_L4_f0.7,F6b,0.013392857142857142,224,0.008928571428571428,0.008928571428571428
500,0.05,all,CORR_L4_f0.7,F6b,0.018867924528301886,106,0.009433962264150943,0.018867924528301886
500,0.05,white,CORR_L4_f0.7,F6b,0.018867924528301886,106,0.009433962264150943,0.018867924528301886
1000,0.05,all,CORR_L4_f0.7,F6b,0.02127659574468085,47,0.0,0.0
1000,0.05,white,CORR_L4_f0.7,F6b,0.02127659574468085,47,0.0,0.0
2000,0.05,all,CORR_L4_f0.7,F6b,0.05,20,0.0,0.05
2000,0.05,white,CORR_L4_f0.7,F6b,0.05,20,0.0,0.05
250,0.05,all,CORR_L6_f0.0,F6b,0.013392857142857142,224,0.013392857142857142,0.013392857142857142
250,0.05,white,CORR_L6_f0.0,F6b,0.013392857142857142,224,0.013392857142857142,0.013392857142857142
500,0.05,all,CORR_L6_f0.0,F6b,0.018867924528301886,106,0.009433962264150943,0.009433962264150943
500,0.05,white,CORR_L6_f0.0,F6b,0.018867924528301886,106,0.009433962264150943,0.009433962264150943
1000,0.05,all,CORR_L6_f0.0,F6b,0.02127659574468085,47,0.02127659574468085,0.02127659574468085
1000,0.05,white,CORR_L6_f0.0,F6b,0.02127659574468085,47,0.02127659574468085,0.02127659574468085
2000,0.05,all,CORR_L6_f0.0,F6b,0.05,20,0.0,0.0
2000,0.05,white,CORR_L6_f0.0,F6b,0.05,20,0.0,0.0
250,0.05,all,CORR_L6_f0.15,F6b,0.013392857142857142,224,0.008928571428571428,0.013392857142857142
250,0.05,white,CORR_L6_f0.15,F6b,0.013392857142857142,224,0.008928571428571428,0.013392857142857142
500,0.05,all,CORR_L6_f0.15,F6b,0.018867924528301886,106,0.009433962264150943,0.018867924528301886
500,0.05,white,CORR_L6_f0.15,F6b,0.018867924528301886,106,0.009433962264150943,0.018867924528301886
1000,0.05,all,CORR_L6_f0.15,F6b,0.02127659574468085,47,0.02127659574468085,0.02127659574468085
1000,0.05,white,CORR_L6_f0.15,F6b,0.02127659574468085,47,0.02127659574468085,0.02127659574468085
2000,0.05,all,CORR_L6_f0.15,F6b,0.05,20,0.0,0.05
2000,0.05,white,CORR_L6_f0.15,F6b,0.05,20,0.0,0.05
250,0.05,all,CORR_L6_f0.3,F6b,0.013392857142857142,224,0.008928571428571428,0.013392857142857142
250,0.05,white,CORR_L6_f0.3,F6b,0.013392857142857142,224,0.008928571428571428,0.013392857142857142
500,0.05,all,CORR_L6_f0.3,F6b,0.018867924528301886,106,0.009433962264150943,0.018867924528301886
500,0.05,white,CORR_L6_f0.3,F6b,0.018867924528301886,106,0.009433962264150943,0.018867924528301886
1000,0.05,all,CORR_L6_f0.3,F6b,0.02127659574468085,47,0.02127659574468085,0.02127659574468085
1000,0.05,white,CORR_L6_f0.3,F6b,0.02127659574468085,47,0.02127659574468085,0.02127659574468085
2000,0.05,all,CORR_L6_f0.3,F6b,0.05,20,0.0,0.05
2000,0.05,white,CORR_L6_f0.3,F6b,0.05,20,0.0,0.05
250,0.05,all,CORR_L6_f0.5,F6b,0.013392857142857142,224,0.008928571428571428,0.008928571428571428
250,0.05,white,CORR_L6_f0.5,F6b,0.013392857142857142,224,0.008928571428571428,0.008928571428571428
500,0.05,all,CORR_L6_f0.5,F6b,0.018867924528301886,106,0.009433962264150943,0.018867924528301886
500,0.05,white,CORR_L6_f0.5,F6b,0.018867924528301886,106,0.009433962264150943,0.018867924528301886
1000,0.05,all,CORR_L6_f0.5,F6b,0.02127659574468085,47,0.0,0.0
1000,0.05,white,CORR_L6_f0.5,F6b,0.02127659574468085,47,0.0,0.0
2000,0.05,all,CORR_L6_f0.5,F6b,0.05,20,0.0,0.05
2000,0.05,white,CORR_L6_f0.5,F6b,0.05,20,0.0,0.05
250,0.05,all,CORR_L6_f0.7,F6b,0.013392857142857142,224,0.008928571428571428,0.008928571428571428
250,0.05,white,CORR_L6_f0.7,F6b,0.013392857142857142,224,0.008928571428571428,0.008928571428571428
500,0.05,all,CORR_L6_f0.7,F6b,0.018867924528301886,106,0.009433962264150943,0.018867924528301886
500,0.05,white,CORR_L6_f0.7,F6b,0.018867924528301886,106,0.009433962264150943,0.018867924528301886
1000,0.05,all,CORR_L6_f0.7,F6b,0.02127659574468085,47,0.0,0.0
1000,0.05,white,CORR_L6_f0.7,F6b,0.02127659574468085,47,0.0,0.0
2000,0.05,all,CORR_L6_f0.7,F6b,0.05,20,0.0,0.05
2000,0.05,white,CORR_L6_f0.7,F6b,0.05,20,0.0,0.05
250,0.05,all,CORR_L10_f0.0,F6b,0.013392857142857142,224,0.013392857142857142,0.017857142857142856
250,0.05,white,CORR_L10_f0.0,F6b,0.013392857142857142,224,0.013392857142857142,0.017857142857142856
500,0.05,all,CORR_L10_f0.0,F6b,0.018867924528301886,106,0.018867924528301886,0.018867924528301886
500,0.05,white,CORR_L10_f0.0,F6b,0.018867924528301886,106,0.018867924528301886,0.018867924528301886
1000,0.05,all,CORR_L10_f0.0,F6b,0.02127659574468085,47,0.02127659574468085,0.02127659574468085
1000,0.05,white,CORR_L10_f0.0,F6b,0.02127659574468085,47,0.02127659574468085,0.02127659574468085
2000,0.05,all,CORR_L10_f0.0,F6b,0.05,20,0.05,0.0
2000,0.05,white,CORR_L10_f0.0,F6b,0.05,20,0.05,0.0
250,0.05,all,CORR_L10_f0.15,F6b,0.013392857142857142,224,0.008928571428571428,0.017857142857142856
250,0.05,white,CORR_L10_f0.15,F6b,0.013392857142857142,224,0.008928571428571428,0.017857142857142856
500,0.05,all,CORR_L10_f0.15,F6b,0.018867924528301886,106,0.009433962264150943,0.018867924528301886
500,0.05,white,CORR_L10_f0.15,F6b,0.018867924528301886,106,0.009433962264150943,0.018867924528301886
1000,0.05,all,CORR_L10_f0.15,F6b,0.02127659574468085,47,0.02127659574468085,0.02127659574468085
1000,0.05,white,CORR_L10_f0.15,F6b,0.02127659574468085,47,0.02127659574468085,0.02127659574468085
2000,0.05,all,CORR_L10_f0.15,F6b,0.05,20,0.0,0.05
2000,0.05,white,CORR_L10_f0.15,F6b,0.05,20,0.0,0.05
250,0.05,all,CORR_L10_f0.3,F6b,0.013392857142857142,224,0.008928571428571428,0.013392857142857142
250,0.05,white,CORR_L10_f0.3,F6b,0.013392857142857142,224,0.008928571428571428,0.013392857142857142
500,0.05,all,CORR_L10_f0.3,F6b,0.018867924528301886,106,0.009433962264150943,0.018867924528301886
500,0.05,white,CORR_L10_f0.3,F6b,0.018867924528301886,106,0.009433962264150943,0.018867924528301886
1000,0.05,all,CORR_L10_f0.3,F6b,0.02127659574468085,47,0.02127659574468085,0.02127659574468085
1000,0.05,white,CORR_L10_f0.3,F6b,0.02127659574468085,47,0.02127659574468085,0.02127659574468085
2000,0.05,all,CORR_L10_f0.3,F6b,0.05,20,0.0,0.05
2000,0.05,white,CORR_L10_f0.3,F6b,0.05,20,0.0,0.05
250,0.05,all,CORR_L10_f0.5,F6b,0.013392857142857142,224,0.008928571428571428,0.008928571428571428
250,0.05,white,CORR_L10_f0.5,F6b,0.013392857142857142,224,0.008928571428571428,0.008928571428571428
500,0.05,all,CORR_L10_f0.5,F6b,0.018867924528301886,106,0.009433962264150943,0.018867924528301886
500,0.05,white,CORR_L10_f0.5,F6b,0.018867924528301886,106,0.009433962264150943,0.018867924528301886
1000,0.05,all,CORR_L10_f0.5,F6b,0.02127659574468085,47,0.0,0.0
1000,0.05,white,CORR_L10_f0.5,F6b,0.02127659574468085,47,0.0,0.0
2000,0.05,all,CORR_L10_f0.5,F6b,0.05,20,0.0,0.05
2000,0.05,white,CORR_L10_f0.5,F6b,0.05,20,0.0,0.05
250,0.05,all,CORR_L10_f0.7,F6b,0.013392857142857142,224,0.008928571428571428,0.008928571428571428
250,0.05,white,CORR_L10_f0.7,F6b,0.013392857142857142,224,0.008928571428571428,0.008928571428571428
500,0.05,all,CORR_L10_f0.7,F6b,0.018867924528301886,106,0.009433962264150943,0.018867924528301886
500,0.05,white,CORR_L10_f0.7,F6b,0.018867924528301886,106,0.009433962264150943,0.018867924528301886
1000,0.05,all,CORR_L10_f0.7,F6b,0.02127659574468085,47,0.0,0.0
1000,0.05,white,CORR_L10_f0.7,F6b,0.02127659574468085,47,0.0,0.0
2000,0.05,all,CORR_L10_f0.7,F6b,0.05,20,0.0,0.05
2000,0.05,white,CORR_L10_f0.7,F6b,0.05,20,0.0,0.05
250,0.05,all,CORR_L20_f0.0,F6b,0.013392857142857142,224,0.013392857142857142,0.013392857142857142
250,0.05,white,CORR_L20_f0.0,F6b,0.013392857142857142,224,0.013392857142857142,0.013392857142857142
500,0.05,all,CORR_L20_f0.0,F6b,0.018867924528301886,106,0.018867924528301886,0.018867924528301886
500,0.05,white,CORR_L20_f0.0,F6b,0.018867924528301886,106,0.018867924528301886,0.018867924528301886
1000,0.05,all,CORR_L20_f0.0,F6b,0.02127659574468085,47,0.02127659574468085,0.02127659574468085
1000,0.05,white,CORR_L20_f0.0,F6b,0.02127659574468085,47,0.02127659574468085,0.02127659574468085
2000,0.05,all,CORR_L20_f0.0,F6b,0.05,20,0.0,0.0
2000,0.05,white,CORR_L20_f0.0,F6b,0.05,20,0.0,0.0
250,0.05,all,CORR_L20_f0.15,F6b,0.013392857142857142,224,0.008928571428571428,0.017857142857142856
250,0.05,white,CORR_L20_f0.15,F6b,0.013392857142857142,224,0.008928571428571428,0.017857142857142856
500,0.05,all,CORR_L20_f0.15,F6b,0.018867924528301886,106,0.009433962264150943,0.018867924528301886
500,0.05,white,CORR_L20_f0.15,F6b,0.018867924528301886,106,0.009433962264150943,0.018867924528301886
1000,0.05,all,CORR_L20_f0.15,F6b,0.02127659574468085,47,0.02127659574468085,0.02127659574468085
1000,0.05,white,CORR_L20_f0.15,F6b,0.02127659574468085,47,0.02127659574468085,0.02127659574468085
2000,0.05,all,CORR_L20_f0.15,F6b,0.05,20,0.0,0.05
2000,0.05,white,CORR_L20_f0.15,F6b,0.05,20,0.0,0.05
250,0.05,all,CORR_L20_f0.3,F6b,0.013392857142857142,224,0.008928571428571428,0.013392857142857142
250,0.05,white,CORR_L20_f0.3,F6b,0.013392857142857142,224,0.008928571428571428,0.013392857142857142
500,0.05,all,CORR_L20_f0.3,F6b,0.018867924528301886,106,0.009433962264150943,0.018867924528301886
500,0.05,white,CORR_L20_f0.3,F6b,0.018867924528301886,106,0.009433962264150943,0.018867924528301886
1000,0.05,all,CORR_L20_f0.3,F6b,0.02127659574468085,47,0.02127659574468085,0.02127659574468085
1000,0.05,white,CORR_L20_f0.3,F6b,0.02127659574468085,47,0.02127659574468085,0.02127659574468085
2000,0.05,all,CORR_L20_f0.3,F6b,0.05,20,0.0,0.05
2000,0.05,white,CORR_L20_f0.3,F6b,0.05,20,0.0,0.05
250,0.05,all,CORR_L20_f0.5,F6b,0.013392857142857142,224,0.008928571428571428,0.008928571428571428
250,0.05,white,CORR_L20_f0.5,F6b,0.013392857142857142,224,0.008928571428571428,0.008928571428571428
500,0.05,all,CORR_L20_f0.5,F6b,0.018867924528301886,106,0.009433962264150943,0.018867924528301886
500,0.05,white,CORR_L20_f0.5,F6b,0.018867924528301886,106,0.009433962264150943,0.018867924528301886
1000,0.05,all,CORR_L20_f0.5,F6b,0.02127659574468085,47,0.0,0.0
1000,0.05,white,CORR_L20_f0.5,F6b,0.02127659574468085,47,0.0,0.0
2000,0.05,all,CORR_L20_f0.5,F6b,0.05,20,0.0,0.05
2000,0.05,white,CORR_L20_f0.5,F6b,0.05,20,0.0,0.05
250,0.05,all,CORR_L20_f0.7,F6b,0.013392857142857142,224,0.008928571428571428,0.008928571428571428
250,0.05,white,CORR_L20_f0.7,F6b,0.013392857142857142,224,0.008928571428571428,0.008928571428571428
500,0.05,all,CORR_L20_f0.7,F6b,0.018867924528301886,106,0.009433962264150943,0.018867924528301886
500,0.05,white,CORR_L20_f0.7,F6b,0.018867924528301886,106,0.009433962264150943,0.018867924528301886
1000,0.05,all,CORR_L20_f0.7,F6b,0.02127659574468085,47,0.0,0.0
1000,0.05,white,CORR_L20_f0.7,F6b,0.02127659574468085,47,0.0,0.0
2000,0.05,all,CORR_L20_f0.7,F6b,0.05,20,0.0,0.05
2000,0.05,white,CORR_L20_f0.7,F6b,0.05,20,0.0,0.05
250,0.05,all,DITHER_s0.5,F6b,0.013392857142857142,224,0.0,0.0
250,0.05,white,DITHER_s0.5,F6b,0.013392857142857142,224,0.0,0.0
500,0.05,all,DITHER_s0.5,F6b,0.018867924528301886,106,0.0,0.0
500,0.05,white,DITHER_s0.5,F6b,0.018867924528301886,106,0.0,0.0
1000,0.05,all,DITHER_s0.5,F6b,0.02127659574468085,47,0.0,0.0
1000,0.05,white,DITHER_s0.5,F6b,0.02127659574468085,47,0.0,0.0
2000,0.05,all,DITHER_s0.5,F6b,0.05,20,0.0,0.0
2000,0.05,white,DITHER_s0.5,F6b,0.05,20,0.0,0.0
250,0.05,all,DITHER_s1.0,F6b,0.013392857142857142,224,0.0,0.0
250,0.05,white,DITHER_s1.0,F6b,0.013392857142857142,224,0.0,0.0
500,0.05,all,DITHER_s1.0,F6b,0.018867924528301886,106,0.0,0.0
500,0.05,white,DITHER_s1.0,F6b,0.018867924528301886,106,0.0,0.0
1000,0.05,all,DITHER_s1.0,F6b,0.02127659574468085,47,0.0,0.0
1000,0.05,white,DITHER_s1.0,F6b,0.02127659574468085,47,0.0,0.0
2000,0.05,all,DITHER_s1.0,F6b,0.05,20,0.0,0.0
2000,0.05,white,DITHER_s1.0,F6b,0.05,20,0.0,0.0
250,0.05,all,DITHER_s2.0,F6b,0.013392857142857142,224,0.004464285714285714,0.0
250,0.05,white,DITHER_s2.0,F6b,0.013392857142857142,224,0.004464285714285714,0.0
500,0.05,all,DITHER_s2.0,F6b,0.018867924528301886,106,0.0,0.0
500,0.05,white,DITHER_s2.0,F6b,0.018867924528301886,106,0.0,0.0
1000,0.05,all,DITHER_s2.0,F6b,0.02127659574468085,47,0.02127659574468085,0.0
1000,0.05,white,DITHER_s2.0,F6b,0.02127659574468085,47,0.02127659574468085,0.0
2000,0.05,all,DITHER_s2.0,F6b,0.05,20,0.0,0.0
2000,0.05,white,DITHER_s2.0,F6b,0.05,20,0.0,0.0
250,0.05,all,DITHER_blind,F6b,0.013392857142857142,224,0.0,0.0
250,0.05,white,DITHER_blind,F6b,0.013392857142857142,224,0.0,0.0
500,0.05,all,DITHER_blind,F6b,0.018867924528301886,106,0.0,0.0
500,0.05,white,DITHER_blind,F6b,0.018867924528301886,106,0.0,0.0
1000,0.05,all,DITHER_blind,F6b,0.02127659574468085,47,0.0,0.0
1000,0.05,white,DITHER_blind,F6b,0.02127659574468085,47,0.0,0.0
2000,0.05,all,DITHER_blind,F6b,0.05,20,0.0,0.05
2000,0.05,white,DITHER_blind,F6b,0.05,20,0.0,0.05
250,0.1,all,MEMLESS,F6b,0.013392857142857142,224,0.0,0.004464285714285714
250,0.1,white,MEMLESS,F6b,0.013392857142857142,224,0.0,0.004464285714285714
500,0.1,all,MEMLESS,F6b,0.018867924528301886,106,0.0,0.009433962264150943
500,0.1,white,MEMLESS,F6b,0.018867924528301886,106,0.0,0.009433962264150943
1000,0.1,all,MEMLESS,F6b,0.02127659574468085,47,0.0,0.0
1000,0.1,white,MEMLESS,F6b,0.02127659574468085,47,0.0,0.0
2000,0.1,all,MEMLESS,F6b,0.05,20,0.0,0.05
2000,0.1,white,MEMLESS,F6b,0.05,20,0.0,0.05
250,0.1,all,CORR_L2_f0.0,F6b,0.013392857142857142,224,0.0,0.004464285714285714
250,0.1,white,CORR_L2_f0.0,F6b,0.013392857142857142,224,0.0,0.004464285714285714
500,0.1,all,CORR_L2_f0.0,F6b,0.018867924528301886,106,0.0,0.009433962264150943
500,0.1,white,CORR_L2_f0.0,F6b,0.018867924528301886,106,0.0,0.009433962264150943
1000,0.1,all,CORR_L2_f0.0,F6b,0.02127659574468085,47,0.0,0.0
1000,0.1,white,CORR_L2_f0.0,F6b,0.02127659574468085,47,0.0,0.0
2000,0.1,all,CORR_L2_f0.0,F6b,0.05,20,0.0,0.05
2000,0.1,white,CORR_L2_f0.0,F6b,0.05,20,0.0,0.05
250,0.1,all,CORR_L2_f0.15,F6b,0.013392857142857142,224,0.0,0.004464285714285714
250,0.1,white,CORR_L2_f0.15,F6b,0.013392857142857142,224,0.0,0.004464285714285714
500,0.1,all,CORR_L2_f0.15,F6b,0.018867924528301886,106,0.0,0.009433962264150943
500,0.1,white,CORR_L2_f0.15,F6b,0.018867924528301886,106,0.0,0.009433962264150943
1000,0.1,all,CORR_L2_f0.15,F6b,0.02127659574468085,47,0.0,0.0
1000,0.1,white,CORR_L2_f0.15,F6b,0.02127659574468085,47,0.0,0.0
2000,0.1,all,CORR_L2_f0.15,F6b,0.05,20,0.0,0.05
2000,0.1,white,CORR_L2_f0.15,F6b,0.05,20,0.0,0.05
250,0.1,all,CORR_L2_f0.3,F6b,0.013392857142857142,224,0.0,0.004464285714285714
250,0.1,white,CORR_L2_f0.3,F6b,0.013392857142857142,224,0.0,0.004464285714285714
500,0.1,all,CORR_L2_f0.3,F6b,0.018867924528301886,106,0.0,0.009433962264150943
500,0.1,white,CORR_L2_f0.3,F6b,0.018867924528301886,106,0.0,0.009433962264150943
1000,0.1,all,CORR_L2_f0.3,F6b,0.02127659574468085,47,0.0,0.0
1000,0.1,white,CORR_L2_f0.3,F6b,0.02127659574468085,47,0.0,0.0
2000,0.1,all,CORR_L2_f0.3,F6b,0.05,20,0.0,0.05
2000,0.1,white,CORR_L2_f0.3,F6b,0.05,20,0.0,0.05
250,0.1,all,CORR_L2_f0.5,F6b,0.013392857142857142,224,0.0,0.004464285714285714
250,0.1,white,CORR_L2_f0.5,F6b,0.013392857142857142,224,0.0,0.004464285714285714
500,0.1,all,CORR_L2_f0.5,F6b,0.018867924528301886,106,0.0,0.009433962264150943
500,0.1,white,CORR_L2_f0.5,F6b,0.018867924528301886,106,0.0,0.009433962264150943
1000,0.1,all,CORR_L2_f0.5,F6b,0.02127659574468085,47,0.0,0.0
1000,0.1,white,CORR_L2_f0.5,F6b,0.02127659574468085,47,0.0,0.0
2000,0.1,all,CORR_L2_f0.5,F6b,0.05,20,0.0,0.05
2000,0.1,white,CORR_L2_f0.5,F6b,0.05,20,0.0,0.05
250,0.1,all,CORR_L2_f0.7,F6b,0.013392857142857142,224,0.0,0.004464285714285714
250,0.1,white,CORR_L2_f0.7,F6b,0.013392857142857142,224,0.0,0.004464285714285714
500,0.1,all,CORR_L2_f0.7,F6b,0.018867924528301886,106,0.0,0.009433962264150943
500,0.1,white,CORR_L2_f0.7,F6b,0.018867924528301886,106,0.0,0.009433962264150943
1000,0.1,all,CORR_L2_f0.7,F6b,0.02127659574468085,47,0.0,0.0
1000,0.1,white,CORR_L2_f0.7,F6b,0.02127659574468085,47,0.0,0.0
2000,0.1,all,CORR_L2_f0.7,F6b,0.05,20,0.0,0.05
2000,0.1,white,CORR_L2_f0.7,F6b,0.05,20,0.0,0.05
250,0.1,all,CORR_L4_f0.0,F6b,0.013392857142857142,224,0.008928571428571428,0.008928571428571428
250,0.1,white,CORR_L4_f0.0,F6b,0.013392857142857142,224,0.008928571428571428,0.008928571428571428
500,0.1,all,CORR_L4_f0.0,F6b,0.018867924528301886,106,0.009433962264150943,0.018867924528301886
500,0.1,white,CORR_L4_f0.0,F6b,0.018867924528301886,106,0.009433962264150943,0.018867924528301886
1000,0.1,all,CORR_L4_f0.0,F6b,0.02127659574468085,47,0.0,0.0
1000,0.1,white,CORR_L4_f0.0,F6b,0.02127659574468085,47,0.0,0.0
2000,0.1,all,CORR_L4_f0.0,F6b,0.05,20,0.0,0.05
2000,0.1,white,CORR_L4_f0.0,F6b,0.05,20,0.0,0.05
250,0.1,all,CORR_L4_f0.15,F6b,0.013392857142857142,224,0.008928571428571428,0.008928571428571428
250,0.1,white,CORR_L4_f0.15,F6b,0.013392857142857142,224,0.008928571428571428,0.008928571428571428
500,0.1,all,CORR_L4_f0.15,F6b,0.018867924528301886,106,0.009433962264150943,0.018867924528301886
500,0.1,white,CORR_L4_f0.15,F6b,0.018867924528301886,106,0.009433962264150943,0.018867924528301886
1000,0.1,all,CORR_L4_f0.15,F6b,0.02127659574468085,47,0.0,0.0
1000,0.1,white,CORR_L4_f0.15,F6b,0.02127659574468085,47,0.0,0.0
2000,0.1,all,CORR_L4_f0.15,F6b,0.05,20,0.0,0.05
2000,0.1,white,CORR_L4_f0.15,F6b,0.05,20,0.0,0.05
250,0.1,all,CORR_L4_f0.3,F6b,0.013392857142857142,224,0.0,0.004464285714285714
250,0.1,white,CORR_L4_f0.3,F6b,0.013392857142857142,224,0.0,0.004464285714285714
500,0.1,all,CORR_L4_f0.3,F6b,0.018867924528301886,106,0.0,0.009433962264150943
500,0.1,white,CORR_L4_f0.3,F6b,0.018867924528301886,106,0.0,0.009433962264150943
1000,0.1,all,CORR_L4_f0.3,F6b,0.02127659574468085,47,0.0,0.0
1000,0.1,white,CORR_L4_f0.3,F6b,0.02127659574468085,47,0.0,0.0
2000,0.1,all,CORR_L4_f0.3,F6b,0.05,20,0.0,0.05
2000,0.1,white,CORR_L4_f0.3,F6b,0.05,20,0.0,0.05
250,0.1,all,CORR_L4_f0.5,F6b,0.013392857142857142,224,0.0,0.004464285714285714
250,0.1,white,CORR_L4_f0.5,F6b,0.013392857142857142,224,0.0,0.004464285714285714
500,0.1,all,CORR_L4_f0.5,F6b,0.018867924528301886,106,0.0,0.009433962264150943
500,0.1,white,CORR_L4_f0.5,F6b,0.018867924528301886,106,0.0,0.009433962264150943
1000,0.1,all,CORR_L4_f0.5,F6b,0.02127659574468085,47,0.0,0.0
1000,0.1,white,CORR_L4_f0.5,F6b,0.02127659574468085,47,0.0,0.0
2000,0.1,all,CORR_L4_f0.5,F6b,0.05,20,0.0,0.05
2000,0.1,white,CORR_L4_f0.5,F6b,0.05,20,0.0,0.05
250,0.1,all,CORR_L4_f0.7,F6b,0.013392857142857142,224,0.0,0.004464285714285714
250,0.1,white,CORR_L4_f0.7,F6b,0.013392857142857142,224,0.0,0.004464285714285714
500,0.1,all,CORR_L4_f0.7,F6b,0.018867924528301886,106,0.0,0.009433962264150943
500,0.1,white,CORR_L4_f0.7,F6b,0.018867924528301886,106,0.0,0.009433962264150943
1000,0.1,all,CORR_L4_f0.7,F6b,0.02127659574468085,47,0.0,0.0
1000,0.1,white,CORR_L4_f0.7,F6b,0.02127659574468085,47,0.0,0.0
2000,0.1,all,CORR_L4_f0.7,F6b,0.05,20,0.0,0.05
2000,0.1,white,CORR_L4_f0.7,F6b,0.05,20,0.0,0.05
250,0.1,all,CORR_L6_f0.0,F6b,0.013392857142857142,224,0.008928571428571428,0.008928571428571428
250,0.1,white,CORR_L6_f0.0,F6b,0.013392857142857142,224,0.008928571428571428,0.008928571428571428
500,0.1,all,CORR_L6_f0.0,F6b,0.018867924528301886,106,0.009433962264150943,0.018867924528301886
500,0.1,white,CORR_L6_f0.0,F6b,0.018867924528301886,106,0.009433962264150943,0.018867924528301886
1000,0.1,all,CORR_L6_f0.0,F6b,0.02127659574468085,47,0.02127659574468085,0.02127659574468085
1000,0.1,white,CORR_L6_f0.0,F6b,0.02127659574468085,47,0.02127659574468085,0.02127659574468085
2000,0.1,all,CORR_L6_f0.0,F6b,0.05,20,0.0,0.05
2000,0.1,white,CORR_L6_f0.0,F6b,0.05,20,0.0,0.05
250,0.1,all,CORR_L6_f0.15,F6b,0.013392857142857142,224,0.008928571428571428,0.008928571428571428
250,0.1,white,CORR_L6_f0.15,F6b,0.013392857142857142,224,0.008928571428571428,0.008928571428571428
500,0.1,all,CORR_L6_f0.15,F6b,0.018867924528301886,106,0.009433962264150943,0.018867924528301886
500,0.1,white,CORR_L6_f0.15,F6b,0.018867924528301886,106,0.009433962264150943,0.018867924528301886
1000,0.1,all,CORR_L6_f0.15,F6b,0.02127659574468085,47,0.0,0.0
1000,0.1,white,CORR_L6_f0.15,F6b,0.02127659574468085,47,0.0,0.0
2000,0.1,all,CORR_L6_f0.15,F6b,0.05,20,0.0,0.05
2000,0.1,white,CORR_L6_f0.15,F6b,0.05,20,0.0,0.05
250,0.1,all,CORR_L6_f0.3,F6b,0.013392857142857142,224,0.0,0.004464285714285714
250,0.1,white,CORR_L6_f0.3,F6b,0.013392857142857142,224,0.0,0.004464285714285714
500,0.1,all,CORR_L6_f0.3,F6b,0.018867924528301886,106,0.0,0.009433962264150943
500,0.1,white,CORR_L6_f0.3,F6b,0.018867924528301886,106,0.0,0.009433962264150943
1000,0.1,all,CORR_L6_f0.3,F6b,0.02127659574468085,47,0.0,0.0
1000,0.1,white,CORR_L6_f0.3,F6b,0.02127659574468085,47,0.0,0.0
2000,0.1,all,CORR_L6_f0.3,F6b,0.05,20,0.0,0.05
2000,0.1,white,CORR_L6_f0.3,F6b,0.05,20,0.0,0.05
250,0.1,all,CORR_L6_f0.5,F6b,0.013392857142857142,224,0.0,0.004464285714285714
250,0.1,white,CORR_L6_f0.5,F6b,0.013392857142857142,224,0.0,0.004464285714285714
500,0.1,all,CORR_L6_f0.5,F6b,0.018867924528301886,106,0.0,0.009433962264150943
500,0.1,white,CORR_L6_f0.5,F6b,0.018867924528301886,106,0.0,0.009433962264150943
1000,0.1,all,CORR_L6_f0.5,F6b,0.02127659574468085,47,0.0,0.0
1000,0.1,white,CORR_L6_f0.5,F6b,0.02127659574468085,47,0.0,0.0
2000,0.1,all,CORR_L6_f0.5,F6b,0.05,20,0.0,0.05
2000,0.1,white,CORR_L6_f0.5,F6b,0.05,20,0.0,0.05
250,0.1,all,CORR_L6_f0.7,F6b,0.013392857142857142,224,0.0,0.004464285714285714
250,0.1,white,CORR_L6_f0.7,F6b,0.013392857142857142,224,0.0,0.004464285714285714
500,0.1,all,CORR_L6_f0.7,F6b,0.018867924528301886,106,0.0,0.009433962264150943
500,0.1,white,CORR_L6_f0.7,F6b,0.018867924528301886,106,0.0,0.009433962264150943
1000,0.1,all,CORR_L6_f0.7,F6b,0.02127659574468085,47,0.0,0.0
1000,0.1,white,CORR_L6_f0.7,F6b,0.02127659574468085,47,0.0,0.0
2000,0.1,all,CORR_L6_f0.7,F6b,0.05,20,0.0,0.05
2000,0.1,white,CORR_L6_f0.7,F6b,0.05,20,0.0,0.05
250,0.1,all,CORR_L10_f0.0,F6b,0.013392857142857142,224,0.008928571428571428,0.013392857142857142
250,0.1,white,CORR_L10_f0.0,F6b,0.013392857142857142,224,0.008928571428571428,0.013392857142857142
500,0.1,all,CORR_L10_f0.0,F6b,0.018867924528301886,106,0.009433962264150943,0.018867924528301886
500,0.1,white,CORR_L10_f0.0,F6b,0.018867924528301886,106,0.009433962264150943,0.018867924528301886
1000,0.1,all,CORR_L10_f0.0,F6b,0.02127659574468085,47,0.02127659574468085,0.02127659574468085
1000,0.1,white,CORR_L10_f0.0,F6b,0.02127659574468085,47,0.02127659574468085,0.02127659574468085
2000,0.1,all,CORR_L10_f0.0,F6b,0.05,20,0.0,0.05
2000,0.1,white,CORR_L10_f0.0,F6b,0.05,20,0.0,0.05
250,0.1,all,CORR_L10_f0.15,F6b,0.013392857142857142,224,0.008928571428571428,0.008928571428571428
250,0.1,white,CORR_L10_f0.15,F6b,0.013392857142857142,224,0.008928571428571428,0.008928571428571428
500,0.1,all,CORR_L10_f0.15,F6b,0.018867924528301886,106,0.009433962264150943,0.018867924528301886
500,0.1,white,CORR_L10_f0.15,F6b,0.018867924528301886,106,0.009433962264150943,0.018867924528301886
1000,0.1,all,CORR_L10_f0.15,F6b,0.02127659574468085,47,0.02127659574468085,0.0
1000,0.1,white,CORR_L10_f0.15,F6b,0.02127659574468085,47,0.02127659574468085,0.0
2000,0.1,all,CORR_L10_f0.15,F6b,0.05,20,0.0,0.05
2000,0.1,white,CORR_L10_f0.15,F6b,0.05,20,0.0,0.05
250,0.1,all,CORR_L10_f0.3,F6b,0.013392857142857142,224,0.0,0.004464285714285714
250,0.1,white,CORR_L10_f0.3,F6b,0.013392857142857142,224,0.0,0.004464285714285714
500,0.1,all,CORR_L10_f0.3,F6b,0.018867924528301886,106,0.0,0.009433962264150943
500,0.1,white,CORR_L10_f0.3,F6b,0.018867924528301886,106,0.0,0.009433962264150943
1000,0.1,all,CORR_L10_f0.3,F6b,0.02127659574468085,47,0.0,0.0
1000,0.1,white,CORR_L10_f0.3,F6b,0.02127659574468085,47,0.0,0.0
2000,0.1,all,CORR_L10_f0.3,F6b,0.05,20,0.0,0.05
2000,0.1,white,CORR_L10_f0.3,F6b,0.05,20,0.0,0.05
250,0.1,all,CORR_L10_f0.5,F6b,0.013392857142857142,224,0.0,0.004464285714285714
250,0.1,white,CORR_L10_f0.5,F6b,0.013392857142857142,224,0.0,0.004464285714285714
500,0.1,all,CORR_L10_f0.5,F6b,0.018867924528301886,106,0.0,0.009433962264150943
500,0.1,white,CORR_L10_f0.5,F6b,0.018867924528301886,106,0.0,0.009433962264150943
1000,0.1,all,CORR_L10_f0.5,F6b,0.02127659574468085,47,0.0,0.0
1000,0.1,white,CORR_L10_f0.5,F6b,0.02127659574468085,47,0.0,0.0
2000,0.1,all,CORR_L10_f0.5,F6b,0.05,20,0.0,0.05
2000,0.1,white,CORR_L10_f0.5,F6b,0.05,20,0.0,0.05
250,0.1,all,CORR_L10_f0.7,F6b,0.013392857142857142,224,0.0,0.004464285714285714
250,0.1,white,CORR_L10_f0.7,F6b,0.013392857142857142,224,0.0,0.004464285714285714
500,0.1,all,CORR_L10_f0.7,F6b,0.018867924528301886,106,0.0,0.009433962264150943
500,0.1,white,CORR_L10_f0.7,F6b,0.018867924528301886,106,0.0,0.009433962264150943
1000,0.1,all,CORR_L10_f0.7,F6b,0.02127659574468085,47,0.0,0.0
1000,0.1,white,CORR_L10_f0.7,F6b,0.02127659574468085,47,0.0,0.0
2000,0.1,all,CORR_L10_f0.7,F6b,0.05,20,0.0,0.05
2000,0.1,white,CORR_L10_f0.7,F6b,0.05,20,0.0,0.05
250,0.1,all,CORR_L20_f0.0,F6b,0.013392857142857142,224,0.013392857142857142,0.013392857142857142
250,0.1,white,CORR_L20_f0.0,F6b,0.013392857142857142,224,0.013392857142857142,0.013392857142857142
500,0.1,all,CORR_L20_f0.0,F6b,0.018867924528301886,106,0.018867924528301886,0.018867924528301886
500,0.1,white,CORR_L20_f0.0,F6b,0.018867924528301886,106,0.018867924528301886,0.018867924528301886
1000,0.1,all,CORR_L20_f0.0,F6b,0.02127659574468085,47,0.02127659574468085,0.02127659574468085
1000,0.1,white,CORR_L20_f0.0,F6b,0.02127659574468085,47,0.02127659574468085,0.02127659574468085
2000,0.1,all,CORR_L20_f0.0,F6b,0.05,20,0.05,0.0
2000,0.1,white,CORR_L20_f0.0,F6b,0.05,20,0.05,0.0
250,0.1,all,CORR_L20_f0.15,F6b,0.013392857142857142,224,0.008928571428571428,0.008928571428571428
250,0.1,white,CORR_L20_f0.15,F6b,0.013392857142857142,224,0.008928571428571428,0.008928571428571428
500,0.1,all,CORR_L20_f0.15,F6b,0.018867924528301886,106,0.009433962264150943,0.018867924528301886
500,0.1,white,CORR_L20_f0.15,F6b,0.018867924528301886,106,0.009433962264150943,0.018867924528301886
1000,0.1,all,CORR_L20_f0.15,F6b,0.02127659574468085,47,0.02127659574468085,0.0
1000,0.1,white,CORR_L20_f0.15,F6b,0.02127659574468085,47,0.02127659574468085,0.0
2000,0.1,all,CORR_L20_f0.15,F6b,0.05,20,0.0,0.05
2000,0.1,white,CORR_L20_f0.15,F6b,0.05,20,0.0,0.05
250,0.1,all,CORR_L20_f0.3,F6b,0.013392857142857142,224,0.0,0.004464285714285714
250,0.1,white,CORR_L20_f0.3,F6b,0.013392857142857142,224,0.0,0.004464285714285714
500,0.1,all,CORR_L20_f0.3,F6b,0.018867924528301886,106,0.0,0.009433962264150943
500,0.1,white,CORR_L20_f0.3,F6b,0.018867924528301886,106,0.0,0.009433962264150943
1000,0.1,all,CORR_L20_f0.3,F6b,0.02127659574468085,47,0.0,0.0
1000,0.1,white,CORR_L20_f0.3,F6b,0.02127659574468085,47,0.0,0.0
2000,0.1,all,CORR_L20_f0.3,F6b,0.05,20,0.0,0.05
2000,0.1,white,CORR_L20_f0.3,F6b,0.05,20,0.0,0.05
250,0.1,all,CORR_L20_f0.5,F6b,0.013392857142857142,224,0.0,0.004464285714285714
250,0.1,white,CORR_L20_f0.5,F6b,0.013392857142857142,224,0.0,0.004464285714285714
500,0.1,all,CORR_L20_f0.5,F6b,0.018867924528301886,106,0.0,0.009433962264150943
500,0.1,white,CORR_L20_f0.5,F6b,0.018867924528301886,106,0.0,0.009433962264150943
1000,0.1,all,CORR_L20_f0.5,F6b,0.02127659574468085,47,0.0,0.0
1000,0.1,white,CORR_L20_f0.5,F6b,0.02127659574468085,47,0.0,0.0
2000,0.1,all,CORR_L20_f0.5,F6b,0.05,20,0.0,0.05
2000,0.1,white,CORR_L20_f0.5,F6b,0.05,20,0.0,0.05
250,0.1,all,CORR_L20_f0.7,F6b,0.013392857142857142,224,0.0,0.004464285714285714
250,0.1,white,CORR_L20_f0.7,F6b,0.013392857142857142,224,0.0,0.004464285714285714
500,0.1,all,CORR_L20_f0.7,F6b,0.018867924528301886,106,0.0,0.009433962264150943
500,0.1,white,CORR_L20_f0.7,F6b,0.018867924528301886,106,0.0,0.009433962264150943
1000,0.1,all,CORR_L20_f0.7,F6b,0.02127659574468085,47,0.0,0.0
1000,0.1,white,CORR_L20_f0.7,F6b,0.02127659574468085,47,0.0,0.0
2000,0.1,all,CORR_L20_f0.7,F6b,0.05,20,0.0,0.05
2000,0.1,white,CORR_L20_f0.7,F6b,0.05,20,0.0,0.05
250,0.1,all,DITHER_s0.5,F6b,0.013392857142857142,224,0.0,0.0
250,0.1,white,DITHER_s0.5,F6b,0.013392857142857142,224,0.0,0.0
500,0.1,all,DITHER_s0.5,F6b,0.018867924528301886,106,0.0,0.0
500,0.1,white,DITHER_s0.5,F6b,0.018867924528301886,106,0.0,0.0
1000,0.1,all,DITHER_s0.5,F6b,0.02127659574468085,47,0.0,0.0
1000,0.1,white,DITHER_s0.5,F6b,0.02127659574468085,47,0.0,0.0
2000,0.1,all,DITHER_s0.5,F6b,0.05,20,0.0,0.0
2000,0.1,white,DITHER_s0.5,F6b,0.05,20,0.0,0.0
250,0.1,all,DITHER_s1.0,F6b,0.013392857142857142,224,0.0,0.0
250,0.1,white,DITHER_s1.0,F6b,0.013392857142857142,224,0.0,0.0
500,0.1,all,DITHER_s1.0,F6b,0.018867924528301886,106,0.0,0.0
500,0.1,white,DITHER_s1.0,F6b,0.018867924528301886,106,0.0,0.0
1000,0.1,all,DITHER_s1.0,F6b,0.02127659574468085,47,0.0,0.0
1000,0.1,white,DITHER_s1.0,F6b,0.02127659574468085,47,0.0,0.0
2000,0.1,all,DITHER_s1.0,F6b,0.05,20,0.0,0.0
2000,0.1,white,DITHER_s1.0,F6b,0.05,20,0.0,0.0
250,0.1,all,DITHER_s2.0,F6b,0.013392857142857142,224,0.0,0.0
250,0.1,white,DITHER_s2.0,F6b,0.013392857142857142,224,0.0,0.0
500,0.1,all,DITHER_s2.0,F6b,0.018867924528301886,106,0.0,0.0
500,0.1,white,DITHER_s2.0,F6b,0.018867924528301886,106,0.0,0.0
1000,0.1,all,DITHER_s2.0,F6b,0.02127659574468085,47,0.0,0.0
1000,0.1,white,DITHER_s2.0,F6b,0.02127659574468085,47,0.0,0.0
2000,0.1,all,DITHER_s2.0,F6b,0.05,20,0.0,0.0
2000,0.1,white,DITHER_s2.0,F6b,0.05,20,0.0,0.0
250,0.1,all,DITHER_blind,F6b,0.013392857142857142,224,0.0,0.0
250,0.1,white,DITHER_blind,F6b,0.013392857142857142,224,0.0,0.0
500,0.1,all,DITHER_blind,F6b,0.018867924528301886,106,0.0,0.0
500,0.1,white,DITHER_blind,F6b,0.018867924528301886,106,0.0,0.0
1000,0.1,all,DITHER_blind,F6b,0.02127659574468085,47,0.0,0.0
1000,0.1,white,DITHER_blind,F6b,0.02127659574468085,47,0.0,0.0
2000,0.1,all,DITHER_blind,F6b,0.05,20,0.0,0.05
2000,0.1,white,DITHER_blind,F6b,0.05,20,0.0,0.05
250,0.2,all,MEMLESS,F6b,0.013392857142857142,224,0.0,0.0
250,0.2,white,MEMLESS,F6b,0.013392857142857142,224,0.0,0.0
500,0.2,all,MEMLESS,F6b,0.018867924528301886,106,0.0,0.0
500,0.2,white,MEMLESS,F6b,0.018867924528301886,106,0.0,0.0
1000,0.2,all,MEMLESS,F6b,0.02127659574468085,47,0.0,0.0
1000,0.2,white,MEMLESS,F6b,0.02127659574468085,47,0.0,0.0
2000,0.2,all,MEMLESS,F6b,0.05,20,0.0,0.05
2000,0.2,white,MEMLESS,F6b,0.05,20,0.0,0.05
250,0.2,all,CORR_L2_f0.0,F6b,0.013392857142857142,224,0.0,0.004464285714285714
250,0.2,white,CORR_L2_f0.0,F6b,0.013392857142857142,224,0.0,0.004464285714285714
500,0.2,all,CORR_L2_f0.0,F6b,0.018867924528301886,106,0.0,0.009433962264150943
500,0.2,white,CORR_L2_f0.0,F6b,0.018867924528301886,106,0.0,0.009433962264150943
1000,0.2,all,CORR_L2_f0.0,F6b,0.02127659574468085,47,0.0,0.0
1000,0.2,white,CORR_L2_f0.0,F6b,0.02127659574468085,47,0.0,0.0
2000,0.2,all,CORR_L2_f0.0,F6b,0.05,20,0.0,0.05
2000,0.2,white,CORR_L2_f0.0,F6b,0.05,20,0.0,0.05
250,0.2,all,CORR_L2_f0.15,F6b,0.013392857142857142,224,0.0,0.004464285714285714
250,0.2,white,CORR_L2_f0.15,F6b,0.013392857142857142,224,0.0,0.004464285714285714
500,0.2,all,CORR_L2_f0.15,F6b,0.018867924528301886,106,0.0,0.0
500,0.2,white,CORR_L2_f0.15,F6b,0.018867924528301886,106,0.0,0.0
1000,0.2,all,CORR_L2_f0.15,F6b,0.02127659574468085,47,0.0,0.0
1000,0.2,white,CORR_L2_f0.15,F6b,0.02127659574468085,47,0.0,0.0
2000,0.2,all,CORR_L2_f0.15,F6b,0.05,20,0.0,0.0
2000,0.2,white,CORR_L2_f0.15,F6b,0.05,20,0.0,0.0
250,0.2,all,CORR_L2_f0.3,F6b,0.013392857142857142,224,0.0,0.0
250,0.2,white,CORR_L2_f0.3,F6b,0.013392857142857142,224,0.0,0.0
500,0.2,all,CORR_L2_f0.3,F6b,0.018867924528301886,106,0.0,0.0
500,0.2,white,CORR_L2_f0.3,F6b,0.018867924528301886,106,0.0,0.0
1000,0.2,all,CORR_L2_f0.3,F6b,0.02127659574468085,47,0.0,0.0
1000,0.2,white,CORR_L2_f0.3,F6b,0.02127659574468085,47,0.0,0.0
2000,0.2,all,CORR_L2_f0.3,F6b,0.05,20,0.0,0.0
2000,0.2,white,CORR_L2_f0.3,F6b,0.05,20,0.0,0.0
250,0.2,all,CORR_L2_f0.5,F6b,0.013392857142857142,224,0.0,0.004464285714285714
250,0.2,white,CORR_L2_f0.5,F6b,0.013392857142857142,224,0.0,0.004464285714285714
500,0.2,all,CORR_L2_f0.5,F6b,0.018867924528301886,106,0.0,0.009433962264150943
500,0.2,white,CORR_L2_f0.5,F6b,0.018867924528301886,106,0.0,0.009433962264150943
1000,0.2,all,CORR_L2_f0.5,F6b,0.02127659574468085,47,0.0,0.0
1000,0.2,white,CORR_L2_f0.5,F6b,0.02127659574468085,47,0.0,0.0
2000,0.2,all,CORR_L2_f0.5,F6b,0.05,20,0.0,0.05
2000,0.2,white,CORR_L2_f0.5,F6b,0.05,20,0.0,0.05
250,0.2,all,CORR_L2_f0.7,F6b,0.013392857142857142,224,0.0,0.004464285714285714
250,0.2,white,CORR_L2_f0.7,F6b,0.013392857142857142,224,0.0,0.004464285714285714
500,0.2,all,CORR_L2_f0.7,F6b,0.018867924528301886,106,0.0,0.009433962264150943
500,0.2,white,CORR_L2_f0.7,F6b,0.018867924528301886,106,0.0,0.009433962264150943
1000,0.2,all,CORR_L2_f0.7,F6b,0.02127659574468085,47,0.0,0.0
1000,0.2,white,CORR_L2_f0.7,F6b,0.02127659574468085,47,0.0,0.0
2000,0.2,all,CORR_L2_f0.7,F6b,0.05,20,0.0,0.05
2000,0.2,white,CORR_L2_f0.7,F6b,0.05,20,0.0,0.05
250,0.2,all,CORR_L4_f0.0,F6b,0.013392857142857142,224,0.0,0.004464285714285714
250,0.2,white,CORR_L4_f0.0,F6b,0.013392857142857142,224,0.0,0.004464285714285714
500,0.2,all,CORR_L4_f0.0,F6b,0.018867924528301886,106,0.0,0.009433962264150943
500,0.2,white,CORR_L4_f0.0,F6b,0.018867924528301886,106,0.0,0.009433962264150943
1000,0.2,all,CORR_L4_f0.0,F6b,0.02127659574468085,47,0.0,0.0
1000,0.2,white,CORR_L4_f0.0,F6b,0.02127659574468085,47,0.0,0.0
2000,0.2,all,CORR_L4_f0.0,F6b,0.05,20,0.0,0.05
2000,0.2,white,CORR_L4_f0.0,F6b,0.05,20,0.0,0.05
250,0.2,all,CORR_L4_f0.15,F6b,0.013392857142857142,224,0.0,0.004464285714285714
250,0.2,white,CORR_L4_f0.15,F6b,0.013392857142857142,224,0.0,0.004464285714285714
500,0.2,all,CORR_L4_f0.15,F6b,0.018867924528301886,106,0.0,0.009433962264150943
500,0.2,white,CORR_L4_f0.15,F6b,0.018867924528301886,106,0.0,0.009433962264150943
1000,0.2,all,CORR_L4_f0.15,F6b,0.02127659574468085,47,0.0,0.0
1000,0.2,white,CORR_L4_f0.15,F6b,0.02127659574468085,47,0.0,0.0
2000,0.2,all,CORR_L4_f0.15,F6b,0.05,20,0.0,0.05
2000,0.2,white,CORR_L4_f0.15,F6b,0.05,20,0.0,0.05
250,0.2,all,CORR_L4_f0.3,F6b,0.013392857142857142,224,0.0,0.004464285714285714
250,0.2,white,CORR_L4_f0.3,F6b,0.013392857142857142,224,0.0,0.004464285714285714
500,0.2,all,CORR_L4_f0.3,F6b,0.018867924528301886,106,0.0,0.009433962264150943
500,0.2,white,CORR_L4_f0.3,F6b,0.018867924528301886,106,0.0,0.009433962264150943
1000,0.2,all,CORR_L4_f0.3,F6b,0.02127659574468085,47,0.0,0.0
1000,0.2,white,CORR_L4_f0.3,F6b,0.02127659574468085,47,0.0,0.0
2000,0.2,all,CORR_L4_f0.3,F6b,0.05,20,0.0,0.05
2000,0.2,white,CORR_L4_f0.3,F6b,0.05,20,0.0,0.05
250,0.2,all,CORR_L4_f0.5,F6b,0.013392857142857142,224,0.0,0.004464285714285714
250,0.2,white,CORR_L4_f0.5,F6b,0.013392857142857142,224,0.0,0.004464285714285714
500,0.2,all,CORR_L4_f0.5,F6b,0.018867924528301886,106,0.0,0.009433962264150943
500,0.2,white,CORR_L4_f0.5,F6b,0.018867924528301886,106,0.0,0.009433962264150943
1000,0.2,all,CORR_L4_f0.5,F6b,0.02127659574468085,47,0.0,0.0
1000,0.2,white,CORR_L4_f0.5,F6b,0.02127659574468085,47,0.0,0.0
2000,0.2,all,CORR_L4_f0.5,F6b,0.05,20,0.0,0.05
2000,0.2,white,CORR_L4_f0.5,F6b,0.05,20,0.0,0.05
250,0.2,all,CORR_L4_f0.7,F6b,0.013392857142857142,224,0.0,0.004464285714285714
250,0.2,white,CORR_L4_f0.7,F6b,0.013392857142857142,224,0.0,0.004464285714285714
500,0.2,all,CORR_L4_f0.7,F6b,0.018867924528301886,106,0.0,0.009433962264150943
500,0.2,white,CORR_L4_f0.7,F6b,0.018867924528301886,106,0.0,0.009433962264150943
1000,0.2,all,CORR_L4_f0.7,F6b,0.02127659574468085,47,0.0,0.0
1000,0.2,white,CORR_L4_f0.7,F6b,0.02127659574468085,47,0.0,0.0
2000,0.2,all,CORR_L4_f0.7,F6b,0.05,20,0.0,0.05
2000,0.2,white,CORR_L4_f0.7,F6b,0.05,20,0.0,0.05
250,0.2,all,CORR_L6_f0.0,F6b,0.013392857142857142,224,0.0,0.004464285714285714
250,0.2,white,CORR_L6_f0.0,F6b,0.013392857142857142,224,0.0,0.004464285714285714
500,0.2,all,CORR_L6_f0.0,F6b,0.018867924528301886,106,0.0,0.009433962264150943
500,0.2,white,CORR_L6_f0.0,F6b,0.018867924528301886,106,0.0,0.009433962264150943
1000,0.2,all,CORR_L6_f0.0,F6b,0.02127659574468085,47,0.0,0.0
1000,0.2,white,CORR_L6_f0.0,F6b,0.02127659574468085,47,0.0,0.0
2000,0.2,all,CORR_L6_f0.0,F6b,0.05,20,0.0,0.05
2000,0.2,white,CORR_L6_f0.0,F6b,0.05,20,0.0,0.05
250,0.2,all,CORR_L6_f0.15,F6b,0.013392857142857142,224,0.0,0.004464285714285714
250,0.2,white,CORR_L6_f0.15,F6b,0.013392857142857142,224,0.0,0.004464285714285714
500,0.2,all,CORR_L6_f0.15,F6b,0.018867924528301886,106,0.0,0.009433962264150943
500,0.2,white,CORR_L6_f0.15,F6b,0.018867924528301886,106,0.0,0.009433962264150943
1000,0.2,all,CORR_L6_f0.15,F6b,0.02127659574468085,47,0.0,0.0
1000,0.2,white,CORR_L6_f0.15,F6b,0.02127659574468085,47,0.0,0.0
2000,0.2,all,CORR_L6_f0.15,F6b,0.05,20,0.0,0.05
2000,0.2,white,CORR_L6_f0.15,F6b,0.05,20,0.0,0.05
250,0.2,all,CORR_L6_f0.3,F6b,0.013392857142857142,224,0.0,0.004464285714285714
250,0.2,white,CORR_L6_f0.3,F6b,0.013392857142857142,224,0.0,0.004464285714285714
500,0.2,all,CORR_L6_f0.3,F6b,0.018867924528301886,106,0.0,0.009433962264150943
500,0.2,white,CORR_L6_f0.3,F6b,0.018867924528301886,106,0.0,0.009433962264150943
1000,0.2,all,CORR_L6_f0.3,F6b,0.02127659574468085,47,0.0,0.0
1000,0.2,white,CORR_L6_f0.3,F6b,0.02127659574468085,47,0.0,0.0
2000,0.2,all,CORR_L6_f0.3,F6b,0.05,20,0.0,0.05
2000,0.2,white,CORR_L6_f0.3,F6b,0.05,20,0.0,0.05
250,0.2,all,CORR_L6_f0.5,F6b,0.013392857142857142,224,0.0,0.004464285714285714
250,0.2,white,CORR_L6_f0.5,F6b,0.013392857142857142,224,0.0,0.004464285714285714
500,0.2,all,CORR_L6_f0.5,F6b,0.018867924528301886,106,0.0,0.009433962264150943
500,0.2,white,CORR_L6_f0.5,F6b,0.018867924528301886,106,0.0,0.009433962264150943
1000,0.2,all,CORR_L6_f0.5,F6b,0.02127659574468085,47,0.0,0.0
1000,0.2,white,CORR_L6_f0.5,F6b,0.02127659574468085,47,0.0,0.0
2000,0.2,all,CORR_L6_f0.5,F6b,0.05,20,0.0,0.05
2000,0.2,white,CORR_L6_f0.5,F6b,0.05,20,0.0,0.05
250,0.2,all,CORR_L6_f0.7,F6b,0.013392857142857142,224,0.0,0.004464285714285714
250,0.2,white,CORR_L6_f0.7,F6b,0.013392857142857142,224,0.0,0.004464285714285714
500,0.2,all,CORR_L6_f0.7,F6b,0.018867924528301886,106,0.0,0.009433962264150943
500,0.2,white,CORR_L6_f0.7,F6b,0.018867924528301886,106,0.0,0.009433962264150943
1000,0.2,all,CORR_L6_f0.7,F6b,0.02127659574468085,47,0.0,0.0
1000,0.2,white,CORR_L6_f0.7,F6b,0.02127659574468085,47,0.0,0.0
2000,0.2,all,CORR_L6_f0.7,F6b,0.05,20,0.0,0.05
2000,0.2,white,CORR_L6_f0.7,F6b,0.05,20,0.0,0.05
250,0.2,all,CORR_L10_f0.0,F6b,0.013392857142857142,224,0.008928571428571428,0.008928571428571428
250,0.2,white,CORR_L10_f0.0,F6b,0.013392857142857142,224,0.008928571428571428,0.008928571428571428
500,0.2,all,CORR_L10_f0.0,F6b,0.018867924528301886,106,0.009433962264150943,0.018867924528301886
500,0.2,white,CORR_L10_f0.0,F6b,0.018867924528301886,106,0.009433962264150943,0.018867924528301886
1000,0.2,all,CORR_L10_f0.0,F6b,0.02127659574468085,47,0.02127659574468085,0.0
1000,0.2,white,CORR_L10_f0.0,F6b,0.02127659574468085,47,0.02127659574468085,0.0
2000,0.2,all,CORR_L10_f0.0,F6b,0.05,20,0.0,0.05
2000,0.2,white,CORR_L10_f0.0,F6b,0.05,20,0.0,0.05
250,0.2,all,CORR_L10_f0.15,F6b,0.013392857142857142,224,0.0,0.004464285714285714
250,0.2,white,CORR_L10_f0.15,F6b,0.013392857142857142,224,0.0,0.004464285714285714
500,0.2,all,CORR_L10_f0.15,F6b,0.018867924528301886,106,0.0,0.009433962264150943
500,0.2,white,CORR_L10_f0.15,F6b,0.018867924528301886,106,0.0,0.009433962264150943
1000,0.2,all,CORR_L10_f0.15,F6b,0.02127659574468085,47,0.0,0.0
1000,0.2,white,CORR_L10_f0.15,F6b,0.02127659574468085,47,0.0,0.0
2000,0.2,all,CORR_L10_f0.15,F6b,0.05,20,0.0,0.05
2000,0.2,white,CORR_L10_f0.15,F6b,0.05,20,0.0,0.05
250,0.2,all,CORR_L10_f0.3,F6b,0.013392857142857142,224,0.0,0.004464285714285714
250,0.2,white,CORR_L10_f0.3,F6b,0.013392857142857142,224,0.0,0.004464285714285714
500,0.2,all,CORR_L10_f0.3,F6b,0.018867924528301886,106,0.0,0.009433962264150943
500,0.2,white,CORR_L10_f0.3,F6b,0.018867924528301886,106,0.0,0.009433962264150943
1000,0.2,all,CORR_L10_f0.3,F6b,0.02127659574468085,47,0.0,0.0
1000,0.2,white,CORR_L10_f0.3,F6b,0.02127659574468085,47,0.0,0.0
2000,0.2,all,CORR_L10_f0.3,F6b,0.05,20,0.0,0.05
2000,0.2,white,CORR_L10_f0.3,F6b,0.05,20,0.0,0.05
250,0.2,all,CORR_L10_f0.5,F6b,0.013392857142857142,224,0.0,0.004464285714285714
250,0.2,white,CORR_L10_f0.5,F6b,0.013392857142857142,224,0.0,0.004464285714285714
500,0.2,all,CORR_L10_f0.5,F6b,0.018867924528301886,106,0.0,0.009433962264150943
500,0.2,white,CORR_L10_f0.5,F6b,0.018867924528301886,106,0.0,0.009433962264150943
1000,0.2,all,CORR_L10_f0.5,F6b,0.02127659574468085,47,0.0,0.0
1000,0.2,white,CORR_L10_f0.5,F6b,0.02127659574468085,47,0.0,0.0
2000,0.2,all,CORR_L10_f0.5,F6b,0.05,20,0.0,0.05
2000,0.2,white,CORR_L10_f0.5,F6b,0.05,20,0.0,0.05
250,0.2,all,CORR_L10_f0.7,F6b,0.013392857142857142,224,0.0,0.004464285714285714
250,0.2,white,CORR_L10_f0.7,F6b,0.013392857142857142,224,0.0,0.004464285714285714
500,0.2,all,CORR_L10_f0.7,F6b,0.018867924528301886,106,0.0,0.009433962264150943
500,0.2,white,CORR_L10_f0.7,F6b,0.018867924528301886,106,0.0,0.009433962264150943
1000,0.2,all,CORR_L10_f0.7,F6b,0.02127659574468085,47,0.0,0.0
1000,0.2,white,CORR_L10_f0.7,F6b,0.02127659574468085,47,0.0,0.0
2000,0.2,all,CORR_L10_f0.7,F6b,0.05,20,0.0,0.05
2000,0.2,white,CORR_L10_f0.7,F6b,0.05,20,0.0,0.05
250,0.2,all,CORR_L20_f0.0,F6b,0.013392857142857142,224,0.008928571428571428,0.008928571428571428
250,0.2,white,CORR_L20_f0.0,F6b,0.013392857142857142,224,0.008928571428571428,0.008928571428571428
500,0.2,all,CORR_L20_f0.0,F6b,0.018867924528301886,106,0.009433962264150943,0.018867924528301886
500,0.2,white,CORR_L20_f0.0,F6b,0.018867924528301886,106,0.009433962264150943,0.018867924528301886
1000,0.2,all,CORR_L20_f0.0,F6b,0.02127659574468085,47,0.02127659574468085,0.02127659574468085
1000,0.2,white,CORR_L20_f0.0,F6b,0.02127659574468085,47,0.02127659574468085,0.02127659574468085
2000,0.2,all,CORR_L20_f0.0,F6b,0.05,20,0.05,0.05
2000,0.2,white,CORR_L20_f0.0,F6b,0.05,20,0.05,0.05
250,0.2,all,CORR_L20_f0.15,F6b,0.013392857142857142,224,0.0,0.004464285714285714
250,0.2,white,CORR_L20_f0.15,F6b,0.013392857142857142,224,0.0,0.004464285714285714
500,0.2,all,CORR_L20_f0.15,F6b,0.018867924528301886,106,0.0,0.009433962264150943
500,0.2,white,CORR_L20_f0.15,F6b,0.018867924528301886,106,0.0,0.009433962264150943
1000,0.2,all,CORR_L20_f0.15,F6b,0.02127659574468085,47,0.0,0.0
1000,0.2,white,CORR_L20_f0.15,F6b,0.02127659574468085,47,0.0,0.0
2000,0.2,all,CORR_L20_f0.15,F6b,0.05,20,0.0,0.05
2000,0.2,white,CORR_L20_f0.15,F6b,0.05,20,0.0,0.05
250,0.2,all,CORR_L20_f0.3,F6b,0.013392857142857142,224,0.0,0.004464285714285714
250,0.2,white,CORR_L20_f0.3,F6b,0.013392857142857142,224,0.0,0.004464285714285714
500,0.2,all,CORR_L20_f0.3,F6b,0.018867924528301886,106,0.0,0.009433962264150943
500,0.2,white,CORR_L20_f0.3,F6b,0.018867924528301886,106,0.0,0.009433962264150943
1000,0.2,all,CORR_L20_f0.3,F6b,0.02127659574468085,47,0.0,0.0
1000,0.2,white,CORR_L20_f0.3,F6b,0.02127659574468085,47,0.0,0.0
2000,0.2,all,CORR_L20_f0.3,F6b,0.05,20,0.0,0.05
2000,0.2,white,CORR_L20_f0.3,F6b,0.05,20,0.0,0.05
250,0.2,all,CORR_L20_f0.5,F6b,0.013392857142857142,224,0.0,0.004464285714285714
250,0.2,white,CORR_L20_f0.5,F6b,0.013392857142857142,224,0.0,0.004464285714285714
500,0.2,all,CORR_L20_f0.5,F6b,0.018867924528301886,106,0.0,0.009433962264150943
500,0.2,white,CORR_L20_f0.5,F6b,0.018867924528301886,106,0.0,0.009433962264150943
1000,0.2,all,CORR_L20_f0.5,F6b,0.02127659574468085,47,0.0,0.0
1000,0.2,white,CORR_L20_f0.5,F6b,0.02127659574468085,47,0.0,0.0
2000,0.2,all,CORR_L20_f0.5,F6b,0.05,20,0.0,0.05
2000,0.2,white,CORR_L20_f0.5,F6b,0.05,20,0.0,0.05
250,0.2,all,CORR_L20_f0.7,F6b,0.013392857142857142,224,0.0,0.004464285714285714
250,0.2,white,CORR_L20_f0.7,F6b,0.013392857142857142,224,0.0,0.004464285714285714
500,0.2,all,CORR_L20_f0.7,F6b,0.018867924528301886,106,0.0,0.009433962264150943
500,0.2,white,CORR_L20_f0.7,F6b,0.018867924528301886,106,0.0,0.009433962264150943
1000,0.2,all,CORR_L20_f0.7,F6b,0.02127659574468085,47,0.0,0.0
1000,0.2,white,CORR_L20_f0.7,F6b,0.02127659574468085,47,0.0,0.0
2000,0.2,all,CORR_L20_f0.7,F6b,0.05,20,0.0,0.05
2000,0.2,white,CORR_L20_f0.7,F6b,0.05,20,0.0,0.05
250,0.2,all,DITHER_s0.5,F6b,0.013392857142857142,224,0.0,0.0
250,0.2,white,DITHER_s0.5,F6b,0.013392857142857142,224,0.0,0.0
500,0.2,all,DITHER_s0.5,F6b,0.018867924528301886,106,0.0,0.0
500,0.2,white,DITHER_s0.5,F6b,0.018867924528301886,106,0.0,0.0
1000,0.2,all,DITHER_s0.5,F6b,0.02127659574468085,47,0.0,0.0
1000,0.2,white,DITHER_s0.5,F6b,0.02127659574468085,47,0.0,0.0
2000,0.2,all,DITHER_s0.5,F6b,0.05,20,0.0,0.0
2000,0.2,white,DITHER_s0.5,F6b,0.05,20,0.0,0.0
250,0.2,all,DITHER_s1.0,F6b,0.013392857142857142,224,0.0,0.0
250,0.2,white,DITHER_s1.0,F6b,0.013392857142857142,224,0.0,0.0
500,0.2,all,DITHER_s1.0,F6b,0.018867924528301886,106,0.0,0.0
500,0.2,white,DITHER_s1.0,F6b,0.018867924528301886,106,0.0,0.0
1000,0.2,all,DITHER_s1.0,F6b,0.02127659574468085,47,0.0,0.0
1000,0.2,white,DITHER_s1.0,F6b,0.02127659574468085,47,0.0,0.0
2000,0.2,all,DITHER_s1.0,F6b,0.05,20,0.0,0.0
2000,0.2,white,DITHER_s1.0,F6b,0.05,20,0.0,0.0
250,0.2,all,DITHER_s2.0,F6b,0.013392857142857142,224,0.0,0.0
250,0.2,white,DITHER_s2.0,F6b,0.013392857142857142,224,0.0,0.0
500,0.2,all,DITHER_s2.0,F6b,0.018867924528301886,106,0.0,0.0
500,0.2,white,DITHER_s2.0,F6b,0.018867924528301886,106,0.0,0.0
1000,0.2,all,DITHER_s2.0,F6b,0.02127659574468085,47,0.0,0.0
1000,0.2,white,DITHER_s2.0,F6b,0.02127659574468085,47,0.0,0.0
2000,0.2,all,DITHER_s2.0,F6b,0.05,20,0.0,0.0
2000,0.2,white,DITHER_s2.0,F6b,0.05,20,0.0,0.0
250,0.2,all,DITHER_blind,F6b,0.013392857142857142,224,0.0,0.0
250,0.2,white,DITHER_blind,F6b,0.013392857142857142,224,0.0,0.0
500,0.2,all,DITHER_blind,F6b,0.018867924528301886,106,0.0,0.0
500,0.2,white,DITHER_blind,F6b,0.018867924528301886,106,0.0,0.0
1000,0.2,all,DITHER_blind,F6b,0.02127659574468085,47,0.0,0.0
1000,0.2,white,DITHER_blind,F6b,0.02127659574468085,47,0.0,0.0
2000,0.2,all,DITHER_blind,F6b,0.05,20,0.0,0.0
2000,0.2,white,DITHER_blind,F6b,0.05,20,0.0,0.0
250,0.3,all,MEMLESS,F6b,0.013392857142857142,224,0.0,0.0
250,0.3,white,MEMLESS,F6b,0.013392857142857142,224,0.0,0.0
500,0.3,all,MEMLESS,F6b,0.018867924528301886,106,0.0,0.009433962264150943
500,0.3,white,MEMLESS,F6b,0.018867924528301886,106,0.0,0.009433962264150943
1000,0.3,all,MEMLESS,F6b,0.02127659574468085,47,0.0,0.0
1000,0.3,white,MEMLESS,F6b,0.02127659574468085,47,0.0,0.0
2000,0.3,all,MEMLESS,F6b,0.05,20,0.0,0.05
2000,0.3,white,MEMLESS,F6b,0.05,20,0.0,0.05
250,0.3,all,CORR_L2_f0.0,F6b,0.013392857142857142,224,0.0,0.004464285714285714
250,0.3,white,CORR_L2_f0.0,F6b,0.013392857142857142,224,0.0,0.004464285714285714
500,0.3,all,CORR_L2_f0.0,F6b,0.018867924528301886,106,0.0,0.0
500,0.3,white,CORR_L2_f0.0,F6b,0.018867924528301886,106,0.0,0.0
1000,0.3,all,CORR_L2_f0.0,F6b,0.02127659574468085,47,0.0,0.0
1000,0.3,white,CORR_L2_f0.0,F6b,0.02127659574468085,47,0.0,0.0
2000,0.3,all,CORR_L2_f0.0,F6b,0.05,20,0.0,0.05
2000,0.3,white,CORR_L2_f0.0,F6b,0.05,20,0.0,0.05
250,0.3,all,CORR_L2_f0.15,F6b,0.013392857142857142,224,0.0,0.0
250,0.3,white,CORR_L2_f0.15,F6b,0.013392857142857142,224,0.0,0.0
500,0.3,all,CORR_L2_f0.15,F6b,0.018867924528301886,106,0.0,0.0
500,0.3,white,CORR_L2_f0.15,F6b,0.018867924528301886,106,0.0,0.0
1000,0.3,all,CORR_L2_f0.15,F6b,0.02127659574468085,47,0.0,0.0
1000,0.3,white,CORR_L2_f0.15,F6b,0.02127659574468085,47,0.0,0.0
2000,0.3,all,CORR_L2_f0.15,F6b,0.05,20,0.0,0.05
2000,0.3,white,CORR_L2_f0.15,F6b,0.05,20,0.0,0.05
250,0.3,all,CORR_L2_f0.3,F6b,0.013392857142857142,224,0.0,0.0
250,0.3,white,CORR_L2_f0.3,F6b,0.013392857142857142,224,0.0,0.0
500,0.3,all,CORR_L2_f0.3,F6b,0.018867924528301886,106,0.0,0.0
500,0.3,white,CORR_L2_f0.3,F6b,0.018867924528301886,106,0.0,0.0
1000,0.3,all,CORR_L2_f0.3,F6b,0.02127659574468085,47,0.0,0.0
1000,0.3,white,CORR_L2_f0.3,F6b,0.02127659574468085,47,0.0,0.0
2000,0.3,all,CORR_L2_f0.3,F6b,0.05,20,0.0,0.0
2000,0.3,white,CORR_L2_f0.3,F6b,0.05,20,0.0,0.0
250,0.3,all,CORR_L2_f0.5,F6b,0.013392857142857142,224,0.0,0.0
250,0.3,white,CORR_L2_f0.5,F6b,0.013392857142857142,224,0.0,0.0
500,0.3,all,CORR_L2_f0.5,F6b,0.018867924528301886,106,0.0,0.0
500,0.3,white,CORR_L2_f0.5,F6b,0.018867924528301886,106,0.0,0.0
1000,0.3,all,CORR_L2_f0.5,F6b,0.02127659574468085,47,0.0,0.0
1000,0.3,white,CORR_L2_f0.5,F6b,0.02127659574468085,47,0.0,0.0
2000,0.3,all,CORR_L2_f0.5,F6b,0.05,20,0.0,0.0
2000,0.3,white,CORR_L2_f0.5,F6b,0.05,20,0.0,0.0
250,0.3,all,CORR_L2_f0.7,F6b,0.013392857142857142,224,0.0,0.0
250,0.3,white,CORR_L2_f0.7,F6b,0.013392857142857142,224,0.0,0.0
500,0.3,all,CORR_L2_f0.7,F6b,0.018867924528301886,106,0.0,0.0
500,0.3,white,CORR_L2_f0.7,F6b,0.018867924528301886,106,0.0,0.0
1000,0.3,all,CORR_L2_f0.7,F6b,0.02127659574468085,47,0.0,0.0
1000,0.3,white,CORR_L2_f0.7,F6b,0.02127659574468085,47,0.0,0.0
2000,0.3,all,CORR_L2_f0.7,F6b,0.05,20,0.0,0.0
2000,0.3,white,CORR_L2_f0.7,F6b,0.05,20,0.0,0.0
250,0.3,all,CORR_L4_f0.0,F6b,0.013392857142857142,224,0.0,0.004464285714285714
250,0.3,white,CORR_L4_f0.0,F6b,0.013392857142857142,224,0.0,0.004464285714285714
500,0.3,all,CORR_L4_f0.0,F6b,0.018867924528301886,106,0.0,0.009433962264150943
500,0.3,white,CORR_L4_f0.0,F6b,0.018867924528301886,106,0.0,0.009433962264150943
1000,0.3,all,CORR_L4_f0.0,F6b,0.02127659574468085,47,0.0,0.0
1000,0.3,white,CORR_L4_f0.0,F6b,0.02127659574468085,47,0.0,0.0
2000,0.3,all,CORR_L4_f0.0,F6b,0.05,20,0.0,0.05
2000,0.3,white,CORR_L4_f0.0,F6b,0.05,20,0.0,0.05
250,0.3,all,CORR_L4_f0.15,F6b,0.013392857142857142,224,0.0,0.0
250,0.3,white,CORR_L4_f0.15,F6b,0.013392857142857142,224,0.0,0.0
500,0.3,all,CORR_L4_f0.15,F6b,0.018867924528301886,106,0.0,0.0
500,0.3,white,CORR_L4_f0.15,F6b,0.018867924528301886,106,0.0,0.0
1000,0.3,all,CORR_L4_f0.15,F6b,0.02127659574468085,47,0.0,0.0
1000,0.3,white,CORR_L4_f0.15,F6b,0.02127659574468085,47,0.0,0.0
2000,0.3,all,CORR_L4_f0.15,F6b,0.05,20,0.0,0.05
2000,0.3,white,CORR_L4_f0.15,F6b,0.05,20,0.0,0.05
250,0.3,all,CORR_L4_f0.3,F6b,0.013392857142857142,224,0.0,0.0
250,0.3,white,CORR_L4_f0.3,F6b,0.013392857142857142,224,0.0,0.0
500,0.3,all,CORR_L4_f0.3,F6b,0.018867924528301886,106,0.0,0.0
500,0.3,white,CORR_L4_f0.3,F6b,0.018867924528301886,106,0.0,0.0
1000,0.3,all,CORR_L4_f0.3,F6b,0.02127659574468085,47,0.0,0.0
1000,0.3,white,CORR_L4_f0.3,F6b,0.02127659574468085,47,0.0,0.0
2000,0.3,all,CORR_L4_f0.3,F6b,0.05,20,0.0,0.05
2000,0.3,white,CORR_L4_f0.3,F6b,0.05,20,0.0,0.05
250,0.3,all,CORR_L4_f0.5,F6b,0.013392857142857142,224,0.0,0.0
250,0.3,white,CORR_L4_f0.5,F6b,0.013392857142857142,224,0.0,0.0
500,0.3,all,CORR_L4_f0.5,F6b,0.018867924528301886,106,0.0,0.0
500,0.3,white,CORR_L4_f0.5,F6b,0.018867924528301886,106,0.0,0.0
1000,0.3,all,CORR_L4_f0.5,F6b,0.02127659574468085,47,0.0,0.0
1000,0.3,white,CORR_L4_f0.5,F6b,0.02127659574468085,47,0.0,0.0
2000,0.3,all,CORR_L4_f0.5,F6b,0.05,20,0.0,0.0
2000,0.3,white,CORR_L4_f0.5,F6b,0.05,20,0.0,0.0
250,0.3,all,CORR_L4_f0.7,F6b,0.013392857142857142,224,0.0,0.0
250,0.3,white,CORR_L4_f0.7,F6b,0.013392857142857142,224,0.0,0.0
500,0.3,all,CORR_L4_f0.7,F6b,0.018867924528301886,106,0.0,0.0
500,0.3,white,CORR_L4_f0.7,F6b,0.018867924528301886,106,0.0,0.0
1000,0.3,all,CORR_L4_f0.7,F6b,0.02127659574468085,47,0.0,0.0
1000,0.3,white,CORR_L4_f0.7,F6b,0.02127659574468085,47,0.0,0.0
2000,0.3,all,CORR_L4_f0.7,F6b,0.05,20,0.0,0.0
2000,0.3,white,CORR_L4_f0.7,F6b,0.05,20,0.0,0.0
250,0.3,all,CORR_L6_f0.0,F6b,0.013392857142857142,224,0.0,0.004464285714285714
250,0.3,white,CORR_L6_f0.0,F6b,0.013392857142857142,224,0.0,0.004464285714285714
500,0.3,all,CORR_L6_f0.0,F6b,0.018867924528301886,106,0.0,0.009433962264150943
500,0.3,white,CORR_L6_f0.0,F6b,0.018867924528301886,106,0.0,0.009433962264150943
1000,0.3,all,CORR_L6_f0.0,F6b,0.02127659574468085,47,0.0,0.0
1000,0.3,white,CORR_L6_f0.0,F6b,0.02127659574468085,47,0.0,0.0
2000,0.3,all,CORR_L6_f0.0,F6b,0.05,20,0.0,0.05
2000,0.3,white,CORR_L6_f0.0,F6b,0.05,20,0.0,0.05
250,0.3,all,CORR_L6_f0.15,F6b,0.013392857142857142,224,0.0,0.0
250,0.3,white,CORR_L6_f0.15,F6b,0.013392857142857142,224,0.0,0.0
500,0.3,all,CORR_L6_f0.15,F6b,0.018867924528301886,106,0.0,0.0
500,0.3,white,CORR_L6_f0.15,F6b,0.018867924528301886,106,0.0,0.0
1000,0.3,all,CORR_L6_f0.15,F6b,0.02127659574468085,47,0.0,0.0
1000,0.3,white,CORR_L6_f0.15,F6b,0.02127659574468085,47,0.0,0.0
2000,0.3,all,CORR_L6_f0.15,F6b,0.05,20,0.0,0.05
2000,0.3,white,CORR_L6_f0.15,F6b,0.05,20,0.0,0.05
250,0.3,all,CORR_L6_f0.3,F6b,0.013392857142857142,224,0.0,0.0
250,0.3,white,CORR_L6_f0.3,F6b,0.013392857142857142,224,0.0,0.0
500,0.3,all,CORR_L6_f0.3,F6b,0.018867924528301886,106,0.0,0.0
500,0.3,white,CORR_L6_f0.3,F6b,0.018867924528301886,106,0.0,0.0
1000,0.3,all,CORR_L6_f0.3,F6b,0.02127659574468085,47,0.0,0.0
1000,0.3,white,CORR_L6_f0.3,F6b,0.02127659574468085,47,0.0,0.0
2000,0.3,all,CORR_L6_f0.3,F6b,0.05,20,0.0,0.05
2000,0.3,white,CORR_L6_f0.3,F6b,0.05,20,0.0,0.05
250,0.3,all,CORR_L6_f0.5,F6b,0.013392857142857142,224,0.0,0.0
250,0.3,white,CORR_L6_f0.5,F6b,0.013392857142857142,224,0.0,0.0
500,0.3,all,CORR_L6_f0.5,F6b,0.018867924528301886,106,0.0,0.0
500,0.3,white,CORR_L6_f0.5,F6b,0.018867924528301886,106,0.0,0.0
1000,0.3,all,CORR_L6_f0.5,F6b,0.02127659574468085,47,0.0,0.0
1000,0.3,white,CORR_L6_f0.5,F6b,0.02127659574468085,47,0.0,0.0
2000,0.3,all,CORR_L6_f0.5,F6b,0.05,20,0.0,0.0
2000,0.3,white,CORR_L6_f0.5,F6b,0.05,20,0.0,0.0
250,0.3,all,CORR_L6_f0.7,F6b,0.013392857142857142,224,0.0,0.0
250,0.3,white,CORR_L6_f0.7,F6b,0.013392857142857142,224,0.0,0.0
500,0.3,all,CORR_L6_f0.7,F6b,0.018867924528301886,106,0.0,0.0
500,0.3,white,CORR_L6_f0.7,F6b,0.018867924528301886,106,0.0,0.0
1000,0.3,all,CORR_L6_f0.7,F6b,0.02127659574468085,47,0.0,0.0
1000,0.3,white,CORR_L6_f0.7,F6b,0.02127659574468085,47,0.0,0.0
2000,0.3,all,CORR_L6_f0.7,F6b,0.05,20,0.0,0.0
2000,0.3,white,CORR_L6_f0.7,F6b,0.05,20,0.0,0.0
250,0.3,all,CORR_L10_f0.0,F6b,0.013392857142857142,224,0.0,0.004464285714285714
250,0.3,white,CORR_L10_f0.0,F6b,0.013392857142857142,224,0.0,0.004464285714285714
500,0.3,all,CORR_L10_f0.0,F6b,0.018867924528301886,106,0.0,0.009433962264150943
500,0.3,white,CORR_L10_f0.0,F6b,0.018867924528301886,106,0.0,0.009433962264150943
1000,0.3,all,CORR_L10_f0.0,F6b,0.02127659574468085,47,0.02127659574468085,0.0
1000,0.3,white,CORR_L10_f0.0,F6b,0.02127659574468085,47,0.02127659574468085,0.0
2000,0.3,all,CORR_L10_f0.0,F6b,0.05,20,0.0,0.05
2000,0.3,white,CORR_L10_f0.0,F6b,0.05,20,0.0,0.05
250,0.3,all,CORR_L10_f0.15,F6b,0.013392857142857142,224,0.0,0.0
250,0.3,white,CORR_L10_f0.15,F6b,0.013392857142857142,224,0.0,0.0
500,0.3,all,CORR_L10_f0.15,F6b,0.018867924528301886,106,0.0,0.0
500,0.3,white,CORR_L10_f0.15,F6b,0.018867924528301886,106,0.0,0.0
1000,0.3,all,CORR_L10_f0.15,F6b,0.02127659574468085,47,0.0,0.0
1000,0.3,white,CORR_L10_f0.15,F6b,0.02127659574468085,47,0.0,0.0
2000,0.3,all,CORR_L10_f0.15,F6b,0.05,20,0.0,0.0
2000,0.3,white,CORR_L10_f0.15,F6b,0.05,20,0.0,0.0
250,0.3,all,CORR_L10_f0.3,F6b,0.013392857142857142,224,0.0,0.0
250,0.3,white,CORR_L10_f0.3,F6b,0.013392857142857142,224,0.0,0.0
500,0.3,all,CORR_L10_f0.3,F6b,0.018867924528301886,106,0.0,0.0
500,0.3,white,CORR_L10_f0.3,F6b,0.018867924528301886,106,0.0,0.0
1000,0.3,all,CORR_L10_f0.3,F6b,0.02127659574468085,47,0.0,0.0
1000,0.3,white,CORR_L10_f0.3,F6b,0.02127659574468085,47,0.0,0.0
2000,0.3,all,CORR_L10_f0.3,F6b,0.05,20,0.0,0.05
2000,0.3,white,CORR_L10_f0.3,F6b,0.05,20,0.0,0.05
250,0.3,all,CORR_L10_f0.5,F6b,0.013392857142857142,224,0.0,0.0
250,0.3,white,CORR_L10_f0.5,F6b,0.013392857142857142,224,0.0,0.0
500,0.3,all,CORR_L10_f0.5,F6b,0.018867924528301886,106,0.0,0.0
500,0.3,white,CORR_L10_f0.5,F6b,0.018867924528301886,106,0.0,0.0
1000,0.3,all,CORR_L10_f0.5,F6b,0.02127659574468085,47,0.0,0.0
1000,0.3,white,CORR_L10_f0.5,F6b,0.02127659574468085,47,0.0,0.0
2000,0.3,all,CORR_L10_f0.5,F6b,0.05,20,0.0,0.0
2000,0.3,white,CORR_L10_f0.5,F6b,0.05,20,0.0,0.0
250,0.3,all,CORR_L10_f0.7,F6b,0.013392857142857142,224,0.0,0.0
250,0.3,white,CORR_L10_f0.7,F6b,0.013392857142857142,224,0.0,0.0
500,0.3,all,CORR_L10_f0.7,F6b,0.018867924528301886,106,0.0,0.0
500,0.3,white,CORR_L10_f0.7,F6b,0.018867924528301886,106,0.0,0.0
1000,0.3,all,CORR_L10_f0.7,F6b,0.02127659574468085,47,0.0,0.0
1000,0.3,white,CORR_L10_f0.7,F6b,0.02127659574468085,47,0.0,0.0
2000,0.3,all,CORR_L10_f0.7,F6b,0.05,20,0.0,0.0
2000,0.3,white,CORR_L10_f0.7,F6b,0.05,20,0.0,0.0
250,0.3,all,CORR_L20_f0.0,F6b,0.013392857142857142,224,0.008928571428571428,0.008928571428571428
250,0.3,white,CORR_L20_f0.0,F6b,0.013392857142857142,224,0.008928571428571428,0.008928571428571428
500,0.3,all,CORR_L20_f0.0,F6b,0.018867924528301886,106,0.009433962264150943,0.018867924528301886
500,0.3,white,CORR_L20_f0.0,F6b,0.018867924528301886,106,0.009433962264150943,0.018867924528301886
1000,0.3,all,CORR_L20_f0.0,F6b,0.02127659574468085,47,0.02127659574468085,0.0
1000,0.3,white,CORR_L20_f0.0,F6b,0.02127659574468085,47,0.02127659574468085,0.0
2000,0.3,all,CORR_L20_f0.0,F6b,0.05,20,0.0,0.05
2000,0.3,white,CORR_L20_f0.0,F6b,0.05,20,0.0,0.05
250,0.3,all,CORR_L20_f0.15,F6b,0.013392857142857142,224,0.0,0.0
250,0.3,white,CORR_L20_f0.15,F6b,0.013392857142857142,224,0.0,0.0
500,0.3,all,CORR_L20_f0.15,F6b,0.018867924528301886,106,0.0,0.0
500,0.3,white,CORR_L20_f0.15,F6b,0.018867924528301886,106,0.0,0.0
1000,0.3,all,CORR_L20_f0.15,F6b,0.02127659574468085,47,0.0,0.0
1000,0.3,white,CORR_L20_f0.15,F6b,0.02127659574468085,47,0.0,0.0
2000,0.3,all,CORR_L20_f0.15,F6b,0.05,20,0.0,0.0
2000,0.3,white,CORR_L20_f0.15,F6b,0.05,20,0.0,0.0
250,0.3,all,CORR_L20_f0.3,F6b,0.013392857142857142,224,0.0,0.0
250,0.3,white,CORR_L20_f0.3,F6b,0.013392857142857142,224,0.0,0.0
500,0.3,all,CORR_L20_f0.3,F6b,0.018867924528301886,106,0.0,0.0
500,0.3,white,CORR_L20_f0.3,F6b,0.018867924528301886,106,0.0,0.0
1000,0.3,all,CORR_L20_f0.3,F6b,0.02127659574468085,47,0.0,0.0
1000,0.3,white,CORR_L20_f0.3,F6b,0.02127659574468085,47,0.0,0.0
2000,0.3,all,CORR_L20_f0.3,F6b,0.05,20,0.0,0.05
2000,0.3,white,CORR_L20_f0.3,F6b,0.05,20,0.0,0.05
250,0.3,all,CORR_L20_f0.5,F6b,0.013392857142857142,224,0.0,0.0
250,0.3,white,CORR_L20_f0.5,F6b,0.013392857142857142,224,0.0,0.0
500,0.3,all,CORR_L20_f0.5,F6b,0.018867924528301886,106,0.0,0.0
500,0.3,white,CORR_L20_f0.5,F6b,0.018867924528301886,106,0.0,0.0
1000,0.3,all,CORR_L20_f0.5,F6b,0.02127659574468085,47,0.0,0.0
1000,0.3,white,CORR_L20_f0.5,F6b,0.02127659574468085,47,0.0,0.0
2000,0.3,all,CORR_L20_f0.5,F6b,0.05,20,0.0,0.0
2000,0.3,white,CORR_L20_f0.5,F6b,0.05,20,0.0,0.0
250,0.3,all,CORR_L20_f0.7,F6b,0.013392857142857142,224,0.0,0.0
250,0.3,white,CORR_L20_f0.7,F6b,0.013392857142857142,224,0.0,0.0
500,0.3,all,CORR_L20_f0.7,F6b,0.018867924528301886,106,0.0,0.0
500,0.3,white,CORR_L20_f0.7,F6b,0.018867924528301886,106,0.0,0.0
1000,0.3,all,CORR_L20_f0.7,F6b,0.02127659574468085,47,0.0,0.0
1000,0.3,white,CORR_L20_f0.7,F6b,0.02127659574468085,47,0.0,0.0
2000,0.3,all,CORR_L20_f0.7,F6b,0.05,20,0.0,0.0
2000,0.3,white,CORR_L20_f0.7,F6b,0.05,20,0.0,0.0
250,0.3,all,DITHER_s0.5,F6b,0.013392857142857142,224,0.0,0.0
250,0.3,white,DITHER_s0.5,F6b,0.013392857142857142,224,0.0,0.0
500,0.3,all,DITHER_s0.5,F6b,0.018867924528301886,106,0.0,0.0
500,0.3,white,DITHER_s0.5,F6b,0.018867924528301886,106,0.0,0.0
1000,0.3,all,DITHER_s0.5,F6b,0.02127659574468085,47,0.0,0.0
1000,0.3,white,DITHER_s0.5,F6b,0.02127659574468085,47,0.0,0.0
2000,0.3,all,DITHER_s0.5,F6b,0.05,20,0.0,0.0
2000,0.3,white,DITHER_s0.5,F6b,0.05,20,0.0,0.0
250,0.3,all,DITHER_s1.0,F6b,0.013392857142857142,224,0.0,0.0
250,0.3,white,DITHER_s1.0,F6b,0.013392857142857142,224,0.0,0.0
500,0.3,all,DITHER_s1.0,F6b,0.018867924528301886,106,0.0,0.0
500,0.3,white,DITHER_s1.0,F6b,0.018867924528301886,106,0.0,0.0
1000,0.3,all,DITHER_s1.0,F6b,0.02127659574468085,47,0.0,0.0
1000,0.3,white,DITHER_s1.0,F6b,0.02127659574468085,47,0.0,0.0
2000,0.3,all,DITHER_s1.0,F6b,0.05,20,0.0,0.0
2000,0.3,white,DITHER_s1.0,F6b,0.05,20,0.0,0.0
250,0.3,all,DITHER_s2.0,F6b,0.013392857142857142,224,0.0,0.0
250,0.3,white,DITHER_s2.0,F6b,0.013392857142857142,224,0.0,0.0
500,0.3,all,DITHER_s2.0,F6b,0.018867924528301886,106,0.0,0.0
500,0.3,white,DITHER_s2.0,F6b,0.018867924528301886,106,0.0,0.0
1000,0.3,all,DITHER_s2.0,F6b,0.02127659574468085,47,0.0,0.0
1000,0.3,white,DITHER_s2.0,F6b,0.02127659574468085,47,0.0,0.0
2000,0.3,all,DITHER_s2.0,F6b,0.05,20,0.0,0.0
2000,0.3,white,DITHER_s2.0,F6b,0.05,20,0.0,0.0
250,0.3,all,DITHER_blind,F6b,0.013392857142857142,224,0.0,0.0
250,0.3,white,DITHER_blind,F6b,0.013392857142857142,224,0.0,0.0
500,0.3,all,DITHER_blind,F6b,0.018867924528301886,106,0.0,0.0
500,0.3,white,DITHER_blind,F6b,0.018867924528301886,106,0.0,0.0
1000,0.3,all,DITHER_blind,F6b,0.02127659574468085,47,0.0,0.0
1000,0.3,white,DITHER_blind,F6b,0.02127659574468085,47,0.0,0.0
2000,0.3,all,DITHER_blind,F6b,0.05,20,0.0,0.0
2000,0.3,white,DITHER_blind,F6b,0.05,20,0.0,0.0
250,0.5,all,MEMLESS,F6b,0.013392857142857142,224,0.0,0.0
250,0.5,white,MEMLESS,F6b,0.013392857142857142,224,0.0,0.0
500,0.5,all,MEMLESS,F6b,0.018867924528301886,106,0.0,0.0
500,0.5,white,MEMLESS,F6b,0.018867924528301886,106,0.0,0.0
1000,0.5,all,MEMLESS,F6b,0.02127659574468085,47,0.0,0.0
1000,0.5,white,MEMLESS,F6b,0.02127659574468085,47,0.0,0.0
2000,0.5,all,MEMLESS,F6b,0.05,20,0.0,0.0
2000,0.5,white,MEMLESS,F6b,0.05,20,0.0,0.0
250,0.5,all,CORR_L2_f0.0,F6b,0.013392857142857142,224,0.0,0.0
250,0.5,white,CORR_L2_f0.0,F6b,0.013392857142857142,224,0.0,0.0
500,0.5,all,CORR_L2_f0.0,F6b,0.018867924528301886,106,0.0,0.0
500,0.5,white,CORR_L2_f0.0,F6b,0.018867924528301886,106,0.0,0.0
1000,0.5,all,CORR_L2_f0.0,F6b,0.02127659574468085,47,0.0,0.0
1000,0.5,white,CORR_L2_f0.0,F6b,0.02127659574468085,47,0.0,0.0
2000,0.5,all,CORR_L2_f0.0,F6b,0.05,20,0.0,0.0
2000,0.5,white,CORR_L2_f0.0,F6b,0.05,20,0.0,0.0
250,0.5,all,CORR_L2_f0.15,F6b,0.013392857142857142,224,0.0,0.0
250,0.5,white,CORR_L2_f0.15,F6b,0.013392857142857142,224,0.0,0.0
500,0.5,all,CORR_L2_f0.15,F6b,0.018867924528301886,106,0.0,0.0
500,0.5,white,CORR_L2_f0.15,F6b,0.018867924528301886,106,0.0,0.0
1000,0.5,all,CORR_L2_f0.15,F6b,0.02127659574468085,47,0.0,0.0
1000,0.5,white,CORR_L2_f0.15,F6b,0.02127659574468085,47,0.0,0.0
2000,0.5,all,CORR_L2_f0.15,F6b,0.05,20,0.0,0.0
2000,0.5,white,CORR_L2_f0.15,F6b,0.05,20,0.0,0.0
250,0.5,all,CORR_L2_f0.3,F6b,0.013392857142857142,224,0.0,0.0
250,0.5,white,CORR_L2_f0.3,F6b,0.013392857142857142,224,0.0,0.0
500,0.5,all,CORR_L2_f0.3,F6b,0.018867924528301886,106,0.0,0.0
500,0.5,white,CORR_L2_f0.3,F6b,0.018867924528301886,106,0.0,0.0
1000,0.5,all,CORR_L2_f0.3,F6b,0.02127659574468085,47,0.0,0.0
1000,0.5,white,CORR_L2_f0.3,F6b,0.02127659574468085,47,0.0,0.0
2000,0.5,all,CORR_L2_f0.3,F6b,0.05,20,0.0,0.0
2000,0.5,white,CORR_L2_f0.3,F6b,0.05,20,0.0,0.0
250,0.5,all,CORR_L2_f0.5,F6b,0.013392857142857142,224,0.0,0.0
250,0.5,white,CORR_L2_f0.5,F6b,0.013392857142857142,224,0.0,0.0
500,0.5,all,CORR_L2_f0.5,F6b,0.018867924528301886,106,0.0,0.0
500,0.5,white,CORR_L2_f0.5,F6b,0.018867924528301886,106,0.0,0.0
1000,0.5,all,CORR_L2_f0.5,F6b,0.02127659574468085,47,0.0,0.0
1000,0.5,white,CORR_L2_f0.5,F6b,0.02127659574468085,47,0.0,0.0
2000,0.5,all,CORR_L2_f0.5,F6b,0.05,20,0.0,0.0
2000,0.5,white,CORR_L2_f0.5,F6b,0.05,20,0.0,0.0
250,0.5,all,CORR_L2_f0.7,F6b,0.013392857142857142,224,0.0,0.0
250,0.5,white,CORR_L2_f0.7,F6b,0.013392857142857142,224,0.0,0.0
500,0.5,all,CORR_L2_f0.7,F6b,0.018867924528301886,106,0.0,0.0
500,0.5,white,CORR_L2_f0.7,F6b,0.018867924528301886,106,0.0,0.0
1000,0.5,all,CORR_L2_f0.7,F6b,0.02127659574468085,47,0.0,0.0
1000,0.5,white,CORR_L2_f0.7,F6b,0.02127659574468085,47,0.0,0.0
2000,0.5,all,CORR_L2_f0.7,F6b,0.05,20,0.0,0.0
2000,0.5,white,CORR_L2_f0.7,F6b,0.05,20,0.0,0.0
250,0.5,all,CORR_L4_f0.0,F6b,0.013392857142857142,224,0.0,0.0
250,0.5,white,CORR_L4_f0.0,F6b,0.013392857142857142,224,0.0,0.0
500,0.5,all,CORR_L4_f0.0,F6b,0.018867924528301886,106,0.0,0.0
500,0.5,white,CORR_L4_f0.0,F6b,0.018867924528301886,106,0.0,0.0
1000,0.5,all,CORR_L4_f0.0,F6b,0.02127659574468085,47,0.0,0.0
1000,0.5,white,CORR_L4_f0.0,F6b,0.02127659574468085,47,0.0,0.0
2000,0.5,all,CORR_L4_f0.0,F6b,0.05,20,0.0,0.0
2000,0.5,white,CORR_L4_f0.0,F6b,0.05,20,0.0,0.0
250,0.5,all,CORR_L4_f0.15,F6b,0.013392857142857142,224,0.0,0.0
250,0.5,white,CORR_L4_f0.15,F6b,0.013392857142857142,224,0.0,0.0
500,0.5,all,CORR_L4_f0.15,F6b,0.018867924528301886,106,0.0,0.0
500,0.5,white,CORR_L4_f0.15,F6b,0.018867924528301886,106,0.0,0.0
1000,0.5,all,CORR_L4_f0.15,F6b,0.02127659574468085,47,0.0,0.0
1000,0.5,white,CORR_L4_f0.15,F6b,0.02127659574468085,47,0.0,0.0
2000,0.5,all,CORR_L4_f0.15,F6b,0.05,20,0.0,0.0
2000,0.5,white,CORR_L4_f0.15,F6b,0.05,20,0.0,0.0
250,0.5,all,CORR_L4_f0.3,F6b,0.013392857142857142,224,0.0,0.0
250,0.5,white,CORR_L4_f0.3,F6b,0.013392857142857142,224,0.0,0.0
500,0.5,all,CORR_L4_f0.3,F6b,0.018867924528301886,106,0.0,0.0
500,0.5,white,CORR_L4_f0.3,F6b,0.018867924528301886,106,0.0,0.0
1000,0.5,all,CORR_L4_f0.3,F6b,0.02127659574468085,47,0.0,0.0
1000,0.5,white,CORR_L4_f0.3,F6b,0.02127659574468085,47,0.0,0.0
2000,0.5,all,CORR_L4_f0.3,F6b,0.05,20,0.0,0.0
2000,0.5,white,CORR_L4_f0.3,F6b,0.05,20,0.0,0.0
250,0.5,all,CORR_L4_f0.5,F6b,0.013392857142857142,224,0.0,0.0
250,0.5,white,CORR_L4_f0.5,F6b,0.013392857142857142,224,0.0,0.0
500,0.5,all,CORR_L4_f0.5,F6b,0.018867924528301886,106,0.0,0.0
500,0.5,white,CORR_L4_f0.5,F6b,0.018867924528301886,106,0.0,0.0
1000,0.5,all,CORR_L4_f0.5,F6b,0.02127659574468085,47,0.0,0.0
1000,0.5,white,CORR_L4_f0.5,F6b,0.02127659574468085,47,0.0,0.0
2000,0.5,all,CORR_L4_f0.5,F6b,0.05,20,0.0,0.0
2000,0.5,white,CORR_L4_f0.5,F6b,0.05,20,0.0,0.0
250,0.5,all,CORR_L4_f0.7,F6b,0.013392857142857142,224,0.0,0.0
250,0.5,white,CORR_L4_f0.7,F6b,0.013392857142857142,224,0.0,0.0
500,0.5,all,CORR_L4_f0.7,F6b,0.018867924528301886,106,0.0,0.0
500,0.5,white,CORR_L4_f0.7,F6b,0.018867924528301886,106,0.0,0.0
1000,0.5,all,CORR_L4_f0.7,F6b,0.02127659574468085,47,0.0,0.0
1000,0.5,white,CORR_L4_f0.7,F6b,0.02127659574468085,47,0.0,0.0
2000,0.5,all,CORR_L4_f0.7,F6b,0.05,20,0.0,0.0
2000,0.5,white,CORR_L4_f0.7,F6b,0.05,20,0.0,0.0
250,0.5,all,CORR_L6_f0.0,F6b,0.013392857142857142,224,0.0,0.0
250,0.5,white,CORR_L6_f0.0,F6b,0.013392857142857142,224,0.0,0.0
500,0.5,all,CORR_L6_f0.0,F6b,0.018867924528301886,106,0.0,0.0
500,0.5,white,CORR_L6_f0.0,F6b,0.018867924528301886,106,0.0,0.0
1000,0.5,all,CORR_L6_f0.0,F6b,0.02127659574468085,47,0.0,0.0
1000,0.5,white,CORR_L6_f0.0,F6b,0.02127659574468085,47,0.0,0.0
2000,0.5,all,CORR_L6_f0.0,F6b,0.05,20,0.0,0.05
2000,0.5,white,CORR_L6_f0.0,F6b,0.05,20,0.0,0.05
250,0.5,all,CORR_L6_f0.15,F6b,0.013392857142857142,224,0.0,0.0
250,0.5,white,CORR_L6_f0.15,F6b,0.013392857142857142,224,0.0,0.0
500,0.5,all,CORR_L6_f0.15,F6b,0.018867924528301886,106,0.0,0.0
500,0.5,white,CORR_L6_f0.15,F6b,0.018867924528301886,106,0.0,0.0
1000,0.5,all,CORR_L6_f0.15,F6b,0.02127659574468085,47,0.0,0.0
1000,0.5,white,CORR_L6_f0.15,F6b,0.02127659574468085,47,0.0,0.0
2000,0.5,all,CORR_L6_f0.15,F6b,0.05,20,0.0,0.0
2000,0.5,white,CORR_L6_f0.15,F6b,0.05,20,0.0,0.0
250,0.5,all,CORR_L6_f0.3,F6b,0.013392857142857142,224,0.0,0.0
250,0.5,white,CORR_L6_f0.3,F6b,0.013392857142857142,224,0.0,0.0
500,0.5,all,CORR_L6_f0.3,F6b,0.018867924528301886,106,0.0,0.0
500,0.5,white,CORR_L6_f0.3,F6b,0.018867924528301886,106,0.0,0.0
1000,0.5,all,CORR_L6_f0.3,F6b,0.02127659574468085,47,0.0,0.0
1000,0.5,white,CORR_L6_f0.3,F6b,0.02127659574468085,47,0.0,0.0
2000,0.5,all,CORR_L6_f0.3,F6b,0.05,20,0.0,0.0
2000,0.5,white,CORR_L6_f0.3,F6b,0.05,20,0.0,0.0
250,0.5,all,CORR_L6_f0.5,F6b,0.013392857142857142,224,0.0,0.0
250,0.5,white,CORR_L6_f0.5,F6b,0.013392857142857142,224,0.0,0.0
500,0.5,all,CORR_L6_f0.5,F6b,0.018867924528301886,106,0.0,0.0
500,0.5,white,CORR_L6_f0.5,F6b,0.018867924528301886,106,0.0,0.0
1000,0.5,all,CORR_L6_f0.5,F6b,0.02127659574468085,47,0.0,0.0
1000,0.5,white,CORR_L6_f0.5,F6b,0.02127659574468085,47,0.0,0.0
2000,0.5,all,CORR_L6_f0.5,F6b,0.05,20,0.0,0.0
2000,0.5,white,CORR_L6_f0.5,F6b,0.05,20,0.0,0.0
250,0.5,all,CORR_L6_f0.7,F6b,0.013392857142857142,224,0.0,0.0
250,0.5,white,CORR_L6_f0.7,F6b,0.013392857142857142,224,0.0,0.0
500,0.5,all,CORR_L6_f0.7,F6b,0.018867924528301886,106,0.0,0.0
500,0.5,white,CORR_L6_f0.7,F6b,0.018867924528301886,106,0.0,0.0
1000,0.5,all,CORR_L6_f0.7,F6b,0.02127659574468085,47,0.0,0.0
1000,0.5,white,CORR_L6_f0.7,F6b,0.02127659574468085,47,0.0,0.0
2000,0.5,all,CORR_L6_f0.7,F6b,0.05,20,0.0,0.0
2000,0.5,white,CORR_L6_f0.7,F6b,0.05,20,0.0,0.0
250,0.5,all,CORR_L10_f0.0,F6b,0.013392857142857142,224,0.0,0.0
250,0.5,white,CORR_L10_f0.0,F6b,0.013392857142857142,224,0.0,0.0
500,0.5,all,CORR_L10_f0.0,F6b,0.018867924528301886,106,0.0,0.0
500,0.5,white,CORR_L10_f0.0,F6b,0.018867924528301886,106,0.0,0.0
1000,0.5,all,CORR_L10_f0.0,F6b,0.02127659574468085,47,0.0,0.0
1000,0.5,white,CORR_L10_f0.0,F6b,0.02127659574468085,47,0.0,0.0
2000,0.5,all,CORR_L10_f0.0,F6b,0.05,20,0.0,0.05
2000,0.5,white,CORR_L10_f0.0,F6b,0.05,20,0.0,0.05
250,0.5,all,CORR_L10_f0.15,F6b,0.013392857142857142,224,0.0,0.0
250,0.5,white,CORR_L10_f0.15,F6b,0.013392857142857142,224,0.0,0.0
500,0.5,all,CORR_L10_f0.15,F6b,0.018867924528301886,106,0.0,0.0
500,0.5,white,CORR_L10_f0.15,F6b,0.018867924528301886,106,0.0,0.0
1000,0.5,all,CORR_L10_f0.15,F6b,0.02127659574468085,47,0.0,0.0
1000,0.5,white,CORR_L10_f0.15,F6b,0.02127659574468085,47,0.0,0.0
2000,0.5,all,CORR_L10_f0.15,F6b,0.05,20,0.0,0.0
2000,0.5,white,CORR_L10_f0.15,F6b,0.05,20,0.0,0.0
250,0.5,all,CORR_L10_f0.3,F6b,0.013392857142857142,224,0.0,0.0
250,0.5,white,CORR_L10_f0.3,F6b,0.013392857142857142,224,0.0,0.0
500,0.5,all,CORR_L10_f0.3,F6b,0.018867924528301886,106,0.0,0.0
500,0.5,white,CORR_L10_f0.3,F6b,0.018867924528301886,106,0.0,0.0
1000,0.5,all,CORR_L10_f0.3,F6b,0.02127659574468085,47,0.0,0.0
1000,0.5,white,CORR_L10_f0.3,F6b,0.02127659574468085,47,0.0,0.0
2000,0.5,all,CORR_L10_f0.3,F6b,0.05,20,0.0,0.0
2000,0.5,white,CORR_L10_f0.3,F6b,0.05,20,0.0,0.0
250,0.5,all,CORR_L10_f0.5,F6b,0.013392857142857142,224,0.0,0.0
250,0.5,white,CORR_L10_f0.5,F6b,0.013392857142857142,224,0.0,0.0
500,0.5,all,CORR_L10_f0.5,F6b,0.018867924528301886,106,0.0,0.0
500,0.5,white,CORR_L10_f0.5,F6b,0.018867924528301886,106,0.0,0.0
1000,0.5,all,CORR_L10_f0.5,F6b,0.02127659574468085,47,0.0,0.0
1000,0.5,white,CORR_L10_f0.5,F6b,0.02127659574468085,47,0.0,0.0
2000,0.5,all,CORR_L10_f0.5,F6b,0.05,20,0.0,0.0
2000,0.5,white,CORR_L10_f0.5,F6b,0.05,20,0.0,0.0
250,0.5,all,CORR_L10_f0.7,F6b,0.013392857142857142,224,0.0,0.0
250,0.5,white,CORR_L10_f0.7,F6b,0.013392857142857142,224,0.0,0.0
500,0.5,all,CORR_L10_f0.7,F6b,0.018867924528301886,106,0.0,0.0
500,0.5,white,CORR_L10_f0.7,F6b,0.018867924528301886,106,0.0,0.0
1000,0.5,all,CORR_L10_f0.7,F6b,0.02127659574468085,47,0.0,0.0
1000,0.5,white,CORR_L10_f0.7,F6b,0.02127659574468085,47,0.0,0.0
2000,0.5,all,CORR_L10_f0.7,F6b,0.05,20,0.0,0.0
2000,0.5,white,CORR_L10_f0.7,F6b,0.05,20,0.0,0.0
250,0.5,all,CORR_L20_f0.0,F6b,0.013392857142857142,224,0.0,0.0
250,0.5,white,CORR_L20_f0.0,F6b,0.013392857142857142,224,0.0,0.0
500,0.5,all,CORR_L20_f0.0,F6b,0.018867924528301886,106,0.0,0.0
500,0.5,white,CORR_L20_f0.0,F6b,0.018867924528301886,106,0.0,0.0
1000,0.5,all,CORR_L20_f0.0,F6b,0.02127659574468085,47,0.02127659574468085,0.0
1000,0.5,white,CORR_L20_f0.0,F6b,0.02127659574468085,47,0.02127659574468085,0.0
2000,0.5,all,CORR_L20_f0.0,F6b,0.05,20,0.0,0.05
2000,0.5,white,CORR_L20_f0.0,F6b,0.05,20,0.0,0.05
250,0.5,all,CORR_L20_f0.15,F6b,0.013392857142857142,224,0.0,0.0
250,0.5,white,CORR_L20_f0.15,F6b,0.013392857142857142,224,0.0,0.0
500,0.5,all,CORR_L20_f0.15,F6b,0.018867924528301886,106,0.0,0.0
500,0.5,white,CORR_L20_f0.15,F6b,0.018867924528301886,106,0.0,0.0
1000,0.5,all,CORR_L20_f0.15,F6b,0.02127659574468085,47,0.0,0.0
1000,0.5,white,CORR_L20_f0.15,F6b,0.02127659574468085,47,0.0,0.0
2000,0.5,all,CORR_L20_f0.15,F6b,0.05,20,0.0,0.0
2000,0.5,white,CORR_L20_f0.15,F6b,0.05,20,0.0,0.0
250,0.5,all,CORR_L20_f0.3,F6b,0.013392857142857142,224,0.0,0.0
250,0.5,white,CORR_L20_f0.3,F6b,0.013392857142857142,224,0.0,0.0
500,0.5,all,CORR_L20_f0.3,F6b,0.018867924528301886,106,0.0,0.0
500,0.5,white,CORR_L20_f0.3,F6b,0.018867924528301886,106,0.0,0.0
1000,0.5,all,CORR_L20_f0.3,F6b,0.02127659574468085,47,0.0,0.0
1000,0.5,white,CORR_L20_f0.3,F6b,0.02127659574468085,47,0.0,0.0
2000,0.5,all,CORR_L20_f0.3,F6b,0.05,20,0.0,0.0
2000,0.5,white,CORR_L20_f0.3,F6b,0.05,20,0.0,0.0
250,0.5,all,CORR_L20_f0.5,F6b,0.013392857142857142,224,0.0,0.0
250,0.5,white,CORR_L20_f0.5,F6b,0.013392857142857142,224,0.0,0.0
500,0.5,all,CORR_L20_f0.5,F6b,0.018867924528301886,106,0.0,0.0
500,0.5,white,CORR_L20_f0.5,F6b,0.018867924528301886,106,0.0,0.0
1000,0.5,all,CORR_L20_f0.5,F6b,0.02127659574468085,47,0.0,0.0
1000,0.5,white,CORR_L20_f0.5,F6b,0.02127659574468085,47,0.0,0.0
2000,0.5,all,CORR_L20_f0.5,F6b,0.05,20,0.0,0.0
2000,0.5,white,CORR_L20_f0.5,F6b,0.05,20,0.0,0.0
250,0.5,all,CORR_L20_f0.7,F6b,0.013392857142857142,224,0.0,0.0
250,0.5,white,CORR_L20_f0.7,F6b,0.013392857142857142,224,0.0,0.0
500,0.5,all,CORR_L20_f0.7,F6b,0.018867924528301886,106,0.0,0.0
500,0.5,white,CORR_L20_f0.7,F6b,0.018867924528301886,106,0.0,0.0
1000,0.5,all,CORR_L20_f0.7,F6b,0.02127659574468085,47,0.0,0.0
1000,0.5,white,CORR_L20_f0.7,F6b,0.02127659574468085,47,0.0,0.0
2000,0.5,all,CORR_L20_f0.7,F6b,0.05,20,0.0,0.0
2000,0.5,white,CORR_L20_f0.7,F6b,0.05,20,0.0,0.0
250,0.5,all,DITHER_s0.5,F6b,0.013392857142857142,224,0.0,0.0
250,0.5,white,DITHER_s0.5,F6b,0.013392857142857142,224,0.0,0.0
500,0.5,all,DITHER_s0.5,F6b,0.018867924528301886,106,0.0,0.0
500,0.5,white,DITHER_s0.5,F6b,0.018867924528301886,106,0.0,0.0
1000,0.5,all,DITHER_s0.5,F6b,0.02127659574468085,47,0.0,0.0
1000,0.5,white,DITHER_s0.5,F6b,0.02127659574468085,47,0.0,0.0
2000,0.5,all,DITHER_s0.5,F6b,0.05,20,0.0,0.0
2000,0.5,white,DITHER_s0.5,F6b,0.05,20,0.0,0.0
250,0.5,all,DITHER_s1.0,F6b,0.013392857142857142,224,0.0,0.0
250,0.5,white,DITHER_s1.0,F6b,0.013392857142857142,224,0.0,0.0
500,0.5,all,DITHER_s1.0,F6b,0.018867924528301886,106,0.0,0.0
500,0.5,white,DITHER_s1.0,F6b,0.018867924528301886,106,0.0,0.0
1000,0.5,all,DITHER_s1.0,F6b,0.02127659574468085,47,0.0,0.0
1000,0.5,white,DITHER_s1.0,F6b,0.02127659574468085,47,0.0,0.0
2000,0.5,all,DITHER_s1.0,F6b,0.05,20,0.0,0.0
2000,0.5,white,DITHER_s1.0,F6b,0.05,20,0.0,0.0
250,0.5,all,DITHER_s2.0,F6b,0.013392857142857142,224,0.0,0.0
250,0.5,white,DITHER_s2.0,F6b,0.013392857142857142,224,0.0,0.0
500,0.5,all,DITHER_s2.0,F6b,0.018867924528301886,106,0.0,0.0
500,0.5,white,DITHER_s2.0,F6b,0.018867924528301886,106,0.0,0.0
1000,0.5,all,DITHER_s2.0,F6b,0.02127659574468085,47,0.0,0.0
1000,0.5,white,DITHER_s2.0,F6b,0.02127659574468085,47,0.0,0.0
2000,0.5,all,DITHER_s2.0,F6b,0.05,20,0.0,0.0
2000,0.5,white,DITHER_s2.0,F6b,0.05,20,0.0,0.0
250,0.5,all,DITHER_blind,F6b,0.013392857142857142,224,0.0,0.0
250,0.5,white,DITHER_blind,F6b,0.013392857142857142,224,0.0,0.0
500,0.5,all,DITHER_blind,F6b,0.018867924528301886,106,0.0,0.0
500,0.5,white,DITHER_blind,F6b,0.018867924528301886,106,0.0,0.0
1000,0.5,all,DITHER_blind,F6b,0.02127659574468085,47,0.0,0.0
1000,0.5,white,DITHER_blind,F6b,0.02127659574468085,47,0.0,0.0
2000,0.5,all,DITHER_blind,F6b,0.05,20,0.0,0.0
2000,0.5,white,DITHER_blind,F6b,0.05,20,0.0,0.0
