S,baseline_maxr,budget,cohort,config,dr1,dr2,dr3,dr4,dr5,exp,max_drhat,max_rhat,psi,r1,r2,r3,r4,r5,rate,segment
0.002357052956939648,0.013232170697987749,0.0,white,NOATTACK,0.0,0.0,0.0,0.0,0.0,F6b,0.0,0.1348601466693016,0.0,0.1348601466693016,-0.12689464114066046,0.0029623308549543335,0.02974704118381671,-0.032834397935535324,0.0,0
0.002357052956939648,0.013232170697987749,0.02,white,MEMLESS,-0.0147658512630848,0.05613850962539757,0.022251747376181304,-0.08181903407267156,-0.07017014131028806,F6b,0.08181903407267156,0.1200942954062168,0.6799664434803023,0.1200942954062168,-0.07075613151526289,0.025214078231135636,-0.052071992888854855,-0.1030045392458234,0.09052183173588925,0
0.002357052956939648,0.013232170697987749,0.02,white,CORR_L2_f0.0,-0.009218563955553066,0.014831877991733189,-0.004311080693619211,-0.06747717356120564,-0.03947403670593875,F6b,0.06748133594410288,0.12564158271374853,0.6320318725536936,0.12564158271374853,-0.11206276314892727,-0.0013487498386648773,-0.03773013237738893,-0.07230843464147407,0.09904153354632587,0
0.002357052956939648,0.013232170697987749,0.02,white,CORR_L2_f0.15,-0.009058670832562093,0.016107140594660008,0.004777912421342125,-0.05871879715624963,-0.037525558029161306,F6b,0.07285844035226856,0.1258014758367395,0.6421012496228374,0.1258014758367395,-0.11078750054600045,0.007740243276296459,-0.028971755972432917,-0.07035995596469663,0.09691160809371673,0
0.002357052956939648,0.013232170697987749,0.02,white,CORR_L2_f0.3,-0.009487089764519757,0.024448995813921057,0.008519919799660937,-0.05841253567404024,-0.040659810366823,F6b,0.06597308107702632,0.12537305690478184,0.6463235735608612,0.12537305690478184,-0.1024456453267394,0.011482250654615271,-0.02866549449022353,-0.07349420830235832,0.08732694355697551,0
0.002357052956939648,0.013232170697987749,0.02,white,CORR_L2_f0.5,-0.010538287270430144,0.02467956936964269,0.009105357473981472,-0.0658014026988027,-0.03633855616802161,F6b,0.07611219892326371,0.12432185939887146,0.6424126548472896,0.12432185939887146,-0.10221507177101777,0.012067688328935806,-0.036054361514986,-0.06917295410355694,0.07880724174653887,0
0.002357052956939648,0.013232170697987749,0.02,white,CORR_L2_f0.7,-0.016290049234185935,0.021448499812500063,0.017956556961192447,-0.06523232911365075,-0.03349490624525662,F6b,0.065330774152805,0.11857009743511567,0.6996064103286576,0.11857009743511567,-0.1054461413281604,0.02091888781614678,-0.03548528792983404,-0.06632930418079194,0.10543130990415335,0
0.002357052956939648,0.013232170697987749,0.02,white,CORR_L4_f0.0,-0.011560725022953133,0.03020125759415447,-0.013384479491468223,-0.07614491459616778,-0.040203631365143856,F6b,0.09446100587436358,0.12329942164634847,0.5777289147319681,0.12329942164634847,-0.09669338354650599,-0.01042214863651389,-0.04639787341235107,-0.07303802930067918,0.09158679446219382,0
0.002357052956939648,0.013232170697987749,0.02,white,CORR_L4_f0.15,-0.0030701838445830465,0.022396640224255027,-0.001331198467217957,-0.06530953602273937,-0.04167117098346499,F6b,0.08042944226135784,0.13178996282471855,0.6566593888775981,0.13178996282471855,-0.10449800091640543,0.0016311323877363764,-0.03556249483892266,-0.07450556891900031,0.12460063897763578,0
0.002357052956939648,0.013232170697987749,0.02,white,CORR_L4_f0.3,-0.013553004497680946,0.03462774960673315,0.012467818396962522,-0.07142624816817895,-0.054030857231013384,F6b,0.07488387059265424,0.12130714217162065,0.6381670547484756,0.12130714217162065,-0.09226689153392731,0.015430149251916856,-0.04167920698436225,-0.08686525516654871,0.09158679446219382,0
0.002357052956939648,0.013232170697987749,0.02,white,CORR_L4_f0.5,-0.010683993126173547,0.019287430405818345,-0.004457549298354615,-0.058321156080969765,-0.02942684799629814,F6b,0.07677250835931661,0.12417615354312805,0.6389489429359951,0.12417615354312805,-0.10760721073484211,-0.0014952184434002817,-0.028574114897153054,-0.062261245931833464,0.07880724174653887,0
0.002357052956939648,0.013232170697987749,0.02,white,CORR_L4_f0.7,-0.014854552042689428,0.023695528744740083,0.013513341844721105,-0.06424946547991614,-0.033693916572736606,F6b,0.06927403342441768,0.12000559462661217,0.7008874743708395,0.12000559462661217,-0.10319911239592038,0.01647567269967544,-0.034502424296099427,-0.06652831450827193,0.10649627263045794,0
0.002357052956939648,0.013232170697987749,0.02,white,CORR_L6_f0.0,-0.006256709535909871,0.023457381484276035,-0.03888108604692034,-0.06635408692694582,-0.030275031967703918,F6b,0.06866447149772187,0.12860343713339173,0.5393373197543292,0.12860343713339173,-0.10343725965638442,-0.035918755191966,-0.03660704574312911,-0.06310942990323924,0.0724174653887114,0
0.002357052956939648,0.013232170697987749,0.02,white,CORR_L6_f0.15,0.014781171261551457,0.018811265482640255,0.01961607215131094,-0.08346586961955944,-0.07810158349173202,F6b,0.09131605002111565,0.14964131793085306,0.6698660439084329,0.14964131793085306,-0.1080833756580202,0.022578403006265273,-0.05371882843574273,-0.11093598142726734,0.14057507987220447,0
0.002357052956939648,0.013232170697987749,0.02,white,CORR_L6_f0.3,-0.006000251437708243,0.031127296705701232,0.024451016433731,-0.07977335094522948,-0.08871149462095923,F6b,0.08871149462095923,0.12885989523159336,0.643571470878036,0.12885989523159336,-0.09576734443495923,0.027413347288685334,-0.05002630976141278,-0.12154589255649455,0.09584664536741214,0
0.002357052956939648,0.013232170697987749,0.02,white,CORR_L6_f0.5,-0.010683993126173547,0.019287430405818345,-0.004457549298354615,-0.058321156080969765,-0.02942684799629814,F6b,0.07677250835931661,0.12417615354312805,0.6389489429359951,0.12417615354312805,-0.10760721073484211,-0.0014952184434002817,-0.028574114897153054,-0.062261245931833464,0.07880724174653887,0
0.002357052956939648,0.013232170697987749,0.02,white,CORR_L6_f0.7,-0.014854552042689428,0.023695528744740083,0.013513341844721105,-0.06424946547991614,-0.033693916572736606,F6b,0.06927403342441768,0.12000559462661217,0.7008874743708395,0.12000559462661217,-0.10319911239592038,0.01647567269967544,-0.034502424296099427,-0.06652831450827193,0.10649627263045794,0
0.002357052956939648,0.013232170697987749,0.02,white,CORR_L10_f0.0,0.0020529483190348807,0.02139996401229892,-0.02630734330047865,-0.069417643135649,-0.028262433942982168,F6b,0.09987067682864265,0.13691309498833648,0.5516904365377645,0.13691309498833648,-0.10549467712836154,-0.023345012445524317,-0.03967060195183228,-0.06109683187851749,0.09158679446219382,0
0.002357052956939648,0.013232170697987749,0.02,white,CORR_L10_f0.15,0.010330387851390233,0.019322132192588284,0.013509951027017826,-0.07852822776933703,-0.07587930915656566,F6b,0.10854928852965365,0.14519053452069183,0.6780595113378411,0.14519053452069183,-0.10757250894807217,0.01647228188197216,-0.04878118658552032,-0.10871370709210099,0.1554845580404686,0
0.002357052956939648,0.013232170697987749,0.02,white,CORR_L10_f0.3,-0.007533951087751067,0.031073207551101434,0.027066458969850774,-0.0768791735361429,-0.08697649846245856,F6b,0.08697649846245856,0.12732619558155053,0.6451234185253462,0.12732619558155053,-0.09582143358955902,0.030028789824805106,-0.047132132352326196,-0.11981089639799387,0.0979765708200213,0
0.002357052956939648,0.013232170697987749,0.02,white,CORR_L10_f0.5,-0.010683993126173547,0.019287430405818345,-0.004457549298354615,-0.058321156080969765,-0.02942684799629814,F6b,0.07677250835931661,0.12417615354312805,0.6389489429359951,0.12417615354312805,-0.10760721073484211,-0.0014952184434002817,-0.028574114897153054,-0.062261245931833464,0.07880724174653887,0
0.002357052956939648,0.013232170697987749,0.02,white,CORR_L10_f0.7,-0.014854552042689428,0.023695528744740083,0.013513341844721105,-0.06424946547991614,-0.033693916572736606,F6b,0.06927403342441768,0.12000559462661217,0.7008874743708395,0.12000559462661217,-0.10319911239592038,0.01647567269967544,-0.034502424296099427,-0.06652831450827193,0.10649627263045794,0
0.002357052956939648,0.013232170697987749,0.02,white,CORR_L20_f0.0,0.0,0.0,0.0,0.0,0.0,F6b,0.0,0.1348601466693016,0.0,0.1348601466693016,-0.12689464114066046,0.0029623308549543335,0.02974704118381671,-0.032834397935535324,0.0,0
0.002357052956939648,0.013232170697987749,0.02,white,CORR_L20_f0.15,0.010728460612819818,0.019030073659781974,0.013078851102117891,-0.08230799125833063,-0.0744025613792389,F6b,0.10903912047400127,0.14558860728212142,0.6785872260364223,0.14558860728212142,-0.10786456748087848,0.016041181957072225,-0.05256095007451392,-0.10723695931477421,0.15654952076677317,0
0.002357052956939648,0.013232170697987749,0.02,white,CORR_L20_f0.3,-0.007533951087751067,0.031073207551101434,0.027066458969850774,-0.0768791735361429,-0.08697649846245856,F6b,0.08697649846245856,0.12732619558155053,0.6451234185253462,0.12732619558155053,-0.09582143358955902,0.030028789824805106,-0.047132132352326196,-0.11981089639799387,0.0979765708200213,0
0.002357052956939648,0.013232170697987749,0.02,white,CORR_L20_f0.5,-0.010683993126173547,0.019287430405818345,-0.004457549298354615,-0.058321156080969765,-0.02942684799629814,F6b,0.07677250835931661,0.12417615354312805,0.6389489429359951,0.12417615354312805,-0.10760721073484211,-0.0014952184434002817,-0.028574114897153054,-0.062261245931833464,0.07880724174653887,0
0.002357052956939648,0.013232170697987749,0.02,white,CORR_L20_f0.7,-0.014854552042689428,0.023695528744740083,0.013513341844721105,-0.06424946547991614,-0.033693916572736606,F6b,0.06927403342441768,0.12000559462661217,0.7008874743708395,0.12000559462661217,-0.10319911239592038,0.01647567269967544,-0.034502424296099427,-0.06652831450827193,0.10649627263045794,0
0.002357052956939648,0.013232170697987749,0.02,white,DITHER_s0.5,-0.0058240815603642915,0.07340385049902987,-0.07590985454158279,-0.043812066124189294,0.06662165486135094,F6b,0.07590985454158279,0.1290360651089373,0.038788915036144164,0.1290360651089373,-0.05349079064163059,-0.07294752368662846,-0.014065024940372588,0.03378725692581562,0.02023429179978701,0
0.002357052956939648,0.013232170697987749,0.02,white,DITHER_s1.0,0.007991933269318685,0.001738052884928537,0.014189606084008656,-0.014060512898466878,-0.0014488873549857867,F6b,0.025677062335522607,0.14285207993862029,0.016563757680728156,0.14285207993862029,-0.12515658825573192,0.01715193693896299,0.015686528285349832,-0.03428328529052111,0.021299254526091587,0
0.002357052956939648,0.013232170697987749,0.02,white,DITHER_s2.0,0.008480978198349087,-0.014690611614775362,-0.00042487808691564054,0.0024861544655763214,-0.012170974367746307,F6b,0.02125487691417637,0.1433411248676507,0.012696052816328178,0.1433411248676507,-0.14158525275543582,0.002537452768038693,0.03223319564939303,-0.04500537230328163,0.025559105431309903,0
0.002357052956939648,0.013232170697987749,0.02,white,DITHER_blind,-0.01846743685980999,0.027268438484942176,0.029803073934040757,0.006346173837753672,0.010432777580125539,F6b,0.038813626508135746,0.11639270980949161,0.030527328946656888,0.11639270980949161,-0.09962620265571828,0.03276540478899509,0.03609321502157038,-0.022401620355409785,0.012779552715654952,0
0.002357052956939648,0.013232170697987749,0.05,white,MEMLESS,-0.012535524526241515,0.004002586579788761,-0.014656414445724054,-0.06658226143138558,-0.03431624586122708,F6b,0.09175348357508128,0.1228920545608717,0.806038406307895,0.12232462214306009,-0.1228920545608717,-0.01169408359076972,-0.03683522024756888,-0.0671506437967624,0.1853035143769968,0
0.002357052956939648,0.013232170697987749,0.05,white,CORR_L2_f0.0,-0.01279926708099964,0.0006476486369788037,0.01614768198486583,-0.04162150851938185,-0.037239855101945184,F6b,0.09936277778090838,0.12624699250368165,0.7741253484629557,0.12206087958830196,-0.12624699250368165,0.01911001283982016,-0.01187446733556514,-0.07007425303748051,0.21938232161874335,0
0.002357052956939648,0.013232170697987749,0.05,white,CORR_L2_f0.15,-0.014098602026376791,0.010845875183561046,0.007178861599063153,-0.039157802656732736,-0.03234069502406698,F6b,0.09179768259420232,0.12076154464292481,0.7814830870994842,0.12076154464292481,-0.11604876595709941,0.010141192454017487,-0.009410761472916024,-0.0651750929596023,0.21299254526091588,0
0.002357052956939648,0.013232170697987749,0.05,white,CORR_L2_f0.3,-0.008848456250542036,0.009346522365160065,-0.003923204236166018,-0.04211059570207364,-0.029066903201219074,F6b,0.1046682437091628,0.12601169041875956,0.7929016484874495,0.12601169041875956,-0.1175481187755004,-0.0009608733812116845,-0.012363554518256934,-0.0619013011367544,0.2066027689030884,0
0.002357052956939648,0.013232170697987749,0.05,white,CORR_L2_f0.5,-0.013494347332191181,0.0068311925251969136,0.015525201190272902,-0.03635056322282442,-0.026570270662920427,F6b,0.11932171566484126,0.12136579933711042,0.7968230188570811,0.12136579933711042,-0.12006344861546354,0.018487532045227236,-0.006603522039007709,-0.05940466859845575,0.19169329073482427,0
0.002357052956939648,0.013232170697987749,0.05,white,CORR_L2_f0.7,-0.0156466317755274,0.0015174485837129437,0.007847004289632316,-0.03604418182624533,-0.022495882192547854,F6b,0.10702534306191389,0.12537719255694751,0.7900145079388076,0.1192135148937742,-0.12537719255694751,0.01080933514458665,-0.006297140642428622,-0.05533028012808318,0.17465388711395102,0
0.002357052956939648,0.013232170697987749,0.05,white,CORR_L4_f0.0,0.0035922892746541035,0.020325363909751745,0.0007438585915059141,-0.09142643504374445,-0.048856882078794524,F6b,0.098484260559287,0.1384524359439557,0.7556604515402146,0.1384524359439557,-0.10656927723090871,0.0037061894464602476,-0.061679393859927746,-0.08169128001432985,0.26198083067092653,0
0.002357052956939648,0.013232170697987749,0.05,white,CORR_L4_f0.15,-0.0037184345668476726,1.6468008367825915e-05,-0.00018364515709844587,-0.07711315558494894,-0.03359834900860672,F6b,0.09959080144699647,0.13114171210245393,0.7799672678606426,0.13114171210245393,-0.12687817313229263,0.0027786856978558876,-0.047366114401132225,-0.06643274694414204,0.2470713525026624,0
0.002357052956939648,0.013232170697987749,0.05,white,CORR_L4_f0.3,0.0025917873496373034,-0.0030559383484474456,0.006629131848775361,-0.06358007377293776,-0.038154804165737,F6b,0.10790775347525003,0.1374519340189389,0.7903898928532124,0.1374519340189389,-0.1299505794891079,0.009591462703729695,-0.03383303258912105,-0.07098920210127233,0.21831735889243875,0
0.002357052956939648,0.013232170697987749,0.05,white,CORR_L4_f0.5,-0.006802206578041953,0.029035445259719114,0.03292684829300803,-0.05101256731802993,-0.033441169374593994,F6b,0.11315175141584038,0.12805794009125965,0.8025537147380976,0.12805794009125965,-0.09785919588094134,0.035889179147962365,-0.021265526134213224,-0.06627556731012932,0.20234291799787008,0
0.002357052956939648,0.013232170697987749,0.05,white,CORR_L4_f0.7,-0.010932968704231799,0.007371381702426502,0.013051941340366824,-0.04184866778854451,-0.021441434808466643,F6b,0.09919561775395608,0.1239271779650698,0.7926400376596084,0.1239271779650698,-0.11952325943823396,0.016014272195321158,-0.012101626604727795,-0.05427583274400197,0.17784877529286475,0
0.002357052956939648,0.013232170697987749,0.05,white,CORR_L6_f0.0,0.01762218273584787,0.005283954493466539,0.01107748789324532,-0.056856260834112486,-0.06106008732015374,F6b,0.07182161773821054,0.15248232940514947,0.7293202836304481,0.15248232940514947,-0.12161068664719392,0.014039818748199654,-0.027109219650295776,-0.09389448525568907,0.24920127795527156,0
0.002357052956939648,0.013232170697987749,0.05,white,CORR_L6_f0.15,0.013533761708263592,0.012817561832271826,0.028417253480476985,-0.07920724578462156,-0.04394588149742185,F6b,0.09969016160296085,0.1483939083775652,0.7584016779831103,0.1483939083775652,-0.11407707930838863,0.03137958433543132,-0.04946020460080485,-0.07678027943295718,0.22790202342917998,0
0.002357052956939648,0.013232170697987749,0.05,white,CORR_L6_f0.3,0.007246467660524336,-0.0006669658549840474,0.013719194807572358,-0.0665621609618368,-0.04086890303855969,F6b,0.10570409604451486,0.14210661432982594,0.7963115019513847,0.14210661432982594,-0.1275616069956445,0.016681525662526692,-0.036815119778020086,-0.07370330097409501,0.23109691160809373,0
0.002357052956939648,0.013232170697987749,0.05,white,CORR_L6_f0.5,-0.004307695831882147,0.027953742395284892,0.03158178124412651,-0.05287146755515035,-0.035594829844227856,F6b,0.11343970949335638,0.13055245083741945,0.8037590989553519,0.13055245083741945,-0.09894089874537557,0.03454411209908084,-0.023124426371333634,-0.06842922777976318,0.2055378061767838,0
0.002357052956939648,0.013232170697987749,0.05,white,CORR_L6_f0.7,-0.014934943126923075,0.0029778674325563192,0.007468237702380649,-0.03815037847774089,-0.022715771829510054,F6b,0.0978297799729313,0.12391677370810414,0.7902246849550998,0.11992520354237853,-0.12391677370810414,0.010430568557334983,-0.008403337293924179,-0.05555016976504538,0.17465388711395102,0
0.002357052956939648,0.013232170697987749,0.05,white,CORR_L10_f0.0,0.009823926795666987,-0.0007783292571402756,-0.006000347139636595,-0.04722086043342846,-0.03821969851132497,F6b,0.07459883171910386,0.1446840734649686,0.7264856086609194,0.1446840734649686,-0.12767297039780073,-0.003038016284682262,-0.017473819249611753,-0.0710540964468603,0.28647497337593186,0
0.002357052956939648,0.013232170697987749,0.05,white,CORR_L10_f0.15,0.01035902410565892,0.010807672049058886,0.023373457633299653,-0.07796592929065096,-0.047243926866485035,F6b,0.09578165809065309,0.14521917077496052,0.7656464108386868,0.14521917077496052,-0.11608696909160157,0.026335788488253985,-0.04821888810683426,-0.08007832480202036,0.24068157614483493,0
0.002357052956939648,0.013232170697987749,0.05,white,CORR_L10_f0.3,0.005438288878348574,-0.002170063454624116,0.014434241919490583,-0.06258325515622452,-0.038111735036648296,F6b,0.11270191701622859,0.14029843554765017,0.7994744845137839,0.14029843554765017,-0.12906470459528457,0.017396572774444917,-0.03283621397240782,-0.07094613297218362,0.2364217252396166,0
0.002357052956939648,0.013232170697987749,0.05,white,CORR_L10_f0.5,-0.00574218097705817,0.02802675091410199,0.034300057491734856,-0.049865563663196805,-0.03373999605664562,F6b,0.1121866195327898,0.12911796569224343,0.8053110466026622,0.12911796569224343,-0.09886789022655847,0.03726238834668919,-0.02011852247938009,-0.06657439399218094,0.20766773162939298,0
0.002357052956939648,0.013232170697987749,0.05,white,CORR_L10_f0.7,-0.014934943126923075,0.0029778674325563192,0.007468237702380649,-0.03815037847774089,-0.022715771829510054,F6b,0.0978297799729313,0.12391677370810414,0.7902246849550998,0.11992520354237853,-0.12391677370810414,0.010430568557334983,-0.008403337293924179,-0.05555016976504538,0.17465388711395102,0
0.002357052956939648,0.013232170697987749,0.05,white,CORR_L20_f0.0,0.0024144027909533683,0.017764626917201168,-0.013083203019835019,-0.03310837547144844,-0.008017656334832292,F6b,0.06716714205612637,0.13727454946025497,0.6738264135658544,0.13727454946025497,-0.10913001422345929,-0.010120872164880685,-0.003361334287631728,-0.040852054270367616,0.2577209797657082,0
0.002357052956939648,0.013232170697987749,0.05,white,CORR_L20_f0.15,0.009284356202499566,0.013123861177142815,0.024135496335354993,-0.0759486256162338,-0.048982608190911554,F6b,0.10148062094517374,0.14414450287180117,0.7715513150130089,0.14414450287180117,-0.11377077996351764,0.027097827190309325,-0.04620158443241709,-0.08181700612644688,0.25026624068157616,0
0.002357052956939648,0.013232170697987749,0.05,white,CORR_L20_f0.3,0.005438288878348574,-0.002170063454624116,0.014434241919490583,-0.06258325515622452,-0.038111735036648296,F6b,0.11270191701622859,0.14029843554765017,0.7994744845137839,0.14029843554765017,-0.12906470459528457,0.017396572774444917,-0.03283621397240782,-0.07094613297218362,0.2364217252396166,0
0.002357052956939648,0.013232170697987749,0.05,white,CORR_L20_f0.5,-0.00574218097705817,0.02802675091410199,0.034300057491734856,-0.049865563663196805,-0.03373999605664562,F6b,0.1121866195327898,0.12911796569224343,0.8053110466026622,0.12911796569224343,-0.09886789022655847,0.03726238834668919,-0.02011852247938009,-0.06657439399218094,0.20766773162939298,0
0.002357052956939648,0.013232170697987749,0.05,white,CORR_L20_f0.7,-0.014934943126923075,0.0029778674325563192,0.007468237702380649,-0.03815037847774089,-0.022715771829510054,F6b,0.0978297799729313,0.12391677370810414,0.7902246849550998,0.11992520354237853,-0.12391677370810414,0.010430568557334983,-0.008403337293924179,-0.05555016976504538,0.17465388711395102,0
0.002357052956939648,0.013232170697987749,0.05,white,DITHER_s0.5,-0.12962767104504308,0.06883693809445579,0.07806964450800236,0.061464220632043376,-0.005147734834359638,F6b,0.12962767104504308,0.09475247421141024,0.14962669636700193,0.005232475624258514,-0.05805770304620467,0.08103197536295668,0.09121126181586009,-0.03798213276989496,0.042598509052183174,0
0.002357052956939648,0.013232170697987749,0.05,white,DITHER_s1.0,-0.04539653327343751,0.029433128936305175,0.03415115035131267,-0.0028973014385990023,0.0029794006879012916,F6b,0.06120359114429172,0.09746151220435528,0.08232364247337964,0.08946361339586409,-0.09746151220435528,0.03711348120626701,0.026849739745217708,-0.029854997247634033,0.051118210862619806,0
0.002357052956939648,0.013232170697987749,0.05,white,DITHER_s2.0,-0.023138782015616338,0.043746037315462435,-0.029835520690125954,-0.008328148137074193,0.02676379333558921,F6b,0.07069561634764115,0.11172136465368526,0.08671508345433028,0.11172136465368526,-0.08314860382519802,-0.02687318983517162,0.021418893046742517,-0.006070604599946116,0.04898828541001065,0
0.002357052956939648,0.013232170697987749,0.05,white,DITHER_blind,-0.030229276036890795,-0.016084712774933924,-0.01985641055983509,0.0008902569470988463,0.0175495669273572,F6b,0.030229276036890795,0.14297935391559438,0.0376784516376539,0.1046308706324108,-0.14297935391559438,-0.016894079704880757,0.030637298130915556,-0.015284831008178122,0.054313099041533544,0
0.002357052956939648,0.013232170697987749,0.1,white,MEMLESS,-0.020714620526969374,-0.022785983001020915,-0.025866319225156767,-0.05955167641101978,-0.01955278472882608,F6b,0.07165812415614045,0.14968062414168137,0.8617306403098121,0.11414552614233223,-0.14968062414168137,-0.022903988370202435,-0.02980463522720307,-0.052387182664361404,0.25559105431309903,0
0.002357052956939648,0.013232170697987749,0.1,white,CORR_L2_f0.0,0.014636101970496862,-0.01663314214265993,0.009553237224779942,-0.05363101001166003,-0.020842100070483212,F6b,0.08558713874898827,0.14949624863979846,0.8517594073948975,0.14949624863979846,-0.1435277832833204,0.012515568079734276,-0.02388396882784332,-0.053676498006018536,0.33865814696485624,0
0.002357052956939648,0.013232170697987749,0.1,white,CORR_L2_f0.15,0.010980519298479097,-0.016344278561727515,0.006690346980245267,-0.05537512792333593,-0.016452154550297186,F6b,0.08673843519290803,0.1458406659677807,0.8536819835936336,0.1458406659677807,-0.14323891970238797,0.0096526778351996,-0.025628086739519218,-0.04928655248583251,0.3194888178913738,0
0.002357052956939648,0.013232170697987749,0.1,white,CORR_L2_f0.3,0.01648657015023669,-0.018382870997513956,0.003611405926799509,-0.04408932687553156,0.0010513961353989382,F6b,0.08273505264377906,0.1513467168195383,0.87047498103252,0.1513467168195383,-0.14527751213817441,0.006573736781753842,-0.014342285691714854,-0.031783001800136386,0.3226837060702875,0
0.002357052956939648,0.013232170697987749,0.1,white,CORR_L2_f0.5,0.014227860900319966,-0.005074024479538308,-0.009408611160970134,-0.04997370638787922,-0.009052954679094172,F6b,0.07069808723480031,0.14908800756962157,0.8765436695328097,0.14908800756962157,-0.13196866562019877,-0.0064462803060158,-0.020226665204062508,-0.041887352614629496,0.3045793397231097,0
0.002357052956939648,0.013232170697987749,0.1,white,CORR_L2_f0.7,-0.0018591885195272106,-0.017718582475039685,-0.017000481436231667,-0.05253951731039412,-0.0156361088960328,F6b,0.07469241987527836,0.14461322361570014,0.8787833600056798,0.1330009581497744,-0.14461322361570014,-0.014038150581277333,-0.02279247612657741,-0.04847050683156812,0.29073482428115016,0
0.002357052956939648,0.013232170697987749,0.1,white,CORR_L4_f0.0,-0.012190012786262236,0.006455586826701221,-0.022544078481063278,-0.07502135499371132,-0.05044497695565315,F6b,0.08084732350517843,0.12267013388303936,0.8311802049129065,0.12267013388303936,-0.12043905431395924,-0.019581747626108946,-0.045274313809894606,-0.08327937489118847,0.3908413205537806,0
0.002357052956939648,0.013232170697987749,0.1,white,CORR_L4_f0.15,-0.003675404457668091,-0.008178675298458365,-3.562972029136748e-05,-0.06341926455068468,-0.022791526368433936,F6b,0.0836358290167535,0.13507331643911882,0.855067671622976,0.1311847422116335,-0.13507331643911882,0.002926701134662966,-0.033672223366867975,-0.05562592430396926,0.36741214057507987,0
0.002357052956939648,0.013232170697987749,0.1,white,CORR_L4_f0.3,0.007381816479979181,0.0028550429394434834,-0.0061666580543561,-0.0697950360550791,-0.019324184713543156,F6b,0.07945752749940588,0.14224196314928078,0.8603904810223061,0.14224196314928078,-0.12403959820121697,-0.003204327199401766,-0.040047994871262385,-0.05215858264907848,0.3258785942492013,0
0.002357052956939648,0.013232170697987749,0.1,white,CORR_L4_f0.5,0.018125220758165972,-0.0056963492700321805,-0.016219824908620815,-0.0622319049457114,-0.01033494395238728,F6b,0.07700683783460918,0.15298536742746757,0.8742387819964951,0.15298536742746757,-0.13259099041069264,-0.013257494053666483,-0.032484863761894696,-0.0431693418879226,0.30564430244941426,0
0.002357052956939648,0.013232170697987749,0.1,white,CORR_L4_f0.7,0.0012719411725718999,-0.011721662125836863,-0.010703150805497837,-0.04790364480505721,-0.019011378118263887,F6b,0.07518760222775005,0.13861630326649732,0.8786977947664264,0.1361320878418735,-0.13861630326649732,-0.007740819950543504,-0.018156603621240504,-0.05184577605379921,0.2928647497337593,0
0.002357052956939648,0.013232170697987749,0.1,white,CORR_L6_f0.0,-0.009442081434529681,-0.005277942917725709,-0.007856378548457396,-0.03967138676760289,-0.02401747901999135,F6b,0.07733367446547927,0.13217258405838617,0.845667003983835,0.12541806523477192,-0.13217258405838617,-0.004894047693503063,-0.00992434558378618,-0.056851876955526674,0.45580404685835996,0
0.002357052956939648,0.013232170697987749,0.1,white,CORR_L6_f0.15,-0.0009401804369257583,0.003537900660169513,0.01615233294690217,-0.05125824798731208,-0.026438478363160343,F6b,0.09003433143135961,0.13391996623237584,0.8407111549958396,0.13391996623237584,-0.12335674048049095,0.019114663801856502,-0.02151120680349537,-0.05927287629869567,0.3599574014909478,0
0.002357052956939648,0.013232170697987749,0.1,white,CORR_L6_f0.3,0.0056334862575214695,0.005488415750450518,-0.002871803751819871,-0.07125888253241688,-0.026521631407743017,F6b,0.08949852732718952,0.14049363292682307,0.866998402266546,0.14049363292682307,-0.12140622539020994,9.052710313446253e-05,-0.04151184134860018,-0.05935602934327834,0.3450479233226837,0
0.002357052956939648,0.013232170697987749,0.1,white,CORR_L6_f0.5,0.011530417406977966,-0.005097580260494977,-0.01501012942884626,-0.06469416185301909,-0.012555735630480978,F6b,0.07467749492353451,0.14639056407627957,0.8773336779977213,0.14639056407627957,-0.13199222140115544,-0.012047798573891925,-0.03494712066920238,-0.0453901335660163,0.31309904153354634,0
0.002357052956939648,0.013232170697987749,0.1,white,CORR_L6_f0.7,0.0012719411725718999,-0.011721662125836863,-0.010703150805497837,-0.04790364480505721,-0.019011378118263887,F6b,0.07518760222775005,0.13861630326649732,0.8786977947664264,0.1361320878418735,-0.13861630326649732,-0.007740819950543504,-0.018156603621240504,-0.05184577605379921,0.2928647497337593,0
0.002357052956939648,0.013232170697987749,0.1,white,CORR_L10_f0.0,0.0055918529790697225,-0.017466436882006053,-0.015013825484256857,-0.03436349171859367,-0.02270291299825216,F6b,0.048549177722851285,0.1443610780226665,0.8706792109647582,0.14045199964837132,-0.1443610780226665,-0.012051494629302523,-0.004616450534776958,-0.055537310933787484,0.5623003194888179,0
0.002357052956939648,0.013232170697987749,0.1,white,CORR_L10_f0.15,-0.0040245226330817285,-0.0014572943520420323,0.011328277509909014,-0.05177215006121698,-0.02483220944969721,F6b,0.07951393548956961,0.13083562403621987,0.845705632092113,0.13083562403621987,-0.1283519354927025,0.014290608364863348,-0.022025108877400265,-0.057666607385232535,0.37486687965921195,0
0.002357052956939648,0.013232170697987749,0.1,white,CORR_L10_f0.3,0.007105030473594898,0.0061039208621183755,-0.005412301054541976,-0.07388853535369663,-0.027509680294106963,F6b,0.09004852040940073,0.1419651771428965,0.8696824717620641,0.1419651771428965,-0.12079072027854208,-0.0024499701995876434,-0.044141494169879926,-0.06034407822964229,0.35356762513312034,0
0.002357052956939648,0.013232170697987749,0.1,white,CORR_L10_f0.5,0.011530417406977966,-0.005097580260494977,-0.01501012942884626,-0.06469416185301909,-0.012555735630480978,F6b,0.07467749492353451,0.14639056407627957,0.8773336779977213,0.14639056407627957,-0.13199222140115544,-0.012047798573891925,-0.03494712066920238,-0.0453901335660163,0.31309904153354634,0
0.002357052956939648,0.013232170697987749,0.1,white,CORR_L10_f0.7,0.0012719411725718999,-0.011721662125836863,-0.010703150805497837,-0.04790364480505721,-0.019011378118263887,F6b,0.07518760222775005,0.13861630326649732,0.8786977947664264,0.1361320878418735,-0.13861630326649732,-0.007740819950543504,-0.018156603621240504,-0.05184577605379921,0.2928647497337593,0
0.002357052956939648,0.013232170697987749,0.1,white,CORR_L20_f0.0,0.010057702484499248,-0.008677018640354833,0.010463168225998715,-0.03480612500095539,-0.024138643336393747,F6b,0.042006036109643,0.14491784915380085,0.8295137206370254,0.14491784915380085,-0.1355716597810153,0.013425499080953049,-0.005059083817138676,-0.05697304127192907,0.5175718849840255,0
0.002357052956939648,0.013232170697987749,0.1,white,CORR_L20_f0.15,-0.0049328405438064105,0.0023761769839154706,0.010366179194579024,-0.05444384447680256,-0.03370625607259355,F6b,0.07812925235077783,0.1299273061254952,0.8420045348516924,0.1299273061254952,-0.12451846415674499,0.013328510049533358,-0.02469680329298585,-0.06654065400812888,0.369542066027689,0
0.002357052956939648,0.013232170697987749,0.1,white,CORR_L20_f0.3,0.007580258294511921,0.0059137606837555284,-0.005752845435153397,-0.07287476228640051,-0.027435388196541552,F6b,0.09061962176156868,0.14244040496381352,0.8702101864606452,0.14244040496381352,-0.12098088045690493,-0.0027905145801990633,-0.0431277211025838,-0.060269786132076876,0.3546325878594249,0
0.002357052956939648,0.013232170697987749,0.1,white,CORR_L20_f0.5,0.011530417406977966,-0.005097580260494977,-0.01501012942884626,-0.06469416185301909,-0.012555735630480978,F6b,0.07467749492353451,0.14639056407627957,0.8773336779977213,0.14639056407627957,-0.13199222140115544,-0.012047798573891925,-0.03494712066920238,-0.0453901335660163,0.31309904153354634,0
0.002357052956939648,0.013232170697987749,0.1,white,CORR_L20_f0.7,0.0012719411725718999,-0.011721662125836863,-0.010703150805497837,-0.04790364480505721,-0.019011378118263887,F6b,0.07518760222775005,0.13861630326649732,0.8786977947664264,0.1361320878418735,-0.13861630326649732,-0.007740819950543504,-0.018156603621240504,-0.05184577605379921,0.2928647497337593,0
0.002357052956939648,0.013232170697987749,0.1,white,DITHER_s0.5,-0.08536253857887117,0.13520566374933302,0.06294787470259394,0.1017293308831756,0.06848677065816457,F6b,0.13520566374933302,0.1314763720669923,0.154902250843553,0.049497608090430426,0.008311022608672553,0.06591020555754827,0.1314763720669923,0.03565237272262924,0.11075612353567625,0
0.002357052956939648,0.013232170697987749,0.1,white,DITHER_s1.0,0.035798234299310616,0.07006886947567774,-0.09268454333921139,-0.021901844656371766,0.0864713407401605,F6b,0.09268454333921139,0.17065838096861222,0.06673437859657765,0.17065838096861222,-0.05682577166498272,-0.08972221248425706,0.007845196527444944,0.05363694280462517,0.07135250266240682,0
0.002357052956939648,0.013232170697987749,0.1,white,DITHER_s2.0,-0.0014132989746487579,0.02900763235785743,-0.016361199505301245,-0.01673257697653186,0.04062880775256996,F6b,0.04572254942339226,0.13344684769465284,0.06807832081596725,0.13344684769465284,-0.09788700878280303,-0.013398868650346913,0.013014464207284849,0.007794409817034636,0.10010649627263046,0
0.002357052956939648,0.013232170697987749,0.1,white,DITHER_blind,-0.04824266663991461,0.024933431950510843,-0.02652299512393529,-0.0532897517663534,-0.02504802451422864,F6b,0.05625225908494324,0.10196120919014962,0.0776293475612128,0.08661748002938699,-0.10196120919014962,-0.023560664268980958,-0.02354271058253669,-0.057882422449763965,0.10117145899893504,0
0.002357052956939648,0.013232170697987749,0.2,white,MEMLESS,-0.017890909974254826,7.374911719162935e-05,0.001343620354251477,-0.05265057869980202,-0.007589290612426643,F6b,0.05265057869980202,0.12682089202346883,0.9380306476785552,0.11696923669504677,-0.12682089202346883,0.00430595120920581,-0.022903537515985308,-0.04042368854796197,0.4142705005324814,0
0.002357052956939648,0.013232170697987749,0.2,white,CORR_L2_f0.0,0.017385309561849138,-0.035765924131464566,-0.0014058821906068693,-0.06727519339301534,-0.019799059248265236,F6b,0.07587862817570665,0.16266056527212502,0.9089433016984092,0.15224545623115074,-0.16266056527212502,0.0015564486643474642,-0.03752815220919863,-0.05263345718380056,0.4685835995740149,0
0.002357052956939648,0.013232170697987749,0.2,white,CORR_L2_f0.15,0.01261914394311428,-0.029635668733396264,0.0007971805129345748,-0.06429065020930097,-0.013790451017041294,F6b,0.06429065020930097,0.15653030987405672,0.922465712050603,0.14747929061241588,-0.15653030987405672,0.0037595113678889082,-0.034543609025484256,-0.04662484895257662,0.4749733759318424,0
0.002357052956939648,0.013232170697987749,0.2,white,CORR_L2_f0.3,0.0046595405766968745,-0.02068316187160882,-0.00805218850254783,-0.06407046484547932,-0.01308453289634106,F6b,0.06407046484547932,0.14757780301226928,0.9267703514233305,0.13951968724599847,-0.14757780301226928,-0.005089857647593497,-0.034323423661662605,-0.045918930831876384,0.45260915867944623,0
0.002357052956939648,0.013232170697987749,0.2,white,CORR_L2_f0.5,0.00029970466001635887,-0.0170965080990986,-0.02123921646799946,-0.058522785211874276,-0.00471282076171578,F6b,0.058522785211874276,0.14399114923975906,0.9296328442701592,0.13515985132931796,-0.14399114923975906,-0.018276885613045128,-0.02877574402805757,-0.037547218697251104,0.42705005324813633,0
0.002357052956939648,0.013232170697987749,0.2,white,CORR_L2_f0.7,-0.0026858298983548634,-0.001171550990330672,-0.010237591596990132,-0.0498708319055399,-0.017146094530532945,F6b,0.0498708319055399,0.13217431677094674,0.9368046968517376,0.13217431677094674,-0.12806619213099113,-0.007275260742035798,-0.020123790721723184,-0.04998049246606827,0.4217252396166134,0
0.002357052956939648,0.013232170697987749,0.2,white,CORR_L4_f0.0,0.013750929529735334,-0.004403916315159961,-0.02775381485773001,-0.056477226891987614,-0.012780814886518652,F6b,0.056477226891987614,0.14861107619903693,0.9100949603852988,0.14861107619903693,-0.13129855745582042,-0.024791484002775678,-0.026730185708170907,-0.045615212822053976,0.5729499467518637,0
0.002357052956939648,0.013232170697987749,0.2,white,CORR_L4_f0.15,0.00896976140957853,-0.0021309157542289403,-0.02166368032419714,-0.048623645517530775,-0.0203187905883837,F6b,0.04992365146949525,0.14382990807888013,0.9243771550926512,0.14382990807888013,-0.1290255568948894,-0.018701349469242807,-0.01887660433371407,-0.05315318852391902,0.54419595314164,0
0.002357052956939648,0.013232170697987749,0.2,white,CORR_L4_f0.3,0.004416574032602205,-0.023322653700009688,-0.006462289521010986,-0.05438625202387827,-0.020257463149800578,F6b,0.06012480984191675,0.15021729484067015,0.9270231635004436,0.1392767207019038,-0.15021729484067015,-0.0034999586660566517,-0.02463921084006156,-0.0530918610853359,0.48775292864749736,0
0.002357052956939648,0.013232170697987749,0.2,white,CORR_L4_f0.5,0.0048921437714228855,-0.0033846511731910056,-0.007457989756411933,-0.05224945514229174,-0.0028415062855494527,F6b,0.05224945514229174,0.13975229044072449,0.9374933029421619,0.13975229044072449,-0.13027929231385146,-0.0044956589014576,-0.02250241395847503,-0.03567590422108478,0.45686900958466453,0
0.002357052956939648,0.013232170697987749,0.2,white,CORR_L4_f0.7,-0.012924432051815149,0.007552625184641434,-0.006866867079455651,-0.0454266867771075,-0.007349272719690346,F6b,0.0454266867771075,0.12193571461748645,0.9325562308012303,0.12193571461748645,-0.11934201595601902,-0.003904536224501317,-0.01567964559329079,-0.04018367065522567,0.4110756123535676,0
0.002357052956939648,0.013232170697987749,0.2,white,CORR_L6_f0.0,-0.0020076829204863644,-0.013557820547395988,-0.006384801448918015,-0.03885415032421337,-0.009999256860309932,F6b,0.04344211676144059,0.14045246168805645,0.9090867778207605,0.13285246374881524,-0.14045246168805645,-0.0034224705939636807,-0.009107109140396655,-0.04283365479584526,0.6166134185303515,0
0.002357052956939648,0.013232170697987749,0.2,white,CORR_L6_f0.15,0.00024550973443271396,-0.003971985540983519,-0.017853827331151595,-0.04356006077484127,-0.020655777390955754,F6b,0.04356006077484127,0.13510565640373431,0.9295062707547179,0.13510565640373431,-0.13086662668164398,-0.014891496476197261,-0.013813019591024562,-0.05349017532649108,0.5729499467518637,0
0.002357052956939648,0.013232170697987749,0.2,white,CORR_L6_f0.3,-0.003973587882739327,-0.011403123081779293,-0.007430493626110233,-0.0563875717322272,-0.029138295662945533,F6b,0.0563875717322272,0.13829776422243975,0.9257926646311675,0.13088655878656227,-0.13829776422243975,-0.004468162771155899,-0.02664053054841049,-0.06197269359848086,0.483493077742279,0
0.002357052956939648,0.013232170697987749,0.2,white,CORR_L6_f0.5,0.005701367758120107,-0.003086981043015108,-0.00751104145498915,-0.052499969482508145,-0.008838061984679783,F6b,0.052499969482508145,0.1405615144274217,0.939198992159231,0.1405615144274217,-0.12998162218367557,-0.004548710600034816,-0.022752928298691435,-0.04167245992021511,0.46112886048988283,0
0.002357052956939648,0.013232170697987749,0.2,white,CORR_L6_f0.7,-0.012589657022548231,0.006970744681019034,-0.007443489712778117,-0.04911081852930673,-0.009419565229570187,F6b,0.04911081852930673,0.12227048964675337,0.9330119794321146,0.12227048964675337,-0.11992389645964142,-0.004481158857823783,-0.01936377734549002,-0.04225396316510551,0.41214057507987223,0
0.002357052956939648,0.013232170697987749,0.2,white,CORR_L10_f0.0,0.01129023682144889,-0.01772118927360869,-0.006049367900949692,-0.022547759859068747,-0.012641350138756051,F6b,0.05278911293327208,0.1461503834907505,0.9088088163664682,0.1461503834907505,-0.14461583041426915,-0.003087037045995359,0.007199281324747961,-0.045475748074291375,0.6528221512247071,0
0.002357052956939648,0.013232170697987749,0.2,white,CORR_L10_f0.15,0.0043637989125625,-0.010895594375367718,-0.01968108001779956,-0.04157090229218255,-0.027273860796796758,F6b,0.04608615528247225,0.1392239455818641,0.9318142024206779,0.1392239455818641,-0.13779023551602818,-0.01671874916284523,-0.011823861108365835,-0.06010825873233208,0.5931842385516507,0
0.002357052956939648,0.013232170697987749,0.2,white,CORR_L10_f0.3,-0.003459291454230601,-0.011484071606072566,-0.007609322153201481,-0.0552850990993977,-0.02764305888523027,F6b,0.0552850990993977,0.13837871274673302,0.9259146756869281,0.131400855215071,-0.13837871274673302,-0.004646991298247147,-0.025538057915580992,-0.06047745682076559,0.48562300319488816,0
0.002357052956939648,0.013232170697987749,0.2,white,CORR_L10_f0.5,0.005701367758120107,-0.003086981043015108,-0.00751104145498915,-0.052499969482508145,-0.008838061984679783,F6b,0.052499969482508145,0.1405615144274217,0.939198992159231,0.1405615144274217,-0.12998162218367557,-0.004548710600034816,-0.022752928298691435,-0.04167245992021511,0.46112886048988283,0
0.002357052956939648,0.013232170697987749,0.2,white,CORR_L10_f0.7,-0.012589657022548231,0.006970744681019034,-0.007443489712778117,-0.04911081852930673,-0.009419565229570187,F6b,0.04911081852930673,0.12227048964675337,0.9330119794321146,0.12227048964675337,-0.11992389645964142,-0.004481158857823783,-0.01936377734549002,-0.04225396316510551,0.41214057507987223,0
0.002357052956939648,0.013232170697987749,0.2,white,CORR_L20_f0.0,0.0023031961763801956,-0.010808844660771866,0.011486100261929515,0.004777404973364322,-0.006862318108225109,F6b,0.03060404987390521,0.13770348580143232,0.9427260011722239,0.1371633428456818,-0.13770348580143232,0.01444843111688385,0.03452444615718103,-0.03969671604376043,0.7784877529286475,0
0.002357052956939648,0.013232170697987749,0.2,white,CORR_L20_f0.15,0.00553047097037801,-0.00829077942597714,-0.01572656973928821,-0.04012956038660334,-0.027877971409312224,F6b,0.04012956038660334,0.1403906176396796,0.9336429401086703,0.1403906176396796,-0.1351854205666376,-0.012764238884333878,-0.010382519202786631,-0.06071236934484755,0.5995740149094781,0
0.002357052956939648,0.013232170697987749,0.2,white,CORR_L20_f0.3,-0.003459291454230601,-0.011484071606072566,-0.007609322153201481,-0.0552850990993977,-0.02764305888523027,F6b,0.0552850990993977,0.13837871274673302,0.9259146756869281,0.131400855215071,-0.13837871274673302,-0.004646991298247147,-0.025538057915580992,-0.06047745682076559,0.48562300319488816,0
0.002357052956939648,0.013232170697987749,0.2,white,CORR_L20_f0.5,0.005701367758120107,-0.003086981043015108,-0.00751104145498915,-0.052499969482508145,-0.008838061984679783,F6b,0.052499969482508145,0.1405615144274217,0.939198992159231,0.1405615144274217,-0.12998162218367557,-0.004548710600034816,-0.022752928298691435,-0.04167245992021511,0.46112886048988283,0
0.002357052956939648,0.013232170697987749,0.2,white,CORR_L20_f0.7,-0.012589657022548231,0.006970744681019034,-0.007443489712778117,-0.04911081852930673,-0.009419565229570187,F6b,0.04911081852930673,0.12227048964675337,0.9330119794321146,0.12227048964675337,-0.11992389645964142,-0.004481158857823783,-0.01936377734549002,-0.04225396316510551,0.41214057507987223,0
0.002357052956939648,0.013232170697987749,0.2,white,DITHER_s0.5,-0.18252816512301903,0.18473500722170105,-0.06202752084109108,0.01931449268528952,0.12207579510649716,F6b,0.18473500722170105,0.08924139717096184,0.29086258346134825,-0.047668018453717424,0.05784036608104059,-0.059065189986136746,0.04906153386910623,0.08924139717096184,0.2055378061767838,0
0.002357052956939648,0.013232170697987749,0.2,white,DITHER_s1.0,-0.07315636191238885,0.19767965091640888,0.038394162986391374,-0.1145522648999175,0.03812269623999024,F6b,0.19767965091640888,0.08480522371610079,0.20068027834060922,0.06170378475691275,0.07078500977574843,0.04135649384134571,-0.08480522371610079,0.005288298304454917,0.2012779552715655,0
0.002357052956939648,0.013232170697987749,0.2,white,DITHER_s2.0,-0.13218597810204613,0.07549478722983821,0.06004598625168479,-0.08788152222787175,0.005538439972758956,F6b,0.13218597810204613,0.06300831710663912,0.21511743448122891,0.00267416856725548,-0.05139985391082224,0.06300831710663912,-0.058134481044055046,-0.027295957962776368,0.19488817891373802,0
0.002357052956939648,0.013232170697987749,0.2,white,DITHER_blind,-0.0459419784826971,0.18123985781742113,0.05587139225388327,0.04501424179810255,-0.039378717132796524,F6b,0.18123985781742113,0.0889181681866045,0.2749964490350182,0.0889181681866045,0.054345216676760684,0.0588337231088376,0.07476128298191927,-0.07221311506833185,0.21725239616613418,0
0.002357052956939648,0.013232170697987749,0.3,white,MEMLESS,-0.017564883704139278,0.011777212119691058,-0.0027364332688922157,-0.03923023297045261,0.00411274631316905,F6b,0.03969311946313151,0.11729526296516232,0.9637184467270229,0.11729526296516232,-0.1151174290209694,0.00022589758606211788,-0.0094831917866359,-0.028721651622366274,0.5026624068157615,0
0.002357052956939648,0.013232170697987749,0.3,white,CORR_L2_f0.0,0.003334740594541946,-0.0009021712300756046,0.00785263420713043,-0.04906725624646933,-0.025868055566696448,F6b,0.04906725624646933,0.13819488726384355,0.9554593817716679,0.13819488726384355,-0.12779681237073606,0.010814965062084764,-0.019320215062652617,-0.05870245350223177,0.6230031948881789,0
0.002357052956939648,0.013232170697987749,0.3,white,CORR_L2_f0.15,0.007664923245536415,0.002047192275341156,-0.0004788637180039514,-0.050509547922861504,-0.020520280015877627,F6b,0.050509547922861504,0.14252506991483802,0.961987175583026,0.14252506991483802,-0.1248474488653193,0.002483467136950382,-0.020762506739044794,-0.05335467795141295,0.6091586794462194,0
0.002357052956939648,0.013232170697987749,0.3,white,CORR_L2_f0.3,0.00903769418158576,0.009031535131521828,0.005784772874498205,-0.04616965022353069,-0.01906825114392896,F6b,0.04616965022353069,0.14389784085088736,0.9647995995299146,0.14389784085088736,-0.11786310600913863,0.00874710372945254,-0.016422609039713973,-0.051902649079464284,0.5835995740149095,0
0.002357052956939648,0.013232170697987749,0.3,white,CORR_L2_f0.5,0.009479352965636317,0.01257171043248305,0.005155368877630824,-0.051188248373891715,-0.0066267707883938265,F6b,0.051188248373891715,0.14433949963493792,0.9666382902888242,0.14433949963493792,-0.11432293070817741,0.008117699732585158,-0.021441207190075008,-0.03946116872392915,0.556975505857295,0
0.002357052956939648,0.013232170697987749,0.3,white,CORR_L2_f0.7,0.0031499880833705807,0.021852674862295723,-0.00017844005074516217,-0.04440048080687437,0.003099980508571753,F6b,0.04440048080687437,0.13801013475267218,0.9683520878295319,0.13801013475267218,-0.10504196627836473,0.0027838908042091713,-0.01465343962305766,-0.02973441742696357,0.5356762513312034,0
0.002357052956939648,0.013232170697987749,0.3,white,CORR_L4_f0.0,0.010721671722840942,-0.0009706360941883485,-0.01702827377256062,-0.041104723550290365,-0.027909135335911203,F6b,0.041104723550290365,0.14558181839214254,0.9397263713930631,0.14558181839214254,-0.1278652772348488,-0.014065942917606288,-0.011357682366473658,-0.06074353327144653,0.6645367412140575,0
0.002357052956939648,0.013232170697987749,0.3,white,CORR_L4_f0.15,0.0008979766719590943,-0.00380547788927027,-0.007076536534401438,-0.04093753590316541,-0.006464401633465816,F6b,0.04093753590316541,0.1357581233412607,0.9560130341063112,0.1357581233412607,-0.13070011902993073,-0.004114205679447104,-0.0111904947193487,-0.03929879956900114,0.6517571884984026,0
0.002357052956939648,0.013232170697987749,0.3,white,CORR_L4_f0.3,-0.00014528686288237114,-0.0012459433483533733,0.0005531313767662702,-0.0377680773130436,-0.020503277970219197,F6b,0.0377680773130436,0.13471485980641923,0.9641092054742878,0.13471485980641923,-0.12814058448901383,0.0035154622317206037,-0.008021036129226892,-0.05333767590575452,0.6080937167199149,0
0.002357052956939648,0.013232170697987749,0.3,white,CORR_L4_f0.5,0.005967448960820965,0.003973699377687448,-0.0009390539213401244,-0.04661263539528826,-0.013723636436501242,F6b,0.04661263539528826,0.14082759563012257,0.9693841165317412,0.14082759563012257,-0.12292094176297301,0.002023276933614209,-0.01686559421147155,-0.046558034372036566,0.5740149094781682,0
0.002357052956939648,0.013232170697987749,0.3,white,CORR_L4_f0.7,0.0023010715010260696,0.011278055797516215,0.00038765764910823506,-0.038611514846464134,-0.0019274456209759233,F6b,0.038611514846464134,0.13716121817032767,0.9693804057474332,0.13716121817032767,-0.11561658534314424,0.0033499885040625685,-0.008864473662647428,-0.03476184355651125,0.5388711395101171,0
0.002357052956939648,0.013232170697987749,0.3,white,CORR_L6_f0.0,0.0011423277000274235,-0.005932735105804915,-0.013655894705069874,-0.03054673939508747,-0.0045028774664419985,F6b,0.03458639178492178,0.13600247436932902,0.9481046525782523,0.13600247436932902,-0.13282737624646537,-0.01069356385011554,-0.0007996982112707595,-0.03733727540197732,0.7348242811501597,0
0.002357052956939648,0.013232170697987749,0.3,white,CORR_L6_f0.15,-0.00478972991303081,-0.012742222943341708,-0.00993992279700485,-0.03511340295843614,-0.020015593035062527,F6b,0.03511340295843614,0.13963686408400217,0.9597826937379016,0.1300704167562708,-0.13963686408400217,-0.006977591942050517,-0.005366361774619428,-0.05284999097059785,0.6805111821086262,0
0.002357052956939648,0.013232170697987749,0.3,white,CORR_L6_f0.3,-0.002503053298952479,-0.003299344546802835,0.0006887748491925492,-0.043198850592359804,-0.02221706612530687,F6b,0.043198850592359804,0.13235709337034912,0.9654116864972682,0.13235709337034912,-0.1301939856874633,0.0036511057041468827,-0.013451809408543094,-0.055051464060842194,0.6144834930777423,0
0.002357052956939648,0.013232170697987749,0.3,white,CORR_L6_f0.5,0.004600203751402271,0.004076303842257309,0.001532089532022818,-0.0447954052136646,-0.012697714144137659,F6b,0.0447954052136646,0.13946035042070387,0.9679970844668757,0.13946035042070387,-0.12281833729840315,0.0044944203869771516,-0.015048364029847895,-0.04553211207967298,0.5676251331203408,0
0.002357052956939648,0.013232170697987749,0.3,white,CORR_L6_f0.7,0.0023010715010260696,0.011278055797516215,0.00038765764910823506,-0.038611514846464134,-0.0019274456209759233,F6b,0.038611514846464134,0.13716121817032767,0.9693804057474332,0.13716121817032767,-0.11561658534314424,0.0033499885040625685,-0.008864473662647428,-0.03476184355651125,0.5388711395101171,0
0.002357052956939648,0.013232170697987749,0.3,white,CORR_L10_f0.0,0.0032669902062273104,-0.023613465282839308,-0.003247159113099084,-0.012207856572233073,-0.004803001961211417,F6b,0.03815357911780636,0.15050810642349977,0.9525063266033176,0.1381271368755289,-0.15050810642349977,-0.0002848282581447504,0.017539184611583637,-0.03763739989674674,0.7944621938232161,0
0.002357052956939648,0.013232170697987749,0.3,white,CORR_L10_f0.15,-0.0012270948750388588,-0.014205154361043915,-0.008467268866437125,-0.028312040749731652,-0.02555921497514472,F6b,0.04036136075105426,0.14109979550170437,0.9548973770693313,0.13363305179426274,-0.14109979550170437,-0.005504938011482792,0.0014350004340850594,-0.05839361291068004,0.6773162939297125,0
0.002357052956939648,0.013232170697987749,0.3,white,CORR_L10_f0.3,-0.0022187828234606077,-0.006213514725456337,-0.003239366607270138,-0.04929222863994234,-0.015603122965088007,F6b,0.04929222863994234,0.1331081558661168,0.9609033918751814,0.132641363845841,-0.1331081558661168,-0.00027703575231580445,-0.019545187456125632,-0.04843752090062333,0.5995740149094781,0
0.002357052956939648,0.013232170697987749,0.3,white,CORR_L10_f0.5,0.004600203751402271,0.004076303842257309,0.001532089532022818,-0.0447954052136646,-0.012697714144137659,F6b,0.0447954052136646,0.13946035042070387,0.9679970844668757,0.13946035042070387,-0.12281833729840315,0.0044944203869771516,-0.015048364029847895,-0.04553211207967298,0.5676251331203408,0
0.002357052956939648,0.013232170697987749,0.3,white,CORR_L10_f0.7,0.0023010715010260696,0.011278055797516215,0.00038765764910823506,-0.038611514846464134,-0.0019274456209759233,F6b,0.038611514846464134,0.13716121817032767,0.9693804057474332,0.13716121817032767,-0.11561658534314424,0.0033499885040625685,-0.008864473662647428,-0.03476184355651125,0.5388711395101171,0
0.002357052956939648,0.013232170697987749,0.3,white,CORR_L20_f0.0,0.008283397009563043,-0.011617484113788018,0.005382875708189714,0.005430933304809395,-0.004480243255974445,F6b,0.01806690752379373,0.14314354367886464,0.9542678305593927,0.14314354367886464,-0.13851212525444848,0.008345206563144048,0.035177974488626106,-0.03731464119150977,0.8083067092651757,0
0.002357052956939648,0.013232170697987749,0.3,white,CORR_L20_f0.15,0.0021257293452237036,-0.005522093038663495,-0.008454369148973772,-0.026963376838850972,-0.020048260444203776,F6b,0.04531434194711408,0.1369858760145253,0.9538432685502729,0.1369858760145253,-0.13241673417932395,-0.005492038294019439,0.002783664344965738,-0.0528826583797391,0.6719914802981896,0
0.002357052956939648,0.013232170697987749,0.3,white,CORR_L20_f0.3,-0.0022187828234606077,-0.006213514725456337,-0.003239366607270138,-0.04929222863994234,-0.015603122965088007,F6b,0.04929222863994234,0.1331081558661168,0.9609033918751814,0.132641363845841,-0.1331081558661168,-0.00027703575231580445,-0.019545187456125632,-0.04843752090062333,0.5995740149094781,0
0.002357052956939648,0.013232170697987749,0.3,white,CORR_L20_f0.5,0.004600203751402271,0.004076303842257309,0.001532089532022818,-0.0447954052136646,-0.012697714144137659,F6b,0.0447954052136646,0.13946035042070387,0.9679970844668757,0.13946035042070387,-0.12281833729840315,0.0044944203869771516,-0.015048364029847895,-0.04553211207967298,0.5676251331203408,0
0.002357052956939648,0.013232170697987749,0.3,white,CORR_L20_f0.7,0.0023010715010260696,0.011278055797516215,0.00038765764910823506,-0.038611514846464134,-0.0019274456209759233,F6b,0.038611514846464134,0.13716121817032767,0.9693804057474332,0.13716121817032767,-0.11561658534314424,0.0033499885040625685,-0.008864473662647428,-0.03476184355651125,0.5388711395101171,0
0.002357052956939648,0.013232170697987749,0.3,white,DITHER_s0.5,0.05388686090675071,0.11210654642297109,-0.009539647827514021,-0.028991615295612717,-0.018334091066003796,F6b,0.11210654642297109,0.1887470075760523,0.4197691300168492,0.1887470075760523,-0.014788094717689371,-0.006577316972559687,0.0007554258882039919,-0.05116848900153912,0.31735889243876464,0
0.002357052956939648,0.013232170697987749,0.3,white,DITHER_s1.0,0.006013384621296858,0.11757000520340138,-0.01422922950357631,-0.07624760428021214,0.027730832312355354,F6b,0.11757000520340138,0.14087353129059846,0.27154311891286304,0.14087353129059846,-0.009324635937259077,-0.011266898648621976,-0.04650056309639543,-0.005103565623179971,0.2832800851970181,0
0.002357052956939648,0.013232170697987749,0.3,white,DITHER_s2.0,-0.2293926810223092,0.2084868616966697,-0.03078107958576418,0.08557283660543422,-0.06294183902090694,F6b,0.2293926810223092,0.11531987778925093,0.39667853564549005,-0.09453253435300761,0.08159222055600925,-0.027818748730809847,0.11531987778925093,-0.09577623695644226,0.29818956336528224,0
0.002357052956939648,0.013232170697987749,0.3,white,DITHER_blind,-0.09196814388276074,0.18127673229807445,-0.04662938197247424,-0.11115410319901242,-0.008290190063521968,F6b,0.18127673229807445,0.08140706201519571,0.2857156337523599,0.04289200278654086,0.054382091157414,-0.0436670511175199,-0.08140706201519571,-0.04112458799905729,0.30138445154419596,0
0.002357052956939648,0.013232170697987749,0.5,white,MEMLESS,-0.009784382261340985,-0.009172301109549558,0.005564394125139779,-0.006408196713466815,-0.0008175152083338688,F6b,0.020931962471559182,0.13606694225021002,0.9888902271477286,0.12507576440796062,-0.13606694225021002,0.008526724980094113,0.023338844470349895,-0.03365191314386919,0.6613418530351438,0
0.002357052956939648,0.013232170697987749,0.5,white,CORR_L2_f0.0,-0.0018125925786192099,0.00902258115578232,-0.002086702409621776,-0.027612247416450873,-0.015358675027598204,F6b,0.027612247416450873,0.1330475540906824,0.9855930166253695,0.1330475540906824,-0.11787205998487814,0.0008756284453325575,0.0021347937673658365,-0.04819307296313353,0.7806176783812566,0
0.002357052956939648,0.013232170697987749,0.5,white,CORR_L2_f0.15,-0.0038842232341567418,0.0075759281269116435,-0.001768045197028657,-0.020184639782929732,-0.019191416098107532,F6b,0.020184639782929732,0.13097592343514486,0.9875132124670472,0.13097592343514486,-0.11931871301374881,0.0011942856579256764,0.009562401400886976,-0.052025814033642856,0.7635782747603834,0
0.002357052956939648,0.013232170697987749,0.5,white,CORR_L2_f0.3,-0.01036550442965374,-0.005885793993748112,-0.004314709518034051,-0.01775462341693359,-0.012792407612353271,F6b,0.01775462341693359,0.13278043513440857,0.9896585487583738,0.12449464223964786,-0.13278043513440857,-0.0013523786630797179,0.011992417766883123,-0.045626805547888595,0.7401490947816827,0
0.002357052956939648,0.013232170697987749,0.5,white,CORR_L2_f0.5,-0.011449374951334967,-0.0119732077489203,0.0023168752410084033,-0.01208758909838923,-0.007471268111845418,F6b,0.021271373989177507,0.13886784888958076,0.9906995393150567,0.12341077171796663,-0.13886784888958076,0.005279206095962737,0.01765945208542748,-0.04030566604738074,0.7103301384451545,0
0.002357052956939648,0.013232170697987749,0.5,white,CORR_L2_f0.7,-0.010091905481988586,-0.007793200277086437,0.006344675665048996,-0.013583388410932935,-0.003971348027106671,F6b,0.025476233796800363,0.1346878414177469,0.9900720566287766,0.12476824118731301,-0.1346878414177469,0.00930700652000333,0.016163652772883775,-0.036805745962641995,0.6826411075612353,0
0.002357052956939648,0.013232170697987749,0.5,white,CORR_L4_f0.0,0.004952455832267777,0.0012326715552190282,0.0023918668092526717,-0.018217993382084095,-0.007114052261996705,F6b,0.03739801550202644,0.13981260250156938,0.9859114669157759,0.13981260250156938,-0.12566196958544143,0.005354197664207005,0.011529047801732617,-0.03994845019753203,0.865814696485623,0
0.002357052956939648,0.013232170697987749,0.5,white,CORR_L4_f0.15,0.0003918497949504385,0.010241057499310896,0.0018947792612786685,-0.015138059981096701,0.005141949983396087,F6b,0.01712822475571888,0.13525199646425204,0.9909559360256812,0.13525199646425204,-0.11665358364134956,0.004857110116233002,0.01460898120272001,-0.027692447952139237,0.8264110756123536,0
0.002357052956939648,0.013232170697987749,0.5,white,CORR_L4_f0.3,-0.0014249225809206678,-0.0005558446075897006,0.0031234031948121133,-0.007109679906788943,0.0024453535408354675,F6b,0.02148913672737469,0.13343522408838093,0.9905319442220518,0.13343522408838093,-0.12745048574825016,0.006085734049766447,0.022637361277027767,-0.030389044394699857,0.7614483493077743,0
0.002357052956939648,0.013232170697987749,0.5,white,CORR_L4_f0.5,-0.01246999875814063,-0.0037236026064950134,-0.00033127822028417237,-0.017895232169018102,-0.009438438705994028,F6b,0.017895232169018102,0.13061824374715547,0.9912910976996068,0.12239014791116097,-0.13061824374715547,0.002631052634670161,0.01185180901479861,-0.04227283664152935,0.7188498402555911,0
0.002357052956939648,0.013232170697987749,0.5,white,CORR_L4_f0.7,-0.01238353959141951,0.0005719049443661528,0.005161107750837052,-0.012863819578781636,-0.007745029982425405,F6b,0.021495257466748872,0.1263227361962943,0.990785007734028,0.12247660707788209,-0.1263227361962943,0.008123438605791386,0.016883221605035074,-0.04057942791796073,0.6879659211927582,0
0.002357052956939648,0.013232170697987749,0.5,white,CORR_L6_f0.0,-0.00423033124423014,-0.006075725072836213,-0.0008697454798349113,-0.015894474015675827,-0.007835930505417109,F6b,0.017834375845088075,0.13297036621349667,0.9827137746207979,0.13062981542507146,-0.13297036621349667,0.002092585375119422,0.013852567168140885,-0.04067032844095243,0.8817891373801917,0
0.002357052956939648,0.013232170697987749,0.5,white,CORR_L6_f0.15,0.0021820724925141477,0.0036078053925227976,0.0015550890590085745,-0.012490987744253154,0.005568901925482473,F6b,0.018577014913650436,0.13704221916181575,0.9916414510805952,0.13704221916181575,-0.12328683574813766,0.004517419913962908,0.017256053439563556,-0.02726549601005285,0.8445154419595314,0
0.002357052956939648,0.013232170697987749,0.5,white,CORR_L6_f0.3,8.452364060243522e-05,-0.0008582845867186606,0.0016644635016847442,-0.007625221683796729,0.00020618762898878124,F6b,0.021533372554568306,0.13494467030990404,0.9907893735421788,0.13494467030990404,-0.12775292572737912,0.004626794356639078,0.02212181950001998,-0.03262821030654654,0.7678381256656017,0
0.002357052956939648,0.013232170697987749,0.5,white,CORR_L6_f0.5,-0.013260780267160446,-0.0026594550999439193,-0.0008776667038471837,-0.0178827859740178,-0.008703855987317315,F6b,0.0178827859740178,0.12955409624060438,0.991557188277062,0.12159936640214115,-0.12955409624060438,0.0020846641511071498,0.011864255209798912,-0.04153825392285264,0.7209797657082002,0
0.002357052956939648,0.013232170697987749,0.5,white,CORR_L6_f0.7,-0.01238353959141951,0.0005719049443661528,0.005161107750837052,-0.012863819578781636,-0.007745029982425405,F6b,0.021495257466748872,0.1263227361962943,0.990785007734028,0.12247660707788209,-0.1263227361962943,0.008123438605791386,0.016883221605035074,-0.04057942791796073,0.6879659211927582,0
0.002357052956939648,0.013232170697987749,0.5,white,CORR_L10_f0.0,-0.006236973959462405,-0.013490111522077575,-0.004594856616686916,-0.006028676417212695,0.00023935482445090056,F6b,0.0263131534555013,0.14038475266273803,0.9780829770384514,0.1286231727098392,-0.14038475266273803,-0.0016325257617325827,0.023718364766604015,-0.032595043111084424,0.88604898828541,0
0.002357052956939648,0.013232170697987749,0.5,white,CORR_L10_f0.15,-0.0011028740856907915,-2.7727868554927593e-05,-0.0022718898358934955,-0.013565381166699007,0.000594565553716446,F6b,0.030044111152715665,0.1337572725836108,0.9879065392353898,0.1337572725836108,-0.12692236900921539,0.0006904410190608381,0.016181660017117704,-0.03223983238181888,0.825346112886049,0
0.002357052956939648,0.013232170697987749,0.5,white,CORR_L10_f0.3,-0.00022827344955997364,0.0006488528162159057,0.0019359893298758657,-0.007245526932518509,0.0007108556329946253,F6b,0.020284178835603378,0.13463187321974163,0.9910342313073797,0.13463187321974163,-0.12624578832444455,0.004898320184830199,0.0225015142512982,-0.0321235423025407,0.7689030883919062,0
0.002357052956939648,0.013232170697987749,0.5,white,CORR_L10_f0.5,-0.013260780267160446,-0.0026594550999439193,-0.0008776667038471837,-0.0178827859740178,-0.008703855987317315,F6b,0.0178827859740178,0.12955409624060438,0.991557188277062,0.12159936640214115,-0.12955409624060438,0.0020846641511071498,0.011864255209798912,-0.04153825392285264,0.7209797657082002,0
0.002357052956939648,0.013232170697987749,0.5,white,CORR_L10_f0.7,-0.01238353959141951,0.0005719049443661528,0.005161107750837052,-0.012863819578781636,-0.007745029982425405,F6b,0.021495257466748872,0.1263227361962943,0.990785007734028,0.12247660707788209,-0.1263227361962943,0.008123438605791386,0.016883221605035074,-0.04057942791796073,0.6879659211927582,0
0.002357052956939648,0.013232170697987749,0.5,white,CORR_L20_f0.0,0.0018772921607335957,-0.004770537491316285,-0.0010151529464927024,0.0015440159967229743,-0.0006131784907822263,F6b,0.009335064997305008,0.1367374388300352,0.9862103829073005,0.1367374388300352,-0.13166517863197674,0.001947177908461631,0.031291057180539684,-0.03344757642631755,0.9371671991480298,0
0.002357052956939648,0.013232170697987749,0.5,white,CORR_L20_f0.15,-0.0016939933997262568,-0.0008219522341942065,-0.0034640317829223704,-0.01483769243592835,-0.0019433609332610777,F6b,0.03283424784994437,0.13316615326957534,0.9875498215594275,0.13316615326957534,-0.12771659337485466,-0.000501700927968037,0.01490934874788836,-0.0347777588687964,0.8232161874334398,0
0.002357052956939648,0.013232170697987749,0.5,white,CORR_L20_f0.3,-0.00022827344955997364,0.0006488528162159057,0.0019359893298758657,-0.007245526932518509,0.0007108556329946253,F6b,0.020284178835603378,0.13463187321974163,0.9910342313073797,0.13463187321974163,-0.12624578832444455,0.004898320184830199,0.0225015142512982,-0.0321235423025407,0.7689030883919062,0
0.002357052956939648,0.013232170697987749,0.5,white,CORR_L20_f0.5,-0.013260780267160446,-0.0026594550999439193,-0.0008776667038471837,-0.0178827859740178,-0.008703855987317315,F6b,0.0178827859740178,0.12955409624060438,0.991557188277062,0.12159936640214115,-0.12955409624060438,0.0020846641511071498,0.011864255209798912,-0.04153825392285264,0.7209797657082002,0
0.002357052956939648,0.013232170697987749,0.5,white,CORR_L20_f0.7,-0.01238353959141951,0.0005719049443661528,0.005161107750837052,-0.012863819578781636,-0.007745029982425405,F6b,0.021495257466748872,0.1263227361962943,0.990785007734028,0.12247660707788209,-0.1263227361962943,0.008123438605791386,0.016883221605035074,-0.04057942791796073,0.6879659211927582,0
0.002357052956939648,0.013232170697987749,0.5,white,DITHER_s0.5,-0.135409257341179,0.007182725368050508,-0.04732418007642965,-0.06184864070445002,0.0768551376529969,F6b,0.135409257341179,0.11971191577260995,0.6843120868562751,-0.0005491106718774201,-0.11971191577260995,-0.04436184922147531,-0.032101599520633316,0.044020739717461566,0.5250266240681576,0
0.002357052956939648,0.013232170697987749,0.5,white,DITHER_s1.0,-0.019656928248328598,0.07712211397312538,-0.09447090330182496,-0.05313495439935478,0.08887536659757853,F6b,0.09447090330182496,0.115203218420973,0.5468110164669063,0.115203218420973,-0.04977252716753507,-0.09150857244687063,-0.023387913215538066,0.0560409686620432,0.4909478168264111,0
0.002357052956939648,0.013232170697987749,0.5,white,DITHER_s2.0,-0.08954607082917061,0.10556357710473163,-0.06708198784417517,0.07127504037848775,0.010152556189787682,F6b,0.10556357710473163,0.10102208156230447,0.5463079733569803,0.04531407584013099,-0.021331064035928823,-0.06411965698922084,0.10102208156230447,-0.022681841745747642,0.5186368477103301,0
0.002357052956939648,0.013232170697987749,0.5,white,DITHER_blind,-0.2279729971521485,0.06305033198990467,0.03084128603629901,-0.17167955010706099,0.11400899106896192,F6b,0.2279729971521485,0.14193250892324427,0.4537253747974661,-0.0931128504828469,-0.06384430915075578,0.033803616891253344,-0.14193250892324427,0.08117459313342659,0.47071352502662406,0
0.002790215597282207,0.009112002040265141,0.0,white,NOATTACK,0.0,0.0,0.0,0.0,0.0,F6b,0.0,0.06689906591165314,0.0,0.030372618627642678,0.001563500254411193,0.022832583349439474,0.058196088187944264,-0.06689906591165314,0.0,1
0.002790215597282207,0.009112002040265141,0.02,white,MEMLESS,0.029509188459732473,0.10506529819052715,0.020131265563486912,-0.05813790171183417,0.0014057259557445217,F6b,0.10733655040177587,0.13809269549813852,0.41296686179837827,0.05988180708737515,0.10662879844493835,0.042963848912926386,5.8186476110100457e-05,-0.06549333995590861,0.02244039270687237,1
0.002790215597282207,0.009112002040265141,0.02,white,CORR_L2_f0.0,0.005050733145552828,0.09863212439931353,-0.07006804106355902,0.006104693011043549,0.04152940233471912,F6b,0.11283902233127197,0.10019562465372472,0.42865305284881344,0.035423351773195506,0.10019562465372472,-0.04723545771411955,0.06430078119898781,-0.02536966357693402,0.03225806451612903,1
0.002790215597282207,0.009112002040265141,0.02,white,CORR_L2_f0.15,0.005050733145552828,0.09863212439931353,-0.07006804106355902,0.006104693011043549,0.04152940233471912,F6b,0.11283902233127197,0.10019562465372472,0.42865305284881344,0.035423351773195506,0.10019562465372472,-0.04723545771411955,0.06430078119898781,-0.02536966357693402,0.03225806451612903,1
0.002790215597282207,0.009112002040265141,0.02,white,CORR_L2_f0.3,-6.529062394084947e-05,0.10056119930267426,-0.06846586527109952,0.006712639206903778,0.04408089950610901,F6b,0.11169001014364847,0.10212469955708546,0.42840656813684697,0.03030732800370183,0.10212469955708546,-0.04563328192166005,0.06490872739484804,-0.02281816640554413,0.030855539971949508,1
0.002790215597282207,0.009112002040265141,0.02,white,CORR_L2_f0.5,0.00826946645425615,0.09746764108799084,-0.07647970157068962,0.007264322126050202,0.03998516025974254,F6b,0.11114020543996901,0.09903114134240204,0.42718581447890924,0.03864208508189883,0.09903114134240204,-0.05364711822125014,0.06546041031399447,-0.026913905651910593,0.029453015427769985,1
0.002790215597282207,0.009112002040265141,0.02,white,CORR_L2_f0.7,0.048728756854306984,0.03698504593307776,-0.05159815916806603,-0.029940115038925554,0.04576172861773497,F6b,0.1332904619495763,0.11872466505828243,0.4363365516937605,0.07910137548194966,0.03854854618748896,-0.028765575818626557,0.02825597314901871,-0.021137337293918167,0.028050490883590462,1
0.002790215597282207,0.009112002040265141,0.02,white,CORR_L4_f0.0,-0.005521135871119649,0.032951111208900076,-0.08885381800821099,0.04539673487280757,0.02574608599332448,F6b,0.10594973487187073,0.10359282306075183,0.4507213573155343,0.02485148275652303,0.03451461146331127,-0.06602123465877151,0.10359282306075183,-0.041152979918328655,0.0546984572230014,1
0.002790215597282207,0.009112002040265141,0.02,white,CORR_L4_f0.15,-0.0020638158967404598,0.03752212647990607,-0.10812119038485887,0.026316150549953884,0.07556650040909427,F6b,0.10812119038485887,0.09085114161487313,0.44468152271115463,0.028308802730902218,0.039085626734317265,-0.08528860703541939,0.08451223873789815,0.008667434497441133,0.04067321178120617,1
0.002790215597282207,0.009112002040265141,0.02,white,CORR_L4_f0.3,-0.009231364140826284,0.033630471262910175,-0.08647702193034917,0.02580102149249447,0.07508559880501063,F6b,0.10816008146668878,0.0935942845753949,0.4435644399635816,0.021141254486816394,0.03519397151732137,-0.06364443858090969,0.08399710968043873,0.008186532893357499,0.037868162692847124,1
0.002790215597282207,0.009112002040265141,0.02,white,CORR_L4_f0.5,-0.00500950390622517,0.02549268069406895,-0.0871725578587042,0.024603854518281024,0.07107903607331356,F6b,0.10631040720772783,0.09174461031643395,0.44042115216723127,0.025363114721417508,0.02705618094848014,-0.06433997450926472,0.08279994270622529,0.004179970161660424,0.03506311360448808,1
0.002790215597282207,0.009112002040265141,0.02,white,CORR_L4_f0.7,0.048728756854306984,0.03698504593307776,-0.05159815916806603,-0.029940115038925554,0.04576172861773497,F6b,0.1332904619495763,0.11872466505828243,0.4363365516937605,0.07910137548194966,0.03854854618748896,-0.028765575818626557,0.02825597314901871,-0.021137337293918167,0.028050490883590462,1
0.002790215597282207,0.009112002040265141,0.02,white,CORR_L6_f0.0,0.059789136574402255,0.07939776806787968,-0.03168048146472868,-0.0607582390002272,0.1757228601441923,F6b,0.1757228601441923,0.10882379423253918,0.2599751864875307,0.09016175520204493,0.08096126832229088,-0.00884789811528921,-0.0025621508122829354,0.10882379423253918,0.025245441795231416,1
0.002790215597282207,0.009112002040265141,0.02,white,CORR_L6_f0.15,0.016844165517619608,0.03475036353334822,-0.09766225460546724,0.026885894509840177,0.08682986328790625,F6b,0.11363097920429922,0.09906518231300535,0.4474661466777031,0.047216784145262286,0.036313863787759415,-0.07482967125602777,0.08508198269778444,0.01993079737625311,0.047685834502103785,1
0.002790215597282207,0.009112002040265141,0.02,white,CORR_L6_f0.3,0.0048159159393262665,0.026104931409974146,-0.07992844707226833,0.017261015929411053,0.08198033844172263,F6b,0.11666092840557285,0.10209513151427897,0.4446690384273268,0.035188534566968944,0.02766843166438534,-0.057095863722828856,0.07545710411735532,0.015081272530069493,0.03927068723702665,1
0.002790215597282207,0.009112002040265141,0.02,white,CORR_L6_f0.5,-0.00500950390622517,0.02549268069406895,-0.0871725578587042,0.024603854518281024,0.07107903607331356,F6b,0.10631040720772783,0.09174461031643395,0.44042115216723127,0.025363114721417508,0.02705618094848014,-0.06433997450926472,0.08279994270622529,0.004179970161660424,0.03506311360448808,1
0.002790215597282207,0.009112002040265141,0.02,white,CORR_L6_f0.7,0.048728756854306984,0.03698504593307776,-0.05159815916806603,-0.029940115038925554,0.04576172861773497,F6b,0.1332904619495763,0.11872466505828243,0.4363365516937605,0.07910137548194966,0.03854854618748896,-0.028765575818626557,0.02825597314901871,-0.021137337293918167,0.028050490883590462,1
0.002790215597282207,0.009112002040265141,0.02,white,CORR_L10_f0.0,0.05519361051247687,0.060450736293265646,-0.017448868789405436,-0.058761363550658904,0.16053540604652866,F6b,0.16053540604652866,0.09363634013487554,0.2959273552591707,0.08556622914011955,0.06201423654767684,0.005383714560034036,-0.0005652753627146382,0.09363634013487554,0.04207573632538569,1
0.002790215597282207,0.009112002040265141,0.02,white,CORR_L10_f0.15,0.01497641429406385,0.029195508427383138,-0.09990569570088989,0.02337993727465791,0.06485187672966708,F6b,0.12546778298210828,0.1109019860908144,0.4674590049153857,0.04534903292170653,0.03075900868179433,-0.07707311235145042,0.08157602546260218,-0.002047189181986055,0.05890603085553997,1
0.002790215597282207,0.009112002040265141,0.02,white,CORR_L10_f0.3,0.0048159159393262665,0.026104931409974146,-0.07992844707226833,0.017261015929411053,0.08198033844172263,F6b,0.11666092840557285,0.10209513151427897,0.4446690384273268,0.035188534566968944,0.02766843166438534,-0.057095863722828856,0.07545710411735532,0.015081272530069493,0.03927068723702665,1
0.002790215597282207,0.009112002040265141,0.02,white,CORR_L10_f0.5,-0.00500950390622517,0.02549268069406895,-0.0871725578587042,0.024603854518281024,0.07107903607331356,F6b,0.10631040720772783,0.09174461031643395,0.44042115216723127,0.025363114721417508,0.02705618094848014,-0.06433997450926472,0.08279994270622529,0.004179970161660424,0.03506311360448808,1
0.002790215597282207,0.009112002040265141,0.02,white,CORR_L10_f0.7,0.048728756854306984,0.03698504593307776,-0.05159815916806603,-0.029940115038925554,0.04576172861773497,F6b,0.1332904619495763,0.11872466505828243,0.4363365516937605,0.07910137548194966,0.03854854618748896,-0.028765575818626557,0.02825597314901871,-0.021137337293918167,0.028050490883590462,1
0.002790215597282207,0.009112002040265141,0.02,white,CORR_L20_f0.0,0.04731088652752717,0.056976542934341276,0.010497679498416415,-0.03149308503164162,0.13211563079459177,F6b,0.13211563079459177,0.07768350515516985,0.2180353256331228,0.07768350515516985,0.05854004318875247,0.03333026284785589,0.026703003156302647,0.06521656488293862,0.056100981767180924,1
0.002790215597282207,0.009112002040265141,0.02,white,CORR_L20_f0.15,0.01497641429406385,0.029195508427383138,-0.09990569570088989,0.02337993727465791,0.06485187672966708,F6b,0.12546778298210828,0.1109019860908144,0.4674590049153857,0.04534903292170653,0.03075900868179433,-0.07707311235145042,0.08157602546260218,-0.002047189181986055,0.05890603085553997,1
0.002790215597282207,0.009112002040265141,0.02,white,CORR_L20_f0.3,0.0048159159393262665,0.026104931409974146,-0.07992844707226833,0.017261015929411053,0.08198033844172263,F6b,0.11666092840557285,0.10209513151427897,0.4446690384273268,0.035188534566968944,0.02766843166438534,-0.057095863722828856,0.07545710411735532,0.015081272530069493,0.03927068723702665,1
0.002790215597282207,0.009112002040265141,0.02,white,CORR_L20_f0.5,-0.00500950390622517,0.02549268069406895,-0.0871725578587042,0.024603854518281024,0.07107903607331356,F6b,0.10631040720772783,0.09174461031643395,0.44042115216723127,0.025363114721417508,0.02705618094848014,-0.06433997450926472,0.08279994270622529,0.004179970161660424,0.03506311360448808,1
0.002790215597282207,0.009112002040265141,0.02,white,CORR_L20_f0.7,0.048728756854306984,0.03698504593307776,-0.05159815916806603,-0.029940115038925554,0.04576172861773497,F6b,0.1332904619495763,0.11872466505828243,0.4363365516937605,0.07910137548194966,0.03854854618748896,-0.028765575818626557,0.02825597314901871,-0.021137337293918167,0.028050490883590462,1
0.002790215597282207,0.009112002040265141,0.02,white,DITHER_s0.5,-0.0017452690936321652,-0.021346290658227365,0.020137877706471824,0.023771173944284463,-0.01170347147121023,F6b,0.029909407890458095,0.08196726213222873,0.023949261115136417,0.028627349534010513,-0.019782790403816173,0.0429704610559113,0.08196726213222873,-0.07860253738286337,0.025245441795231416,1
0.002790215597282207,0.009112002040265141,0.02,white,DITHER_s1.0,0.019048134971920774,0.042510560032712745,0.016546851216503282,0.023743963331328208,0.016574304085861247,F6b,0.05543242465168531,0.08194005151927247,0.08661460880554764,0.04942075359956345,0.04407406028712394,0.039379434565942756,0.08194005151927247,-0.05032476182579189,0.019635343618513323,1
0.002790215597282207,0.009112002040265141,0.02,white,DITHER_s2.0,0.003892523736013294,-0.0027580440987964496,-0.026555233196014078,-0.007689468591618016,-0.013014057127254106,F6b,0.0293817866680513,0.07991312303890724,0.023903582810642105,0.03426514236365597,-0.0011945438443852565,-0.0037226498465746023,0.05050661959632625,-0.07991312303890724,0.012622720897615708,1
0.002790215597282207,0.009112002040265141,0.02,white,DITHER_blind,0.002218529135667939,0.026377454895119355,0.02387269085779887,-0.030917557013767763,0.056043154779327656,F6b,0.12616850956091352,0.09541236446455087,0.08126860840949277,0.03259114776331062,0.027940955149530548,0.04670527420723834,0.0272785311741765,-0.010855911132325478,0.016830294530154277,1
0.002790215597282207,0.009112002040265141,0.05,white,MEMLESS,0.008289125689515467,0.01068591886901208,-0.09517468830030748,-0.010224588123999519,0.0065958982760595045,F6b,0.1083898148652262,0.13914595996158885,0.5373318332156825,0.038661744317158145,0.012249419123423273,-0.07234210495086801,0.047971500063944746,-0.06030316763559363,0.05049088359046283,1
0.002790215597282207,0.009112002040265141,0.05,white,CORR_L2_f0.0,-0.03325798882024157,0.05788374917439353,-0.1066932468522537,-0.04757270383367919,0.040963459176184894,F6b,0.1066932468522537,0.133062004952054,0.512159741362314,-0.00288537019259889,0.05944724942880473,-0.08386066350281424,0.010623384354265075,-0.02593560673546824,0.05750350631136045,1
0.002790215597282207,0.009112002040265141,0.05,white,CORR_L2_f0.15,-0.03325798882024157,0.05788374917439353,-0.1066932468522537,-0.04757270383367919,0.040963459176184894,F6b,0.1066932468522537,0.133062004952054,0.512159741362314,-0.00288537019259889,0.05944724942880473,-0.08386066350281424,0.010623384354265075,-0.02593560673546824,0.05750350631136045,1
0.002790215597282207,0.009112002040265141,0.05,white,CORR_L2_f0.3,-0.03796618338283743,0.057182283766664,-0.10129574011050727,-0.052961913319810705,0.03570278055128274,F6b,0.10619583598267018,0.13695198107903284,0.5108674816566936,-0.007593564755194749,0.05874578402107519,-0.07846315676106778,0.00523417486813356,-0.031196285360370397,0.051893408134642355,1
0.002790215597282207,0.009112002040265141,0.05,white,CORR_L2_f0.5,-0.04254538737236298,0.018106559423542157,-0.08428431975091845,-0.022856442411415018,-0.009482891790429326,F6b,0.11311449773818608,0.14387064283454873,0.5407928705191701,-0.012172768744720303,0.01967005967795335,-0.061451736401478975,0.03533964577652925,-0.07638195770208246,0.056100981767180924,1
0.002790215597282207,0.009112002040265141,0.05,white,CORR_L2_f0.7,-0.034204946380567286,0.014185751956776179,-0.09694495597232497,-0.014894866697873113,-0.0003155513544141203,F6b,0.11164229412913615,0.1423984392254988,0.5429279176121877,-0.0038323277529246076,0.01574925221118737,-0.07411237262288549,0.04330122149007115,-0.06721461726606726,0.0546984572230014,1
0.002790215597282207,0.009112002040265141,0.05,white,CORR_L4_f0.0,-0.011800214982108936,0.015466188140921634,-0.0706844000693221,-0.0001244069471006623,0.012912275800287455,F6b,0.11382359043883114,0.1148413347540747,0.490960176156845,0.018572403645533742,0.017029688395332827,-0.047851816719882624,0.0580716812408436,-0.05398679011136568,0.06732117812061711,1
0.002790215597282207,0.009112002040265141,0.05,white,CORR_L4_f0.15,0.018040106864919123,-0.0002811149659515714,-0.08180588060911226,-0.010786427919385964,0.05367434694209686,F6b,0.11664283422320458,0.10331120288738156,0.5104555832801242,0.0484127254925618,0.0012823852884596217,-0.05897329725967278,0.0474096602685583,-0.013224718969556275,0.061711079943899017,1
0.002790215597282207,0.009112002040265141,0.05,white,CORR_L4_f0.3,-0.002285813285274635,-0.01946119590209965,-0.05866555490820029,-0.03711269346037942,0.0734758915144845,F6b,0.12790726402826275,0.12438888138947779,0.5205048768153706,0.028086805342368043,-0.017897695647688457,-0.035832971558760814,0.021083394727564844,0.006576825602831368,0.05890603085553997,1
0.002790215597282207,0.009112002040265141,0.05,white,CORR_L4_f0.5,-0.02788331115830074,-0.024459351201643872,-0.08899121793640474,-0.04795163800621774,0.058632425813439845,F6b,0.11617782702910312,0.14693397212546577,0.5160563721015289,0.002489307469341938,-0.02289585094723268,-0.06615863458696528,0.010244450181726527,-0.008266640098213294,0.04908835904628331,1
0.002790215597282207,0.009112002040265141,0.05,white,CORR_L4_f0.7,-0.03659817857061921,-0.020666105082905124,-0.10080450516757644,-0.04026675090783806,0.06995044494952805,F6b,0.11556897028225112,0.14257120848255297,0.5257968952692029,-0.006225559942976529,-0.019102604828493932,-0.07797192181813697,0.017929337280106202,0.003051379037874919,0.05049088359046283,1
0.002790215597282207,0.009112002040265141,0.05,white,CORR_L6_f0.0,0.016145495120059583,0.04597139415710661,-0.05562353779772386,-0.009451527479916073,0.03518859986973514,F6b,0.0997326843425792,0.07694094356980966,0.47162675928481357,0.04651811374770226,0.04753489441151781,-0.032790954448284386,0.04874456070802819,-0.031710466041917997,0.07573632538569425,1
0.002790215597282207,0.009112002040265141,0.05,white,CORR_L6_f0.15,0.016346459051116313,0.015930937539828827,-0.08027627285090083,-0.012546100674274474,0.07615879800012694,F6b,0.10945350222825614,0.11602331539879251,0.4879463809494826,0.04671907767875899,0.01749443779424002,-0.05744368950146136,0.04564998751366979,0.009259732088473801,0.06030855539971949,1
0.002790215597282207,0.009112002040265141,0.05,white,CORR_L6_f0.3,-0.002285813285274635,-0.01946119590209965,-0.05866555490820029,-0.03711269346037942,0.0734758915144845,F6b,0.12790726402826275,0.12438888138947779,0.5205048768153706,0.028086805342368043,-0.017897695647688457,-0.035832971558760814,0.021083394727564844,0.006576825602831368,0.05890603085553997,1
0.002790215597282207,0.009112002040265141,0.05,white,CORR_L6_f0.5,-0.02788331115830074,-0.024459351201643872,-0.08899121793640474,-0.04795163800621774,0.058632425813439845,F6b,0.11617782702910312,0.14693397212546577,0.5160563721015289,0.002489307469341938,-0.02289585094723268,-0.06615863458696528,0.010244450181726527,-0.008266640098213294,0.04908835904628331,1
0.002790215597282207,0.009112002040265141,0.05,white,CORR_L6_f0.7,-0.03659817857061921,-0.020666105082905124,-0.10080450516757644,-0.04026675090783806,0.06995044494952805,F6b,0.11556897028225112,0.14257120848255297,0.5257968952692029,-0.006225559942976529,-0.019102604828493932,-0.07797192181813697,0.017929337280106202,0.003051379037874919,0.05049088359046283,1
0.002790215597282207,0.009112002040265141,0.05,white,CORR_L10_f0.0,0.015367218768805022,-0.0044892817204053356,-0.061811653819050384,-0.02964414991340873,0.027603829988653072,F6b,0.10467087544111085,0.08435105895784166,0.5324551388266785,0.0457398373964477,-0.0029257814659941423,-0.03897907046961091,0.028551938274535536,-0.03929523592300006,0.11079943899018233,1
0.002790215597282207,0.009112002040265141,0.05,white,CORR_L10_f0.15,0.016029161152350917,0.011983516528119171,-0.08079969857471972,-0.01446957663593576,0.05579577063925266,F6b,0.12281912482600665,0.10825332793471278,0.5079392391871651,0.046401779779993595,0.013547016782530364,-0.05796711522528025,0.043726511552008504,-0.011103295272400473,0.07152875175315568,1
0.002790215597282207,0.009112002040265141,0.05,white,CORR_L10_f0.3,-0.002285813285274635,-0.01946119590209965,-0.05866555490820029,-0.03711269346037942,0.0734758915144845,F6b,0.12790726402826275,0.12438888138947779,0.5205048768153706,0.028086805342368043,-0.017897695647688457,-0.035832971558760814,0.021083394727564844,0.006576825602831368,0.05890603085553997,1
0.002790215597282207,0.009112002040265141,0.05,white,CORR_L10_f0.5,-0.02788331115830074,-0.024459351201643872,-0.08899121793640474,-0.04795163800621774,0.058632425813439845,F6b,0.11617782702910312,0.14693397212546577,0.5160563721015289,0.002489307469341938,-0.02289585094723268,-0.06615863458696528,0.010244450181726527,-0.008266640098213294,0.04908835904628331,1
0.002790215597282207,0.009112002040265141,0.05,white,CORR_L10_f0.7,-0.03659817857061921,-0.020666105082905124,-0.10080450516757644,-0.04026675090783806,0.06995044494952805,F6b,0.11556897028225112,0.14257120848255297,0.5257968952692029,-0.006225559942976529,-0.019102604828493932,-0.07797192181813697,0.017929337280106202,0.003051379037874919,0.05049088359046283,1
0.002790215597282207,0.009112002040265141,0.05,white,CORR_L20_f0.0,0.059231514338700414,0.07142185449533718,-0.01357029282617453,-0.050157031899610904,0.14857722311712926,F6b,0.14857722311712926,0.08960413296634309,0.3196049289498372,0.08960413296634309,0.07298535474974838,0.009262290523264945,0.008039056288333358,0.08167815720547612,0.08415147265077139,1
0.002790215597282207,0.009112002040265141,0.05,white,CORR_L20_f0.15,0.016029161152350917,0.011983516528119171,-0.08079969857471972,-0.01446957663593576,0.05579577063925266,F6b,0.12281912482600665,0.10825332793471278,0.5079392391871651,0.046401779779993595,0.013547016782530364,-0.05796711522528025,0.043726511552008504,-0.011103295272400473,0.07152875175315568,1
0.002790215597282207,0.009112002040265141,0.05,white,CORR_L20_f0.3,-0.002285813285274635,-0.01946119590209965,-0.05866555490820029,-0.03711269346037942,0.0734758915144845,F6b,0.12790726402826275,0.12438888138947779,0.5205048768153706,0.028086805342368043,-0.017897695647688457,-0.035832971558760814,0.021083394727564844,0.006576825602831368,0.05890603085553997,1
0.002790215597282207,0.009112002040265141,0.05,white,CORR_L20_f0.5,-0.02788331115830074,-0.024459351201643872,-0.08899121793640474,-0.04795163800621774,0.058632425813439845,F6b,0.11617782702910312,0.14693397212546577,0.5160563721015289,0.002489307469341938,-0.02289585094723268,-0.06615863458696528,0.010244450181726527,-0.008266640098213294,0.04908835904628331,1
0.002790215597282207,0.009112002040265141,0.05,white,CORR_L20_f0.7,-0.03659817857061921,-0.020666105082905124,-0.10080450516757644,-0.04026675090783806,0.06995044494952805,F6b,0.11556897028225112,0.14257120848255297,0.5257968952692029,-0.006225559942976529,-0.019102604828493932,-0.07797192181813697,0.017929337280106202,0.003051379037874919,0.05049088359046283,1
0.002790215597282207,0.009112002040265141,0.05,white,DITHER_s0.5,0.06882387161201602,-0.0022269107353168793,-0.029645729726402375,-0.033594103747626836,0.02265532724621607,F6b,0.06882387161201602,0.0991964902396587,0.045145450701260394,0.0991964902396587,-0.0006634104809056864,-0.006813146376962902,0.02460198444031743,-0.044243738665437064,0.04908835904628331,1
0.002790215597282207,0.009112002040265141,0.05,white,DITHER_s1.0,0.06122877857273988,-0.0427149409544505,-0.013467870091196606,-0.07134326562712613,0.0053560963793765765,F6b,0.07134326562712613,0.09160139720038256,0.06347860976259039,0.09160139720038256,-0.0411514407000393,0.009364713258242868,-0.013147177439181867,-0.06154296953227656,0.04628330995792426,1
0.002790215597282207,0.009112002040265141,0.05,white,DITHER_s2.0,-0.051598639529988714,-0.021340462576101324,0.07981742705279923,-0.04187681643934962,0.027302324936953788,F6b,0.07981742705279923,0.1026500104022387,0.05543981140809677,-0.021226020902346036,-0.01977696232169013,0.1026500104022387,0.01631927174859464,-0.03959674097469935,0.04628330995792426,1
0.002790215597282207,0.009112002040265141,0.05,white,DITHER_blind,-0.056234270682453645,0.010284024617102172,0.017406013118770526,-0.021287191145946474,-0.03946051543172151,F6b,0.056234270682453645,0.10635958134337464,0.0695781212810323,-0.025861652054810967,0.011847524871513365,0.04023859646821,0.03690889704199779,-0.10635958134337464,0.06451612903225806,1
0.002790215597282207,0.009112002040265141,0.1,white,MEMLESS,-0.04999626429455056,-0.03714286729109426,-0.06774025574557407,-0.03523761024055798,-0.009068972164289604,F6b,0.10442805570647198,0.09962022681983836,0.6597238952943139,-0.01962364566690788,-0.03557936703668307,-0.04490767239613459,0.022958477947386282,-0.07596803807594274,0.10238429172510519,1
0.002790215597282207,0.009112002040265141,0.1,white,CORR_L2_f0.0,-0.02932779768935934,0.0030805221009071225,-0.110032647110827,-0.020253168361268982,-0.013999915388806558,F6b,0.110032647110827,0.11083966128085476,0.5794269437536165,0.0010448209382833379,0.004644022355318316,-0.08720006376138752,0.03794291982667528,-0.0808989813004597,0.09256661991584852,1
0.002790215597282207,0.009112002040265141,0.1,white,CORR_L2_f0.15,-0.030611349092802474,0.002896221762851152,-0.10845510446655804,-0.018497211787316843,-0.012633056890773292,F6b,0.10845510446655804,0.11286232563447487,0.5793108135800199,-0.00023873046515979706,0.004459722017262345,-0.08562252111711856,0.03969887640062742,-0.07953212280242643,0.08695652173913043,1
0.002790215597282207,0.009112002040265141,0.1,white,CORR_L2_f0.3,-0.027774485927833655,0.00415741440421622,-0.0940749887854983,-0.04212254207669394,-0.03592087216246624,F6b,0.09671242706448903,0.10281993807411938,0.6035404257341479,0.002598132699809023,0.005720914658627414,-0.07124240543605882,0.016073546111250326,-0.10281993807411938,0.09256661991584852,1
0.002790215597282207,0.009112002040265141,0.1,white,CORR_L2_f0.5,-0.03653201225071532,-0.020509994440800896,-0.08840439860535015,-0.038033090286054505,-0.04878268857878315,F6b,0.116123067918309,0.11568175449043629,0.6138311763843649,-0.006159393623072642,-0.018946494186389704,-0.06557181525591069,0.020162997901889756,-0.11568175449043629,0.08835904628330996,1
0.002790215597282207,0.009112002040265141,0.1,white,CORR_L2_f0.7,-0.02825781058523126,-0.07261873407661003,-0.06594461664830256,-0.03901932731864671,-0.011619954780453343,F6b,0.08926493553970877,0.09599055388222588,0.6701093254555718,0.002114808042411417,-0.07105523382219883,-0.04311203329886309,0.019176760869297548,-0.07851902069210648,0.11079943899018233,1
0.002790215597282207,0.009112002040265141,0.1,white,CORR_L4_f0.0,0.016809578142428776,-0.030112890828643386,-0.062402819428801874,-0.02676893029612093,0.019799388869209206,F6b,0.10935503834536642,0.14011118344172907,0.5723734921646589,0.047182196770071454,-0.028549390574232194,-0.0395702360793624,0.031427157891823335,-0.04709967704244393,0.11220196353436185,1
0.002790215597282207,0.009112002040265141,0.1,white,CORR_L4_f0.15,0.024526925438582613,-0.02579001890196528,-0.08473062893110847,-0.03281032696717595,-0.01150363060306775,F6b,0.10560430614549937,0.10654942762174448,0.5971362070191768,0.05489954406622529,-0.02422651864755409,-0.061898045581669,0.025385761220768317,-0.07840269651472088,0.11079943899018233,1
0.002790215597282207,0.009112002040265141,0.1,white,CORR_L4_f0.3,0.026602165569580657,-0.005674735405913528,-0.08955570376573119,-0.04396576152578357,0.00838906425771991,F6b,0.08955570376573119,0.11258230492846469,0.595778692598337,0.056974784197223335,-0.0041112351515023345,-0.06672312041629172,0.014230326662160698,-0.058510001653933226,0.09396914446002805,1
0.002790215597282207,0.009112002040265141,0.1,white,CORR_L4_f0.5,-0.007760062022962085,-0.04113190299131476,-0.06919162945286625,-0.05846473164605174,-0.00897465169145878,F6b,0.0938212681616967,0.09580075100471534,0.6073816274899734,0.022612556604680593,-0.03956840273690356,-0.046359046103426775,-0.0002686434581074715,-0.07587371760311191,0.08835904628330996,1
0.002790215597282207,0.009112002040265141,0.1,white,CORR_L4_f0.7,-0.024640508216593558,-0.05859161653279861,-0.06628199380702661,-0.04602415205099457,-0.02127775890714155,F6b,0.08554369842376287,0.11580878199333902,0.654514909206524,0.005732110411049121,-0.057028116278387414,-0.043449410457587136,0.012171936136949698,-0.08817682481879469,0.10238429172510519,1
0.002790215597282207,0.009112002040265141,0.1,white,CORR_L6_f0.0,0.015918884111370157,-0.013592047899728453,-0.03304633871165116,-0.044850649682709284,0.030196357125528248,F6b,0.07218933828485137,0.07697562986452479,0.562138622576624,0.046291502739012835,-0.01202854764531726,-0.010213755362211691,0.01334543850523498,-0.03670270878612489,0.11360448807854137,1
0.002790215597282207,0.009112002040265141,0.1,white,CORR_L6_f0.15,0.022844741370395903,-0.02165325855105729,-0.08902781619981082,-0.015803289332701753,-0.004194044772336411,F6b,0.08902781619981082,0.09936340500469446,0.5883388020527205,0.05321735999803858,-0.0200897582966461,-0.06619523285037135,0.04239279885524251,-0.07109311068398955,0.10518934081346423,1
0.002790215597282207,0.009112002040265141,0.1,white,CORR_L6_f0.3,0.02842473023709194,-0.017126387885460455,-0.08522493266705602,-0.03895893437126635,0.0038836984866469915,F6b,0.09144106241394828,0.12200428869350645,0.5918170188883772,0.058797348864734617,-0.01556288763104926,-0.062392349317616544,0.01923715381667791,-0.06301536742500614,0.08976157082748948,1
0.002790215597282207,0.009112002040265141,0.1,white,CORR_L6_f0.5,-0.007760062022962085,-0.04113190299131476,-0.06919162945286625,-0.05846473164605174,-0.00897465169145878,F6b,0.0938212681616967,0.09580075100471534,0.6073816274899734,0.022612556604680593,-0.03956840273690356,-0.046359046103426775,-0.0002686434581074715,-0.07587371760311191,0.08835904628330996,1
0.002790215597282207,0.009112002040265141,0.1,white,CORR_L6_f0.7,-0.024640508216593558,-0.05859161653279861,-0.06628199380702661,-0.04602415205099457,-0.02127775890714155,F6b,0.08554369842376287,0.11580878199333902,0.654514909206524,0.005732110411049121,-0.057028116278387414,-0.043449410457587136,0.012171936136949698,-0.08817682481879469,0.10238429172510519,1
0.002790215597282207,0.009112002040265141,0.1,white,CORR_L10_f0.0,0.018681590067316803,-0.023230075586739958,-0.04040218609796819,-0.0390356029019784,0.00613514659458006,F6b,0.10108651737409488,0.07335522262777755,0.5898057835738201,0.04905420869495948,-0.021666575332328766,-0.017569602748528715,0.01916048528596587,-0.060763919317073076,0.14726507713884993,1
0.002790215597282207,0.009112002040265141,0.1,white,CORR_L10_f0.15,0.0215312017581435,0.007847493833354344,-0.10093408321698943,-0.047168048472297226,0.06457385075488305,F6b,0.10093408321698943,0.07810149986754997,0.5831203582380515,0.05190382038578618,0.009410994087765537,-0.07810149986754997,0.011028039715647036,-0.002325215156770093,0.10518934081346423,1
0.002790215597282207,0.009112002040265141,0.1,white,CORR_L10_f0.3,0.02842473023709194,-0.017126387885460455,-0.08522493266705602,-0.03895893437126635,0.0038836984866469915,F6b,0.09144106241394828,0.12200428869350645,0.5918170188883772,0.058797348864734617,-0.01556288763104926,-0.062392349317616544,0.01923715381667791,-0.06301536742500614,0.08976157082748948,1
0.002790215597282207,0.009112002040265141,0.1,white,CORR_L10_f0.5,-0.007760062022962085,-0.04113190299131476,-0.06919162945286625,-0.05846473164605174,-0.00897465169145878,F6b,0.0938212681616967,0.09580075100471534,0.6073816274899734,0.022612556604680593,-0.03956840273690356,-0.046359046103426775,-0.0002686434581074715,-0.07587371760311191,0.08835904628330996,1
0.002790215597282207,0.009112002040265141,0.1,white,CORR_L10_f0.7,-0.024640508216593558,-0.05859161653279861,-0.06628199380702661,-0.04602415205099457,-0.02127775890714155,F6b,0.08554369842376287,0.11580878199333902,0.654514909206524,0.005732110411049121,-0.057028116278387414,-0.043449410457587136,0.012171936136949698,-0.08817682481879469,0.10238429172510519,1
0.002790215597282207,0.009112002040265141,0.1,white,CORR_L20_f0.0,0.02016793030948129,-0.0013270300818743566,-0.051439119336807726,-0.06322467121260683,0.004248410127030533,F6b,0.06322467121260683,0.0626506557846226,0.6049234659960738,0.050540548937123966,0.0002364701725368364,-0.028606535987368256,-0.00502858302466256,-0.0626506557846226,0.1935483870967742,1
0.002790215597282207,0.009112002040265141,0.1,white,CORR_L20_f0.15,0.0215312017581435,0.007847493833354344,-0.10093408321698943,-0.047168048472297226,0.06457385075488305,F6b,0.10093408321698943,0.07810149986754997,0.5831203582380515,0.05190382038578618,0.009410994087765537,-0.07810149986754997,0.011028039715647036,-0.002325215156770093,0.10518934081346423,1
0.002790215597282207,0.009112002040265141,0.1,white,CORR_L20_f0.3,0.02842473023709194,-0.017126387885460455,-0.08522493266705602,-0.03895893437126635,0.0038836984866469915,F6b,0.09144106241394828,0.12200428869350645,0.5918170188883772,0.058797348864734617,-0.01556288763104926,-0.062392349317616544,0.01923715381667791,-0.06301536742500614,0.08976157082748948,1
0.002790215597282207,0.009112002040265141,0.1,white,CORR_L20_f0.5,-0.007760062022962085,-0.04113190299131476,-0.06919162945286625,-0.05846473164605174,-0.00897465169145878,F6b,0.0938212681616967,0.09580075100471534,0.6073816274899734,0.022612556604680593,-0.03956840273690356,-0.046359046103426775,-0.0002686434581074715,-0.07587371760311191,0.08835904628330996,1
0.002790215597282207,0.009112002040265141,0.1,white,CORR_L20_f0.7,-0.024640508216593558,-0.05859161653279861,-0.06628199380702661,-0.04602415205099457,-0.02127775890714155,F6b,0.08554369842376287,0.11580878199333902,0.654514909206524,0.005732110411049121,-0.057028116278387414,-0.043449410457587136,0.012171936136949698,-0.08817682481879469,0.10238429172510519,1
0.002790215597282207,0.009112002040265141,0.1,white,DITHER_s0.5,-0.021026842652173118,-0.0817482789575554,-0.011911435143691399,0.03287087946833196,0.0902839849517753,F6b,0.0902839849517753,0.09106696765627623,0.06413782031248166,0.009345775975469558,-0.08018477870314421,0.010921148205748075,0.09106696765627623,0.02338491904012216,0.09396914446002805,1
0.002790215597282207,0.009112002040265141,0.1,white,DITHER_s1.0,-0.038324152832891166,0.002715026249619469,-0.007545143712755697,0.012588783029073874,0.028121229030225306,F6b,0.07680977907218749,0.07883587581481029,0.07934672161576606,-0.007951534205248486,0.004278526504030662,0.015287439636683777,0.07078487121701814,-0.03877783688142783,0.09537166900420757,1
0.002790215597282207,0.009112002040265141,0.1,white,DITHER_s2.0,-0.014285172589630218,0.027073257571957658,0.026586482996322117,-0.013340043112195027,0.0318272372994134,F6b,0.055153619958890635,0.06481003455493635,0.07628411062817844,0.01608744603801246,0.02863675782636885,0.04941906634576159,0.04485604507574924,-0.03507182861223974,0.10238429172510519,1
0.002790215597282207,0.009112002040265141,0.1,white,DITHER_blind,0.050151539872782064,0.0263828335455226,0.03139108457742236,-0.05503200103083131,0.01685000605344123,F6b,0.08181800659956699,0.09432101587861394,0.0841308737883202,0.08052415850042474,0.027946333799933793,0.054223667926861834,0.0031640871571129558,-0.050049059858211904,0.0729312762973352,1
0.002790215597282207,0.009112002040265141,0.2,white,MEMLESS,-0.03859888635650641,-0.04117502227112753,-0.01097588369741473,-0.03695901745287626,0.017774220102374463,F6b,0.057726885018377166,0.066603828360877,0.821234310807113,-0.008226267728863725,-0.03961152201671633,0.011856699652024743,0.021237070735068007,-0.04912484580927867,0.2244039270687237,1
0.002790215597282207,0.009112002040265141,0.2,white,CORR_L2_f0.0,-0.01363366654645784,-0.09793432346916049,-0.06820200458530823,-0.04907768601759896,-0.01205294735381715,F6b,0.09793432346916049,0.0963708232147493,0.7147398071875789,0.016738952081184838,-0.0963708232147493,-0.04536942123586875,0.009118402170345308,-0.07895201326547029,0.19775596072931276,1
0.002790215597282207,0.009112002040265141,0.2,white,CORR_L2_f0.15,-0.01950419929572949,-0.0935767345565234,-0.07101783095779371,-0.04821895951950367,0.0006105954391013024,F6b,0.0935767345565234,0.09201323430211221,0.7232090806867185,0.010868419331913189,-0.09201323430211221,-0.048185247608354236,0.009977128668440593,-0.06628847047255183,0.18934081346423562,1
0.002790215597282207,0.009112002040265141,0.2,white,CORR_L2_f0.3,-0.000952590702170554,-0.08506404395908645,-0.06492507258324381,-0.07282795164095167,0.015642000261495904,F6b,0.08506404395908645,0.08350054370467526,0.7640136520270343,0.029420027925472124,-0.08350054370467526,-0.042092489233804334,-0.014631863453007399,-0.05125706565015723,0.20757363253856942,1
0.002790215597282207,0.009112002040265141,0.2,white,CORR_L2_f0.5,-0.013918943868285814,-0.07523125565149202,-0.06896060138171552,-0.07709258397585658,0.007188406690185417,F6b,0.07709258397585658,0.07366775539708083,0.7924375692342768,0.016453674759356864,-0.07366775539708083,-0.04612801803227604,-0.01889649578791232,-0.05971065922146772,0.21037868162692847,1
0.002790215597282207,0.009112002040265141,0.2,white,CORR_L2_f0.7,-0.04392700245062541,-0.06555136831111617,-0.019709626561245912,-0.09222944057678326,0.02222911423173371,F6b,0.09222944057678326,0.06398786805670498,0.826414358005948,-0.013554383822982732,-0.06398786805670498,0.0031229567881935626,-0.034033352388838985,-0.044669951679919426,0.23562412342215988,1
0.002790215597282207,0.009112002040265141,0.2,white,CORR_L4_f0.0,0.04417295904992946,-0.021768479145778476,-0.0682432218652751,-0.05698348008779444,-0.030042645045868316,F6b,0.1005993148912099,0.09694171095752145,0.6585826619666286,0.07454557767757214,-0.020204978891367284,-0.045410638515835614,0.0012126081001498205,-0.09694171095752145,0.19915848527349228,1
0.002790215597282207,0.009112002040265141,0.2,white,CORR_L4_f0.15,0.032916899678907846,-0.025253870348424953,-0.06895901295396023,-0.08001199511780366,0.012098616603618155,F6b,0.08001199511780366,0.09935789039617379,0.697076461373103,0.06328951830655052,-0.02369037009401376,-0.04612642960452076,-0.0218159069298594,-0.05480044930803498,0.18653576437587657,1
0.002790215597282207,0.009112002040265141,0.2,white,CORR_L4_f0.3,0.032802096509155776,-0.04100766966955142,-0.07696501653746593,-0.058033826415153436,0.012213592718148786,F6b,0.0802426829376082,0.06567688604631432,0.7301122000592628,0.06317471513679845,-0.03944416941514022,-0.05413243318802646,0.00016226177279082967,-0.05468547319350435,0.19915848527349228,1
0.002790215597282207,0.009112002040265141,0.2,white,CORR_L4_f0.5,0.008456575789812959,-0.04816795412990115,-0.07233291795934121,-0.10037245981174381,0.026924629717922983,F6b,0.10037245981174381,0.059745206168510784,0.7987056100282451,0.03882919441745564,-0.046604453875489955,-0.04950033460990173,-0.04217637162379955,-0.03997443619373015,0.22300140252454417,1
0.002790215597282207,0.009112002040265141,0.2,white,CORR_L4_f0.7,-0.0331579541467756,-0.04678174402876528,-0.02088674699207959,-0.09141133976804337,0.02578438322461034,F6b,0.09141133976804337,0.054540660662286654,0.8307461577622266,-0.0027853355191329227,-0.045218243774354086,0.0019458363573598844,-0.03321525158009911,-0.0411146826870428,0.24123422159887797,1
0.002790215597282207,0.009112002040265141,0.2,white,CORR_L6_f0.0,0.036215956712812955,-0.042582392330680265,-0.06326459130045443,-0.07387502281434831,-0.017858360931837472,F6b,0.11259539345141581,0.08486409870509848,0.6343507382214179,0.06658857534045563,-0.04101889207626907,-0.04043200795101496,-0.015678934626404045,-0.08475742684349061,0.1767180925666199,1
0.002790215597282207,0.009112002040265141,0.2,white,CORR_L6_f0.15,0.0433831903759021,-0.018107362756549547,-0.08101073947932616,-0.06142214350637562,0.004568037204242099,F6b,0.09613127010272672,0.08052861020393912,0.6562274326603079,0.07375580900354478,-0.016543862502138355,-0.05817815612988668,-0.003226055318431354,-0.062331028707411036,0.1697054698457223,1
0.002790215597282207,0.009112002040265141,0.2,white,CORR_L6_f0.3,0.030070293616347762,-0.02578108391727387,-0.07173687124881142,-0.05078188504082616,0.019714446122176668,F6b,0.08953934840953444,0.07497355151824056,0.7256134194551564,0.06044291224399044,-0.02421758366286268,-0.048904287899371957,0.007414203147118102,-0.04718461978947647,0.19915848527349228,1
0.002790215597282207,0.009112002040265141,0.2,white,CORR_L6_f0.5,0.006592929609330979,-0.04855076710964986,-0.0737959207851244,-0.10910604411391364,0.02680024463460899,F6b,0.10910604411391364,0.055369206555929355,0.7933563968200082,0.03696554823697366,-0.046987266855238664,-0.050963337435684916,-0.050909955925969384,-0.040098821277044144,0.2187938288920056,1
0.002790215597282207,0.009112002040265141,0.2,white,CORR_L6_f0.7,-0.0331579541467756,-0.04678174402876528,-0.02088674699207959,-0.09141133976804337,0.02578438322461034,F6b,0.09141133976804337,0.054540660662286654,0.8307461577622266,-0.0027853355191329227,-0.045218243774354086,0.0019458363573598844,-0.03321525158009911,-0.0411146826870428,0.24123422159887797,1
0.002790215597282207,0.009112002040265141,0.2,white,CORR_L10_f0.0,0.023917641568701686,-0.031172641802739084,-0.05056336038892675,-0.06409636445057008,0.0032832925924928813,F6b,0.11293165803994337,0.08520036329362604,0.6423773737480004,0.054290260196344364,-0.029609141548327892,-0.027730777039487273,-0.005900276262625825,-0.06361577331916025,0.20757363253856942,1
0.002790215597282207,0.009112002040265141,0.2,white,CORR_L10_f0.15,0.045282001739915936,-0.017867896848950827,-0.07594184129358728,-0.038751495077943524,0.016064603526291396,F6b,0.07871383226792093,0.07595405815768858,0.669340235926511,0.07565462036755861,-0.016304396594539635,-0.0531092579441478,0.019444593110000744,-0.05083446238536174,0.182328190743338,1
0.002790215597282207,0.009112002040265141,0.2,white,CORR_L10_f0.3,0.03654270308857725,-0.0182246158280276,-0.06825819698840169,-0.05454544294185487,0.010207469998319521,F6b,0.08628340900337039,0.07171761211207651,0.7279949198744599,0.06691532171621993,-0.01666111557361641,-0.04542561363896221,0.003650645246089393,-0.056691595913333614,0.20196353436185133,1
0.002790215597282207,0.009112002040265141,0.2,white,CORR_L10_f0.5,0.006592929609330979,-0.04855076710964986,-0.0737959207851244,-0.10910604411391364,0.02680024463460899,F6b,0.10910604411391364,0.055369206555929355,0.7933563968200082,0.03696554823697366,-0.046987266855238664,-0.050963337435684916,-0.050909955925969384,-0.040098821277044144,0.2187938288920056,1
0.002790215597282207,0.009112002040265141,0.2,white,CORR_L10_f0.7,-0.0331579541467756,-0.04678174402876528,-0.02088674699207959,-0.09141133976804337,0.02578438322461034,F6b,0.09141133976804337,0.054540660662286654,0.8307461577622266,-0.0027853355191329227,-0.045218243774354086,0.0019458363573598844,-0.03321525158009911,-0.0411146826870428,0.24123422159887797,1
0.002790215597282207,0.009112002040265141,0.2,white,CORR_L20_f0.0,0.01866784676428069,0.002480431138541697,-0.023415422153380418,-0.030654493655118898,0.018881891545432065,F6b,0.030654493655118898,0.05315447167510738,0.6451922678893905,0.04904046539192337,0.0040439313929528905,-0.000582838803940943,0.027541594532825366,-0.04801717436622107,0.23562412342215988,1
0.002790215597282207,0.009112002040265141,0.2,white,CORR_L20_f0.15,0.04331000056294823,-0.015780773790778413,-0.07658768429610936,-0.03956838877480949,0.011845895813264153,F6b,0.08035075099860907,0.07368261919059091,0.670623218671849,0.07368261919059091,-0.01421727353636722,-0.05375510094666989,0.01862769941313477,-0.05505317009838898,0.18373071528751753,1
0.002790215597282207,0.009112002040265141,0.2,white,CORR_L20_f0.3,0.03654270308857725,-0.0182246158280276,-0.06825819698840169,-0.05454544294185487,0.010207469998319521,F6b,0.08628340900337039,0.07171761211207651,0.7279949198744599,0.06691532171621993,-0.01666111557361641,-0.04542561363896221,0.003650645246089393,-0.056691595913333614,0.20196353436185133,1
0.002790215597282207,0.009112002040265141,0.2,white,CORR_L20_f0.5,0.006592929609330979,-0.04855076710964986,-0.0737959207851244,-0.10910604411391364,0.02680024463460899,F6b,0.10910604411391364,0.055369206555929355,0.7933563968200082,0.03696554823697366,-0.046987266855238664,-0.050963337435684916,-0.050909955925969384,-0.040098821277044144,0.2187938288920056,1
0.002790215597282207,0.009112002040265141,0.2,white,CORR_L20_f0.7,-0.0331579541467756,-0.04678174402876528,-0.02088674699207959,-0.09141133976804337,0.02578438322461034,F6b,0.09141133976804337,0.054540660662286654,0.8307461577622266,-0.0027853355191329227,-0.045218243774354086,0.0019458363573598844,-0.03321525158009911,-0.0411146826870428,0.24123422159887797,1
0.002790215597282207,0.009112002040265141,0.2,white,DITHER_s0.5,-0.03949469256926726,-0.055305576254517506,-0.04541624926316274,0.015283759766995142,0.06351811077736515,F6b,0.07776029669135437,0.07583279053577541,0.22701514193979616,-0.009122073941624585,-0.05374207600010631,-0.022583665913723266,0.0734798479549394,-0.003380955134287982,0.18373071528751753,1
0.002790215597282207,0.009112002040265141,0.2,white,DITHER_s1.0,-0.019730291808268158,-0.0016234458096016596,0.014647618126607448,-0.054522935716171395,0.019291397093494464,F6b,0.12443374147602587,0.09367759637966322,0.222626107582686,0.01064232681937452,-5.994555519046649e-05,0.03748020147604692,0.0036731524717728676,-0.04760766881815867,0.19915848527349228,1
0.002790215597282207,0.009112002040265141,0.2,white,DITHER_s2.0,0.020511044423369665,-0.08563749492905509,-0.03727603137259303,-0.04595892676344891,0.06121822187816813,F6b,0.08563749492905509,0.0840739946746439,0.10413120389029677,0.05088366305101234,-0.0840739946746439,-0.014443448023153555,0.012237161424495354,-0.005680844033485002,0.1570827489481066,1
0.002790215597282207,0.009112002040265141,0.2,white,DITHER_blind,-0.17302346363796312,0.0572054944940198,-0.01827051853327883,-0.06627216120748781,0.01284295081624054,F6b,0.17302346363796312,0.14265084501032044,0.206299635994186,-0.14265084501032044,0.058768994748430996,0.004562064816160645,-0.008076073019543547,-0.054056115095412596,0.22300140252454417,1
0.002790215597282207,0.009112002040265141,0.3,white,MEMLESS,-0.04930707151394806,-0.026238364813726604,-0.009925781361212926,-0.048718415212830005,0.006422840821490208,F6b,0.04930707151394806,0.06047622509016293,0.9041838645392521,-0.018934452886305384,-0.02467486455931541,0.012906801988226548,0.009477672975114256,-0.06047622509016293,0.3394109396914446,1
0.002790215597282207,0.009112002040265141,0.3,white,CORR_L2_f0.0,-0.005596350438285196,-0.0765403413376038,-0.042136706876958335,-0.09639896370535309,0.034596427647898186,F6b,0.09639896370535309,0.07497684108319261,0.8424079119435973,0.02477626818935748,-0.07497684108319261,-0.019304123527518858,-0.03820287551740883,-0.03230263826375495,0.3394109396914446,1
0.002790215597282207,0.009112002040265141,0.3,white,CORR_L2_f0.15,-0.0068694693921259875,-0.0736771602076192,-0.03862558042317139,-0.09957575419276535,0.03583969898402342,F6b,0.09957575419276535,0.07211365995320801,0.8458266347590669,0.02350314923551669,-0.07211365995320801,-0.01579299707373192,-0.04137966600482108,-0.031059366927629714,0.32398316970546986,1
0.002790215597282207,0.009112002040265141,0.3,white,CORR_L2_f0.3,0.010385204808911842,-0.04773888690908394,-0.024864389889064746,-0.0719546961363475,0.03113098585587122,F6b,0.0719546961363475,0.0625989980341291,0.8568514772883751,0.04075782343655452,-0.046175386654672745,-0.002031806539625272,-0.013758607948403232,-0.035768080055781915,0.3225806451612903,1
0.002790215597282207,0.009112002040265141,0.3,white,CORR_L2_f0.5,0.01548463196288341,-0.033384318652880204,-0.024020658665811906,-0.06705196258018471,0.013405380778328452,F6b,0.06705196258018471,0.06883995220518044,0.8934709381254735,0.04585725059052609,-0.03182081839846901,-0.0011880753163724317,-0.008855874392240453,-0.053493685133324684,0.3534361851332398,1
0.002790215597282207,0.009112002040265141,0.3,white,CORR_L2_f0.7,-0.012294417094431246,-0.042158996877777855,-0.011229056228922838,-0.06719225226956585,0.01556733687040067,F6b,0.06719225226956585,0.062333007616591725,0.9023602960564421,0.018078201533211432,-0.04059549662336666,0.011603527120516635,-0.008996164081621587,-0.051331729041252466,0.3450210378681627,1
0.002790215597282207,0.009112002040265141,0.3,white,CORR_L4_f0.0,0.03765381723310188,-0.03859868958660624,-0.04192536702387683,-0.06506169591842134,0.01472341117738342,F6b,0.06912251523549381,0.06802643586074456,0.7635204953951217,0.06802643586074456,-0.037035189332195045,-0.019092783674437355,-0.0068656077304770765,-0.052175654734269716,0.3141654978962132,1
0.002790215597282207,0.009112002040265141,0.3,white,CORR_L4_f0.15,0.02180312325655078,-0.046228144688214325,-0.07356466227672459,-0.0682829225116435,0.024608093196333537,F6b,0.07356466227672459,0.05217574188419346,0.7631816211549836,0.05217574188419346,-0.04466464443380313,-0.050732078927285124,-0.01008683432369923,-0.0422909727153196,0.2594670406732118,1
0.002790215597282207,0.009112002040265141,0.3,white,CORR_L4_f0.3,0.002462818431852122,-0.05566292483136485,-0.02649471810708158,-0.06490335789850739,0.037532911341279826,F6b,0.06490335789850739,0.05409942457695365,0.8580858238308883,0.0328354370594948,-0.05409942457695365,-0.0036621347576421067,-0.006707269710563127,-0.02936615457037331,0.34642356241234223,1
0.002790215597282207,0.009112002040265141,0.3,white,CORR_L4_f0.5,0.0023096863355613756,-0.0331317286901974,-0.013034755123310305,-0.05165440587701968,0.0415298280095208,F6b,0.05165440587701968,0.047058629371433236,0.8890666454689066,0.032682304963204054,-0.0315682284357862,0.009797828226129169,0.006541682310924582,-0.025369237902132337,0.3506311360448808,1
0.002790215597282207,0.009112002040265141,0.3,white,CORR_L4_f0.7,-0.00026727130739832156,-0.02752650985038241,-0.02498944999669716,-0.07408306929324474,0.0049558296194625664,F6b,0.07408306929324474,0.0658684880356022,0.902221128660359,0.030105347320244356,-0.02596300959597122,-0.002156866647257685,-0.01588698110530047,-0.06194323629219057,0.3450210378681627,1
0.002790215597282207,0.009112002040265141,0.3,white,CORR_L6_f0.0,0.0299756930346445,-0.04915209511596504,-0.02483854713747827,-0.09412572630115015,0.043113636865998416,F6b,0.09412572630115015,0.08441875301392379,0.7264777551653802,0.06034831166228718,-0.04758859486155385,-0.0020059637880387973,-0.03592963811320589,-0.02378542904565472,0.2959326788218794,1
0.002790215597282207,0.009112002040265141,0.3,white,CORR_L6_f0.15,0.036511635404519974,-0.05246677766206134,-0.056738397391845836,-0.057272189599704634,0.022895569262485836,F6b,0.07668948348999347,0.07392970937976111,0.7671674730724625,0.06688425403216265,-0.050903277407650147,-0.03390581404240636,0.0009238985882396307,-0.0440034966491673,0.2776998597475456,1
0.002790215597282207,0.009112002040265141,0.3,white,CORR_L6_f0.3,0.009863286132030073,-0.06428879348757803,-0.05522696264574159,-0.08156596668305026,0.038049926656761913,F6b,0.08156596668305026,0.06272529323316683,0.8515570585210163,0.04023590475967275,-0.06272529323316683,-0.032394379296302116,-0.023369878495105995,-0.028849139254891222,0.3492286115007013,1
0.002790215597282207,0.009112002040265141,0.3,white,CORR_L6_f0.5,-0.00986416234069986,-0.03643626623885759,-0.024658401083490097,-0.061987041854583695,0.03979352535970168,F6b,0.061987041854583695,0.05219818242213793,0.8833214359833285,0.020508456286942818,-0.03487276598444639,-0.001825817734050624,-0.0037909536666394287,-0.027105540551951454,0.34221598877980364,1
0.002790215597282207,0.009112002040265141,0.3,white,CORR_L6_f0.7,-0.00026727130739832156,-0.02752650985038241,-0.02498944999669716,-0.07408306929324474,0.0049558296194625664,F6b,0.07408306929324474,0.0658684880356022,0.902221128660359,0.030105347320244356,-0.02596300959597122,-0.002156866647257685,-0.01588698110530047,-0.06194323629219057,0.3450210378681627,1
0.002790215597282207,0.009112002040265141,0.3,white,CORR_L10_f0.0,0.04225694056240188,-0.01701567004231995,-0.031208113262512882,-0.04065662861020617,0.021602984580281932,F6b,0.06647752400952552,0.08141655384984117,0.6786948864973774,0.07262955919004456,-0.015452169787908757,-0.008375529913073406,0.017539459577738094,-0.0452960813313712,0.25105189340813466,1
0.002790215597282207,0.009112002040265141,0.3,white,CORR_L10_f0.15,0.03918006785413332,-0.05378423154073592,-0.06591767758559619,-0.05631853018783605,0.020338872100398336,F6b,0.06926951042803992,0.069552686481776,0.7651405272763094,0.069552686481776,-0.05222073128632473,-0.04308509423615672,0.001877558000108211,-0.0465601938112548,0.2776998597475456,1
0.002790215597282207,0.009112002040265141,0.3,white,CORR_L10_f0.3,0.014190560673911438,-0.061228201247378926,-0.05057764097855513,-0.07623837546256453,0.03649268266303901,F6b,0.07623837546256453,0.05966470099296773,0.8540956463810921,0.044563179301554116,-0.05966470099296773,-0.027745057629115655,-0.018042287274620265,-0.030406383248614124,0.3576437587657784,1
0.002790215597282207,0.009112002040265141,0.3,white,CORR_L10_f0.5,-0.00986416234069986,-0.03643626623885759,-0.024658401083490097,-0.061987041854583695,0.03979352535970168,F6b,0.061987041854583695,0.05219818242213793,0.8833214359833285,0.020508456286942818,-0.03487276598444639,-0.001825817734050624,-0.0037909536666394287,-0.027105540551951454,0.34221598877980364,1
0.002790215597282207,0.009112002040265141,0.3,white,CORR_L10_f0.7,-0.00026727130739832156,-0.02752650985038241,-0.02498944999669716,-0.07408306929324474,0.0049558296194625664,F6b,0.07408306929324474,0.0658684880356022,0.902221128660359,0.030105347320244356,-0.02596300959597122,-0.002156866647257685,-0.01588698110530047,-0.06194323629219057,0.3450210378681627,1
0.002790215597282207,0.009112002040265141,0.3,white,CORR_L20_f0.0,0.027008912215620774,-0.0028960944484642632,-0.03556869921490936,-0.04275588832923059,0.032864741909458664,F6b,0.050919294502324935,0.08167543959868759,0.71929685140456,0.05738153084326345,-0.0013325941940530704,-0.012736115865469893,0.015440199858713675,-0.03403432400219447,0.3281907433380084,1
0.002790215597282207,0.009112002040265141,0.3,white,CORR_L20_f0.15,0.038284331164971236,-0.04447611057549649,-0.058859567491471906,-0.052485214039098574,0.018606950921721363,F6b,0.06948470509458839,0.08557823960156541,0.75948832378909,0.06865694979261391,-0.042912610321085294,-0.03602698414203243,0.00571087414884569,-0.04829211498993177,0.2720897615708275,1
0.002790215597282207,0.009112002040265141,0.3,white,CORR_L20_f0.3,0.014190560673911438,-0.061228201247378926,-0.05057764097855513,-0.07623837546256453,0.03649268266303901,F6b,0.07623837546256453,0.05966470099296773,0.8540956463810921,0.044563179301554116,-0.05966470099296773,-0.027745057629115655,-0.018042287274620265,-0.030406383248614124,0.3576437587657784,1
0.002790215597282207,0.009112002040265141,0.3,white,CORR_L20_f0.5,-0.00986416234069986,-0.03643626623885759,-0.024658401083490097,-0.061987041854583695,0.03979352535970168,F6b,0.061987041854583695,0.05219818242213793,0.8833214359833285,0.020508456286942818,-0.03487276598444639,-0.001825817734050624,-0.0037909536666394287,-0.027105540551951454,0.34221598877980364,1
0.002790215597282207,0.009112002040265141,0.3,white,CORR_L20_f0.7,-0.00026727130739832156,-0.02752650985038241,-0.02498944999669716,-0.07408306929324474,0.0049558296194625664,F6b,0.07408306929324474,0.0658684880356022,0.902221128660359,0.030105347320244356,-0.02596300959597122,-0.002156866647257685,-0.01588698110530047,-0.06194323629219057,0.3450210378681627,1
0.002790215597282207,0.009112002040265141,0.3,white,DITHER_s0.5,-0.008584789141449063,0.061610994055771945,0.022676006557802192,-0.05677777156584086,0.10621086198628266,F6b,0.10621086198628266,0.08740918605486259,0.4565175170346331,0.021787829486193615,0.06317449431018314,0.045508589907241666,0.0014183166221034033,0.03931179607462952,0.3225806451612903,1
0.002790215597282207,0.009112002040265141,0.3,white,DITHER_s1.0,0.07169872122613619,-0.011950963944826776,-0.035476944095313656,-0.04024634806658649,0.1320961603735833,F6b,0.1320961603735833,0.10207133985377886,0.4045395328876506,0.10207133985377886,-0.010387463690415584,-0.01264436074587418,0.017949740121357777,0.06519709446193014,0.30014025245441794,1
0.002790215597282207,0.009112002040265141,0.3,white,DITHER_s2.0,-0.1002391905527336,-0.12487712393014688,-0.020986819756712134,-0.12936758554517166,0.030095765442486114,F6b,0.12936758554517166,0.12389703199561612,0.23997287499218745,-0.06986657192509092,-0.12331362367573569,0.0018457635927273412,-0.0711714973572274,-0.03680330046916702,0.302945301542777,1
0.002790215597282207,0.009112002040265141,0.3,white,DITHER_blind,-0.04469920594361608,-0.054825692760577416,-0.03548307347198511,-0.08969992556967642,0.033977329916213016,F6b,0.09447485245767656,0.11007751235646417,0.3933681492787425,-0.0143265873159734,-0.05326219250616622,-0.01265049012254563,-0.03150383738173215,-0.03292173599544012,0.2847124824684432,1
0.002790215597282207,0.009112002040265141,0.5,white,MEMLESS,-0.0063903622635394786,-0.039679746166346716,-0.017060547711272217,-0.00037212474674106627,0.004853404436216388,F6b,0.039679746166346716,0.06204566147543675,0.9701929409231277,0.0239822563641032,-0.03811624591193552,0.005772035638167257,0.0578239634412032,-0.06204566147543675,0.5329593267882188,1
0.002790215597282207,0.009112002040265141,0.5,white,CORR_L2_f0.0,-0.0013104885044801992,-0.0428521005637176,-0.018448467518037158,-0.06032606234496636,0.026935350728729525,F6b,0.06032606234496636,0.043220453635982425,0.9369773520024195,0.02906213012316248,-0.0412886003093064,0.004384115831402314,-0.002129974157022095,-0.03996371518292361,0.5455820476858345,1
0.002790215597282207,0.009112002040265141,0.5,white,CORR_L2_f0.15,0.010226239355261617,-0.04401054684713983,-0.016448489890347886,-0.03923730507825288,0.028100166937826458,F6b,0.04401054684713983,0.05277167535738695,0.9446164980912175,0.040598857982904295,-0.04244704659272863,0.006384093459091589,0.01895878310969138,-0.03879889897382668,0.5343618513323983,1
0.002790215597282207,0.009112002040265141,0.5,white,CORR_L2_f0.3,0.005105035826832811,-0.03301105781946444,-0.02476664416353189,-0.03285470701421464,0.024762308199483017,F6b,0.03301105781946444,0.05185634514576475,0.9553615285949256,0.03547765445447549,-0.03144755756505324,-0.0019340608140924148,0.025341381173729628,-0.04213675771217012,0.5385694249649369,1
0.002790215597282207,0.009112002040265141,0.5,white,CORR_L2_f0.5,0.008497002159643899,-0.031497087186815785,-0.016442715689311792,-0.020384573273816625,0.02246181053743824,F6b,0.0495272833118837,0.06372460592040308,0.962742183878434,0.03886962078728658,-0.029933586932404593,0.006389867660127683,0.03781151491412764,-0.0444372553742149,0.5385694249649369,1
0.002790215597282207,0.009112002040265141,0.5,white,CORR_L2_f0.7,0.0017026969758586682,-0.046202621753338544,-0.022328570617264287,-0.004630660360575807,0.02781427833933641,F6b,0.046202621753338544,0.05743226198161366,0.9695922038872421,0.032075315603501346,-0.04463912149892735,0.0005040127321751873,0.05356542782736846,-0.039084787572316725,0.5427769985974754,1
0.002790215597282207,0.009112002040265141,0.5,white,CORR_L4_f0.0,0.010587662038321052,-0.01563703611962242,-0.013797933421800652,-0.04956093192363999,0.03189593814335488,F6b,0.04956093192363999,0.060096911603556964,0.9034051076551901,0.04096028066596373,-0.014073535865211225,0.009034649927638822,0.008635156264304273,-0.03500312776829825,0.5469845722300141,1
0.002790215597282207,0.009112002040265141,0.5,white,CORR_L4_f0.15,0.006117681359767979,-0.020762736136148322,-0.018354531636375317,-0.0370133954166208,0.04416618994643713,F6b,0.05925374788720216,0.05754284352121347,0.9467655146407211,0.03649029998741066,-0.01919923588173713,0.0044780517130641575,0.02118269277132347,-0.022732875965216007,0.5820476858345021,1
0.002790215597282207,0.009112002040265141,0.5,white,CORR_L4_f0.3,0.0007694607774326873,-0.03220172831068182,-0.011610981866182275,-0.02614106727117866,0.029276251981700564,F6b,0.04899168275272309,0.04785032893646443,0.9526693835464896,0.031142079405075365,-0.030638228056270624,0.0112216014832572,0.032055020916765604,-0.03762281392995257,0.5483870967741935,1
0.002790215597282207,0.009112002040265141,0.5,white,CORR_L4_f0.5,0.011650034684959627,-0.024930403069291465,-0.016919310697636546,-0.008325469817298294,0.0055298668596814315,F6b,0.04669023904265521,0.061369199051971704,0.9653707149398936,0.042022653312602305,-0.023366902814880273,0.005913272651802928,0.04987061837064597,-0.061369199051971704,0.5539971949509116,1
0.002790215597282207,0.009112002040265141,0.5,white,CORR_L4_f0.7,0.012701323646623214,-0.041489472128696935,-0.024770875037615676,-0.006396599229152505,0.025692450312450626,F6b,0.047115830055839976,0.055707780730179006,0.9704263486483966,0.04307394227426589,-0.03992597187428574,-0.001938291688176201,0.05179948895879176,-0.04120661559920251,0.5469845722300141,1
0.002790215597282207,0.009112002040265141,0.5,white,CORR_L6_f0.0,0.01827471382761045,-0.0244473610423598,-0.03818172105781515,-0.09107621361255519,0.040060277126941046,F6b,0.09107621361255519,0.06713004524545324,0.8734141564802749,0.04864733245525313,-0.022883860787948608,-0.015349137708375676,-0.032880125424610926,-0.026838788784712093,0.5385694249649369,1
0.002790215597282207,0.009112002040265141,0.5,white,CORR_L6_f0.15,0.006829063393437994,-0.03447100670111919,-0.016733744600085657,-0.05494601963009218,0.04993493279475969,F6b,0.05494601963009218,0.04655871417902752,0.918341031032874,0.03720168202108067,-0.03290750644670799,0.0060988387493538165,0.003250068557852085,-0.016964133116893446,0.5259467040673211,1
0.002790215597282207,0.009112002040265141,0.5,white,CORR_L6_f0.3,0.0014070592433572116,-0.03702506750286876,-0.006570582718457979,-0.034215917278461,0.024923564485385588,F6b,0.05110043269655703,0.044335755557476916,0.9553287974481042,0.03177967787099989,-0.035461567248457566,0.016262000630981495,0.023980170909483265,-0.04197550142626755,0.5596072931276297,1
0.002790215597282207,0.009112002040265141,0.5,white,CORR_L6_f0.5,0.01106828225299155,-0.026858606920650757,-0.018030948600042448,-0.011213669417025673,0.003089775442843501,F6b,0.04877459268422807,0.06380929046880963,0.9667844226780078,0.04144090088063423,-0.025295106666239565,0.004801634749397025,0.04698241877091859,-0.06380929046880963,0.5610098176718092,1
0.002790215597282207,0.009112002040265141,0.5,white,CORR_L6_f0.7,0.01224856741276606,-0.041121430503073875,-0.024822334925362694,-0.005802753110850448,0.026391546983326214,F6b,0.04452697635228094,0.05580725351814964,0.9708149960512666,0.04262118604040874,-0.03955793024866268,-0.0019897515759232215,0.05239333507709382,-0.04050751892832692,0.5483870967741935,1
0.002790215597282207,0.009112002040265141,0.5,white,CORR_L10_f0.0,0.03663628511618855,-0.008944206791720083,-0.026958385246956096,-0.052248757129032264,0.05547394329045671,F6b,0.06503609175513668,0.07896446784386402,0.8335285458660824,0.06700890374383123,-0.007380706537308891,-0.004125801897516621,0.005947331058911997,-0.011425122621196424,0.514726507713885,1
0.002790215597282207,0.009112002040265141,0.5,white,CORR_L10_f0.15,-0.004852162913295443,-0.027602920889523402,-0.013899072003975808,-0.040239992517556875,0.042878657571340045,F6b,0.04930727738543925,0.04650393947880895,0.9183846043778732,0.025520455714347235,-0.02603942063511221,0.008933511345463666,0.017956095670387386,-0.024020408340313094,0.5357643758765779,1
0.002790215597282207,0.009112002040265141,0.5,white,CORR_L10_f0.3,2.0506040558063848e-05,-0.036645449061247795,-0.006120658888854245,-0.03337638338911949,0.024267655692669157,F6b,0.04962363179031535,0.04659390518227542,0.9558072636507553,0.030393124668200742,-0.0350819488068366,0.01671192446058523,0.024819704798824775,-0.04263141021898398,0.5624123422159888,1
0.002790215597282207,0.009112002040265141,0.5,white,CORR_L10_f0.5,0.010613010547295007,-0.02649104174193041,-0.0180838910494987,-0.010622688935852484,0.002734245916968428,F6b,0.046184837433763844,0.06416481999468471,0.967173070080878,0.040985629174937685,-0.024927541487519217,0.004748692299940773,0.04757339925209178,-0.06416481999468471,0.5624123422159888,1
0.002790215597282207,0.009112002040265141,0.5,white,CORR_L10_f0.7,0.01224856741276606,-0.041121430503073875,-0.024822334925362694,-0.005802753110850448,0.026391546983326214,F6b,0.04452697635228094,0.05580725351814964,0.9708149960512666,0.04262118604040874,-0.03955793024866268,-0.0019897515759232215,0.05239333507709382,-0.04050751892832692,0.5483870967741935,1
0.002790215597282207,0.009112002040265141,0.5,white,CORR_L20_f0.0,0.040541264946801145,0.0012175256107120264,-0.026669875602598665,-0.044428910699824416,0.03118017613251156,F6b,0.044428910699824416,0.07091388357444382,0.8057965376954381,0.07091388357444382,0.0027810258651232195,-0.0038372922531591898,0.01376717748811985,-0.035718889779141574,0.49789621318373073,1
0.002790215597282207,0.009112002040265141,0.5,white,CORR_L20_f0.15,-0.006867244200604198,-0.034690997685736066,-0.02810144230550717,-0.06724123615908391,0.045590229316934794,F6b,0.06724123615908391,0.05360681084254575,0.9072373408951389,0.02350537442703848,-0.03312749743132487,-0.005268858956067695,-0.00904514797113965,-0.021308836594718338,0.5133239831697055,1
0.002790215597282207,0.009112002040265141,0.5,white,CORR_L20_f0.3,2.0506040558063848e-05,-0.036645449061247795,-0.006120658888854245,-0.03337638338911949,0.024267655692669157,F6b,0.04962363179031535,0.04659390518227542,0.9558072636507553,0.030393124668200742,-0.0350819488068366,0.01671192446058523,0.024819704798824775,-0.04263141021898398,0.5624123422159888,1
0.002790215597282207,0.009112002040265141,0.5,white,CORR_L20_f0.5,0.010613010547295007,-0.02649104174193041,-0.0180838910494987,-0.010622688935852484,0.002734245916968428,F6b,0.046184837433763844,0.06416481999468471,0.967173070080878,0.040985629174937685,-0.024927541487519217,0.004748692299940773,0.04757339925209178,-0.06416481999468471,0.5624123422159888,1
0.002790215597282207,0.009112002040265141,0.5,white,CORR_L20_f0.7,0.01224856741276606,-0.041121430503073875,-0.024822334925362694,-0.005802753110850448,0.026391546983326214,F6b,0.04452697635228094,0.05580725351814964,0.9708149960512666,0.04262118604040874,-0.03955793024866268,-0.0019897515759232215,0.05239333507709382,-0.04050751892832692,0.5483870967741935,1
0.002790215597282207,0.009112002040265141,0.5,white,DITHER_s0.5,0.0018902918693497126,0.02297076212309464,-0.033675765222706634,-0.09782990821976874,0.1451406780347383,F6b,0.1451406780347383,0.07824161212308517,0.5696090880579581,0.03226291049699239,0.024534262377505833,-0.01084318187326716,-0.039633820031824474,0.07824161212308517,0.5049088359046283,1
0.002790215597282207,0.009112002040265141,0.5,white,DITHER_s1.0,-0.047834214811195125,0.023121439656558846,-0.0565365917309757,-0.08485515042221643,0.02244579205064605,F6b,0.10576065682278366,0.06973156038172827,0.5443766041665372,-0.01746159618355245,0.02468493991097004,-0.03370400838153623,-0.026659062234272172,-0.04445327386100709,0.5329593267882188,1
0.002790215597282207,0.009112002040265141,0.5,white,DITHER_s2.0,-0.04082040372620024,-0.08653178008718027,0.07146814172170407,-0.07951733507363863,0.044816976317609156,F6b,0.08653178008718027,0.09430072507114355,0.42931817852567866,-0.010447785098557559,-0.08496827983276907,0.09430072507114355,-0.021321246885694364,-0.022082089594043983,0.5021037868162693,1
0.002790215597282207,0.009112002040265141,0.5,white,DITHER_blind,-0.08807727791386757,0.10481825962775392,0.017112450467813768,-0.026595313565638143,0.05095101703077656,F6b,0.10481825962775392,0.10638175988216511,0.4746567164438739,-0.05770465928622489,0.10638175988216511,0.03994503381725324,0.03160077462230612,-0.01594804888087657,0.4992987377279102,1
0.0016885752783454583,0.010407101905095466,0.0,white,NOATTACK,0.0,0.0,0.0,0.0,0.0,F6b,0.0,0.040759587492882894,0.0,-0.03919145096858062,0.023368322506554573,0.040759587492882894,0.00044387368868761693,0.03326716769082657,0.0,2
0.0016885752783454583,0.010407101905095466,0.02,white,MEMLESS,0.0060564760297487155,0.034021630764893236,0.0011055698299733824,7.096552533931142e-05,-0.007497781912653295,F6b,0.04830750683230903,0.05738995327144781,0.4837891534782485,-0.033134974938831906,0.05738995327144781,0.041865157322856277,0.0005148392140269284,0.025769385778173275,0.026824978012313105,2
0.0016885752783454583,0.010407101905095466,0.02,white,CORR_L2_f0.0,0.007148479840600318,0.049977227015612954,0.0032301919919916072,0.006096629583589556,0.009427315485561645,F6b,0.05170414794378783,0.07334554952216753,0.4525176401157718,-0.0320429711279803,0.07334554952216753,0.0439897794848745,0.006540503272277173,0.042694483176388215,0.02997654646731164,2
0.0016885752783454583,0.010407101905095466,0.02,white,CORR_L2_f0.15,0.005018240673749237,0.04609209627423551,0.008976313589809978,-0.0011091044143663239,0.0038221623197791377,F6b,0.050663122610749484,0.06946041878079008,0.4563401831761745,-0.034173210294831384,0.06946041878079008,0.04973590108269287,-0.0006652307256787068,0.03708933001060571,0.02880386983289358,2
0.0016885752783454583,0.010407101905095466,0.02,white,CORR_L2_f0.3,0.0067946312571012385,0.03425592922318454,0.00869956872497777,-0.008616569170196162,0.0013672770371045556,F6b,0.046420198533849565,0.05762425172973911,0.46777074755344994,-0.03239681971147938,0.05762425172973911,0.049459156217860664,-0.008172695481508545,0.034634444727931125,0.02873057754324245,2
0.0016885752783454583,0.010407101905095466,0.02,white,CORR_L2_f0.5,0.003074178709656282,0.03259320808199186,0.008144548815801844,0.0015891304672820345,-0.004298426127245,F6b,0.04217504222378369,0.055961530588546436,0.4767457228282103,-0.03611727225892434,0.055961530588546436,0.04890413630868474,0.0020330041559696514,0.02896874156358157,0.027851070067428905,2
0.0016885752783454583,0.010407101905095466,0.02,white,CORR_L2_f0.7,0.006147652390537724,0.028916165781664234,0.007768013898256022,0.0017338253814869016,-0.011305631223190567,F6b,0.053632345215374716,0.05228448828821881,0.4817011595292377,-0.0330437985780429,0.05228448828821881,0.048527601391138916,0.0021776990701745185,0.021961536467636003,0.027264731750219876,2
0.0016885752783454583,0.010407101905095466,0.02,white,CORR_L4_f0.0,-0.009008303953190466,0.04453313746185672,-0.00587043134275992,-0.01918520699291235,-0.005326285680111637,F6b,0.05100261802747698,0.06790145996841129,0.4379409880200539,-0.04819975492177109,0.06790145996841129,0.034889156150122974,-0.01874133330422473,0.027940882010714933,0.034007622398123716,2
0.0016885752783454583,0.010407101905095466,0.02,white,CORR_L4_f0.15,-0.003476521102319753,0.04201050624400693,-0.00016085326612357703,-0.01503006451115606,0.002844622894327263,F6b,0.04397679900038861,0.0653788287505615,0.4452009317616311,-0.042667972070900374,0.0653788287505615,0.04059873422675932,-0.014586190822468443,0.03611179058515383,0.02997654646731164,2
0.0016885752783454583,0.010407101905095466,0.02,white,CORR_L4_f0.3,0.005816089056059591,0.024414972008168057,0.0028308045021083056,-0.007133062772935572,0.0018118811120750589,F6b,0.05350078598563908,0.04778329451472263,0.45485289080360747,-0.03337536191252103,0.04778329451472263,0.0435903919949912,-0.006689189084247956,0.03507904880290163,0.02711814717091762,2
0.0016885752783454583,0.010407101905095466,0.02,white,CORR_L4_f0.5,-6.521755704406301e-05,0.03437557165476198,-5.600098675155596e-05,0.0017515208518673257,-0.010936444458705449,F6b,0.04337192418517334,0.057743894161316554,0.47194732337395345,-0.039256668525624684,0.057743894161316554,0.04070358650613134,0.0021953945405549426,0.02233072323212112,0.027411316329522133,2
0.0016885752783454583,0.010407101905095466,0.02,white,CORR_L4_f0.7,0.002303085435791684,0.027665968392639587,0.007053819844114476,0.006981964564525937,-0.01509018730374324,F6b,0.046203321106748754,0.05103429089919416,0.47857284778353587,-0.03688836553278894,0.05103429089919416,0.04781340733699737,0.007425838253213554,0.01817698038708333,0.026751685722661976,2
0.0016885752783454583,0.010407101905095466,0.02,white,CORR_L6_f0.0,-0.007996919867751279,0.04053516107024345,-0.0007002319798311979,-0.02274709568732015,-0.006465271135561543,F6b,0.044011037773286396,0.06390348357679802,0.4300353244060526,-0.0471883708363319,0.06390348357679802,0.040059355513051696,-0.022303221998632532,0.026801896555265027,0.03613309879800645,2
0.0016885752783454583,0.010407101905095466,0.02,white,CORR_L6_f0.15,-0.0074224018904422775,0.04154161852810456,-0.005012849373422022,-0.016081225391360258,0.003174070936020866,F6b,0.04154161852810456,0.06490994103465914,0.44683511675226845,-0.0466138528590229,0.06490994103465914,0.03574673811946087,-0.01563735170267264,0.036441238626847436,0.031515684549985344,2
0.0016885752783454583,0.010407101905095466,0.02,white,CORR_L6_f0.3,0.007119023450096115,0.02694995065298504,-0.0022215121838337903,-0.008139641505779326,-0.0011223960604068925,F6b,0.04992203708336246,0.050318273159539614,0.4563750606485257,-0.032072427518484506,0.050318273159539614,0.038538075309049104,-0.0076957678170917095,0.03214477163041968,0.02763119319847552,2
0.0016885752783454583,0.010407101905095466,0.02,white,CORR_L6_f0.5,-0.0030844257876732756,0.03505551697500156,-0.00230166883080838,0.005609527820532832,-0.011599335008274404,F6b,0.0435536552004323,0.058423839481556133,0.47128156524061043,-0.0422758767562539,0.058423839481556133,0.038457918662074514,0.006053401509220449,0.021667832682552166,0.027338024039871005,2
0.0016885752783454583,0.010407101905095466,0.02,white,CORR_L6_f0.7,0.002303085435791684,0.027665968392639587,0.007053819844114476,0.006981964564525937,-0.01509018730374324,F6b,0.046203321106748754,0.05103429089919416,0.47857284778353587,-0.03688836553278894,0.05103429089919416,0.04781340733699737,0.007425838253213554,0.01817698038708333,0.026751685722661976,2
0.0016885752783454583,0.010407101905095466,0.02,white,CORR_L10_f0.0,-0.0012208272111980042,0.041619862041293795,-0.007516193576097202,-0.020723178631726444,0.003745340371873629,F6b,0.049392051849152525,0.06498818454784837,0.42711605937870006,-0.040412278179778625,0.06498818454784837,0.03324339391678569,-0.020279304943038826,0.0370125080627002,0.04097038991498094,2
0.0016885752783454583,0.010407101905095466,0.02,white,CORR_L10_f0.15,-0.005716703404740155,0.0431054191829298,-0.005080358010963307,-0.01267258518037176,0.007705320714710348,F6b,0.0431054191829298,0.06647374168948438,0.45018435457766987,-0.044908154373320776,0.06647374168948438,0.03567922948191959,-0.012228711491684143,0.04097248840553692,0.032761653474054526,2
0.0016885752783454583,0.010407101905095466,0.02,white,CORR_L10_f0.3,0.006444128870805262,0.03047415508314149,0.001745082715104089,-0.00373716188976284,0.0016639545097648437,F6b,0.04243349649062275,0.05384247758969606,0.4502507762402759,-0.03274732209777536,0.05384247758969606,0.04250467020798698,-0.003293288201075223,0.034931122200591413,0.026751685722661976,2
0.0016885752783454583,0.010407101905095466,0.02,white,CORR_L10_f0.5,-0.0030844257876732756,0.03505551697500156,-0.00230166883080838,0.005609527820532832,-0.011599335008274404,F6b,0.0435536552004323,0.058423839481556133,0.47128156524061043,-0.0422758767562539,0.058423839481556133,0.038457918662074514,0.006053401509220449,0.021667832682552166,0.027338024039871005,2
0.0016885752783454583,0.010407101905095466,0.02,white,CORR_L10_f0.7,0.002303085435791684,0.027665968392639587,0.007053819844114476,0.006981964564525937,-0.01509018730374324,F6b,0.046203321106748754,0.05103429089919416,0.47857284778353587,-0.03688836553278894,0.05103429089919416,0.04781340733699737,0.007425838253213554,0.01817698038708333,0.026751685722661976,2
0.0016885752783454583,0.010407101905095466,0.02,white,CORR_L20_f0.0,0.003986888088335992,0.029638524055082147,-0.0042650144005730445,-0.01936485841305846,-0.009133363854024665,F6b,0.029638524055082147,0.05300684656163672,0.4322132901794473,-0.03520456288024463,0.05300684656163672,0.03649457309230985,-0.018920984724370843,0.024133803836801904,0.0559220170038112,2
0.0016885752783454583,0.010407101905095466,0.02,white,CORR_L20_f0.15,-0.005634055749012476,0.044620788169323036,-0.0038533699437944893,-0.013892437745659509,0.007705508308051723,F6b,0.044620788169323036,0.06798911067587761,0.4461742188635405,-0.0448255067175931,0.06798911067587761,0.036906217549088405,-0.013448564056971892,0.04097267599887829,0.031955438287892116,2
0.0016885752783454583,0.010407101905095466,0.02,white,CORR_L20_f0.3,0.006444128870805262,0.03047415508314149,0.001745082715104089,-0.00373716188976284,0.0016639545097648437,F6b,0.04243349649062275,0.05384247758969606,0.4502507762402759,-0.03274732209777536,0.05384247758969606,0.04250467020798698,-0.003293288201075223,0.034931122200591413,0.026751685722661976,2
0.0016885752783454583,0.010407101905095466,0.02,white,CORR_L20_f0.5,-0.0030844257876732756,0.03505551697500156,-0.00230166883080838,0.005609527820532832,-0.011599335008274404,F6b,0.0435536552004323,0.058423839481556133,0.47128156524061043,-0.0422758767562539,0.058423839481556133,0.038457918662074514,0.006053401509220449,0.021667832682552166,0.027338024039871005,2
0.0016885752783454583,0.010407101905095466,0.02,white,CORR_L20_f0.7,0.002303085435791684,0.027665968392639587,0.007053819844114476,0.006981964564525937,-0.01509018730374324,F6b,0.046203321106748754,0.05103429089919416,0.47857284778353587,-0.03688836553278894,0.05103429089919416,0.04781340733699737,0.007425838253213554,0.01817698038708333,0.026751685722661976,2
0.0016885752783454583,0.010407101905095466,0.02,white,DITHER_s0.5,0.0469783796629938,0.038883256575254065,-0.00865981568226442,-0.006046104388213614,-0.014968574155139046,F6b,0.0469783796629938,0.06225157908180864,0.0717944301231569,0.007786928694413177,0.06225157908180864,0.032099771810618474,-0.005602230699525997,0.018298593535687524,0.02367340955731457,2
0.0016885752783454583,0.010407101905095466,0.02,white,DITHER_s1.0,0.006996466927369861,-0.021165118694992914,0.007160841646257313,-0.0010759094664436004,0.004226097930045969,F6b,0.021165118694992914,0.04792042913914021,0.01371810507165598,-0.03219498404121076,0.0022032038115616603,0.04792042913914021,-0.0006320357777559835,0.03749326562087254,0.017296980357666372,2
0.0016885752783454583,0.010407101905095466,0.02,white,DITHER_s2.0,0.011820250884430592,-0.0009249948755837914,-0.010277336118940026,0.0008292547751302772,0.0005123782052375223,F6b,0.012213476120930546,0.03377954589606409,0.020522733608729478,-0.02737120008415003,0.02244332763097078,0.030482251373942868,0.0012731284638178941,0.03377954589606409,0.018982703019642333,2
0.0016885752783454583,0.010407101905095466,0.02,white,DITHER_blind,-0.006117745434697293,-0.003559101901573679,-0.006576692248844732,-0.007392683171455824,-0.004827646615611747,F6b,0.011491904290596164,0.045309196403277914,0.018847923253091304,-0.045309196403277914,0.019809220604980894,0.03418289524403816,-0.006948809482768208,0.028439521075214823,0.021621225447082965,2
0.0016885752783454583,0.010407101905095466,0.05,white,MEMLESS,0.003764980724976129,-0.036013127975362824,-0.02466370098324874,0.01340541611106314,-0.029825012083543427,F6b,0.03914507187876667,0.04459185332423125,0.6164430198536223,-0.03542647024360449,-0.012644805468808255,0.016095886509634155,0.013849289799750756,0.0034421556072831423,0.06552330694810905,2
0.0016885752783454583,0.010407101905095466,0.05,white,CORR_L2_f0.0,0.00966509730577841,-0.009933973152468144,-0.0057641489160506,0.0017632909820622625,-0.01497580255084752,F6b,0.042409960093697054,0.04379162353697703,0.5604433866171812,-0.02952635366280221,0.013434349354086429,0.034995438576832294,0.0022071646707498794,0.01829136513997905,0.06369099970683084,2
0.0016885752783454583,0.010407101905095466,0.05,white,CORR_L2_f0.15,0.00710396473421554,-0.016266548121401526,-0.01152740955911533,-9.633915177013598e-05,-0.01559847641252535,F6b,0.04250171064191818,0.04388337408519816,0.5708602451853768,-0.03208748623436508,0.007101774385153046,0.029232177933767565,0.00034753453691748094,0.01766869127830122,0.06325124596892406,2
0.0016885752783454583,0.010407101905095466,0.05,white,CORR_L2_f0.3,0.007254726252868708,-0.018162228696960173,-0.010846335991467792,0.0006884561903656148,-0.013120056002340418,F6b,0.03775695770545874,0.04131083044131786,0.5804124461098347,-0.03193672471571191,0.005206093809594402,0.029913251501415102,0.0011323298790532317,0.020147111688486152,0.06295807681031955,2
0.0016885752783454583,0.010407101905095466,0.05,white,CORR_L2_f0.5,0.007844114647186685,-0.024140546215404277,-0.016555408012061953,-0.006723361882463088,-0.013955281747845188,F6b,0.035927809730348134,0.04008029888042487,0.5951171376161335,-0.031347336321393936,-0.0007722237088497022,0.02420417948082094,-0.00627948819377547,0.01931188594298138,0.0628114922310173,2
0.0016885752783454583,0.010407101905095466,0.05,white,CORR_L2_f0.7,0.0013139061602312901,-0.02890453469605768,-0.020000170577749728,0.006458942528186282,-0.02039990296916689,F6b,0.03459943416287326,0.04004621560833784,0.611789298966612,-0.03787754480834933,-0.005536212189503106,0.020759416915133166,0.006902816216873899,0.012867264721659678,0.06574318381706244,2
0.0016885752783454583,0.010407101905095466,0.05,white,CORR_L4_f0.0,0.01193266401353621,0.005832814767703524,-0.0059688805046769,-0.011576899951229977,-0.01365705903424563,F6b,0.03974592296211363,0.0411275864053936,0.5237156399046689,-0.027258786955044412,0.029201137274258097,0.034790706988205994,-0.01113302626254236,0.01961010865658094,0.06405746115508648,2
0.0016885752783454583,0.010407101905095466,0.05,white,CORR_L4_f0.15,0.006557453565692609,0.007132886585116793,-0.01640899666999142,-0.011747630866427954,-0.012090441536457684,F6b,0.0336437522987163,0.035025415741996274,0.5462694402775482,-0.03263399740288801,0.030501209091671366,0.024350590822891476,-0.011303757177740337,0.021176726154368886,0.0628114922310173,2
0.0016885752783454583,0.010407101905095466,0.05,white,CORR_L4_f0.3,0.002661220751451948,-0.004214174275622481,-0.021970722161703985,-0.0031018549156012075,-0.019208459967012353,F6b,0.03545596079794935,0.03683762424122932,0.564747391942802,-0.03653023021712867,0.019154148230932092,0.01878886533117891,-0.0026579812269135906,0.014058707723814217,0.06112576956904134,2
0.0016885752783454583,0.010407101905095466,0.05,white,CORR_L4_f0.5,0.002785138706580814,-0.011424413942917237,-0.012513532521797818,0.00231450343399543,-0.020939746297472618,F6b,0.03378412665542125,0.039165197398909835,0.5875080646874214,-0.03640631226199981,0.011943908563637336,0.028246054971085077,0.002758377122683047,0.012327421393353952,0.061052477279390206,2
0.0016885752783454583,0.010407101905095466,0.05,white,CORR_L4_f0.7,-0.003101066853319935,-0.027587627436977243,-0.02589942999319532,0.009083122198648149,-0.01763368609026047,F6b,0.03385376043070838,0.042292517821900556,0.6098526359771614,-0.042292517821900556,-0.004219304930422669,0.014860157499687573,0.009526995887335766,0.0156334816005661,0.06508355321020229,2
0.0016885752783454583,0.010407101905095466,0.05,white,CORR_L6_f0.0,0.006372149810425179,0.015807407109310723,-0.01787437100759161,-0.011270812324908211,-0.01366396834775379,F6b,0.036961678433253584,0.04486160795393447,0.5098319620787034,-0.03281930115815544,0.039175729615865296,0.022885216485291283,-0.010826938636220595,0.01960319934307278,0.0648636763412489,2
0.0016885752783454583,0.010407101905095466,0.05,white,CORR_L6_f0.15,0.00951762287460423,0.008784659044343716,-0.012567873704521358,-0.013101004889265721,-0.005990580949390995,F6b,0.027538391569010508,0.039731825767053496,0.533844295905801,-0.029673828093976392,0.03215298155089829,0.028191713788361536,-0.012657131200578105,0.027276586741435575,0.06039284667253005,2
0.0016885752783454583,0.010407101905095466,0.05,white,CORR_L6_f0.3,0.003937514771246389,-0.003182132371565321,-0.020528652034201168,-0.006464132953107526,-0.014086236902313795,F6b,0.03439656935653577,0.03577823279981574,0.5603581788596627,-0.03525393619733423,0.020186190134989252,0.020230935458681727,-0.006020259264419909,0.019180930788512775,0.06031955438287892,2
0.0016885752783454583,0.010407101905095466,0.05,white,CORR_L6_f0.5,0.0036419118154847954,-0.011749144873671227,-0.01282797754171187,0.002306111746445839,-0.0178340701375476,F6b,0.03244281388004672,0.03767855933900572,0.5882649641818553,-0.035549539153095826,0.011619177632883346,0.027931609951171023,0.002749985435133456,0.015433097553278971,0.061638815596599235,2
0.0016885752783454583,0.010407101905095466,0.05,white,CORR_L6_f0.7,-0.003101066853319935,-0.027587627436977243,-0.02589942999319532,0.009083122198648149,-0.01763368609026047,F6b,0.03385376043070838,0.042292517821900556,0.6098526359771614,-0.042292517821900556,-0.004219304930422669,0.014860157499687573,0.009526995887335766,0.0156334816005661,0.06508355321020229,2
0.0016885752783454583,0.010407101905095466,0.05,white,CORR_L10_f0.0,0.0023327785633385154,0.02632734642671123,-0.007466785444931991,-0.008793603662848674,-0.003314689071388304,F6b,0.03264310649926734,0.0496956689332658,0.4991800232941381,-0.036858672405242106,0.0496956689332658,0.033292802047950903,-0.008349729974161058,0.029952478619438266,0.07014072119613017,2
0.0016885752783454583,0.010407101905095466,0.05,white,CORR_L10_f0.15,0.007006010044988291,0.013406257291292863,-0.007087326224805179,-0.012280047556212422,-0.0021417887317672774,F6b,0.029063360074347046,0.041256794272390034,0.5270633478101652,-0.03218544092359233,0.036774579797847436,0.033672261268077715,-0.011836173867524806,0.031125378959059292,0.05914687774846086,2
0.0016885752783454583,0.010407101905095466,0.05,white,CORR_L10_f0.3,0.004868351618950294,-0.003500193818093387,-0.019650182428458035,-0.007019434028105112,-0.015102757248631873,F6b,0.0320982722702608,0.03432309934963033,0.5603101864735326,-0.03432309934963033,0.019868128688461186,0.02110940506442486,-0.006575560339417494,0.018164410442194696,0.06031955438287892,2
0.0016885752783454583,0.010407101905095466,0.05,white,CORR_L10_f0.5,0.0036419118154847954,-0.011749144873671227,-0.01282797754171187,0.002306111746445839,-0.0178340701375476,F6b,0.03244281388004672,0.03767855933900572,0.5882649641818553,-0.035549539153095826,0.011619177632883346,0.027931609951171023,0.002749985435133456,0.015433097553278971,0.061638815596599235,2
0.0016885752783454583,0.010407101905095466,0.05,white,CORR_L10_f0.7,-0.003101066853319935,-0.027587627436977243,-0.02589942999319532,0.009083122198648149,-0.01763368609026047,F6b,0.03385376043070838,0.042292517821900556,0.6098526359771614,-0.042292517821900556,-0.004219304930422669,0.014860157499687573,0.009526995887335766,0.0156334816005661,0.06508355321020229,2
0.0016885752783454583,0.010407101905095466,0.05,white,CORR_L20_f0.0,-0.00595842614835513,0.03820991039783501,-0.0039619745786540275,-0.022363925206575125,-0.0006860266035228699,F6b,0.03820991039783501,0.06157823290438958,0.4915677060050692,-0.04514987711693575,0.06157823290438958,0.03679761291422887,-0.021920051517887507,0.0325811410873037,0.0822339489885664,2
0.0016885752783454583,0.010407101905095466,0.05,white,CORR_L20_f0.15,0.010285888417637515,0.01725513350784122,-0.0077870742910858826,-0.01471121000427108,-0.0023781903579859,F6b,0.0337229378934332,0.043018108643520035,0.5237106212428373,-0.028905562550943106,0.04062345601439579,0.03297251320179701,-0.014267336315583464,0.03088897733284067,0.05775432424508942,2
0.0016885752783454583,0.010407101905095466,0.05,white,CORR_L20_f0.3,0.004868351618950294,-0.003500193818093387,-0.019650182428458035,-0.007019434028105112,-0.015102757248631873,F6b,0.0320982722702608,0.03432309934963033,0.5603101864735326,-0.03432309934963033,0.019868128688461186,0.02110940506442486,-0.006575560339417494,0.018164410442194696,0.06031955438287892,2
0.0016885752783454583,0.010407101905095466,0.05,white,CORR_L20_f0.5,0.0036419118154847954,-0.011749144873671227,-0.01282797754171187,0.002306111746445839,-0.0178340701375476,F6b,0.03244281388004672,0.03767855933900572,0.5882649641818553,-0.035549539153095826,0.011619177632883346,0.027931609951171023,0.002749985435133456,0.015433097553278971,0.061638815596599235,2
0.0016885752783454583,0.010407101905095466,0.05,white,CORR_L20_f0.7,-0.003101066853319935,-0.027587627436977243,-0.02589942999319532,0.009083122198648149,-0.01763368609026047,F6b,0.03385376043070838,0.042292517821900556,0.6098526359771614,-0.042292517821900556,-0.004219304930422669,0.014860157499687573,0.009526995887335766,0.0156334816005661,0.06508355321020229,2
0.0016885752783454583,0.010407101905095466,0.05,white,DITHER_s0.5,0.052293684412133334,-0.00473361583837369,0.01293613592387504,0.014311321618866526,-0.04023940318348056,F6b,0.052293684412133334,0.053695723416757934,0.11233375058964382,0.01310223344355271,0.018634706668180883,0.053695723416757934,0.014755195307554142,-0.006972235492653989,0.054969217238346524,2
0.0016885752783454583,0.010407101905095466,0.05,white,DITHER_s1.0,0.04995430754810455,0.01004126408475138,0.007019036216109893,0.022954648105389296,-0.015833573092575586,F6b,0.04995430754810455,0.04777862370899279,0.08686270816013734,0.010762856579523932,0.033409586591305954,0.04777862370899279,0.023398521794076914,0.017433594598250984,0.050058633831720906,2
0.0016885752783454583,0.010407101905095466,0.05,white,DITHER_s2.0,0.05930708326524002,0.003668402018321762,0.028488515997092435,0.00586185322917848,-0.009827499554555322,F6b,0.05930708326524002,0.06924810348997533,0.07549146944497197,0.020115632296659403,0.027036724524876335,0.06924810348997533,0.006305726917866098,0.023439668136271248,0.04807974201114043,2
0.0016885752783454583,0.010407101905095466,0.05,white,DITHER_blind,-0.0036895557081271096,-0.01675791323829582,-0.010122863254515325,-0.003957289458566058,-0.01528953198569086,F6b,0.01675791323829582,0.04288100667670773,0.04653866658113736,-0.04288100667670773,0.006610409268258753,0.03063672423836757,-0.0035134157698784403,0.01797763570513571,0.048959249486953973,2
0.0016885752783454583,0.010407101905095466,0.1,white,MEMLESS,-0.04197006675717771,-0.06835947464828851,-0.038970823566438606,-0.018080989857143112,-0.03066763637609838,F6b,0.06835947464828851,0.08116151772575833,0.7362567371220001,-0.08116151772575833,-0.04499115214173393,0.0017887639264442846,-0.017637116168455494,0.002599531314728189,0.13163295221342713,2
0.0016885752783454583,0.010407101905095466,0.1,white,CORR_L2_f0.0,-0.009668681417015955,-0.05203856178424575,-0.03056559108709348,-0.010036015183567348,-0.025610369533719247,F6b,0.05203856178424575,0.052990866384415296,0.6753206795905088,-0.048860132385596576,-0.02867023927769118,0.010193996405789411,-0.009592141494879731,0.007656798157107324,0.12965406039284666,2
0.0016885752783454583,0.010407101905095466,0.1,white,CORR_L2_f0.15,-0.011390601891337691,-0.06334698036139283,-0.028733995295921765,-0.014958939168579148,-0.02872559851563065,F6b,0.06334698036139283,0.05058205285991831,0.6897952842304447,-0.05058205285991831,-0.03997865785483825,0.012025592196961131,-0.014515065479891532,0.004541569175195919,0.13148636763412488,2
0.0016885752783454583,0.010407101905095466,0.1,white,CORR_L2_f0.3,-0.01324780331805736,-0.06935630653402809,-0.0385098545024544,-0.022216747570733095,-0.03061441883390185,F6b,0.06935630653402809,0.05243925428663798,0.7026225903408927,-0.05243925428663798,-0.04598798402747352,0.002249732990428493,-0.021772873882045476,0.002652748856924718,0.1322925828202873,2
0.0016885752783454583,0.010407101905095466,0.1,white,CORR_L2_f0.5,-0.011319787585537325,-0.06939845342200002,-0.04388601856283185,-0.020273932302222283,-0.03334354923493314,F6b,0.06939845342200002,0.054090738818121764,0.7140085779638248,-0.050511238554117946,-0.04603013091544544,-0.003126431069948952,-0.019830058613534665,-7.638154410657459e-05,0.12892113749633538,2
0.0016885752783454583,0.010407101905095466,0.1,white,CORR_L2_f0.7,-0.018522715069650683,-0.059342182213953404,-0.04055393259876083,-0.017515258988996352,-0.02799842106939766,F6b,0.059342182213953404,0.057714166038231304,0.7243519380395553,-0.057714166038231304,-0.03597385970739883,0.00020565489412206043,-0.017071385300308734,0.00526874662142891,0.12774846086191732,2
0.0016885752783454583,0.010407101905095466,0.1,white,CORR_L4_f0.0,0.005603498782062753,-0.018679358144433753,-0.019476382157690788,-0.012679469387510398,-0.02893573423187615,F6b,0.05104747208529416,0.05649425353075874,0.6272055278319684,-0.03358795218651787,0.004688964362120821,0.021283205335192106,-0.012235595698822781,0.0043314334589504185,0.1269422456757549,2
0.0016885752783454583,0.010407101905095466,0.1,white,CORR_L4_f0.15,-0.0011975663276148005,-0.031329503699806485,-0.029742375116476157,-0.016476114352358445,-0.029451773954151626,F6b,0.050816518811236146,0.056263300256700725,0.656795717730033,-0.04038901729619542,-0.007961181193251914,0.011017212376406736,-0.016032240663670826,0.003815393736674942,0.1261360304895925,2
0.0016885752783454583,0.010407101905095466,0.1,white,CORR_L4_f0.3,-0.006291867567786824,-0.04496302888841815,-0.03899769045608272,-0.017461183676711067,-0.029932601935808278,F6b,0.0519307106788451,0.05737749212430968,0.6899560669970967,-0.045483318536367445,-0.021594706381863577,0.0017618970368001726,-0.01701730998802345,0.0033345657550182934,0.13368513632365875,2
0.0016885752783454583,0.010407101905095466,0.1,white,CORR_L4_f0.5,-0.011185820776488047,-0.05229512550163576,-0.042919360256530516,-0.015686795804913566,-0.03445555900654459,F6b,0.05229512550163576,0.05349252079978621,0.7140930547972046,-0.05037727174506867,-0.028926802995081182,-0.002159772763647619,-0.01524292211622595,-0.0011883913157180162,0.13236587510993844,2
0.0016885752783454583,0.010407101905095466,0.1,white,CORR_L4_f0.7,-0.01654158542071822,-0.05271336199974338,-0.03946768663079277,-0.014045820090461897,-0.02900795768761296,F6b,0.05271336199974338,0.05573303638929884,0.7233131870217414,-0.05573303638929884,-0.029345039493188806,0.0012919008620901253,-0.01360194640177428,0.004259210003213611,0.12760187628261507,2
0.0016885752783454583,0.010407101905095466,0.1,white,CORR_L6_f0.0,-0.00012829008542831338,-0.005538309466052209,-0.022716026206028,-0.008235561149092857,-0.018506098866993982,F6b,0.02977164030520508,0.039319741054008935,0.6034849494481669,-0.039319741054008935,0.017830013040502364,0.018043561286854894,-0.00779168746040524,0.014761068823832588,0.12364409264145412,2
0.0016885752783454583,0.010407101905095466,0.1,white,CORR_L6_f0.15,0.004526034102647597,-0.024139431785764345,-0.028301377788749728,-0.0058929164983799204,-0.00774158960017057,F6b,0.04443874925706739,0.04988553070253197,0.6463628937308289,-0.034665416865933024,-0.000771109279209771,0.012458209704133168,-0.005449042809692303,0.025525578090656,0.12342421577250073,2
0.0016885752783454583,0.010407101905095466,0.1,white,CORR_L6_f0.3,-0.0024504968020964274,-0.036716625812014216,-0.03394192757448787,-0.012595321967919283,-0.02557008210235854,F6b,0.05035455949481441,0.05580134094027899,0.685263315421916,-0.04164194777067705,-0.01334830330545964,0.00681765991839502,-0.012151448279231666,0.007697085588468032,0.13309879800644972,2
0.0016885752783454583,0.010407101905095466,0.1,white,CORR_L6_f0.5,-0.010373679884235057,-0.05255544877817138,-0.038637374475647655,-0.016455472726875916,-0.034124721714554614,F6b,0.05255544877817138,0.05081331895921219,0.713075932085395,-0.04956513085281568,-0.029187126271616806,0.002122213017235241,-0.016011599038188298,-0.0008575540237280469,0.1320727059513339,2
0.0016885752783454583,0.010407101905095466,0.1,white,CORR_L6_f0.7,-0.01654158542071822,-0.05271336199974338,-0.03946768663079277,-0.014045820090461897,-0.02900795768761296,F6b,0.05271336199974338,0.05573303638929884,0.7233131870217414,-0.05573303638929884,-0.029345039493188806,0.0012919008620901253,-0.01360194640177428,0.004259210003213611,0.12760187628261507,2
0.0016885752783454583,0.010407101905095466,0.1,white,CORR_L10_f0.0,0.010905092156654271,0.00496127664864509,-0.01080378570000658,-0.012848317658966456,-0.012968476388949421,F6b,0.018138438609596085,0.029955801792876314,0.5797444194362832,-0.02828635881192635,0.028329599155199663,0.029955801792876314,-0.01240444397027884,0.02029869130187715,0.12393726180005864,2
0.0016885752783454583,0.010407101905095466,0.1,white,CORR_L10_f0.15,0.0059915461743203224,-0.014092038806795553,-0.020838729910500172,-0.011624136227412063,-0.011578307263949962,F6b,0.041968697351658604,0.047415478797123184,0.6372512255327416,-0.0331999047942603,0.00927628369975902,0.019920857582382722,-0.011180262538724447,0.021688860426876608,0.12137203166226913,2
0.0016885752783454583,0.010407101905095466,0.1,white,CORR_L10_f0.3,-0.002003746693704511,-0.034602324582121,-0.033926033084429694,-0.011526508695500537,-0.024187170871248838,F6b,0.04964904356886752,0.0550958250143321,0.6845085811304681,-0.04119519766228513,-0.01123400207556643,0.006833554408453201,-0.01108263500681292,0.009079996819577732,0.13339196716505425,2
0.0016885752783454583,0.010407101905095466,0.1,white,CORR_L10_f0.5,-0.01011626339441047,-0.05176092368943362,-0.03946139901191348,-0.016271419296218483,-0.0335946787044363,F6b,0.05176092368943362,0.050749708968772664,0.7133962056407486,-0.04930771436299109,-0.028392601182879045,0.0012981884809694139,-0.015827545607530864,-0.0003275110136097274,0.1322925828202873,2
0.0016885752783454583,0.010407101905095466,0.1,white,CORR_L10_f0.7,-0.01654158542071822,-0.05271336199974338,-0.03946768663079277,-0.014045820090461897,-0.02900795768761296,F6b,0.05271336199974338,0.05573303638929884,0.7233131870217414,-0.05573303638929884,-0.029345039493188806,0.0012919008620901253,-0.01360194640177428,0.004259210003213611,0.12760187628261507,2
0.0016885752783454583,0.010407101905095466,0.1,white,CORR_L20_f0.0,0.0085966952166232,0.017338739457559788,-0.007888968040588099,-0.011138752913184363,-0.01189246255613019,F6b,0.023500625868957847,0.046166894343345706,0.5567147616562189,-0.03059475575195742,0.04070706196411436,0.032870619452294796,-0.010694879224496747,0.02137470513469638,0.12833479917912635,2
0.0016885752783454583,0.010407101905095466,0.1,white,CORR_L20_f0.15,0.005546367115390381,-0.012728462282189953,-0.019405982938904554,-0.009252804279764961,-0.011417277335423467,F6b,0.03894896227876498,0.04439574372422956,0.6373232108281488,-0.03364508385319024,0.01063986022436462,0.02135360455397834,-0.008808930591077345,0.021849890355403103,0.12298446203459396,2
0.0016885752783454583,0.010407101905095466,0.1,white,CORR_L20_f0.3,-0.0018139453848375758,-0.03444472279053781,-0.033876106892113414,-0.01182798291246644,-0.023886549599072292,F6b,0.04939234135236154,0.05483912279782612,0.6846292776764733,-0.0410053963534182,-0.011076400283983238,0.006883480600769479,-0.011384109223778823,0.00938061809175428,0.1335385517443565,2
0.0016885752783454583,0.010407101905095466,0.1,white,CORR_L20_f0.5,-0.01011626339441047,-0.05176092368943362,-0.03946139901191348,-0.016271419296218483,-0.0335946787044363,F6b,0.05176092368943362,0.050749708968772664,0.7133962056407486,-0.04930771436299109,-0.028392601182879045,0.0012981884809694139,-0.015827545607530864,-0.0003275110136097274,0.1322925828202873,2
0.0016885752783454583,0.010407101905095466,0.1,white,CORR_L20_f0.7,-0.01654158542071822,-0.05271336199974338,-0.03946768663079277,-0.014045820090461897,-0.02900795768761296,F6b,0.05271336199974338,0.05573303638929884,0.7233131870217414,-0.05573303638929884,-0.029345039493188806,0.0012919008620901253,-0.01360194640177428,0.004259210003213611,0.12760187628261507,2
0.0016885752783454583,0.010407101905095466,0.1,white,DITHER_s0.5,0.04378195474138203,-0.012844011249291963,0.0029047714701672042,0.007605841241165092,-0.0766080993491629,F6b,0.0766080993491629,0.0436643589630501,0.148335565772476,0.004590503772801411,0.01052431125726261,0.0436643589630501,0.008049714929852708,-0.04334093165833633,0.09997068308413955,2
0.0016885752783454583,0.010407101905095466,0.1,white,DITHER_s1.0,0.023708254485700155,-0.00045189265828660466,-0.029391791053487597,0.02582983314654869,-0.023191365041223648,F6b,0.03563353008363147,0.031182343775624226,0.13522652270047275,-0.015483196482880466,0.02291642984826797,0.011367796439395297,0.026273706835236308,0.01007580264960292,0.09835825271181471,2
0.0016885752783454583,0.010407101905095466,0.1,white,DITHER_s2.0,0.011214187648221009,-0.017656761893115602,0.008583487956986657,0.01154299373091528,-0.00836571645243513,F6b,0.017656761893115602,0.04934307544986955,0.0964895829256113,-0.027977263320359613,0.005711560613438969,0.04934307544986955,0.011986867419602896,0.02490145123839144,0.0972588683670478,2
0.0016885752783454583,0.010407101905095466,0.1,white,DITHER_blind,0.019768546912200275,-0.03146804853207707,-0.004048593531379138,0.012837440355441099,-0.021066980867141767,F6b,0.04739952262495503,0.036710993961503756,0.13159360379244994,-0.019422904056380346,-0.008099726025522494,0.036710993961503756,0.013281314044128715,0.012200186823684804,0.10165640574611551,2
0.0016885752783454583,0.010407101905095466,0.2,white,MEMLESS,-0.06308406432633948,-0.06670539555941513,-0.0404732788099175,-0.023575072310335385,-0.019347828727266515,F6b,0.06670539555941513,0.1022755152949201,0.8506416890220725,-0.1022755152949201,-0.04333707305286056,0.0002863086829653886,-0.023131198621647767,0.013919338963560056,0.244869539724421,2
0.0016885752783454583,0.010407101905095466,0.2,white,CORR_L2_f0.0,-0.026178081820498897,-0.06867760827365646,-0.047579467002863564,-0.029667934251963284,-0.02910700864153866,F6b,0.06867760827365646,0.06536953278907952,0.8023379658830508,-0.06536953278907952,-0.045309285767101894,-0.0068198795099806715,-0.029224060563275665,0.00416015904928791,0.25549692172383465,2
0.0016885752783454583,0.010407101905095466,0.2,white,CORR_L2_f0.15,-0.026478310641065483,-0.06858399513341251,-0.0486859306917847,-0.025793513875130708,-0.02828087293230007,F6b,0.06858399513341251,0.0656697616096461,0.8153986733443438,-0.0656697616096461,-0.04521567262685793,-0.007926343198901809,-0.02534964018644309,0.0049862947585265025,0.25505716798592787,2
0.0016885752783454583,0.010407101905095466,0.2,white,CORR_L2_f0.3,-0.026904892224596272,-0.06926683260079561,-0.04786396563937566,-0.026106568415412135,-0.02692085883377845,F6b,0.06926683260079561,0.06609634319317689,0.825743470332645,-0.06609634319317689,-0.04589851009424103,-0.00710437814649276,-0.025662694726724517,0.006346308857048118,0.25271181471709175,2
0.0016885752783454583,0.010407101905095466,0.2,white,CORR_L2_f0.5,-0.032635782677306435,-0.06843132576363328,-0.051203448827566285,-0.0249260480144997,-0.017680472768327557,F6b,0.06843132576363328,0.07182723364588706,0.8413052062162166,-0.07182723364588706,-0.04506300325707872,-0.010443861334683389,-0.02448217432581208,0.015586694922499011,0.25505716798592787,2
0.0016885752783454583,0.010407101905095466,0.2,white,CORR_L2_f0.7,-0.03959252279653591,-0.06524431503146899,-0.04510967122625173,-0.02284181643956055,-0.01984275819820376,F6b,0.06524431503146899,0.07878397376511653,0.8501838223397479,-0.07878397376511653,-0.04187599252491442,-0.004350083733368838,-0.02239794275087293,0.013424409492622809,0.25271181471709175,2
0.0016885752783454583,0.010407101905095466,0.2,white,CORR_L4_f0.0,-0.006341116221752097,-0.04075104514992808,-0.028974561124732047,-0.022122588241331828,-0.03473999021792404,F6b,0.0431050986401342,0.04855188008559878,0.7617773274896961,-0.04553256719033272,-0.01738272264337351,0.011785026368150845,-0.02167871455264421,-0.001472822527097465,0.26106713573732043,2
0.0016885752783454583,0.010407101905095466,0.2,white,CORR_L4_f0.15,-0.013687509638300593,-0.04210118937322169,-0.032728191452779214,-0.02894032556760458,-0.026528918164538427,F6b,0.04210118937322169,0.052878960606881215,0.793439548030724,-0.052878960606881215,-0.01873286686666711,0.008031396040103679,-0.028496451878916963,0.006738249526288142,0.26297273526824977,2
0.0016885752783454583,0.010407101905095466,0.2,white,CORR_L4_f0.3,-0.02024758673812147,-0.056239135730638205,-0.040057814741385936,-0.033695577204634,-0.02715289617308421,F6b,0.056239135730638205,0.05943903770670209,0.820122087913565,-0.05943903770670209,-0.03287081322408363,0.0007017727514969578,-0.03325170351594638,0.006114271517742362,0.26546467311638816,2
0.0016885752783454583,0.010407101905095466,0.2,white,CORR_L4_f0.5,-0.0291220522606334,-0.058944924046310465,-0.04531231419507277,-0.024036046689513677,-0.018933624801008193,F6b,0.058944924046310465,0.06831350322921402,0.8421091990505065,-0.06831350322921402,-0.03557660153975589,-0.004552726702189873,-0.02359217300082606,0.014333542889818378,0.2630460275579009,2
0.0016885752783454583,0.010407101905095466,0.2,white,CORR_L4_f0.7,-0.038734534968923914,-0.0621352648178794,-0.047327234933956526,-0.022077415372996168,-0.01997861145977422,F6b,0.0621352648178794,0.07792598593750454,0.8508741183577239,-0.07792598593750454,-0.038766942311324826,-0.006567647441073631,-0.02163354168430855,0.01328855623105235,0.2548372911169745,2
0.0016885752783454583,0.010407101905095466,0.2,white,CORR_L6_f0.0,-0.010440378252657478,-0.0285319480527495,-0.02520932618529938,-0.018624011472650373,-0.025913216697720856,F6b,0.04571739764864779,0.05116417909411237,0.7423538441034818,-0.0496318292212381,-0.005163625546194927,0.015550261307583513,-0.018180137783962755,0.007353950993105712,0.2673702726473175,2
0.0016885752783454583,0.010407101905095466,0.2,white,CORR_L6_f0.15,-0.009437886044906335,-0.037309648494934136,-0.028249716643868522,-0.02286080452583092,-0.018057715734870996,F6b,0.04142453867018411,0.048629337013486956,0.7848391502612256,-0.048629337013486956,-0.013941325988379563,0.012509870849014374,-0.0224169308371433,0.015209451955955574,0.26590442685429494,2
0.0016885752783454583,0.010407101905095466,0.2,white,CORR_L6_f0.3,-0.018062125879176022,-0.0491828622168019,-0.033695000904775965,-0.029244445441431517,-0.028406414464788907,F6b,0.0491828622168019,0.05725357684775664,0.8199960624769127,-0.05725357684775664,-0.025814539710247324,0.007064586588106928,-0.0288005717527439,0.004860753226037662,0.27030196423336267,2
0.0016885752783454583,0.010407101905095466,0.2,white,CORR_L6_f0.5,-0.028231476570722253,-0.05743047334564011,-0.04316636150182748,-0.02434388120841772,-0.02180016188076484,F6b,0.05743047334564011,0.06742292753930287,0.8413737293168132,-0.06742292753930287,-0.03406215083908554,-0.002406774008944587,-0.0239000075197301,0.011467005810061728,0.26282615068894755,2
0.0016885752783454583,0.010407101905095466,0.2,white,CORR_L6_f0.7,-0.03879387421343296,-0.06196469094977065,-0.04750662111672331,-0.02201949885657915,-0.020220584761812963,F6b,0.06196469094977065,0.07798532518201358,0.8509128525638906,-0.07798532518201358,-0.038596368443216074,-0.006747033623840413,-0.02157562516789153,0.013046582929013607,0.25491058340662565,2
0.0016885752783454583,0.010407101905095466,0.2,white,CORR_L10_f0.0,0.002595188785830503,-0.018820262251013874,-0.0131588702451997,-0.015711194698744005,-0.009965117637254661,F6b,0.026629452070471085,0.03659626218275012,0.7160282416659438,-0.03659626218275012,0.0045480602555406984,0.027600717247683194,-0.015267321010056388,0.02330205005357191,0.2644385810612723,2
0.0016885752783454583,0.010407101905095466,0.2,white,CORR_L10_f0.15,-0.007004818511361345,-0.03450373688644354,-0.022335092323938946,-0.026088493851296794,-0.022190327958146388,F6b,0.038878323657753545,0.046196269479941966,0.7777208010174329,-0.046196269479941966,-0.011135414379888964,0.018424495168943948,-0.025644620162609176,0.011076839732680182,0.26605101143359716,2
0.0016885752783454583,0.010407101905095466,0.2,white,CORR_L10_f0.3,-0.016378699729033094,-0.04827078744844965,-0.03255089862864548,-0.028269144309004627,-0.02750071960338039,F6b,0.04827078744844965,0.055570150697613716,0.820372290490471,-0.055570150697613716,-0.02490246494189508,0.008208688864237416,-0.02782527062031701,0.005766448087446179,0.2720609791849897,2
0.0016885752783454583,0.010407101905095466,0.2,white,CORR_L10_f0.5,-0.028231476570722253,-0.05743047334564011,-0.04316636150182748,-0.02434388120841772,-0.02180016188076484,F6b,0.05743047334564011,0.06742292753930287,0.8413737293168132,-0.06742292753930287,-0.03406215083908554,-0.002406774008944587,-0.0239000075197301,0.011467005810061728,0.26282615068894755,2
0.0016885752783454583,0.010407101905095466,0.2,white,CORR_L10_f0.7,-0.03879387421343296,-0.06196469094977065,-0.04750662111672331,-0.02201949885657915,-0.020220584761812963,F6b,0.06196469094977065,0.07798532518201358,0.8509128525638906,-0.07798532518201358,-0.038596368443216074,-0.006747033623840413,-0.02157562516789153,0.013046582929013607,0.25491058340662565,2
0.0016885752783454583,0.010407101905095466,0.2,white,CORR_L20_f0.0,0.004114309100176725,-0.004451701972488301,-0.007967540045877013,-0.008722996529125775,-0.011377085289014467,F6b,0.01753995821548774,0.0350771418684039,0.6783296289751908,-0.0350771418684039,0.018916620534066272,0.03279204744700588,-0.008279122840438158,0.021890082401812103,0.2532981530343008,2
0.0016885752783454583,0.010407101905095466,0.2,white,CORR_L20_f0.15,-0.004004563803264312,-0.03604331979950699,-0.02240367364382287,-0.02679682386319091,-0.02392073278856076,F6b,0.03749104121145964,0.04319601477184493,0.7748570551785664,-0.04319601477184493,-0.012674997292952418,0.018355913849060025,-0.02635295017450329,0.00934643490226581,0.26561125769569044,2
0.0016885752783454583,0.010407101905095466,0.2,white,CORR_L20_f0.3,-0.016378699729033094,-0.04827078744844965,-0.03255089862864548,-0.028269144309004627,-0.02750071960338039,F6b,0.04827078744844965,0.055570150697613716,0.820372290490471,-0.055570150697613716,-0.02490246494189508,0.008208688864237416,-0.02782527062031701,0.005766448087446179,0.2720609791849897,2
0.0016885752783454583,0.010407101905095466,0.2,white,CORR_L20_f0.5,-0.028231476570722253,-0.05743047334564011,-0.04316636150182748,-0.02434388120841772,-0.02180016188076484,F6b,0.05743047334564011,0.06742292753930287,0.8413737293168132,-0.06742292753930287,-0.03406215083908554,-0.002406774008944587,-0.0239000075197301,0.011467005810061728,0.26282615068894755,2
0.0016885752783454583,0.010407101905095466,0.2,white,CORR_L20_f0.7,-0.03879387421343296,-0.06196469094977065,-0.04750662111672331,-0.02201949885657915,-0.020220584761812963,F6b,0.06196469094977065,0.07798532518201358,0.8509128525638906,-0.07798532518201358,-0.038596368443216074,-0.006747033623840413,-0.02157562516789153,0.013046582929013607,0.25491058340662565,2
0.0016885752783454583,0.010407101905095466,0.2,white,DITHER_s0.5,0.08919971242002231,0.02195048215335922,-0.031243854014918707,0.009853595712530276,0.006087086528670821,F6b,0.08919971242002231,0.05000826145144169,0.3272720074534142,0.05000826145144169,0.045318804659913794,0.009515733477964186,0.010297469401217892,0.03935425421949739,0.19957490472002345,2
0.0016885752783454583,0.010407101905095466,0.2,white,DITHER_s1.0,0.01119769628201871,-0.0005905034365996271,-0.06775912156796249,-0.010631865655816636,-0.012076781774364838,F6b,0.06775912156796249,0.03781029393092162,0.20894228595262548,-0.02799375468656191,0.022777819069954946,-0.0269995340750796,-0.01018799196712902,0.021190385916461732,0.19825564350630315,2
0.0016885752783454583,0.010407101905095466,0.2,white,DITHER_s2.0,0.07673800528888197,-0.041968582534272325,-0.04654893862032456,-0.007776012913935586,-0.0358528188682467,F6b,0.07673800528888197,0.03780125881938302,0.24910459611160998,0.03754655432030135,-0.01860026002771775,-0.005789351127441666,-0.007332139225247968,-0.0025856511774201285,0.2045587804163002,2
0.0016885752783454583,0.010407101905095466,0.2,white,DITHER_blind,0.044596684517243655,-0.010363518149585823,-0.029196969499414034,-0.0049309995188573565,-0.04123613863786134,F6b,0.044596684517243655,0.031050165976841917,0.2300547557584414,0.005405233548663033,0.01300480435696875,0.01156261799346886,-0.004487125830169739,-0.007968970947034767,0.20441219583699793,2
0.0016885752783454583,0.010407101905095466,0.3,white,MEMLESS,-0.052093295663458924,-0.05890793516763996,-0.03978130755658122,-0.019491595260688572,-0.016252762954125144,F6b,0.05890793516763996,0.09128474663203955,0.9155003993786953,-0.09128474663203955,-0.035539612661085386,0.0009782799363016728,-0.019047721572000954,0.017014404736701426,0.35649369686309,2
0.0016885752783454583,0.010407101905095466,0.3,white,CORR_L2_f0.0,-0.03227096924835028,-0.06104773918062544,-0.03586013031007614,-0.022179544356386725,-0.019747450377955236,F6b,0.06104773918062544,0.0714624202169309,0.8740568507372679,-0.0714624202169309,-0.03767941667407087,0.004899457182806752,-0.021735670667699106,0.013519717312871332,0.3685869246555262,2
0.0016885752783454583,0.010407101905095466,0.3,white,CORR_L2_f0.15,-0.03196359829749065,-0.06159131817692089,-0.030567068623197587,-0.02274310623267991,-0.021275527160085565,F6b,0.06159131817692089,0.07115504926607127,0.8842559420383193,-0.07115504926607127,-0.038222995670366314,0.01019251886968531,-0.02229923254399229,0.011991640530741003,0.3658751099384345,2
0.0016885752783454583,0.010407101905095466,0.3,white,CORR_L2_f0.3,-0.03265158044139464,-0.06181061961646079,-0.027386899659814147,-0.02010451576032049,-0.02270518551304,F6b,0.06181061961646079,0.07184303140997526,0.893569186838317,-0.07184303140997526,-0.038442297109906216,0.013372687833068745,-0.019660642071632872,0.010561982177786571,0.36396951040750514,2
0.0016885752783454583,0.010407101905095466,0.3,white,CORR_L2_f0.5,-0.03420007199349215,-0.05897930937732452,-0.02735289415726485,-0.02077360105044634,-0.014523140463663108,F6b,0.05897930937732452,0.07339152296207277,0.9081450149836631,-0.07339152296207277,-0.035610986870769946,0.013406693335618045,-0.020329727361758722,0.01874402722716346,0.3693198475520375,2
0.0016885752783454583,0.010407101905095466,0.3,white,CORR_L2_f0.7,-0.042563401535725395,-0.05788039949180108,-0.033289677175468664,-0.01912250751428167,-0.016274576769998574,F6b,0.05788039949180108,0.08175485250430602,0.9156585291281542,-0.08175485250430602,-0.034512076985246505,0.007469910317414233,-0.01867863382559405,0.016992590920827996,0.36741424802110817,2
0.0016885752783454583,0.010407101905095466,0.3,white,CORR_L4_f0.0,-0.018403501623900406,-0.045288717955013685,-0.030988482591937226,-0.03144956750686571,-0.02511545940739053,F6b,0.045288717955013685,0.05759495259248103,0.8406928078873629,-0.05759495259248103,-0.021920395448459116,0.00977110490094567,-0.031005693818178092,0.00815170828343604,0.38397830548226325,2
0.0016885752783454583,0.010407101905095466,0.3,white,CORR_L4_f0.15,-0.020105550263298015,-0.03978229285731346,-0.02959601371398042,-0.02772534750179609,-0.012786331542852875,F6b,0.03978229285731346,0.059297001231878636,0.8696418607959073,-0.059297001231878636,-0.016413970350758887,0.011163573778902472,-0.027281473813108473,0.020480836147973695,0.3837584286133099,2
0.0016885752783454583,0.010407101905095466,0.3,white,CORR_L4_f0.3,-0.02436888473354877,-0.04282556342553856,-0.026294945650916716,-0.023883692892438774,-0.015538795842788382,F6b,0.04282556342553856,0.06356033570212939,0.889074550380086,-0.06356033570212939,-0.019457240918983987,0.01446464184196618,-0.023439819203751155,0.017728371848038188,0.3791410143652888,2
0.0016885752783454583,0.010407101905095466,0.3,white,CORR_L4_f0.5,-0.030124970392361866,-0.05222854286032131,-0.024941386885851156,-0.02092984051557825,-0.014546777662193127,F6b,0.05222854286032131,0.06931642136094249,0.9063994011909086,-0.06931642136094249,-0.028860220353766737,0.01581820060703174,-0.02048596682689063,0.018720390028633443,0.37342421577250073,2
0.0016885752783454583,0.010407101905095466,0.3,white,CORR_L4_f0.7,-0.03941097494274941,-0.053304085191219604,-0.0315786503407674,-0.017606268379674946,-0.013563296125347485,F6b,0.053304085191219604,0.07860242591133003,0.91593532444791,-0.07860242591133003,-0.02993576268466503,0.009180937152115497,-0.017162394690987327,0.019703871565479085,0.3695397244209909,2
0.0016885752783454583,0.010407101905095466,0.3,white,CORR_L6_f0.0,-0.007637016726274468,-0.032358444186482864,-0.0203937219713042,-0.02367307351780578,-0.019207575738574633,F6b,0.032358444186482864,0.04682846769485509,0.8236392842888597,-0.04682846769485509,-0.008990121679928293,0.020365865521578694,-0.023229199829118162,0.014059591952251937,0.3915274113163295,2
0.0016885752783454583,0.010407101905095466,0.3,white,CORR_L6_f0.15,-0.01794633320611825,-0.03768922478847109,-0.025008977929987023,-0.029169374571489694,-0.014645211137087485,F6b,0.03768922478847109,0.05713778417469887,0.8635854543967735,-0.05713778417469887,-0.014320902281916518,0.01575060956289587,-0.028725500882802076,0.018621956553739084,0.3901348578129581,2
0.0016885752783454583,0.010407101905095466,0.3,white,CORR_L6_f0.3,-0.023534020442308803,-0.040773296585030414,-0.025966167598159146,-0.022772373837445806,-0.016653945117042105,F6b,0.040773296585030414,0.06272547141088942,0.8885902916758528,-0.06272547141088942,-0.017404974078475844,0.01479341989472375,-0.022328500148758187,0.016613222573784465,0.3828056288478452,2
0.0016885752783454583,0.010407101905095466,0.3,white,CORR_L6_f0.5,-0.02903408932734476,-0.05195773422964454,-0.025896299687682874,-0.018813599838724156,-0.014957095018143636,F6b,0.05195773422964454,0.06822554029592538,0.9065339263557564,-0.06822554029592538,-0.028589411723089965,0.01486328780520002,-0.018369726150036538,0.018310072672682934,0.37467018469656993,2
0.0016885752783454583,0.010407101905095466,0.3,white,CORR_L6_f0.7,-0.03944091892942159,-0.05318643498358301,-0.03157987761499405,-0.01751859127292934,-0.013638269436721157,F6b,0.05318643498358301,0.07863236989800221,0.9160017883751912,-0.07863236989800221,-0.029818112477028435,0.009179709877888843,-0.01707471758424172,0.019628898254105413,0.36968630900029315,2
0.0016885752783454583,0.010407101905095466,0.3,white,CORR_L10_f0.0,-0.00737566410420127,-0.02619040993802848,-0.01609497796556453,-0.023153671463402317,-0.016899022882601044,F6b,0.02959891655442813,0.04656711507278189,0.8052426812263315,-0.04656711507278189,-0.002822087431473907,0.024664609527318363,-0.0227097977747147,0.016368144808225526,0.40354734681911464,2
0.0016885752783454583,0.010407101905095466,0.3,white,CORR_L10_f0.15,-0.014655034056288534,-0.03662529418543246,-0.025557834257459923,-0.02982213759459538,-0.01832366411127937,F6b,0.03662529418543246,0.053846485024869155,0.8586433080412939,-0.053846485024869155,-0.013256971678877886,0.015201753235422971,-0.02937826390590776,0.014943503579547197,0.39335971855760776,2
0.0016885752783454583,0.010407101905095466,0.3,white,CORR_L10_f0.3,-0.021800166619007126,-0.039579159097504854,-0.026433041215064,-0.023000617519713964,-0.014833448620396584,F6b,0.039579159097504854,0.06099161758758775,0.8894370982585946,-0.06099161758758775,-0.016210836590950285,0.014326546277818897,-0.022556743831026346,0.018433719070429986,0.3863969510407505,2
0.0016885752783454583,0.010407101905095466,0.3,white,CORR_L10_f0.5,-0.029192035974179395,-0.051816447560812086,-0.025257746137710264,-0.019165732531035855,-0.014890204653634425,F6b,0.051816447560812086,0.06838348694276002,0.9060573998846068,-0.06838348694276002,-0.028448125054257513,0.015501841355172628,-0.018721858842348237,0.018376963037192145,0.37371738493110523,2
0.0016885752783454583,0.010407101905095466,0.3,white,CORR_L10_f0.7,-0.03944091892942159,-0.05318643498358301,-0.03157987761499405,-0.01751859127292934,-0.013638269436721157,F6b,0.05318643498358301,0.07863236989800221,0.9160017883751912,-0.07863236989800221,-0.029818112477028435,0.009179709877888843,-0.01707471758424172,0.019628898254105413,0.36968630900029315,2
0.0016885752783454583,0.010407101905095466,0.3,white,CORR_L20_f0.0,-0.001342611649806022,-0.007861434797030886,-0.005412422023860469,-0.011575366447805054,-0.00828330841876854,F6b,0.016587682489303576,0.04053406261838664,0.7700278737793735,-0.04053406261838664,0.015506887709523687,0.035347165469022425,-0.011131492759117437,0.02498385927205803,0.38632365875109936,2
0.0016885752783454583,0.010407101905095466,0.3,white,CORR_L20_f0.15,-0.013929548504860285,-0.036076502655316145,-0.025502144877140677,-0.02928241051862775,-0.019595602642545333,F6b,0.036076502655316145,0.05312099947344091,0.8580670036406319,-0.05312099947344091,-0.012708180148761575,0.015257442615742215,-0.028838536829940132,0.013671565048281237,0.39519202579888596,2
0.0016885752783454583,0.010407101905095466,0.3,white,CORR_L20_f0.3,-0.022044056721336164,-0.039590301548713513,-0.026543074587802924,-0.022926489088913128,-0.014931107179401638,F6b,0.039590301548713513,0.061235507689916785,0.8893856281992215,-0.061235507689916785,-0.016221979042158944,0.01421651290507997,-0.02248261540022551,0.01833606051142493,0.3863969510407505,2
0.0016885752783454583,0.010407101905095466,0.3,white,CORR_L20_f0.5,-0.029174400095702005,-0.05179266226846914,-0.02531010335588412,-0.01921297833167934,-0.014958816868168304,F6b,0.05179266226846914,0.06836585106428263,0.905994147486574,-0.06836585106428263,-0.028424339761914563,0.015449484136998773,-0.01876910464299172,0.018308350822658265,0.373570800351803,2
0.0016885752783454583,0.010407101905095466,0.3,white,CORR_L20_f0.7,-0.03944091892942159,-0.05318643498358301,-0.03157987761499405,-0.01751859127292934,-0.013638269436721157,F6b,0.05318643498358301,0.07863236989800221,0.9160017883751912,-0.07863236989800221,-0.029818112477028435,0.009179709877888843,-0.01707471758424172,0.019628898254105413,0.36968630900029315,2
0.0016885752783454583,0.010407101905095466,0.3,white,DITHER_s0.5,0.04115167620904589,0.003909961406191438,-0.023772926544844232,0.04245533315470016,-0.0221648940754273,F6b,0.054015290356805724,0.04289920684338778,0.3947931782439309,0.0019602252404652713,0.02727828391274601,0.016986660948038662,0.04289920684338778,0.01110227361539927,0.3007182644385811,2
0.0016885752783454583,0.010407101905095466,0.3,white,DITHER_s1.0,0.03595771835419996,-0.021611255194861016,-0.05284762889720548,-0.010141257168826837,-0.026079774689036144,F6b,0.05284762889720548,0.018941428692955047,0.35571263330838665,-0.003233732614380663,0.001757067311693559,-0.012088041404322583,-0.00969738348013922,0.007187393001790426,0.3080474934036939,2
0.0016885752783454583,0.010407101905095466,0.3,white,DITHER_s2.0,0.0892699061161409,0.0038751458469186185,-0.02370210679847714,0.022936389940519098,-0.04629765005967466,F6b,0.0892699061161409,0.05007845514756028,0.3024756965664022,0.05007845514756028,0.02724346835347319,0.017057480694405755,0.023380263629206716,-0.013030482368848089,0.29910583406625624,2
0.0016885752783454583,0.010407101905095466,0.3,white,DITHER_blind,0.022533869290997124,-0.029730304799353874,-0.014952828789429076,0.006662348410702356,-0.008926880989502135,F6b,0.0370108195926695,0.03580996465387624,0.30127172008543834,-0.016657581677583497,-0.006361982292799301,0.02580675870345382,0.0071062220993899725,0.024340286701324435,0.29426854294928173,2
0.0016885752783454583,0.010407101905095466,0.5,white,MEMLESS,-0.02345127764345381,-0.021960697650848394,-0.017961452781844776,-0.008613025761518758,-0.0059337978929312266,F6b,0.02345127764345381,0.06264272861203443,0.9761932177598346,-0.06264272861203443,0.0014076248557061807,0.02279813471103812,-0.008169152072831141,0.027333369797895343,0.5636177074171798,2
0.0016885752783454583,0.010407101905095466,0.5,white,CORR_L2_f0.0,-0.020249521351280053,-0.03340859901007878,-0.0145906229345194,-0.014050373261396324,-0.011875607735946345,F6b,0.03340859901007878,0.059440972319860674,0.951996940633212,-0.059440972319860674,-0.010040276503524207,0.026168964558363494,-0.013606499572708708,0.021391559954880224,0.5786426267956611,2
0.0016885752783454583,0.010407101905095466,0.5,white,CORR_L2_f0.15,-0.019316445628732255,-0.02994480296525996,-0.013599430198871956,-0.011451172260992975,-0.012728242029176738,F6b,0.02994480296525996,0.058507896597312876,0.9594120185064137,-0.058507896597312876,-0.0065764804587053844,0.027160157294010938,-0.011007298572305358,0.02053892566164983,0.578056288478452,2
0.0016885752783454583,0.010407101905095466,0.5,white,CORR_L2_f0.3,-0.01900212081586764,-0.028669718331664217,-0.012903671631707775,-0.009296705395465185,-0.010751354823589594,F6b,0.028669718331664217,0.05819357178444826,0.9649971708015869,-0.05819357178444826,-0.005301395825109645,0.02785591586117512,-0.008852831706777569,0.022515812867236976,0.5710935209615948,2
0.0016885752783454583,0.010407101905095466,0.5,white,CORR_L2_f0.5,-0.018422963657915452,-0.023377595915342872,-0.013514817515531914,-0.008238917264773422,-0.009048017647637924,F6b,0.023377595915342872,0.05761441462649607,0.9708272451576592,-0.05761441462649607,-9.273408788298638e-06,0.02724476997735098,-0.007795043576085805,0.024219150043188645,0.567209029610085,2
0.0016885752783454583,0.010407101905095466,0.5,white,CORR_L2_f0.7,-0.019349536117676147,-0.022532944559135196,-0.013625137388427678,-0.008538950366689191,-0.007234894543827627,F6b,0.022532944559135196,0.05854098708625677,0.9749821630425369,-0.05854098708625677,0.0008353779474193762,0.027134450104455216,-0.008095076678001575,0.026032273146998942,0.5674289064790384,2
0.0016885752783454583,0.010407101905095466,0.5,white,CORR_L4_f0.0,-0.02174438031380172,-0.0274451019238888,-0.013885210372552366,-0.023455842286222214,-0.009682523039468559,F6b,0.0274451019238888,0.06093583128238234,0.9286665753441218,-0.06093583128238234,-0.004076779417334227,0.026874377120330528,-0.023011968597534595,0.02358464465135801,0.5908091468777484,2
0.0016885752783454583,0.010407101905095466,0.5,white,CORR_L4_f0.15,-0.02075228700838925,-0.02617997853943963,-0.012349732800883462,-0.015148949471688286,-0.007491774119240645,F6b,0.02617997853943963,0.05994373797696987,0.9480378284960879,-0.05994373797696987,-0.0028116560328850567,0.02840985469199943,-0.01470507578300067,0.025775393571585925,0.5879507475813545,2
0.0016885752783454583,0.010407101905095466,0.5,white,CORR_L4_f0.3,-0.018310951788044795,-0.023932467615708462,-0.010971087660061978,-0.014789739966731287,-0.009079784665231818,F6b,0.023932467615708462,0.057502402756625416,0.960844541920882,-0.057502402756625416,-0.000564145109153888,0.029788499832820916,-0.01434586627804367,0.024187383025594752,0.5793755496921724,2
0.0016885752783454583,0.010407101905095466,0.5,white,CORR_L4_f0.5,-0.017128804191338415,-0.021694573444560362,-0.011719859828528603,-0.007854545002649269,-0.010716122308818885,F6b,0.021694573444560362,0.056320255159919036,0.9706126784879506,-0.056320255159919036,0.0016737490619942097,0.02903972766435429,-0.0074106713139616524,0.022551045382007685,0.5714599824098505,2
0.0016885752783454583,0.010407101905095466,0.5,white,CORR_L4_f0.7,-0.018885488962587543,-0.020443339472831862,-0.012926070861769817,-0.008370620661539013,-0.009069518954454292,F6b,0.020443339472831862,0.058076939931168164,0.9754526200177005,-0.058076939931168164,0.002924983033722713,0.027833516631113078,-0.007926746972851397,0.024197648736372278,0.5703605980650835,2
0.0016885752783454583,0.010407101905095466,0.5,white,CORR_L6_f0.0,-0.020374164201655075,-0.026994804045489446,-0.01712325427727153,-0.021601076405781003,-0.012804641925639085,F6b,0.026994804045489446,0.059565615170235696,0.9187445650763052,-0.059565615170235696,-0.003626481538934872,0.023636333215611365,-0.021157202717093385,0.020462525765187485,0.6037818821459983,2
0.0016885752783454583,0.010407101905095466,0.5,white,CORR_L6_f0.15,-0.017682122701430623,-0.023721733155602144,-0.011883395742739306,-0.016138612333169502,-0.0053723723428483194,F6b,0.023721733155602144,0.056873573670011245,0.9445586468763334,-0.056873573670011245,-0.00035341064904757254,0.02887619175014359,-0.015694738644481884,0.02789479534797825,0.5938141307534447,2
0.0016885752783454583,0.010407101905095466,0.5,white,CORR_L6_f0.3,-0.016738162474551843,-0.025131755181366844,-0.01217226297490348,-0.014565910871902565,-0.007528299685515251,F6b,0.025131755181366844,0.055929613443132464,0.9592303214766579,-0.055929613443132464,-0.00176343267481227,0.028587324517979414,-0.014122037183214949,0.02573886800531132,0.576883611844034,2
0.0016885752783454583,0.010407101905095466,0.5,white,CORR_L6_f0.5,-0.016435481155291656,-0.02229580636413499,-0.011505725729634476,-0.008674310812845282,-0.009732009176359805,F6b,0.02229580636413499,0.05562693212387228,0.9706773630587822,-0.05562693212387228,0.0010725161424195808,0.02925386176324842,-0.008230437124157665,0.023535158514466765,0.5718264438581061,2
0.0016885752783454583,0.010407101905095466,0.5,white,CORR_L6_f0.7,-0.018838639984906293,-0.020425778371138563,-0.012853977551663679,-0.008267617963823774,-0.009028138819570947,F6b,0.020425778371138563,0.058030090953486914,0.9754512470232817,-0.058030090953486914,0.0029425441354160096,0.027905609941219215,-0.007823744275136157,0.024239028871255622,0.5704338903547347,2
0.0016885752783454583,0.010407101905095466,0.5,white,CORR_L10_f0.0,-0.014401944268150772,-0.02770183391160024,-0.019028331245423972,-0.025687193542541488,-0.018225609746960095,F6b,0.02770183391160024,0.05359339523673139,0.90615436217769,-0.05359339523673139,-0.004333511405045665,0.021731256247458922,-0.02524331985385387,0.015041557943866475,0.616681325124597,2
0.0016885752783454583,0.010407101905095466,0.5,white,CORR_L10_f0.15,-0.01674187801857064,-0.024382466674230496,-0.012709747088676917,-0.018201802534337654,-0.009616414319801966,F6b,0.024382466674230496,0.05593332898715126,0.9413498480969128,-0.05593332898715126,-0.0010141441676759224,0.028049840404205977,-0.017757928845650035,0.023650753371024603,0.5938141307534447,2
0.0016885752783454583,0.010407101905095466,0.5,white,CORR_L10_f0.3,-0.016485776298090678,-0.024683820608161045,-0.011919161729691923,-0.014845231356473898,-0.007746442827756189,F6b,0.024683820608161045,0.0556772272666713,0.9595002866950311,-0.0556772272666713,-0.0013154981016064722,0.02884042576319097,-0.014401357667786281,0.02552072486307038,0.579155672823219,2
0.0016885752783454583,0.010407101905095466,0.5,white,CORR_L10_f0.5,-0.01645712577213161,-0.022260809520188402,-0.011611168015981846,-0.008550281119800761,-0.009735133906780092,F6b,0.022260809520188402,0.05564857674071223,0.97069960519841,-0.05564857674071223,0.0011075129863661723,0.029148419476901048,-0.008106407431113145,0.023532033784046478,0.5719730284374084,2
0.0016885752783454583,0.010407101905095466,0.5,white,CORR_L10_f0.7,-0.018838639984906293,-0.020425778371138563,-0.012853977551663679,-0.008267617963823774,-0.009028138819570947,F6b,0.020425778371138563,0.058030090953486914,0.9754512470232817,-0.058030090953486914,0.0029425441354160096,0.027905609941219215,-0.007823744275136157,0.024239028871255622,0.5704338903547347,2
0.0016885752783454583,0.010407101905095466,0.5,white,CORR_L20_f0.0,-0.010530835532659134,-0.016860024307234583,-0.01154051658199575,-0.01505322361683312,-0.00925246684692585,F6b,0.016860024307234583,0.049722286501239756,0.9000727682925572,-0.049722286501239756,0.006508298199319991,0.029219070910887143,-0.014609349928145504,0.02401470084390072,0.6467311638815597,2
0.0016885752783454583,0.010407101905095466,0.5,white,CORR_L20_f0.15,-0.016076659480112825,-0.023359125491987882,-0.012002108807946627,-0.017966271063371134,-0.009744519020063794,F6b,0.023359125491987882,0.055268110448693446,0.941068560789648,-0.055268110448693446,9.197014566690687e-06,0.028757478684936267,-0.017522397374683515,0.023522648670762775,0.5938874230430958,2
0.0016885752783454583,0.010407101905095466,0.5,white,CORR_L20_f0.3,-0.01638515158320964,-0.024565453412946383,-0.011940639064487928,-0.01496321479896131,-0.00787940927216554,F6b,0.024565453412946383,0.05557660255179026,0.9596115594590894,-0.05557660255179026,-0.0011971309063918097,0.028818948428394966,-0.014519341110273693,0.02538775841866103,0.5795954265611257,2
0.0016885752783454583,0.010407101905095466,0.5,white,CORR_L20_f0.5,-0.01645712577213161,-0.022260809520188402,-0.011611168015981846,-0.008550281119800761,-0.009735133906780092,F6b,0.022260809520188402,0.05564857674071223,0.97069960519841,-0.05564857674071223,0.0011075129863661723,0.029148419476901048,-0.008106407431113145,0.023532033784046478,0.5719730284374084,2
0.0016885752783454583,0.010407101905095466,0.5,white,CORR_L20_f0.7,-0.018838639984906293,-0.020425778371138563,-0.012853977551663679,-0.008267617963823774,-0.009028138819570947,F6b,0.020425778371138563,0.058030090953486914,0.9754512470232817,-0.058030090953486914,0.0029425441354160096,0.027905609941219215,-0.007823744275136157,0.024239028871255622,0.5704338903547347,2
0.0016885752783454583,0.010407101905095466,0.5,white,DITHER_s0.5,0.0038898284946427136,-0.04491566286332149,-0.02258552513037053,0.0007500510764504797,-0.015353727196995012,F6b,0.04491566286332149,0.03530162247393791,0.6044566269730078,-0.03530162247393791,-0.021547340356766916,0.018174062362512365,0.0011939247651380966,0.017913440493831558,0.5025652301377895,2
0.0016885752783454583,0.010407101905095466,0.5,white,DITHER_s1.0,0.043279883513747126,-0.015318057887176788,-0.019927362770263763,0.022560813888721026,-0.03460093277699382,F6b,0.043736189919495,0.029219413822871115,0.5550350575194632,0.004088432545166503,0.008050264619377785,0.02083222472261913,0.023004687577408645,-0.0013337650861672446,0.48856640281442393,2
0.0016885752783454583,0.010407101905095466,0.5,white,DITHER_s2.0,0.049760679732275596,-0.025326533411179974,-0.04129309897160872,-0.03221966194179548,-0.05384176746885448,F6b,0.058155421580151856,0.04085493676769411,0.5066416757565602,0.010569228763694975,-0.0019582109046253995,-0.0005335114787258225,-0.03177578825310786,-0.020574599778027915,0.5055702140134858,2
0.0016885752783454583,0.010407101905095466,0.5,white,DITHER_blind,0.07508669822043718,-0.01870802770301772,-0.03094439832105923,-0.022700219945142732,-0.03732531136323824,F6b,0.07508669822043718,0.04622786811783131,0.49853652558631184,0.03589524725185655,0.004660294803536855,0.009815189171823665,-0.022256346256455114,-0.004058143672411669,0.503957783641161,2
0.00222239001647887,0.012875753323371123,0.0,white,NOATTACK,0.0,0.0,0.0,0.0,0.0,F6b,0.0,0.07713048924831324,0.0,0.04821315397979215,0.04400180167261393,0.07713048924831324,-0.007236553504489815,-0.017780423339417387,0.0,3
0.00222239001647887,0.012875753323371123,0.02,white,MEMLESS,0.025552862815221934,0.009768889633244564,0.030180257910011776,0.026084565028157636,-0.01206181122819953,F6b,0.04526647824162677,0.10731074715832502,0.2549450004457336,0.07376601679501409,0.053770691305858494,0.10731074715832502,0.018848011523667822,-0.029842234567616917,0.008193155452436195,3
0.00222239001647887,0.012875753323371123,0.02,white,CORR_L2_f0.0,-0.0058124601623116764,0.014202938696509106,0.03193138047249146,0.000981885394480817,0.006487852692673334,F6b,0.04325269778695154,0.1090618697208047,0.2210860022526873,0.042400693817480475,0.058204740369123036,0.1090618697208047,-0.006254668110008998,-0.011292570646744052,0.007468097447795824,3
0.00222239001647887,0.012875753323371123,0.02,white,CORR_L2_f0.15,-0.0020385881884169843,0.013610418598353116,0.01649327392257359,0.003858184112170827,0.01085087719596731,F6b,0.039075961813466745,0.09362376317088683,0.22636608919933032,0.04617456579137517,0.057612220270967046,0.09362376317088683,-0.003378369392318988,-0.006929546143450077,0.0073230858468677495,3
0.00222239001647887,0.012875753323371123,0.02,white,CORR_L2_f0.3,0.000240827215004992,0.01978970871619838,0.01336053758776204,0.0033707843549314297,0.0028776948484167016,F6b,0.04434007498603216,0.09049102683607528,0.23410699736503995,0.048453981194797144,0.06379151038881231,0.09049102683607528,-0.0038657691495583854,-0.014902728491000685,0.007468097447795824,3
0.00222239001647887,0.012875753323371123,0.02,white,CORR_L2_f0.5,0.00993991893105959,0.01794120622196256,0.008903092186912112,0.011397024123914412,0.0021973682111418504,F6b,0.04386748820942345,0.08603358143522535,0.23895312951105455,0.05815307291085174,0.06194300789457649,0.08603358143522535,0.004160470619424597,-0.015583055128275536,0.007468097447795824,3
0.00222239001647887,0.012875753323371123,0.02,white,CORR_L2_f0.7,0.010979128137198625,0.026550148492882078,-0.00045372000072688157,0.021902784717548116,-0.0030049987393972605,F6b,0.033497984264304906,0.07667676924758636,0.2525682795448806,0.05919228211699078,0.07055195016549601,0.07667676924758636,0.0146662312130583,-0.020785422078814647,0.008338167053364268,3
0.00222239001647887,0.012875753323371123,0.02,white,CORR_L4_f0.0,-0.010582011895343642,0.02246169232675385,-0.01552019666137406,-0.0009946264516269678,0.018866943030963743,F6b,0.028507621445620142,0.06646349399936778,0.2207392325810349,0.03763114208444851,0.06646349399936778,0.06161029258693918,-0.008231179956116783,0.0010865196915463566,0.00978828306264501,3
0.00222239001647887,0.012875753323371123,0.02,white,CORR_L4_f0.15,-0.003677723643021741,0.017536131923837614,0.020701826356088526,0.008515674021993004,0.007105540603630526,F6b,0.03999728783445901,0.09783231560440177,0.21769845169913335,0.04453543033677041,0.061537933596451544,0.09783231560440177,0.0012791205175031889,-0.01067488273578686,0.007468097447795824,3
0.00222239001647887,0.012875753323371123,0.02,white,CORR_L4_f0.3,-0.0018357003923926626,0.01470127718212795,0.016910357287712785,0.010193629985176818,-0.0014004680642357367,F6b,0.04320873229972781,0.09404084653602603,0.22386951376764386,0.04637745358739949,0.05870307885474188,0.09404084653602603,0.002957076480687002,-0.019180891403653123,0.007105568445475638,3
0.00222239001647887,0.012875753323371123,0.02,white,CORR_L4_f0.5,0.00841416161713937,0.02687472217946675,0.0008214723330803725,0.009710658608226501,-0.0005124687989016448,F6b,0.03888171063424388,0.07795196158139361,0.235742955204682,0.05662731559693152,0.07087652385208068,0.07795196158139361,0.002474105103736685,-0.01829289213831903,0.007178074245939675,3
0.00222239001647887,0.012875753323371123,0.02,white,CORR_L4_f0.7,0.015646380315865523,0.025738570889687187,0.0035083477261919765,0.019314450999078723,-0.006680739784694013,F6b,0.03719702972882689,0.08063883697450522,0.2503415253306077,0.06385953429565767,0.06974037256230112,0.08063883697450522,0.012077897494588907,-0.0244611631241114,0.008120649651972157,3
0.00222239001647887,0.012875753323371123,0.02,white,CORR_L6_f0.0,0.019263069151653107,0.03192091241838804,-0.02238678006066986,-0.0064189331667145475,0.0016597950439340876,F6b,0.03192091241838804,0.07592271409100197,0.2000115764527157,0.06747622313144526,0.07592271409100197,0.05474370918764338,-0.013655486671204363,-0.0161206282954833,0.008918213457076565,3
0.00222239001647887,0.012875753323371123,0.02,white,CORR_L6_f0.15,-0.0027630435497707356,0.01850343803756639,0.020309903268918975,0.005445951290682998,0.002868265373227626,F6b,0.038900946652322854,0.09744039251723222,0.21945447235931623,0.045450110430021416,0.06250523971018032,0.09744039251723222,-0.0017906022138068178,-0.01491215796618976,0.00804814385150812,3
0.00222239001647887,0.012875753323371123,0.02,white,CORR_L6_f0.3,-0.003863540969781337,0.011489847483448681,0.01532383335023553,0.008435168081800263,-0.0014788498948778601,F6b,0.04194013013685276,0.09245432259854877,0.2229330222733891,0.044349613010010815,0.05549164915606261,0.09245432259854877,0.0011986145773104475,-0.019259273234295247,0.007105568445475638,3
0.00222239001647887,0.012875753323371123,0.02,white,CORR_L6_f0.5,0.00841416161713937,0.02687472217946675,0.0008214723330803725,0.009710658608226501,-0.0005124687989016448,F6b,0.03888171063424388,0.07795196158139361,0.235742955204682,0.05662731559693152,0.07087652385208068,0.07795196158139361,0.002474105103736685,-0.01829289213831903,0.007178074245939675,3
0.00222239001647887,0.012875753323371123,0.02,white,CORR_L6_f0.7,0.013807154228938641,0.02561190127818916,0.0033654123831786398,0.01915258193028887,-0.006538163390092756,F6b,0.03644446984335417,0.08049590163149188,0.24949811608018554,0.06202030820873079,0.06961370295080309,0.08049590163149188,0.011916028425799054,-0.024318586729510143,0.00804814385150812,3
0.00222239001647887,0.012875753323371123,0.02,white,CORR_L10_f0.0,0.01486609941031456,0.02414000086855214,-0.018658706352930488,-0.013475998168876704,0.011467880777379624,F6b,0.031126187010563078,0.06814180254116607,0.20256644876113847,0.06307925339010671,0.06814180254116607,0.058471782895382754,-0.020712551673366518,-0.006312542562037763,0.010440835266821345,3
0.00222239001647887,0.012875753323371123,0.02,white,CORR_L10_f0.15,-0.004073740808417582,0.019144509602183626,0.02062486322535878,0.004130804767271042,0.005477920645594936,F6b,0.04059777938235165,0.09775535247367202,0.21639969756075975,0.04413941317137457,0.06314631127479756,0.09775535247367202,-0.0031057487372187728,-0.01230250269382245,0.0075406032482598605,3
0.00222239001647887,0.012875753323371123,0.02,white,CORR_L10_f0.3,-0.004923205795320289,0.018275040348981683,0.017336012227128023,0.014514473849970646,0.002018639675206508,F6b,0.043718929959107075,0.09446650147544126,0.22156834545510734,0.04328994818447186,0.06227684202159561,0.09446650147544126,0.00727792034548083,-0.01576178366421088,0.0069605568445475635,3
0.00222239001647887,0.012875753323371123,0.02,white,CORR_L10_f0.5,0.00841416161713937,0.02687472217946675,0.0008214723330803725,0.009710658608226501,-0.0005124687989016448,F6b,0.03888171063424388,0.07795196158139361,0.235742955204682,0.05662731559693152,0.07087652385208068,0.07795196158139361,0.002474105103736685,-0.01829289213831903,0.007178074245939675,3
0.00222239001647887,0.012875753323371123,0.02,white,CORR_L10_f0.7,0.013807154228938641,0.02561190127818916,0.0033654123831786398,0.01915258193028887,-0.006538163390092756,F6b,0.03644446984335417,0.08049590163149188,0.24949811608018554,0.06202030820873079,0.06961370295080309,0.08049590163149188,0.011916028425799054,-0.024318586729510143,0.00804814385150812,3
0.00222239001647887,0.012875753323371123,0.02,white,CORR_L20_f0.0,0.007078510978695579,0.012029026263354295,-0.003171186732549444,-0.01267736788781464,-0.0022602530717279017,F6b,0.019686165349925958,0.0739593025157638,0.19193497410667062,0.05529166495848773,0.056030827935968225,0.0739593025157638,-0.019913921392304454,-0.02004067641114529,0.012978538283062646,3
0.00222239001647887,0.012875753323371123,0.02,white,CORR_L20_f0.15,-0.005233665686445066,0.02052008500027773,0.019455069887698656,0.0025183777116533895,0.004921098364345846,F6b,0.039456445224890516,0.0965855591360119,0.2145211986152439,0.042979488293347086,0.06452188667289166,0.0965855591360119,-0.004718175792836426,-0.012859324975071541,0.007395591647331786,3
0.00222239001647887,0.012875753323371123,0.02,white,CORR_L20_f0.3,-0.004923205795320289,0.018275040348981683,0.017336012227128023,0.014514473849970646,0.002018639675206508,F6b,0.043718929959107075,0.09446650147544126,0.22156834545510734,0.04328994818447186,0.06227684202159561,0.09446650147544126,0.00727792034548083,-0.01576178366421088,0.0069605568445475635,3
0.00222239001647887,0.012875753323371123,0.02,white,CORR_L20_f0.5,0.00841416161713937,0.02687472217946675,0.0008214723330803725,0.009710658608226501,-0.0005124687989016448,F6b,0.03888171063424388,0.07795196158139361,0.235742955204682,0.05662731559693152,0.07087652385208068,0.07795196158139361,0.002474105103736685,-0.01829289213831903,0.007178074245939675,3
0.00222239001647887,0.012875753323371123,0.02,white,CORR_L20_f0.7,0.013807154228938641,0.02561190127818916,0.0033654123831786398,0.01915258193028887,-0.006538163390092756,F6b,0.03644446984335417,0.08049590163149188,0.24949811608018554,0.06202030820873079,0.06961370295080309,0.08049590163149188,0.011916028425799054,-0.024318586729510143,0.00804814385150812,3
0.00222239001647887,0.012875753323371123,0.02,white,DITHER_s0.5,-0.008924508544651828,-0.005432868660705699,-0.007369516075123289,0.003534604641114177,-0.0017432320873760135,F6b,0.012107366021647392,0.06976097317318995,0.0279106535435542,0.039288645435140324,0.03856893301190823,0.06976097317318995,-0.003701948863375638,-0.0195236554267934,0.02349187935034803,3
0.00222239001647887,0.012875753323371123,0.02,white,DITHER_s1.0,-0.009231223499968952,-0.009288349877088188,0.0004972592942754234,0.002357523618385954,-0.00020899806076091904,F6b,0.011141273430207346,0.07762774854258866,0.018137059705734353,0.0389819304798232,0.03471345179552574,0.07762774854258866,-0.004879029886103861,-0.017989421400178306,0.018343967517401392,3
0.00222239001647887,0.012875753323371123,0.02,white,DITHER_s2.0,0.0007837339062682358,0.007044653874913341,-0.013844038552982649,0.0034941797704411857,0.008477064487099444,F6b,0.015367732781602918,0.06328645069533059,0.02382500369188905,0.04899688788606039,0.05104645554752727,0.06328645069533059,-0.0037423737340486294,-0.009303358852317943,0.0191415313225058,3
0.00222239001647887,0.012875753323371123,0.02,white,DITHER_blind,-0.01492721332493431,-0.002477866708836693,-0.0009558701943739589,0.0004936774486799357,-0.004313375576251794,F6b,0.01492721332493431,0.07617461905393928,0.015301236267731508,0.03328594065485784,0.04152393496377724,0.07617461905393928,-0.006742876055809879,-0.02209379891566918,0.020519141531322505,3
0.00222239001647887,0.012875753323371123,0.05,white,MEMLESS,0.012121902480427597,0.015330226357515915,-0.024226723951849195,-0.0011361234289722242,-0.0032282119379531612,F6b,0.03937162133047217,0.06033505646021975,0.370737637215608,0.06033505646021975,0.059332028030129845,0.052903765296464046,-0.00837267693346204,-0.021008635277370548,0.02515951276102088,3
0.00222239001647887,0.012875753323371123,0.05,white,CORR_L2_f0.0,0.012292921368799455,0.01634940083759607,0.003526706938546509,0.010064562403802713,-0.002490900123771199,F6b,0.03758813360791024,0.08065719618685975,0.31643370427941503,0.060506075348591606,0.06035120251021,0.08065719618685975,0.002828008899312898,-0.020271323463188586,0.02262180974477958,3
0.00222239001647887,0.012875753323371123,0.05,white,CORR_L2_f0.15,0.016842991199005612,0.021737980486566513,-0.002520069147410292,0.007403048035619404,0.0012589987135598786,F6b,0.04216129072044021,0.07461042010090295,0.3267222111812804,0.06505614517879776,0.06573978215918044,0.07461042010090295,0.0001664945311295884,-0.016521424625857508,0.022984338747099767,3
0.00222239001647887,0.012875753323371123,0.05,white,CORR_L2_f0.3,0.015826772254294817,0.011775591885286998,-0.014597366330049683,0.004190749522383381,-0.0014677799963027545,F6b,0.044094156142837314,0.06403992623408697,0.3401766397873283,0.06403992623408697,0.05577739355790093,0.06253312291826356,-0.003045803982106434,-0.01924820333572014,0.023999419953596286,3
0.00222239001647887,0.012875753323371123,0.05,white,CORR_L2_f0.5,0.008388700077821686,0.008532121789451126,-0.021637166034299292,-0.0005399705120283215,-0.0031673649900642864,F6b,0.043848411386536904,0.05660185405761384,0.3645094237352391,0.05660185405761384,0.052533923462065056,0.05549332321401395,-0.007776524016518137,-0.020947788329481673,0.026392111368909513,3
0.00222239001647887,0.012875753323371123,0.05,white,CORR_L2_f0.7,0.006574697858547467,0.010380272583409365,-0.01675746719501866,0.00013502981888970783,-0.004486056443449418,F6b,0.04270014305304384,0.06037302205329458,0.36822528441604385,0.05478785183833962,0.054382074256023295,0.06037302205329458,-0.007101523685600107,-0.022266479782866805,0.025522041763341066,3
0.00222239001647887,0.012875753323371123,0.05,white,CORR_L4_f0.0,0.002903346312489251,0.008464316983131305,-0.017859641483143764,0.011526583694098334,0.009263832733791897,F6b,0.04011505742706137,0.05927084776516948,0.27720357156387887,0.0511165002922814,0.052466118655745235,0.05927084776516948,0.004290030189608518,-0.00851659060562549,0.01943155452436195,3
0.00222239001647887,0.012875753323371123,0.05,white,CORR_L4_f0.15,0.008058749706266147,0.013421834946145843,-0.007632347647132595,0.008995063440934498,8.132660118155902e-05,F6b,0.03241939447616786,0.06949814160118065,0.3036219275855479,0.0562719036860583,0.05742363661875977,0.06949814160118065,0.0017585099364446832,-0.017699096738235828,0.021461716937354988,3
0.00222239001647887,0.012875753323371123,0.05,white,CORR_L4_f0.3,0.013255742103332607,0.005781239192756908,-0.0033673109479451513,0.0039055605676683656,-0.0035856922413983645,F6b,0.03666959443629243,0.07376317830036809,0.3273719315299792,0.06146889608312476,0.04978304086537084,0.07376317830036809,-0.0033309929368214495,-0.02136611558081575,0.02370939675174014,3
0.00222239001647887,0.012875753323371123,0.05,white,CORR_L4_f0.5,0.01223092206998784,0.008467134203710557,-0.01772288061184582,0.00935728173496424,0.0017749845267049924,F6b,0.046874017020405376,0.06044407604977999,0.3501750728098458,0.06044407604977999,0.052468935876324486,0.05940760863646742,0.0021207282304744265,-0.016005438812712394,0.024651972157772623,3
0.00222239001647887,0.012875753323371123,0.05,white,CORR_L4_f0.7,0.008884174140899391,0.011205181687899822,-0.01636795353182164,-0.0014398501036635885,-0.003184278361357998,F6b,0.04328996196896845,0.0607625357164916,0.3679146373142752,0.05709732812069154,0.05520698336051375,0.0607625357164916,-0.008676403608153404,-0.020964701700775384,0.025594547563805106,3
0.00222239001647887,0.012875753323371123,0.05,white,CORR_L6_f0.0,0.002511363101822775,0.01660419679758183,-0.018386486712149985,-0.016751540809520873,0.01298878735349728,F6b,0.03377963826254891,0.06060599847019576,0.24747277479183744,0.05072451708161493,0.06060599847019576,0.058744002536163256,-0.023988094314010687,-0.004791635985920107,0.01616879350348028,3
0.00222239001647887,0.012875753323371123,0.05,white,CORR_L6_f0.15,0.0073549567348065725,0.008666777494808701,0.0029224289545517895,0.017160414421324557,0.002015640656127103,F6b,0.04387817454772619,0.08005291820286503,0.2883567354036505,0.055568110714598724,0.05266857916742263,0.08005291820286503,0.009923860916834741,-0.015764782683290283,0.01964907192575406,3
0.00222239001647887,0.012875753323371123,0.05,white,CORR_L6_f0.3,0.010445884271912308,0.0038822426936763396,-0.0029144239750063805,-0.0009755707953302438,-0.0024452181768327454,F6b,0.03577829535884885,0.07421606527330686,0.32956841081640265,0.05865903825170446,0.04788404436629027,0.07421606527330686,-0.008212124299820059,-0.020225641516250132,0.02501450116009281,3
0.00222239001647887,0.012875753323371123,0.05,white,CORR_L6_f0.5,0.01553114991431722,0.009742168343190277,-0.017009914397535138,0.006175267502751602,0.0011577162715286707,F6b,0.04881979579865794,0.06374430389410937,0.34888136634420613,0.06374430389410937,0.05374397001580421,0.060120574850778104,-0.0010612860017382131,-0.016622707067888716,0.024579466357308583,3
0.00222239001647887,0.012875753323371123,0.05,white,CORR_L6_f0.7,0.008884174140899391,0.011205181687899822,-0.01636795353182164,-0.0014398501036635885,-0.003184278361357998,F6b,0.04328996196896845,0.0607625357164916,0.3679146373142752,0.05709732812069154,0.05520698336051375,0.0607625357164916,-0.008676403608153404,-0.020964701700775384,0.025594547563805106,3
0.00222239001647887,0.012875753323371123,0.05,white,CORR_L10_f0.0,0.003219134058449369,0.01583840335475554,-0.017135116160356026,-0.016452099845566476,0.010051774389299037,F6b,0.023717984964839015,0.059995373087957216,0.24399545144659116,0.05143228803824152,0.05984020502736947,0.059995373087957216,-0.02368865335005629,-0.007728648950118351,0.01921403712296984,3
0.00222239001647887,0.012875753323371123,0.05,white,CORR_L10_f0.15,0.000754108638091229,0.010226304005598187,-0.0018319322824579126,0.015742118452190902,0.0013789745829858938,F6b,0.04279948016922305,0.07529855696585533,0.28943901560609636,0.04896726261788338,0.05422810567821212,0.07529855696585533,0.008505564947701086,-0.016401448756431493,0.02117169373549884,3
0.00222239001647887,0.012875753323371123,0.05,white,CORR_L10_f0.3,0.008380383594733178,0.0033725607145111067,-0.00294956283292816,0.00138264592057872,-0.004563243524240111,F6b,0.02894944092898969,0.07418092641538508,0.3300277067851426,0.05659353757452533,0.04737436238712504,0.07418092641538508,-0.005853907583911095,-0.022343666863657498,0.02566705336426914,3
0.00222239001647887,0.012875753323371123,0.05,white,CORR_L10_f0.5,0.016255265285105992,0.008238123642977865,-0.017641472833231663,0.0072483483554309286,0.00023177081178647405,F6b,0.04738110136793085,0.06446841926489814,0.3496253180139583,0.06446841926489814,0.052239925315591795,0.05948901641508158,1.1794850941113282e-05,-0.017548652527630913,0.024796983758700698,3
0.00222239001647887,0.012875753323371123,0.05,white,CORR_L10_f0.7,0.008884174140899391,0.011205181687899822,-0.01636795353182164,-0.0014398501036635885,-0.003184278361357998,F6b,0.04328996196896845,0.0607625357164916,0.3679146373142752,0.05709732812069154,0.05520698336051375,0.0607625357164916,-0.008676403608153404,-0.020964701700775384,0.025594547563805106,3
0.00222239001647887,0.012875753323371123,0.05,white,CORR_L20_f0.0,-0.001678328267301292,0.01105828321341111,-0.007901094107007511,-0.012792984402468874,0.007561140427923416,F6b,0.020442319879237857,0.06922939514130573,0.22144077698821002,0.04653482571249086,0.05506008488602504,0.06922939514130573,-0.02002953790695869,-0.01021928291149397,0.01964907192575406,3
0.00222239001647887,0.012875753323371123,0.05,white,CORR_L20_f0.15,0.004813328878628113,0.006560578850026734,-0.003747296154661711,0.013430137559122896,0.0012488380906199963,F6b,0.03728247191814047,0.07338319309365153,0.2892297461346564,0.053026482858420265,0.050562380522640664,0.07338319309365153,0.006193584054633081,-0.01653158524879739,0.021534222737819027,3
0.00222239001647887,0.012875753323371123,0.05,white,CORR_L20_f0.3,0.00871046959596735,0.003235528079174009,-0.0035417191469928055,0.001247849581487409,-0.003603310212745403,F6b,0.029267365487792706,0.07358877010132044,0.3304247892547519,0.0569236235757595,0.04723732975178794,0.07358877010132044,-0.005988703923002406,-0.02138373355216279,0.025812064965197216,3
0.00222239001647887,0.012875753323371123,0.05,white,CORR_L20_f0.5,0.016255265285105992,0.008238123642977865,-0.017641472833231663,0.0072483483554309286,0.00023177081178647405,F6b,0.04738110136793085,0.06446841926489814,0.3496253180139583,0.06446841926489814,0.052239925315591795,0.05948901641508158,1.1794850941113282e-05,-0.017548652527630913,0.024796983758700698,3
0.00222239001647887,0.012875753323371123,0.05,white,CORR_L20_f0.7,0.008884174140899391,0.011205181687899822,-0.01636795353182164,-0.0014398501036635885,-0.003184278361357998,F6b,0.04328996196896845,0.0607625357164916,0.3679146373142752,0.05709732812069154,0.05520698336051375,0.0607625357164916,-0.008676403608153404,-0.020964701700775384,0.025594547563805106,3
0.00222239001647887,0.012875753323371123,0.05,white,DITHER_s0.5,0.01721332555596549,0.0066900992489941635,-0.019143003765012434,0.009563874635968358,0.01696596231024952,F6b,0.03296307498993621,0.06542647953575764,0.08173306089389627,0.06542647953575764,0.05069190092160809,0.05798748548330081,0.0023273211314785423,-0.0008144610291678652,0.05060904872389791,3
0.00222239001647887,0.012875753323371123,0.05,white,DITHER_s1.0,-0.026250371492886605,-0.006996368232541815,-0.021106441517080375,-0.001716140369737191,-0.017034004881544274,F6b,0.026250371492886605,0.056024047731232866,0.05209248459768628,0.021962782486905547,0.037005433440072115,0.056024047731232866,-0.008952693874227006,-0.03481442822096166,0.04814385150812065,3
0.00222239001647887,0.012875753323371123,0.05,white,DITHER_s2.0,-0.008368537930196075,-0.01141384736563373,-0.038339843853890915,0.00830309137668539,0.015136599693988237,F6b,0.038339843853890915,0.03984461604959608,0.04444582922532356,0.03984461604959608,0.0325879543069802,0.03879064539442233,0.001066537872195575,-0.0026438236454291494,0.04850638051044084,3
0.00222239001647887,0.012875753323371123,0.05,white,DITHER_blind,-0.011276128989915493,-0.0361493666320891,-0.019318284162214552,0.0047121415427966475,-0.0024233523201313313,F6b,0.0361493666320891,0.05781220508609869,0.04785761594252763,0.03693702498987666,0.00785243504052483,0.05781220508609869,-0.002524411961693168,-0.020203775659548718,0.05031902552204176,3
0.00222239001647887,0.012875753323371123,0.1,white,MEMLESS,-0.042163458055650416,-0.0358921914341713,-0.04715734196659496,-0.010850199606834098,-0.006701731508203381,F6b,0.04715734196659496,0.04721900360785429,0.5208472512908735,0.006049695924141739,0.00810961023844263,0.02997314728171828,-0.018086753111323912,-0.024482154847620768,0.0658352668213457,3
0.00222239001647887,0.012875753323371123,0.1,white,CORR_L2_f0.0,-0.005683076488505828,-0.004669996849396792,-0.023038451450128998,-0.0022298904196919383,-0.00672112107831032,F6b,0.037387614208650256,0.05409203779818424,0.4267823851651669,0.042530077491286324,0.03933180482321714,0.05409203779818424,-0.009466443924181753,-0.024501544417727707,0.05503190255220418,3
0.00222239001647887,0.012875753323371123,0.1,white,CORR_L2_f0.15,-0.01535081149592351,-0.01641234479684916,-0.0265363968979195,7.472217574786347e-05,-0.005296274866597367,F6b,0.036315470487501,0.05059409235039374,0.444204551555311,0.03286234248386864,0.02758945687576477,0.05059409235039374,-0.007161831328741952,-0.023076698206014754,0.05626450116009281,3
0.00222239001647887,0.012875753323371123,0.1,white,CORR_L2_f0.3,-0.011731503245752922,-0.015933678550197606,-0.033870838578081916,-0.001737356964489639,-0.006640866697449215,F6b,0.03699945880418871,0.05401308883589852,0.4691636479173612,0.03648165073403923,0.028068123122416324,0.043259650670231325,-0.008973910468979454,-0.024421290036866602,0.06025232018561485,3
0.00222239001647887,0.012875753323371123,0.1,white,CORR_L2_f0.5,-0.024146612553817375,-0.021941307999981688,-0.04401571758616877,-0.013249017496620219,-0.008941092698322786,F6b,0.04401571758616877,0.05132300007148868,0.4997949544591232,0.024066541425974777,0.022060493672632242,0.03311477166214447,-0.020485571001110033,-0.026721516037740173,0.06496519721577726,3
0.00222239001647887,0.012875753323371123,0.1,white,CORR_L2_f0.7,-0.035631536147181515,-0.027349642927225665,-0.04766962565553996,-0.008469021808934277,-0.014200787983686965,F6b,0.04832413556265294,0.045832461592450385,0.5161264410245641,0.012581617832610636,0.016652158745388265,0.02946086359277328,-0.01570557531342409,-0.03198121132310435,0.06648781902552205,3
0.00222239001647887,0.012875753323371123,0.1,white,CORR_L4_f0.0,0.001946648945207928,0.0047402788098749385,-0.023609504428553564,-0.01010553291593641,0.0026967564467282566,F6b,0.03845865066302513,0.05352098481975968,0.3756900839969016,0.05015980292500008,0.04874208048248887,0.05352098481975968,-0.017342086420426225,-0.01508366689268913,0.05191415313225058,3
0.00222239001647887,0.012875753323371123,0.1,white,CORR_L4_f0.15,-0.002870161143246064,0.0055486127315630615,-0.026879821871368427,-0.010131497836066702,0.005177814519503551,F6b,0.040660024799505305,0.050250667376944815,0.40347882727360546,0.04534299283654609,0.04955041440417699,0.050250667376944815,-0.017368051340556516,-0.012602608819913836,0.05075406032482599,3
0.00222239001647887,0.012875753323371123,0.1,white,CORR_L4_f0.3,-0.004000767014102881,-0.00883836600158519,-0.021169537228678453,-0.007560586099114906,-0.00047402805443802487,F6b,0.040313413707865745,0.05596095201963479,0.4377256065995908,0.04421238696568927,0.03516343567102874,0.05596095201963479,-0.01479713960360472,-0.01825445139385541,0.054814385150812064,3
0.00222239001647887,0.012875753323371123,0.1,white,CORR_L4_f0.5,-0.01770835825888268,-0.02087340276722252,-0.03150664449680312,-0.0029818315862724662,-0.005290030751918879,F6b,0.04113783533174926,0.05692309342256867,0.4894695062889875,0.030504795720909472,0.02312839890539141,0.04562384475151012,-0.010218385090762281,-0.023070454091336266,0.0630800464037123,3
0.00222239001647887,0.012875753323371123,0.1,white,CORR_L4_f0.7,-0.029389209803651412,-0.028071741258852312,-0.046100461328079226,-0.011044306698777224,-0.009983600277014615,F6b,0.048998991657104814,0.04619023394514261,0.5130144315695265,0.01882394417614074,0.015930060413761618,0.03103002792023402,-0.018280860203267038,-0.027764023616432,0.06569025522041763,3
0.00222239001647887,0.012875753323371123,0.1,white,CORR_L6_f0.0,0.007613527049625521,0.010386432397770998,-0.016423464894469865,-0.009277418743256539,0.004026364273138615,F6b,0.03161463411830788,0.060707024353843377,0.3421308769980578,0.05582668102941767,0.05438823407038493,0.060707024353843377,-0.016513972247746353,-0.013754059066278771,0.04517111368909513,3
0.00222239001647887,0.012875753323371123,0.1,white,CORR_L6_f0.15,0.006193849448520014,0.006312926093508024,-0.021592200444925207,-0.00813129346964523,0.001020842687135825,F6b,0.03623573746272306,0.055538288803388035,0.39481756096747367,0.054407003428312166,0.050314727766121954,0.055538288803388035,-0.015367846974135044,-0.01675958065228156,0.04973897911832947,3
0.00222239001647887,0.012875753323371123,0.1,white,CORR_L6_f0.3,-0.000831030297859997,-0.006997878900766641,-0.017955052146064403,-0.009044070292653701,-0.00026825885564371946,F6b,0.04005071497166664,0.05917543710224884,0.4315640588631906,0.047382123681932155,0.03700392277184729,0.05917543710224884,-0.016280623797143515,-0.018048682195061106,0.05379930394431554,3
0.00222239001647887,0.012875753323371123,0.1,white,CORR_L6_f0.5,-0.015926747958599635,-0.02021176786904832,-0.03099071852405503,-0.0009849347887794747,-0.0021507593549133577,F6b,0.04030029952091622,0.057343934584556236,0.4898944002507239,0.03228640602119252,0.02379003380356561,0.04613977072425821,-0.00822148829326929,-0.019931182694330744,0.06337006960556844,3
0.00222239001647887,0.012875753323371123,0.1,white,CORR_L6_f0.7,-0.029376091488972658,-0.027843206475301,-0.04705715870245132,-0.011108418794646802,-0.0082996848489305,F6b,0.04705715870245132,0.0453450092914566,0.5134093460860107,0.018837062490819494,0.01615859519731293,0.03007333054586192,-0.018344972299136616,-0.026080108188347887,0.0658352668213457,3
0.00222239001647887,0.012875753323371123,0.1,white,CORR_L10_f0.0,0.0017034627306505429,0.007027930853309924,-0.020378591304029962,-0.0037435539599363432,0.006313649985344734,F6b,0.030002745553361434,0.05675189794428328,0.30234131148950666,0.049916616710442695,0.051029732525923854,0.05675189794428328,-0.010980107464426158,-0.011466773354072653,0.03777552204176334,3
0.00222239001647887,0.012875753323371123,0.1,white,CORR_L10_f0.15,0.006906981679675753,0.007227389811019579,-0.02007956456242864,-0.002676295637981242,0.006352247523264137,F6b,0.035516853925784235,0.0570509246858846,0.38606780024251175,0.055120135659467905,0.05122919148363351,0.0570509246858846,-0.009912849142471057,-0.01142817581615325,0.047636310904872387,3
0.00222239001647887,0.012875753323371123,0.1,white,CORR_L10_f0.3,-0.0007714265064498738,-0.008471550907841158,-0.019403835164414247,-0.010384615047560324,0.003215287394730119,F6b,0.04037513896656176,0.057726654083898994,0.4310402075039886,0.04744172747334228,0.03553025076477277,0.057726654083898994,-0.017621168552050138,-0.014565135944687268,0.05365429234338747,3
0.00222239001647887,0.012875753323371123,0.1,white,CORR_L10_f0.5,-0.015660606413350528,-0.020837626423751004,-0.03134135339823098,-0.0010590284681514387,-0.001610270002390165,F6b,0.04027140200671813,0.05806154811289149,0.4900570742459326,0.032552547566441624,0.023164175248862925,0.04578913585008226,-0.008295581972641254,-0.01939069334180755,0.06344257540603249,3
0.00222239001647887,0.012875753323371123,0.1,white,CORR_L10_f0.7,-0.029112755772018467,-0.02847205108223759,-0.04741072952026022,-0.011185483659178048,-0.007762019782841953,F6b,0.04741072952026022,0.04606000512787009,0.5135720200812195,0.019100398207773685,0.01552975059037634,0.029719759728053022,-0.018422037163667863,-0.02554244312225934,0.06590777262180975,3
0.00222239001647887,0.012875753323371123,0.1,white,CORR_L20_f0.0,0.00272657829833136,0.011387045541499989,-0.016020798096273103,-0.010657606316488731,0.005130236985043054,F6b,0.022675143147753603,0.06110969115204014,0.25959423246088625,0.05093973227812351,0.05538884721411392,0.06110969115204014,-0.017894159820978545,-0.012650186354374333,0.0318300464037123,3
0.00222239001647887,0.012875753323371123,0.1,white,CORR_L20_f0.15,0.009401097862521482,0.007419861122803531,-0.01670547463274806,-0.0023796676062215394,0.005175129143254126,F6b,0.03285742379612884,0.06042501461556518,0.37606496733886513,0.057614251842313634,0.05142166279541746,0.06042501461556518,-0.009616221110711354,-0.01260529419616326,0.04480858468677494,3
0.00222239001647887,0.012875753323371123,0.1,white,CORR_L20_f0.3,-0.0007714265064498738,-0.008471550907841158,-0.019403835164414247,-0.010384615047560324,0.003215287394730119,F6b,0.04037513896656176,0.057726654083898994,0.4310402075039886,0.04744172747334228,0.03553025076477277,0.057726654083898994,-0.017621168552050138,-0.014565135944687268,0.05365429234338747,3
0.00222239001647887,0.012875753323371123,0.1,white,CORR_L20_f0.5,-0.015660606413350528,-0.020837626423751004,-0.03134135339823098,-0.0010590284681514387,-0.001610270002390165,F6b,0.04027140200671813,0.05806154811289149,0.4900570742459326,0.032552547566441624,0.023164175248862925,0.04578913585008226,-0.008295581972641254,-0.01939069334180755,0.06344257540603249,3
0.00222239001647887,0.012875753323371123,0.1,white,CORR_L20_f0.7,-0.029112755772018467,-0.02847205108223759,-0.04741072952026022,-0.011185483659178048,-0.007762019782841953,F6b,0.04741072952026022,0.04606000512787009,0.5135720200812195,0.019100398207773685,0.01552975059037634,0.029719759728053022,-0.018422037163667863,-0.02554244312225934,0.06590777262180975,3
0.00222239001647887,0.012875753323371123,0.1,white,DITHER_s0.5,-0.002663420974442693,0.013205769592174753,-0.04425503795165919,0.023126764012050275,0.012272594244908567,F6b,0.04425503795165919,0.05720757126478868,0.14171660438403952,0.04554973300534946,0.05720757126478868,0.03287545129665405,0.01589021050756046,-0.005507829094508821,0.09955046403712298,3
0.00222239001647887,0.012875753323371123,0.1,white,DITHER_s1.0,-0.009978938590981153,-0.04564699971185973,-0.06680182039794702,0.02205508671991994,0.012152833040083813,F6b,0.06680182039794702,0.038234215388811,0.10845601963801808,0.038234215388811,-0.0016451980392458011,0.010328668850366216,0.014818533215430127,-0.005627590299333573,0.0970852668213457,3
0.00222239001647887,0.012875753323371123,0.1,white,DITHER_s2.0,-0.0005370674507300319,-0.017926054028608217,-0.031943733032785596,0.012738906407203987,0.025481318085335956,F6b,0.031943733032785596,0.04767608652906212,0.1070017731805152,0.04767608652906212,0.026075747644005713,0.045186756215527646,0.005502352902714173,0.00770089474591857,0.1052784222737819,3
0.00222239001647887,0.012875753323371123,0.1,white,DITHER_blind,-0.0338673647308148,-0.01991203450500915,-0.013182571863684558,0.002382461401337046,-0.014642314924220495,F6b,0.0338673647308148,0.06394791738462868,0.09464732496313888,0.014345789248977349,0.02408976716760478,0.06394791738462868,-0.004854092103152769,-0.03242273826363788,0.09498259860788863,3
0.00222239001647887,0.012875753323371123,0.2,white,MEMLESS,-0.08902682698480671,-0.08847267707590264,-0.054006949730462286,-0.022892595029009477,-0.00591099418843162,F6b,0.08902682698480671,0.052058402495642975,0.7113388541244212,-0.04081367300501455,-0.044470875403288715,0.02312353951785095,-0.03012914853349929,-0.023691417527849007,0.16197795823665892,3
0.00222239001647887,0.012875753323371123,0.2,white,CORR_L2_f0.0,-0.04259721713164315,-0.06488602507300514,-0.05539385910414044,-0.024414870711594813,0.006272739965726743,F6b,0.06488602507300514,0.0629042305923148,0.6097916068019124,0.005615936848149003,-0.020884223400391207,0.0217366301441728,-0.03165142421608463,-0.011507683373690644,0.1458816705336427,3
0.00222239001647887,0.012875753323371123,0.2,white,CORR_L2_f0.15,-0.04436800344907975,-0.07350178335433906,-0.05714863287624116,-0.027546952276977673,0.007723641357641555,F6b,0.07350178335433906,0.06468370849035819,0.6327126166580782,0.0038451505307124014,-0.02949998168172513,0.01998185637207208,-0.03478350578146749,-0.010056781981775832,0.1495794663573086,3
0.00222239001647887,0.012875753323371123,0.2,white,CORR_L2_f0.3,-0.04742945585760256,-0.07481154858033645,-0.05184590754197187,-0.027290323107513868,0.000738867256431075,F6b,0.07481154858033645,0.06022130614980235,0.6548056849175344,0.0007836981221895878,-0.030809746907722514,0.025284581706341378,-0.03452687661200368,-0.01704155608298631,0.15320475638051045,3
0.00222239001647887,0.012875753323371123,0.2,white,CORR_L2_f0.5,-0.055766095318621825,-0.07640965422023888,-0.05302822361113195,-0.03408150875850755,-0.009533766191094556,F6b,0.07640965422023888,0.0634161428096314,0.6785361976879773,-0.0075529413388296706,-0.03240785254762495,0.02410226563718129,-0.04131806226299737,-0.027314189530511943,0.15487238979118328,3
0.00222239001647887,0.012875753323371123,0.2,white,CORR_L2_f0.7,-0.06741528859077409,-0.08064221195765263,-0.0553735557037701,-0.027665484176885306,-0.0012658489062164387,F6b,0.08064221195765263,0.059438659691297926,0.6959004006692967,-0.01920213461098193,-0.0366404102850387,0.02175693354454314,-0.03490203768137512,-0.019046272245633825,0.15733758700696054,3
0.00222239001647887,0.012875753323371123,0.2,white,CORR_L4_f0.0,-0.018025535153728192,-0.02208748743581272,-0.028489645779534938,-0.005006843813747173,-0.0033903786380289486,F6b,0.03962954042280308,0.05995454401873692,0.5296620841381211,0.03018761882606396,0.02191431423680121,0.048640843468778304,-0.012243397318236988,-0.021170801977446335,0.13420823665893272,3
0.00222239001647887,0.012875753323371123,0.2,white,CORR_L4_f0.15,-0.018730940867527558,-0.0359190278342209,-0.04293724035224821,-0.02007858397282818,-0.009804948276534345,F6b,0.04293724035224821,0.04452773072446707,0.5780291927334175,0.029482213112264594,0.00808277383839303,0.03419324889606503,-0.027315137477317994,-0.02758537161595173,0.13877610208816704,3
0.00222239001647887,0.012875753323371123,0.2,white,CORR_L4_f0.3,-0.03334199369674718,-0.05324793454206925,-0.052103015572080524,-0.026842336922153768,0.008458541947704951,F6b,0.05324793454206925,0.054274337269137385,0.6232781427606545,0.01487116028304497,-0.009246132869455314,0.02502747367623272,-0.03407889042664358,-0.009321881391712436,0.14464907192575405,3
0.00222239001647887,0.012875753323371123,0.2,white,CORR_L4_f0.5,-0.04618593698903141,-0.06536830777384878,-0.03928808322194094,-0.03202001581196682,0.0041477797230464325,F6b,0.06536830777384878,0.0632254966751816,0.6687086855912981,0.0020272169907607396,-0.021366506101234844,0.0378424060263723,-0.03925656931645664,-0.013632643616370954,0.15262470997679814,3
0.00222239001647887,0.012875753323371123,0.2,white,CORR_L4_f0.7,-0.06623065002193666,-0.07191569218290558,-0.05165907797243943,-0.027840300416632168,-0.004086582651949562,F6b,0.07191569218290558,0.06187507760760458,0.692109227748642,-0.01801749604214451,-0.02791389051029165,0.025471411275873806,-0.03507685392112198,-0.02186700599136695,0.15537993039443154,3
0.00222239001647887,0.012875753323371123,0.2,white,CORR_L6_f0.0,-0.00703970800610744,-0.0044029453163969,-0.027654158938314473,-0.016180032516314145,-0.011364635528600328,F6b,0.032424704642897706,0.04978445175642222,0.4694494470851539,0.04117344597368471,0.03959885635621703,0.04947633030999877,-0.02341658602080396,-0.029145058868017715,0.11637180974477958,3
0.00222239001647887,0.012875753323371123,0.2,white,CORR_L6_f0.15,-0.011365299822768564,-0.02108721047788324,-0.038619673676234464,-0.006076412220030656,-0.004877398924439079,F6b,0.04087506271305189,0.04151755864435282,0.5576878257947278,0.03684785415702359,0.02291459119473069,0.03851081557207878,-0.013312965724520471,-0.022657822263856466,0.1320330626450116,3
0.00222239001647887,0.012875753323371123,0.2,white,CORR_L6_f0.3,-0.02536322480433913,-0.04265805901889145,-0.04570381611543481,-0.02217624704272953,0.005951187491046478,F6b,0.04570381611543481,0.05641924965503798,0.6138323562210828,0.02284992917545302,0.0013437426537224798,0.03142667313287843,-0.029412800547219346,-0.011829235848370909,0.1417488399071926,3
0.00222239001647887,0.012875753323371123,0.2,white,CORR_L6_f0.5,-0.045493503978293756,-0.06432489330078608,-0.03969119131501787,-0.028108915064369338,0.004283928415558507,F6b,0.06432489330078608,0.06145417142481764,0.6680886600936867,0.0027196500014983974,-0.020323091628172148,0.037439297933295375,-0.03534546856885915,-0.01349649492385888,0.15269721577726217,3
0.00222239001647887,0.012875753323371123,0.2,white,CORR_L6_f0.7,-0.06541271874337547,-0.07178009675762004,-0.05211481784394269,-0.02665452780036361,-0.003789813856832438,F6b,0.07178009675762004,0.0618858996362353,0.6921707405078932,-0.017199564763583315,-0.027778295085006115,0.025015671404370554,-0.033891081304853424,-0.021570237196249824,0.1554524361948956,3
0.00222239001647887,0.012875753323371123,0.2,white,CORR_L10_f0.0,-0.005974946267417985,0.006747585478671332,-0.033795521877260135,-0.01109710799979649,-0.005453271177448191,F6b,0.034877073246698455,0.05074938715128526,0.44436752019061165,0.042238207712374166,0.05074938715128526,0.04333496737105311,-0.018333661504286305,-0.023233694516865577,0.11847447795823667,3
0.00222239001647887,0.012875753323371123,0.2,white,CORR_L10_f0.15,-0.011211342860346536,-0.021085280670485946,-0.03197521829930441,-0.007384363955702521,-0.00029764686637664614,F6b,0.03449691953023706,0.04880967908672795,0.5433485266036326,0.037001811119445616,0.022916521002127984,0.045155270949008834,-0.014620917460192336,-0.018078070205794033,0.12630510440835266,3
0.00222239001647887,0.012875753323371123,0.2,white,CORR_L10_f0.3,-0.02608519970469662,-0.04107531117852167,-0.046125867780403035,-0.023495372265494707,0.0051385174130768214,F6b,0.046125867780403035,0.05361144536896238,0.611368119663328,0.02212795427509553,0.0029264904940922557,0.03100462146791021,-0.03073192576998452,-0.012641905926340565,0.14058874709976799,3
0.00222239001647887,0.012875753323371123,0.2,white,CORR_L10_f0.5,-0.04536138164441101,-0.06396983316871321,-0.040079500203748536,-0.027911274817622424,0.004284943915261703,F6b,0.06396983316871321,0.061420765694204,0.6679804344405653,0.002851772335381145,-0.019968031496099284,0.037050989044564706,-0.03514782832211224,-0.013495479424155684,0.1525522041763341,3
0.00222239001647887,0.012875753323371123,0.2,white,CORR_L10_f0.7,-0.06541271874337547,-0.07178009675762004,-0.05211481784394269,-0.02665452780036361,-0.003789813856832438,F6b,0.07178009675762004,0.0618858996362353,0.6921707405078932,-0.017199564763583315,-0.027778295085006115,0.025015671404370554,-0.033891081304853424,-0.021570237196249824,0.1554524361948956,3
0.00222239001647887,0.012875753323371123,0.2,white,CORR_L20_f0.0,8.358421206905442e-05,0.009995619385349548,-0.023078993410717653,-0.004515713612308645,-0.0012272559896528631,F6b,0.024217767862771997,0.05405149583759559,0.37901459860574144,0.048296738191861206,0.05399742105796348,0.05405149583759559,-0.01175226711679846,-0.01900767932907025,0.09353248259860789,3
0.00222239001647887,0.012875753323371123,0.2,white,CORR_L20_f0.15,-0.00749442044278608,-0.02192218137138259,-0.030637989355382464,-0.008652531605705786,-0.0006038668535891314,F6b,0.03697580893557095,0.04649249989293078,0.5377533442913425,0.04071873353700607,0.02207962030123134,0.04649249989293078,-0.0158890851101956,-0.018384290193006518,0.12391241299303944,3
0.00222239001647887,0.012875753323371123,0.2,white,CORR_L20_f0.3,-0.02608519970469662,-0.04107531117852167,-0.046125867780403035,-0.023495372265494707,0.0051385174130768214,F6b,0.046125867780403035,0.05361144536896238,0.611368119663328,0.02212795427509553,0.0029264904940922557,0.03100462146791021,-0.03073192576998452,-0.012641905926340565,0.14058874709976799,3
0.00222239001647887,0.012875753323371123,0.2,white,CORR_L20_f0.5,-0.04536138164441101,-0.06396983316871321,-0.040079500203748536,-0.027911274817622424,0.004284943915261703,F6b,0.06396983316871321,0.061420765694204,0.6679804344405653,0.002851772335381145,-0.019968031496099284,0.037050989044564706,-0.03514782832211224,-0.013495479424155684,0.1525522041763341,3
0.00222239001647887,0.012875753323371123,0.2,white,CORR_L20_f0.7,-0.06541271874337547,-0.07178009675762004,-0.05211481784394269,-0.02665452780036361,-0.003789813856832438,F6b,0.07178009675762004,0.0618858996362353,0.6921707405078932,-0.017199564763583315,-0.027778295085006115,0.025015671404370554,-0.033891081304853424,-0.021570237196249824,0.1554524361948956,3
0.00222239001647887,0.012875753323371123,0.2,white,DITHER_s0.5,-0.056534222267608514,-0.017226649973218502,-0.07453206023627355,0.03406968896912268,0.02336615872837005,F6b,0.07453206023627355,0.027644971216164393,0.24380852838651346,-0.008321068287816358,0.026775151699395427,0.002598429012039689,0.02683313546463286,0.005585735388952662,0.19192285382830626,3
0.00222239001647887,0.012875753323371123,0.2,white,DITHER_s1.0,-0.0018132442951988015,-0.03851522075402437,-0.09211246864384129,0.020214067689698134,0.013774990302668006,F6b,0.09211246864384129,0.04639990968459335,0.23744065304008935,0.04639990968459335,0.005486580918589564,-0.014981979395528042,0.012977514185208318,-0.004005433036749381,0.19946345707656613,3
0.00222239001647887,0.012875753323371123,0.2,white,DITHER_s2.0,-0.042553596340742274,-0.04385636798191278,-0.05930332095774423,-0.00024252420610013613,0.02293349143206841,F6b,0.05930332095774423,0.03306799475451857,0.2010061154014349,0.005659557639049881,0.00014543369070114844,0.01782716829056901,-0.007479077710589951,0.005153068092651024,0.19243039443155452,3
0.00222239001647887,0.012875753323371123,0.2,white,DITHER_blind,-0.03370035158530468,-0.06436617168585838,-0.022344985821020125,-0.015689012617362157,-0.0022420547982187726,F6b,0.06436617168585838,0.05478550342729312,0.18666448748883588,0.014512802394487469,-0.020364370013244454,0.05478550342729312,-0.02292556612185197,-0.02002247813763616,0.1993909512761021,3
0.00222239001647887,0.012875753323371123,0.3,white,MEMLESS,-0.08744425328720257,-0.08116211813220381,-0.04642539024248435,-0.01663084653147715,-0.0021183068764246624,F6b,0.08744425328720257,0.05311355558090574,0.8323348863390292,-0.039231099307410415,-0.037160316459589886,0.030705099005828893,-0.023867400035966966,-0.01989873021584205,0.2718242459396752,3
0.00222239001647887,0.012875753323371123,0.3,white,CORR_L2_f0.0,-0.054304119666939786,-0.07752075236409453,-0.055444795657243987,-0.02242933050929058,-0.004049912207998295,F6b,0.07752075236409453,0.058245643675609866,0.734360015447219,-0.006090965687147632,-0.03351895069148061,0.02168569359106925,-0.029665884013780393,-0.02183033554741568,0.24898491879350348,3
0.00222239001647887,0.012875753323371123,0.3,white,CORR_L2_f0.15,-0.0517903536456294,-0.07838611366657136,-0.055100735325169,-0.019467797547453834,-0.012114418288140395,F6b,0.07838611366657136,0.054629845042931294,0.7556656643019506,-0.003577199665837249,-0.034384311993957424,0.022029753923144244,-0.02670435105194365,-0.029894841627557782,0.25239269141531323,3
0.00222239001647887,0.012875753323371123,0.3,white,CORR_L2_f0.3,-0.052247076286920185,-0.07662827589438877,-0.053062858344092995,-0.013530100393576893,-0.009575084553495795,F6b,0.07662827589438877,0.055438684687096285,0.7777724220302773,-0.004033922307128032,-0.03262647422177484,0.024067630904220243,-0.020766653898066707,-0.027355507892913182,0.2565255220417633,3
0.00222239001647887,0.012875753323371123,0.3,white,CORR_L2_f0.5,-0.0585942006291688,-0.07604429709405217,-0.04961120742302563,-0.019100984726792686,-0.011981091741509402,F6b,0.07604429709405217,0.05155999883930924,0.8016036611868236,-0.010381046649376651,-0.03204249542143824,0.027519281825287605,-0.0263375382312825,-0.02976151508092679,0.2610933874709977,3
0.00222239001647887,0.012875753323371123,0.3,white,CORR_L2_f0.7,-0.06355249867101812,-0.07820581442800412,-0.04584469667224999,-0.022766448721328787,-0.012073522472839271,F6b,0.07820581442800412,0.052534580920277754,0.8194418830934967,-0.01533934469122597,-0.03420401275539018,0.03128579257606325,-0.0300030022258186,-0.029853945812256658,0.2650087006960557,3
0.00222239001647887,0.012875753323371123,0.3,white,CORR_L4_f0.0,-0.03622054419780208,-0.041483243600655764,-0.046657907879608856,-0.02321226348464472,0.003828515666649778,F6b,0.046657907879608856,0.05980043996645785,0.6489786216797518,0.011992609781990073,0.0025185580719581666,0.030472581368704385,-0.030448816989134535,-0.013951907672767608,0.2316560324825986,3
0.00222239001647887,0.012875753323371123,0.3,white,CORR_L4_f0.15,-0.036631872551394926,-0.05086094382315182,-0.040281699419737936,-0.024509497452763446,-0.003116287172598056,F6b,0.05086094382315182,0.06372547106113402,0.7055002544090422,0.01158128142839723,-0.006859142150537895,0.036848789828575305,-0.03174605095725326,-0.020896710512015443,0.24064675174013922,3
0.00222239001647887,0.012875753323371123,0.3,white,CORR_L4_f0.3,-0.042377543353593256,-0.058170125576446546,-0.04644110809663993,-0.027829908989012626,-0.0010173671028289658,F6b,0.058170125576446546,0.0513321574416287,0.7474864400378034,0.005835610626198895,-0.014168323903832616,0.03068938115167331,-0.03506646249350244,-0.018797790442246352,0.24448955916473317,3
0.00222239001647887,0.012875753323371123,0.3,white,CORR_L4_f0.5,-0.047902484066661075,-0.06404883894166408,-0.04289644067679187,-0.015450555040468196,-0.004348098567762158,F6b,0.06404883894166408,0.051240143097564354,0.7911794290268421,0.0003106699131310759,-0.020047037269050154,0.034234048571521375,-0.02268710854495801,-0.022128521907179545,0.25572795823665895,3
0.00222239001647887,0.012875753323371123,0.3,white,CORR_L4_f0.7,-0.06067970850224054,-0.07397373655838355,-0.0410788950754142,-0.022357529596649568,-0.007761958551449264,F6b,0.07397373655838355,0.051325773160322954,0.8176596510574825,-0.012466554522448388,-0.02997193488576961,0.03605159417289904,-0.029594083101139382,-0.02554238189086665,0.2640661252900232,3
0.00222239001647887,0.012875753323371123,0.3,white,CORR_L6_f0.0,-0.0192325477426245,-0.023021765643634607,-0.04065017154595293,-0.014257153171734704,-0.02256257451710604,F6b,0.04065017154595293,0.05128777483913575,0.6147344409184332,0.028980606237167653,0.020980036028979323,0.036480317702360314,-0.02149370667622452,-0.04034299785652343,0.22940835266821347,3
0.00222239001647887,0.012875753323371123,0.3,white,CORR_L6_f0.15,-0.024646702122391242,-0.046957975530831336,-0.045387527536495303,-0.018462314245993094,-0.00935252650740272,F6b,0.046957975530831336,0.055674230103609605,0.6848056372450516,0.02356645185740091,-0.0029561738582174093,0.03174296171181794,-0.02569886775048291,-0.027132949846820107,0.23506380510440836,3
0.00222239001647887,0.012875753323371123,0.3,white,CORR_L6_f0.3,-0.039000433720587854,-0.05288541576400217,-0.042275655494639804,-0.02638361177580512,-0.0043316315787375395,F6b,0.05288541576400217,0.05211984784057387,0.7404334771688154,0.0092127202592043,-0.008883614091388242,0.03485483375367344,-0.033620165280294934,-0.022112054918154926,0.2433294663573086,3
0.00222239001647887,0.012875753323371123,0.3,white,CORR_L6_f0.5,-0.04652806354721147,-0.0640029976494737,-0.04398764887813158,-0.015042652109280494,-0.003435938864830977,F6b,0.0640029976494737,0.04853602589362596,0.7902835258098688,0.0016850904325806787,-0.020001195976859766,0.03314284037018166,-0.02227920561377031,-0.021216362204248364,0.2552929234338747,3
0.00222239001647887,0.012875753323371123,0.3,white,CORR_L6_f0.7,-0.060713383053920995,-0.07371831107257563,-0.04153914039204629,-0.022342406223071765,-0.007352364980260592,F6b,0.07371831107257563,0.051436682924490995,0.8176457472819523,-0.012500229074128844,-0.0297165093999617,0.03559134885626695,-0.02957895972756158,-0.025132788319677978,0.2640661252900232,3
0.00222239001647887,0.012875753323371123,0.3,white,CORR_L10_f0.0,-0.01225039270841171,-0.018959293871125087,-0.029885328608453873,-0.016557441023145332,-0.017290622218316384,F6b,0.029885328608453873,0.047295345353533816,0.5424509819894362,0.03596276127138044,0.025042507801488843,0.04724516063985937,-0.023793994527635146,-0.03507104555773377,0.19714327146171692,3
0.00222239001647887,0.012875753323371123,0.3,white,CORR_L10_f0.15,-0.01917656859726609,-0.03970754393720136,-0.04349863362353064,-0.013282293885771297,-0.004840995386997879,F6b,0.04349863362353064,0.0492052900920717,0.6764828533639908,0.029036585382526063,0.004294257735412566,0.0336318556247826,-0.02051884739026111,-0.022621418726415266,0.23528132250580047,3
0.00222239001647887,0.012875753323371123,0.3,white,CORR_L10_f0.3,-0.0355374029096806,-0.05234922489118457,-0.04099023504366628,-0.02584818294684622,-0.0015946167266054877,F6b,0.05234922489118457,0.05303222084039267,0.7365823293012423,0.012675751070111554,-0.008347423218570644,0.03614025420464696,-0.033084736451336035,-0.019375040066022874,0.2404292343387471,3
0.00222239001647887,0.012875753323371123,0.3,white,CORR_L10_f0.5,-0.04693449818251687,-0.06398246916484271,-0.04408708782596511,-0.014728833312503499,-0.0031728087672197626,F6b,0.06398246916484271,0.04809302561461163,0.7899850230870878,0.0012786557972752843,-0.019980667492228786,0.03304340142234813,-0.021965386816993313,-0.02095323210663715,0.2550754060324826,3
0.00222239001647887,0.012875753323371123,0.3,white,CORR_L10_f0.7,-0.060713383053920995,-0.07371831107257563,-0.04153914039204629,-0.022342406223071765,-0.007352364980260592,F6b,0.07371831107257563,0.051436682924490995,0.8176457472819523,-0.012500229074128844,-0.0297165093999617,0.03559134885626695,-0.02957895972756158,-0.025132788319677978,0.2640661252900232,3
0.00222239001647887,0.012875753323371123,0.3,white,CORR_L20_f0.0,0.0010020055298302355,0.0008042564276941472,-0.020735272748218042,-0.014785027281957047,-0.005924058623677151,F6b,0.02190864346096313,0.0563952165000952,0.47897616223462064,0.04921515950962239,0.04480605810030808,0.0563952165000952,-0.02202158078644686,-0.023704481963094538,0.1720562645011601,3
0.00222239001647887,0.012875753323371123,0.3,white,CORR_L20_f0.15,-0.019376047777829662,-0.039203995717831654,-0.043419535681809014,-0.013160121749997887,-0.004335457813318792,F6b,0.043419535681809014,0.049987474001273874,0.6752023475449688,0.02883710620196249,0.004797805954782276,0.03371095356650423,-0.0203966752544877,-0.02211588115273618,0.236296403712297,3
0.00222239001647887,0.012875753323371123,0.3,white,CORR_L20_f0.3,-0.035270992111696375,-0.05212203305519518,-0.04087966357127001,-0.025937368840943453,-0.0018049620225717017,F6b,0.05212203305519518,0.05311550927455759,0.7368013235092855,0.012942161868095773,-0.008120231382581248,0.036250825677043234,-0.03317392234543327,-0.01958538536198909,0.24079176334106728,3
0.00222239001647887,0.012875753323371123,0.3,white,CORR_L20_f0.5,-0.04693449818251687,-0.06398246916484271,-0.04408708782596511,-0.014728833312503499,-0.0031728087672197626,F6b,0.06398246916484271,0.04809302561461163,0.7899850230870878,0.0012786557972752843,-0.019980667492228786,0.03304340142234813,-0.021965386816993313,-0.02095323210663715,0.2550754060324826,3
0.00222239001647887,0.012875753323371123,0.3,white,CORR_L20_f0.7,-0.060713383053920995,-0.07371831107257563,-0.04153914039204629,-0.022342406223071765,-0.007352364980260592,F6b,0.07371831107257563,0.051436682924490995,0.8176457472819523,-0.012500229074128844,-0.0297165093999617,0.03559134885626695,-0.02957895972756158,-0.025132788319677978,0.2640661252900232,3
0.00222239001647887,0.012875753323371123,0.3,white,DITHER_s0.5,-0.06009758909446287,-0.014700573787337023,-0.06718631159026452,-0.016059836360667233,0.052810880656759554,F6b,0.06718631159026452,0.03503045731734217,0.395724187522161,-0.011884435114670718,0.029301227885276906,0.00994417765804872,-0.023296389865157047,0.03503045731734217,0.29669373549883993,3
0.00222239001647887,0.012875753323371123,0.3,white,DITHER_s1.0,-0.04025378599228757,-0.03970209811866612,-0.06868401860954576,0.018144526331436803,0.018384879440387195,F6b,0.06868401860954576,0.02338134767243111,0.3647470393259684,0.007959367987504583,0.004299703553947813,0.00844647063876748,0.010907972826946988,0.0006044561009698082,0.3078596287703016,3
0.00222239001647887,0.012875753323371123,0.3,white,DITHER_s2.0,-0.02157262610610557,-0.06784496392199756,-0.05179602830597263,-0.018914537801048566,0.032823776165966705,F6b,0.06784496392199756,0.026640527873686582,0.30190778628200626,0.026640527873686582,-0.02384316224938363,0.025334460942340615,-0.02615109130553838,0.015043352826549316,0.2945185614849188,3
0.00222239001647887,0.012875753323371123,0.3,white,DITHER_blind,-0.04998503987343841,0.0019488956692602227,-0.06875689278555466,0.025976112776291325,0.005144051389868828,F6b,0.06875689278555466,0.04620257621390816,0.3460691342609866,-0.0017718858936462533,0.04595069734187415,0.008373596462758575,0.01873955927180151,-0.012636371949548558,0.30147911832946633,3
0.00222239001647887,0.012875753323371123,0.5,white,MEMLESS,-0.03881078398488992,-0.036619866679593376,-0.021960511398732036,-0.0043800606884521415,-0.006684213444912084,F6b,0.03881078398488992,0.055169977849581206,0.9477481327859529,0.009402369994902227,0.007381934993020556,0.055169977849581206,-0.011616614192941957,-0.02446463678432947,0.48332366589327147,3
0.00222239001647887,0.012875753323371123,0.5,white,CORR_L2_f0.0,-0.036654324157957295,-0.05101141498235964,-0.03567672343943073,-0.0028977245323932423,-0.0031156946489239723,F6b,0.05101141498235964,0.04902401579408504,0.8906351635650634,0.011558829821834857,-0.00700961330974571,0.04145376580888251,-0.010134278036883057,-0.02089611798834136,0.47121519721577726,3
0.00222239001647887,0.012875753323371123,0.5,white,CORR_L2_f0.15,-0.032361418919643246,-0.04539192857831727,-0.0300454368116317,-0.0020055399919044177,-0.003010725667654663,F6b,0.04539192857831727,0.04708505243668154,0.9085686203875638,0.015851735060148905,-0.0013901269057033365,0.04708505243668154,-0.009242093496394233,-0.02079114900707205,0.47904582366589327,3
0.00222239001647887,0.012875753323371123,0.5,white,CORR_L2_f0.3,-0.027771484235470968,-0.04043896459366261,-0.02497128951599853,0.0019602662770320228,-0.003910824660186777,F6b,0.04043896459366261,0.05215919973231471,0.921076416303312,0.020441669744321184,0.0035628370789513144,0.05215919973231471,-0.005276287227457792,-0.021691247999604164,0.4775957076566125,3
0.00222239001647887,0.012875753323371123,0.5,white,CORR_L2_f0.5,-0.027693792984319402,-0.03622991652053255,-0.023809977340492082,0.0009867149329510633,-0.0037121491002590004,F6b,0.03622991652053255,0.05332051190782116,0.9356221424358568,0.02051936099547275,0.007771885152081381,0.05332051190782116,-0.006249838571538752,-0.021492572439676387,0.482381090487239,3
0.00222239001647887,0.012875753323371123,0.5,white,CORR_L2_f0.7,-0.03264290539678151,-0.03773278875809061,-0.02282901408867105,-0.003828238188751879,-0.0045329218433096015,F6b,0.03773278875809061,0.05430147515964219,0.9425729002190976,0.015570248583010642,0.006269012914523323,0.05430147515964219,-0.011064791693241694,-0.022313345182726988,0.4795533642691415,3
0.00222239001647887,0.012875753323371123,0.5,white,CORR_L4_f0.0,-0.0365362646887176,-0.042780825227999524,-0.02926511792213303,-0.01112750954563678,-0.0004908225963219832,F6b,0.042780825227999524,0.04994818851097259,0.8241735675939008,0.011676889291074547,0.0012209764446144088,0.04786537132618021,-0.018364063050126594,-0.01827124593573937,0.44895591647331784,3
0.00222239001647887,0.012875753323371123,0.5,white,CORR_L4_f0.15,-0.031519687738468596,-0.03857812107381381,-0.030803442427602544,-0.0062091015789562465,-0.00355158077979088,F6b,0.03857812107381381,0.0463270468207107,0.8764987697509197,0.016693466241323555,0.0054236805988001225,0.0463270468207107,-0.013445655083446062,-0.021332004119208266,0.4685324825986079,3
0.00222239001647887,0.012875753323371123,0.5,white,CORR_L4_f0.3,-0.029841993816494508,-0.04101727223897868,-0.027956584981132397,-0.002186253252656236,-0.005129884153462529,F6b,0.04101727223897868,0.049173904267180844,0.9088823565518819,0.018371160163297644,0.00298452943363525,0.049173904267180844,-0.009422806757146051,-0.022910307492879915,0.47701566125290024,3
0.00222239001647887,0.012875753323371123,0.5,white,CORR_L4_f0.5,-0.02634900866074889,-0.03633789261674393,-0.02352750198882335,-0.0010237370034488326,-0.00158365651212148,F6b,0.03633789261674393,0.05360298725948989,0.9319815418023465,0.021864145319043262,0.0076639090558700005,0.05360298725948989,-0.008260290507938648,-0.019364079851538867,0.47998839907192575,3
0.00222239001647887,0.012875753323371123,0.5,white,CORR_L4_f0.7,-0.03135901033503766,-0.039079027082341976,-0.02522312340785996,-0.0029640539243236197,-0.0017297007657200159,F6b,0.039079027082341976,0.05190736584045328,0.942076182323502,0.01685414364475449,0.004922774590271954,0.05190736584045328,-0.010200607428813435,-0.019510124105137402,0.4794808584686775,3
0.00222239001647887,0.012875753323371123,0.5,white,CORR_L6_f0.0,-0.03296431880051119,-0.038531144024484786,-0.03660766475699993,-0.020464317760491787,-0.015066059304521866,F6b,0.038531144024484786,0.04941342778506043,0.7929310286633487,0.01524883517928096,0.005470657648129144,0.04052282449131331,-0.0277008712649816,-0.03284648264393925,0.4451131090487239,3
0.00222239001647887,0.012875753323371123,0.5,white,CORR_L6_f0.15,-0.030605121143982034,-0.03675522170898499,-0.029767317786039735,-0.010258938893088827,-0.00844193044658835,F6b,0.03675522170898499,0.04736317146227351,0.861284763798588,0.017608032835810118,0.0072465799636289374,0.04736317146227351,-0.01749549239757864,-0.026222353786005737,0.4595417633410673,3
0.00222239001647887,0.012875753323371123,0.5,white,CORR_L6_f0.3,-0.02858787245390637,-0.042654092240883144,-0.02665070452459927,-0.0030991818836148656,-0.006431955475209632,F6b,0.042654092240883144,0.05047978472371397,0.907525685772088,0.01962528152588578,0.0013477094317307875,0.05047978472371397,-0.01033573538810468,-0.02421237881462702,0.480495939675174,3
0.00222239001647887,0.012875753323371123,0.5,white,CORR_L6_f0.5,-0.026640044419851055,-0.03644551957539333,-0.024981215768392656,-0.0009872722951358376,-0.00017765106715249626,F6b,0.03644551957539333,0.052149273479920585,0.9312280288506009,0.021573109559941097,0.0075562820972205945,0.052149273479920585,-0.008223825799625653,-0.017958074406569883,0.4792633410672854,3
0.00222239001647887,0.012875753323371123,0.5,white,CORR_L6_f0.7,-0.03121702264292395,-0.03937829289423144,-0.025133099610295674,-0.0019701727837956448,-0.001502402014728288,F6b,0.03937829289423144,0.05199738963801757,0.942048638990874,0.0169961313368682,0.004623508778382487,0.05199738963801757,-0.00920672628828546,-0.019282825354145675,0.47933584686774944,3
0.00222239001647887,0.012875753323371123,0.5,white,CORR_L10_f0.0,-0.02426791745650336,-0.0359484227345346,-0.0356563142752035,-0.016058969600620508,-0.0157102526940004,F6b,0.0359484227345346,0.04147417497310974,0.7601191429669915,0.023945236523288792,0.00805337893807933,0.04147417497310974,-0.023295523105110322,-0.033490676033417786,0.4440980278422274,3
0.00222239001647887,0.012875753323371123,0.5,white,CORR_L10_f0.15,-0.02838320009344221,-0.03181477618782377,-0.027849923470072764,-0.007956703852206468,-0.007875471249493986,F6b,0.03181477618782377,0.04928056577824048,0.8561566262830849,0.019829953886349942,0.012187025484790155,0.04928056577824048,-0.015193257356696282,-0.025655894588911373,0.4596142691415313,3
0.00222239001647887,0.012875753323371123,0.5,white,CORR_L10_f0.3,-0.028890908683281587,-0.04195788997126803,-0.029200379000303714,-0.005453348395679714,-0.006244764108495907,F6b,0.04195788997126803,0.04793011024800953,0.9071003470283475,0.019322245296510564,0.002043911701345902,0.04793011024800953,-0.01268990190016953,-0.024025187447913293,0.4810759860788863,3
0.00222239001647887,0.012875753323371123,0.5,white,CORR_L10_f0.5,-0.02695623699004812,-0.03652011541004358,-0.02485568618405671,-0.0012545279326530928,-0.000297609995604603,F6b,0.03652011541004358,0.05227480306425653,0.9313100361046779,0.02125691698974403,0.007481686262570346,0.05227480306425653,-0.008491081437142908,-0.01807803333502199,0.47940835266821347,3
0.00222239001647887,0.012875753323371123,0.5,white,CORR_L10_f0.7,-0.031485652256367805,-0.039413034615715624,-0.02487576335858989,-0.0018486471958751053,-0.0013985841584091066,F6b,0.039413034615715624,0.05225472588972335,0.9421077339037659,0.016727501723424344,0.004588767056898305,0.05225472588972335,-0.00908520070036492,-0.019179007497826493,0.4794808584686775,3
0.00222239001647887,0.012875753323371123,0.5,white,CORR_L20_f0.0,-0.01008826337215249,-0.014838922711211816,-0.01901406992342331,-0.012859692197277582,-0.01590056535536303,F6b,0.020128755312592648,0.05811641932488993,0.7004962446481763,0.03812489060763966,0.029162878961402114,0.05811641932488993,-0.020096245701767396,-0.033680988694780416,0.41031032482598606,3
0.00222239001647887,0.012875753323371123,0.5,white,CORR_L20_f0.15,-0.026766068914163627,-0.03239640328506225,-0.029947333508134978,-0.005728218527367458,-0.006356307110140385,F6b,0.03239640328506225,0.04718315574017826,0.8550585865411021,0.021447085065628525,0.011605398387551683,0.04718315574017826,-0.012964772031857273,-0.02413673044955777,0.4602668213457077,3
0.00222239001647887,0.012875753323371123,0.5,white,CORR_L20_f0.3,-0.028750614243979802,-0.042122519686546234,-0.029249974931040132,-0.005256930780369365,-0.00630288798634266,F6b,0.042122519686546234,0.04788051431727311,0.9071372426537679,0.01946253973581235,0.001879281986067696,0.04788051431727311,-0.01249348428485918,-0.024083311325760047,0.48136600928074247,3
0.00222239001647887,0.012875753323371123,0.5,white,CORR_L20_f0.5,-0.02695623699004812,-0.03652011541004358,-0.02485568618405671,-0.0012545279326530928,-0.000297609995604603,F6b,0.03652011541004358,0.05227480306425653,0.9313100361046779,0.02125691698974403,0.007481686262570346,0.05227480306425653,-0.008491081437142908,-0.01807803333502199,0.47940835266821347,3
0.00222239001647887,0.012875753323371123,0.5,white,CORR_L20_f0.7,-0.031485652256367805,-0.039413034615715624,-0.02487576335858989,-0.0018486471958751053,-0.0013985841584091066,F6b,0.039413034615715624,0.05225472588972335,0.9421077339037659,0.016727501723424344,0.004588767056898305,0.05225472588972335,-0.00908520070036492,-0.019179007497826493,0.4794808584686775,3
0.00222239001647887,0.012875753323371123,0.5,white,DITHER_s0.5,-0.07994484968039386,-0.07415918435088935,-0.03615505392929642,-0.006023337413785382,-0.00789841917663664,F6b,0.07994484968039386,0.04854357825700379,0.5814177834532892,-0.03173169570060171,-0.030157382678275422,0.040975435319016824,-0.013259890918275197,-0.025678842516054026,0.49920243619489557,3
0.00222239001647887,0.012875753323371123,0.5,white,DITHER_s1.0,-0.0728807570780531,-0.07606619618477606,-0.04843698943501938,-0.00827581795108507,0.012804707283571477,F6b,0.07606619618477606,0.034913655953303604,0.5455179648161639,-0.02466760309826094,-0.03206439451216212,0.02869349981329386,-0.015512371455574884,-0.004975716055845909,0.49369199535962877,3
0.00222239001647887,0.012875753323371123,0.5,white,DITHER_s2.0,-0.03244093088378074,-0.07202357494658429,-0.06991057666697097,0.0033161599755357155,0.010554252181944385,F6b,0.07202357494658429,0.02843506078322623,0.5461195897698632,0.01577222309601141,-0.028021773273970357,0.007219912581342269,-0.0039203935289541,-0.007226171157473002,0.4964472157772622,3
0.00222239001647887,0.012875753323371123,0.5,white,DITHER_blind,-0.059151373126424926,-0.026321011064456317,-0.07460803860433775,-0.01880962773109051,0.022833784421266975,F6b,0.07460803860433775,0.03035572880012434,0.4875594505496309,-0.010938219146632776,0.017680790608157613,0.002522450643975487,-0.026046181235580324,0.005053361081849587,0.5025377030162413,3
0.0028173112035338814,0.022329190723753965,0.0,white,NOATTACK,0.0,0.0,0.0,0.0,0.0,F6b,0.0,0.09989740782761639,0.0,0.0326859879151425,0.006998276240931529,0.041792683155460475,-0.06657505075254357,-0.023211375046552987,0.0,4
0.0028173112035338814,0.022329190723753965,0.02,white,MEMLESS,-0.05536263537985335,-0.05091034518719631,-0.026763954901672105,0.01723006767871116,0.011588253758130019,F6b,0.06884437066932064,0.09461427157461062,0.14532727146590713,-0.02267664746471085,-0.04391206894626478,0.015028728253788372,-0.04934498307383241,-0.011623121288422968,0.006172839506172839,4
0.0028173112035338814,0.022329190723753965,0.02,white,CORR_L2_f0.0,-0.0547471294514845,-0.05387079047466545,-0.06365406245591715,0.025075372358582593,0.005415328530307576,F6b,0.06365406245591715,0.09926413146118675,0.13732179160144659,-0.022061141536341998,-0.04687251423373392,-0.021861379300456667,-0.04149967839396097,-0.01779604651624541,0.00823045267489712,4
0.0028173112035338814,0.022329190723753965,0.02,white,CORR_L2_f0.15,-0.04754394751409229,-0.04926829340237826,-0.06528928972208023,0.018995393823555744,-0.00305901914693826,F6b,0.06528928972208023,0.10444899084942312,0.13758156951547593,-0.014857959598949791,-0.04227001716144673,-0.02349660656661975,-0.04757965692898782,-0.026270394193491246,0.00823045267489712,4
0.0028173112035338814,0.022329190723753965,0.02,white,CORR_L2_f0.3,-0.05024552925503444,-0.058581048900423614,-0.06617318109349313,0.02331272938957759,0.003849933795216344,F6b,0.06617318109349313,0.10512665672948875,0.1370604206457922,-0.01755954133989194,-0.051582772659492085,-0.024380497938032646,-0.043262321362965976,-0.019361441251336643,0.00720164609053498,4
0.0028173112035338814,0.022329190723753965,0.02,white,CORR_L2_f0.5,-0.05430847049693471,-0.03799508161332853,-0.04222770215579822,0.02162883279519069,-0.0024358568529901474,F6b,0.0661262614975773,0.10722585523890348,0.13373900787820966,-0.02162248258179221,-0.030996805372396994,-0.0004350190003377481,-0.044946217957352874,-0.025647231899543134,0.0051440329218107,4
0.0028173112035338814,0.022329190723753965,0.02,white,CORR_L2_f0.7,-0.05430847049693471,-0.03799508161332853,-0.04222770215579822,0.02162883279519069,-0.0024358568529901474,F6b,0.0661262614975773,0.10722585523890348,0.13373900787820966,-0.02162248258179221,-0.030996805372396994,-0.0004350190003377481,-0.044946217957352874,-0.025647231899543134,0.0051440329218107,4
0.0028173112035338814,0.022329190723753965,0.02,white,CORR_L4_f0.0,-0.01982031300551705,-0.01797515455230142,-0.02528755250287024,0.02169935869102222,-0.018105726575553687,F6b,0.052613035982439514,0.09058430252590638,0.1268481798195246,0.01286567490962545,-0.01097687831136989,0.016505130652590235,-0.044875692061521345,-0.041317101622106674,0.01131687242798354,4
0.0028173112035338814,0.022329190723753965,0.02,white,CORR_L4_f0.15,-0.0360255109412154,-0.04264282901539394,-0.0526619334996475,0.027765246545406012,-0.013607071130101098,F6b,0.0526619334996475,0.08916657248880158,0.14492274275907663,-0.003339523026072898,-0.035644552774462414,-0.010869250344187023,-0.03880980420713755,-0.036818446176654085,0.01131687242798354,4
0.0028173112035338814,0.022329190723753965,0.02,white,CORR_L4_f0.3,-0.04888687532667899,-0.07508188740936725,-0.062181582615479666,0.020399765768247327,0.0034502710106040987,F6b,0.07508188740936725,0.10023655989711497,0.13920961336647872,-0.01620088741153649,-0.06808361116843573,-0.020388899460019195,-0.04617528498429624,-0.019761104035948888,0.00823045267489712,4
0.0028173112035338814,0.022329190723753965,0.02,white,CORR_L4_f0.5,-0.05430847049693471,-0.03799508161332853,-0.04222770215579822,0.02162883279519069,-0.0024358568529901474,F6b,0.0661262614975773,0.10722585523890348,0.13373900787820966,-0.02162248258179221,-0.030996805372396994,-0.0004350190003377481,-0.044946217957352874,-0.025647231899543134,0.0051440329218107,4
0.0028173112035338814,0.022329190723753965,0.02,white,CORR_L4_f0.7,-0.05430847049693471,-0.03799508161332853,-0.04222770215579822,0.02162883279519069,-0.0024358568529901474,F6b,0.0661262614975773,0.10722585523890348,0.13373900787820966,-0.02162248258179221,-0.030996805372396994,-0.0004350190003377481,-0.044946217957352874,-0.025647231899543134,0.0051440329218107,4
0.0028173112035338814,0.022329190723753965,0.02,white,CORR_L6_f0.0,-0.025751674107731385,-0.034765792162960774,-0.044874632655808246,0.0021819965101222,0.005923988997035518,F6b,0.07612472148704827,0.10910957253153881,0.10410674069555,0.006934313807411118,-0.02776751592202924,-0.003081949500347772,-0.06439305424242137,-0.01728738604951747,0.009259259259259259,4
0.0028173112035338814,0.022329190723753965,0.02,white,CORR_L6_f0.15,-0.04502448468961276,-0.0371800939554293,-0.0722939526170491,-0.00271330946186521,0.004796319599164843,F6b,0.0722939526170491,0.09119024796923038,0.15088254336334536,-0.012338496774470254,-0.030181817714497777,-0.03050126946158862,-0.06928836021440878,-0.018415055447388144,0.01440329218106996,4
0.0028173112035338814,0.022329190723753965,0.02,white,CORR_L6_f0.3,-0.04888687532667899,-0.07508188740936725,-0.062181582615479666,0.020399765768247327,0.0034502710106040987,F6b,0.07508188740936725,0.10023655989711497,0.13920961336647872,-0.01620088741153649,-0.06808361116843573,-0.020388899460019195,-0.04617528498429624,-0.019761104035948888,0.00823045267489712,4
0.0028173112035338814,0.022329190723753965,0.02,white,CORR_L6_f0.5,-0.05430847049693471,-0.03799508161332853,-0.04222770215579822,0.02162883279519069,-0.0024358568529901474,F6b,0.0661262614975773,0.10722585523890348,0.13373900787820966,-0.02162248258179221,-0.030996805372396994,-0.0004350190003377481,-0.044946217957352874,-0.025647231899543134,0.0051440329218107,4
0.0028173112035338814,0.022329190723753965,0.02,white,CORR_L6_f0.7,-0.05430847049693471,-0.03799508161332853,-0.04222770215579822,0.02162883279519069,-0.0024358568529901474,F6b,0.0661262614975773,0.10722585523890348,0.13373900787820966,-0.02162248258179221,-0.030996805372396994,-0.0004350190003377481,-0.044946217957352874,-0.025647231899543134,0.0051440329218107,4
0.0028173112035338814,0.022329190723753965,0.02,white,CORR_L10_f0.0,-0.018764141036243243,-0.03984480101636276,-0.043035689403314446,0.0050365022997567455,0.01808148648993714,F6b,0.07607393022521206,0.10194977133246823,0.10669837352841045,0.01392184687889926,-0.03284652477543123,-0.001243006247853971,-0.06153854845278682,-0.005129888556615848,0.0102880658436214,4
0.0028173112035338814,0.022329190723753965,0.02,white,CORR_L10_f0.15,-0.04193023735855396,-0.03724683996929391,-0.07375581136744228,-0.005473630360888562,0.004065531188697295,F6b,0.07375581136744228,0.09334231542663295,0.15169053814093772,-0.009244249443411455,-0.030248563728362387,-0.031963128211981794,-0.07204868111343213,-0.019145843857855692,0.015432098765432098,4
0.0028173112035338814,0.022329190723753965,0.02,white,CORR_L10_f0.3,-0.04888687532667899,-0.07508188740936725,-0.062181582615479666,0.020399765768247327,0.0034502710106040987,F6b,0.07508188740936725,0.10023655989711497,0.13920961336647872,-0.01620088741153649,-0.06808361116843573,-0.020388899460019195,-0.04617528498429624,-0.019761104035948888,0.00823045267489712,4
0.0028173112035338814,0.022329190723753965,0.02,white,CORR_L10_f0.5,-0.05430847049693471,-0.03799508161332853,-0.04222770215579822,0.02162883279519069,-0.0024358568529901474,F6b,0.0661262614975773,0.10722585523890348,0.13373900787820966,-0.02162248258179221,-0.030996805372396994,-0.0004350190003377481,-0.044946217957352874,-0.025647231899543134,0.0051440329218107,4
0.0028173112035338814,0.022329190723753965,0.02,white,CORR_L10_f0.7,-0.05430847049693471,-0.03799508161332853,-0.04222770215579822,0.02162883279519069,-0.0024358568529901474,F6b,0.0661262614975773,0.10722585523890348,0.13373900787820966,-0.02162248258179221,-0.030996805372396994,-0.0004350190003377481,-0.044946217957352874,-0.025647231899543134,0.0051440329218107,4
0.0028173112035338814,0.022329190723753965,0.02,white,CORR_L20_f0.0,-0.027435385226596734,-0.04059854198575139,-0.032308293395729826,-0.0017230694300746363,0.024358981500984624,F6b,0.05500522664779012,0.11984482529657811,0.12256242730211986,0.005250602688545769,-0.03360026574481986,0.009484389759730648,-0.0682981201826182,0.0011476064544316377,0.0205761316872428,4
0.0028173112035338814,0.022329190723753965,0.02,white,CORR_L20_f0.15,-0.04193023735855396,-0.03724683996929391,-0.07375581136744228,-0.005473630360888562,0.004065531188697295,F6b,0.07375581136744228,0.09334231542663295,0.15169053814093772,-0.009244249443411455,-0.030248563728362387,-0.031963128211981794,-0.07204868111343213,-0.019145843857855692,0.015432098765432098,4
0.0028173112035338814,0.022329190723753965,0.02,white,CORR_L20_f0.3,-0.04888687532667899,-0.07508188740936725,-0.062181582615479666,0.020399765768247327,0.0034502710106040987,F6b,0.07508188740936725,0.10023655989711497,0.13920961336647872,-0.01620088741153649,-0.06808361116843573,-0.020388899460019195,-0.04617528498429624,-0.019761104035948888,0.00823045267489712,4
0.0028173112035338814,0.022329190723753965,0.02,white,CORR_L20_f0.5,-0.05430847049693471,-0.03799508161332853,-0.04222770215579822,0.02162883279519069,-0.0024358568529901474,F6b,0.0661262614975773,0.10722585523890348,0.13373900787820966,-0.02162248258179221,-0.030996805372396994,-0.0004350190003377481,-0.044946217957352874,-0.025647231899543134,0.0051440329218107,4
0.0028173112035338814,0.022329190723753965,0.02,white,CORR_L20_f0.7,-0.05430847049693471,-0.03799508161332853,-0.04222770215579822,0.02162883279519069,-0.0024358568529901474,F6b,0.0661262614975773,0.10722585523890348,0.13373900787820966,-0.02162248258179221,-0.030996805372396994,-0.0004350190003377481,-0.044946217957352874,-0.025647231899543134,0.0051440329218107,4
0.0028173112035338814,0.022329190723753965,0.02,white,DITHER_s0.5,0.014240276773146564,-0.009810485895782957,-0.014871867136090476,-0.013066830145989083,-0.010169524189709008,F6b,0.022118595768525706,0.10184787467392262,0.018975799070957616,0.04692626468828907,-0.002812209654851428,0.02692081601937,-0.07964188089853265,-0.033380899236261995,0.021604938271604937,4
0.0028173112035338814,0.022329190723753965,0.02,white,DITHER_s1.0,0.023874910095400027,-0.010495692870322206,-0.007934206316983959,-1.4675906293712404e-05,0.0184678425327277,F6b,0.025417112435113243,0.0779203844293719,0.016851701959569747,0.05656089801054253,-0.0034974166293906764,0.033858476838476516,-0.06658972665883728,-0.004743532513825284,0.01646090534979424,4
0.0028173112035338814,0.022329190723753965,0.02,white,DITHER_s2.0,-0.026745513805514456,-0.010225456686305211,-6.641144286983341e-05,0.008703982987336496,-0.009735508785059969,F6b,0.026745513805514456,0.10404054724417967,0.01761024887313166,0.005940474109628047,-0.003227180445373681,0.04172627171259064,-0.05787106776520707,-0.032946883831612955,0.026748971193415638,4
0.0028173112035338814,0.022329190723753965,0.02,white,DITHER_blind,-0.0236604814961468,-0.026439934143224725,-0.03063892418687777,-0.0011583134882082596,0.026519055634747428,F6b,0.0347682682876812,0.1346656761152976,0.01781144725677766,0.009025506418995704,-0.019441657902293196,0.011153758968582703,-0.06773336424075183,0.003307680588194443,0.01646090534979424,4
0.0028173112035338814,0.022329190723753965,0.05,white,MEMLESS,0.01672284234310016,0.04733263399096814,-0.12017393229507853,-0.008212337922521615,0.02029295612469696,F6b,0.12017393229507853,0.07838124913961805,0.3591976578949949,0.049408830258242664,0.05433091023189967,-0.07838124913961805,-0.07478738867506518,-0.002918418921856029,0.037037037037037035,4
0.0028173112035338814,0.022329190723753965,0.05,white,CORR_L2_f0.0,-0.012679993019840883,-0.03098971365154224,-0.028709941462920878,-0.0013381340421155102,0.03355028643109867,F6b,0.08398271945943138,0.08845102655878358,0.22735096361679008,0.02000599489530162,-0.02399143741061071,0.013082741692539595,-0.06791318479465908,0.010338911384545683,0.0257201646090535,4
0.0028173112035338814,0.022329190723753965,0.05,white,CORR_L2_f0.15,-0.011968311192365518,0.007631973864732621,-0.04094830477364937,-0.050532978825370486,0.025744026587478354,F6b,0.07647648154520519,0.11710802957791405,0.25904171807982457,0.020717676722776985,0.01463025010566415,0.0008443783818111023,-0.11710802957791405,0.0025326515409253656,0.029835390946502057,4
0.0028173112035338814,0.022329190723753965,0.05,white,CORR_L2_f0.3,0.018288682698653136,0.011199535285301678,-0.05181153546283123,-0.052213459294738876,0.032426943251770986,F6b,0.061543446957713945,0.11878851004728244,0.2894776448244807,0.05097467061379564,0.018197811526233208,-0.010018852307370757,-0.11878851004728244,0.009215568205218001,0.02880658436213992,4
0.0028173112035338814,0.022329190723753965,0.05,white,CORR_L2_f0.5,0.010369324619326555,0.011260987923322769,-0.13706629428106953,-0.009660055434158252,0.033033614442543505,F6b,0.13706629428106953,0.09527361112560905,0.3474964820105009,0.04305531253446906,0.0182592641642543,-0.09527361112560905,-0.07623510618670182,0.009822239395990515,0.040123456790123455,4
0.0028173112035338814,0.022329190723753965,0.05,white,CORR_L2_f0.7,-0.019393262434862845,0.04106527650219808,-0.11734197847548099,-0.007885431420891861,0.015905486986962834,F6b,0.11734197847548099,0.07554929532002051,0.36143003296081955,0.013292725480279658,0.04806355274312961,-0.07554929532002051,-0.07446048217343543,-0.007305888059590154,0.03909465020576132,4
0.0028173112035338814,0.022329190723753965,0.05,white,CORR_L4_f0.0,-0.04543183928913383,-0.04865017920078844,-0.04481083819924837,-0.0020507772441445554,-0.010693820455927799,F6b,0.06869811613200218,0.06862582799668812,0.16344438696059888,-0.01274585137399133,-0.041651902959856914,-0.003018155043787896,-0.06862582799668812,-0.033905195502480785,0.0205761316872428,4
0.0028173112035338814,0.022329190723753965,0.05,white,CORR_L4_f0.15,-0.03884823641214713,-0.041625691143406945,-0.052548856882829204,-0.0032614865052233433,0.017881406466506645,F6b,0.059696799763410816,0.06983653725776691,0.19861456122867524,-0.006162248497004626,-0.034627414902475416,-0.010756173727368727,-0.06983653725776691,-0.005329968580046342,0.024691358024691357,4
0.0028173112035338814,0.022329190723753965,0.05,white,CORR_L4_f0.3,0.016669557493684012,-0.003980976368241177,-0.05125522050629848,-0.030911213053361183,0.017731392746431106,F6b,0.058190550854834946,0.09748626380590475,0.27942149002335853,0.049355545408826515,0.0030172998726903525,-0.009462537350838003,-0.09748626380590475,-0.005479982300121879,0.029835390946502057,4
0.0028173112035338814,0.022329190723753965,0.05,white,CORR_L4_f0.5,0.02123456818367942,-0.003909574495623906,-0.09617962828379363,-0.01559029413935209,0.02775533153279741,F6b,0.09617962828379363,0.08216534489189566,0.3400738434728571,0.053920556098821924,0.003088701745307623,-0.054386945128333156,-0.08216534489189566,0.004543956486244423,0.040123456790123455,4
0.0028173112035338814,0.022329190723753965,0.05,white,CORR_L4_f0.7,-0.019393262434862845,0.04106527650219808,-0.11734197847548099,-0.007885431420891861,0.015905486986962834,F6b,0.11734197847548099,0.07554929532002051,0.36143003296081955,0.013292725480279658,0.04806355274312961,-0.07554929532002051,-0.07446048217343543,-0.007305888059590154,0.03909465020576132,4
0.0028173112035338814,0.022329190723753965,0.05,white,CORR_L6_f0.0,-0.03909553206394733,-0.05184532022147283,-0.040474992824810666,-0.022665776690901737,0.008211248176105369,F6b,0.0721041809898516,0.0892408274434453,0.17141077251152081,-0.0064095441488048275,-0.044847043980541304,0.0013176903306498099,-0.0892408274434453,-0.015000126870447618,0.02880658436213992,4
0.0028173112035338814,0.022329190723753965,0.05,white,CORR_L6_f0.15,-0.04640750869384699,-0.021641962203123886,-0.06448394199866306,-0.005615338306653353,0.017456871224258902,F6b,0.06847043676522045,0.07219038905919692,0.20809460848186162,-0.013721520778704482,-0.014643685962192355,-0.02269125884320258,-0.07219038905919692,-0.005754503822294083,0.030864197530864196,4
0.0028173112035338814,0.022329190723753965,0.05,white,CORR_L6_f0.3,0.014201822471830695,0.011604636397644648,-0.06013791340090035,-0.01773922766047971,0.012305464050555966,F6b,0.06359232375277667,0.08431427841302327,0.2835852959054508,0.0468878103869732,0.018602912638576177,-0.018345230245439874,-0.08431427841302327,-0.01090591099599702,0.030864197530864196,4
0.0028173112035338814,0.022329190723753965,0.05,white,CORR_L6_f0.5,0.018593820757517317,0.011501415145501532,-0.10525724754708891,-0.0026105699231660645,0.02214451500074881,F6b,0.10525724754708891,0.06918562067570963,0.3442376493549493,0.05127980867265982,0.01849969138643306,-0.06346456439162844,-0.06918562067570963,-0.0010668600458041758,0.0411522633744856,4
0.0028173112035338814,0.022329190723753965,0.05,white,CORR_L6_f0.7,-0.019393262434862845,0.04106527650219808,-0.11734197847548099,-0.007885431420891861,0.015905486986962834,F6b,0.11734197847548099,0.07554929532002051,0.36143003296081955,0.013292725480279658,0.04806355274312961,-0.07554929532002051,-0.07446048217343543,-0.007305888059590154,0.03909465020576132,4
0.0028173112035338814,0.022329190723753965,0.05,white,CORR_L10_f0.0,-0.04592827936291093,-0.0360065046086017,-0.04930341115609902,-0.038462226950642095,0.00986509932085711,F6b,0.08494217628587394,0.10503727770318566,0.17838052402324173,-0.013242291447768431,-0.02900822836767017,-0.007510728000638549,-0.10503727770318566,-0.013346275725695876,0.033950617283950615,4
0.0028173112035338814,0.022329190723753965,0.05,white,CORR_L10_f0.15,-0.038734706504610555,-0.031139241284759926,-0.05612754320332201,-0.023772340978301595,0.02551136135667281,F6b,0.06348589178570486,0.09034739173084516,0.21385282438711473,-0.006048718589468056,-0.024140965043828396,-0.014334860047861532,-0.09034739173084516,0.002299986310119823,0.03292181069958848,4
0.0028173112035338814,0.022329190723753965,0.05,white,CORR_L10_f0.3,0.014201822471830695,0.011604636397644648,-0.06013791340090035,-0.01773922766047971,0.012305464050555966,F6b,0.06359232375277667,0.08431427841302327,0.2835852959054508,0.0468878103869732,0.018602912638576177,-0.018345230245439874,-0.08431427841302327,-0.01090591099599702,0.030864197530864196,4
0.0028173112035338814,0.022329190723753965,0.05,white,CORR_L10_f0.5,0.018593820757517317,0.011501415145501532,-0.10525724754708891,-0.0026105699231660645,0.02214451500074881,F6b,0.10525724754708891,0.06918562067570963,0.3442376493549493,0.05127980867265982,0.01849969138643306,-0.06346456439162844,-0.06918562067570963,-0.0010668600458041758,0.0411522633744856,4
0.0028173112035338814,0.022329190723753965,0.05,white,CORR_L10_f0.7,-0.019393262434862845,0.04106527650219808,-0.11734197847548099,-0.007885431420891861,0.015905486986962834,F6b,0.11734197847548099,0.07554929532002051,0.36143003296081955,0.013292725480279658,0.04806355274312961,-0.07554929532002051,-0.07446048217343543,-0.007305888059590154,0.03909465020576132,4
0.0028173112035338814,0.022329190723753965,0.05,white,CORR_L20_f0.0,-0.032080367373041804,-0.04457683542776977,-0.028953195014232467,-0.00022890315215019774,0.016918831872939924,F6b,0.055945808118514906,0.13724977084839715,0.12999287310325958,0.0006056205421007008,-0.037578559186838244,0.012839488141228008,-0.06680395390469376,-0.006292543173613063,0.023662551440329218,4
0.0028173112035338814,0.022329190723753965,0.05,white,CORR_L20_f0.15,-0.038734706504610555,-0.031139241284759926,-0.05612754320332201,-0.023772340978301595,0.02551136135667281,F6b,0.06348589178570486,0.09034739173084516,0.21385282438711473,-0.006048718589468056,-0.024140965043828396,-0.014334860047861532,-0.09034739173084516,0.002299986310119823,0.03292181069958848,4
0.0028173112035338814,0.022329190723753965,0.05,white,CORR_L20_f0.3,0.014201822471830695,0.011604636397644648,-0.06013791340090035,-0.01773922766047971,0.012305464050555966,F6b,0.06359232375277667,0.08431427841302327,0.2835852959054508,0.0468878103869732,0.018602912638576177,-0.018345230245439874,-0.08431427841302327,-0.01090591099599702,0.030864197530864196,4
0.0028173112035338814,0.022329190723753965,0.05,white,CORR_L20_f0.5,0.018593820757517317,0.011501415145501532,-0.10525724754708891,-0.0026105699231660645,0.02214451500074881,F6b,0.10525724754708891,0.06918562067570963,0.3442376493549493,0.05127980867265982,0.01849969138643306,-0.06346456439162844,-0.06918562067570963,-0.0010668600458041758,0.0411522633744856,4
0.0028173112035338814,0.022329190723753965,0.05,white,CORR_L20_f0.7,-0.019393262434862845,0.04106527650219808,-0.11734197847548099,-0.007885431420891861,0.015905486986962834,F6b,0.11734197847548099,0.07554929532002051,0.36143003296081955,0.013292725480279658,0.04806355274312961,-0.07554929532002051,-0.07446048217343543,-0.007305888059590154,0.03909465020576132,4
0.0028173112035338814,0.022329190723753965,0.05,white,DITHER_s0.5,-0.006886570953464691,-0.03680209159795287,-0.0029782580391944508,-0.03447890590938445,0.027917619888424543,F6b,0.07331264747410551,0.10105395666192801,0.06312174509705301,0.025799416961677812,-0.02980381535702134,0.038814425116266024,-0.10105395666192801,0.004706244841871557,0.06172839506172839,4
0.0028173112035338814,0.022329190723753965,0.05,white,DITHER_s1.0,-0.010910308993472746,0.01529758897764067,-0.06070917088961823,-0.0018326908001463638,-0.008903609772515749,F6b,0.06070917088961823,0.09284473002868054,0.04955068360780646,0.021775678921669758,0.0222958652185722,-0.018916487734157758,-0.06840774155268993,-0.032114984819068736,0.05761316872427984,4
0.0028173112035338814,0.022329190723753965,0.05,white,DITHER_s2.0,-0.00761553470048636,-0.03441792745503572,-0.004680873670500359,0.02237995088277779,-0.008424341550594943,F6b,0.03441792745503572,0.08986535774712978,0.030371396938207434,0.025070453214656143,-0.02741965121410419,0.037111809484960116,-0.044195099869765775,-0.03163571659714793,0.0360082304526749,4
0.0028173112035338814,0.022329190723753965,0.05,white,DITHER_blind,-0.00034246417670602547,0.006997580442961058,-0.04475892653895776,-0.02193941213710235,-0.027219002447270647,F6b,0.04475892653895776,0.08851446288964591,0.0331039269075697,0.03234352373843648,0.013995856683892588,-0.002966243383497282,-0.08851446288964591,-0.05043037749382363,0.046296296296296294,4
0.0028173112035338814,0.022329190723753965,0.1,white,MEMLESS,0.045521080855256704,0.048203076503925406,-0.0704588636886323,0.036559907993497856,-0.026510598832273562,F6b,0.09654515600784398,0.1188761783936977,0.5855682208813439,0.07820706877039921,0.055201352744856935,-0.028666180533171822,-0.030015142759045706,-0.04972197387882655,0.10905349794238683,4
0.0028173112035338814,0.022329190723753965,0.1,white,CORR_L2_f0.0,0.03243826290958719,0.04654906634942804,-0.15644111812306682,-0.01592412413684438,-0.016473471203682973,F6b,0.15644111812306682,0.13637090225339432,0.44996396721126825,0.0651242508247297,0.05354734259035957,-0.11464843496760634,-0.08249917488938795,-0.03968484625023596,0.09259259259259259,4
0.0028173112035338814,0.022329190723753965,0.1,white,CORR_L2_f0.15,0.022234448581636618,0.05084326529134284,-0.1296853460614532,-0.014670978920280964,-0.018109952416594775,F6b,0.1296853460614532,0.1570964588351905,0.46360054802728845,0.05492043649677912,0.05784154153227437,-0.08789266290599272,-0.08124602967282453,-0.04132132746314776,0.08950617283950617,4
0.0028173112035338814,0.022329190723753965,0.1,white,CORR_L2_f0.3,0.03994280741956113,0.02719990650006133,-0.143108958079338,0.010689664062697245,-0.050710386518673115,F6b,0.143108958079338,0.15202035406464587,0.49845222984572024,0.07262879533470364,0.03419818274099286,-0.1013162749238775,-0.05588538668984632,-0.0739217615652261,0.09362139917695474,4
0.0028173112035338814,0.022329190723753965,0.1,white,CORR_L2_f0.5,0.009514630306606944,0.018630518565986975,-0.14170927183631551,0.02413289027710013,-0.05465892691269118,F6b,0.14170927183631551,0.1268171261116611,0.5551848495049319,0.04220061822174945,0.025628794806918504,-0.09991658868085504,-0.042442160475443434,-0.07787030195924417,0.10390946502057613,4
0.0028173112035338814,0.022329190723753965,0.1,white,CORR_L2_f0.7,0.02385466617048329,0.02447434017468192,-0.1384461746203785,0.01999169413581313,-0.059206047250178376,F6b,0.1384461746203785,0.13194046403804768,0.5550508951474084,0.056540654085625794,0.03147261641561345,-0.09665349146491801,-0.04658335661673044,-0.08241742229673137,0.09979423868312758,4
0.0028173112035338814,0.022329190723753965,0.1,white,CORR_L4_f0.0,0.039550031516570314,0.021987183754213557,-0.09806868209458769,-0.0648628270080583,0.008833557578197584,F6b,0.09806868209458769,0.13143787776060187,0.3426438780340573,0.07223601943171282,0.028985459995145086,-0.056275998939127214,-0.13143787776060187,-0.014377817468355402,0.08333333333333333,4
0.0028173112035338814,0.022329190723753965,0.1,white,CORR_L4_f0.15,-0.006620299433507698,0.036386212725250396,-0.11852417619876666,-0.013779907244616002,0.015192881079125056,F6b,0.11852417619876666,0.08035495799715957,0.408977130382717,0.026065688481634805,0.043384488966181925,-0.07673149304330619,-0.08035495799715957,-0.008018493967427931,0.08436213991769548,4
0.0028173112035338814,0.022329190723753965,0.1,white,CORR_L4_f0.3,0.024601010907387512,0.04119371640365726,-0.12902658193503924,-0.011503564475659589,-0.042296705966750586,F6b,0.12902658193503924,0.10738991344142229,0.47180201306984404,0.057286998822530015,0.04819199264458879,-0.08723389877957875,-0.07807861522820315,-0.06550808101330358,0.0874485596707819,4
0.0028173112035338814,0.022329190723753965,0.1,white,CORR_L4_f0.5,-0.005484437608257786,0.0029708874820238342,-0.1404759369706189,0.01873036247409332,-0.05567380814092354,F6b,0.1404759369706189,0.0986832538151584,0.5481503269294217,0.027201550306884717,0.009969163722955364,-0.0986832538151584,-0.047844688278450245,-0.07888518318747653,0.10390946502057613,4
0.0028173112035338814,0.022329190723753965,0.1,white,CORR_L4_f0.7,0.016984957755154483,0.0067087478102005795,-0.12313490678956465,0.0315001528516129,-0.059353308191109774,F6b,0.12313490678956465,0.1207929491894822,0.5646729808385379,0.049670945670296986,0.013707024051132109,-0.08134222363410418,-0.035074897900930664,-0.08256468323766276,0.10493827160493827,4
0.0028173112035338814,0.022329190723753965,0.1,white,CORR_L6_f0.0,-0.012794662141908275,0.002372957314748233,-0.091197499180242,0.021388849902376342,0.0025012141685734207,F6b,0.091197499180242,0.08035670183591344,0.28349495888284726,0.019891325773234228,0.009371233555679762,-0.049404816024781535,-0.045186200850167224,-0.020710160877979566,0.06790123456790123,4
0.0028173112035338814,0.022329190723753965,0.1,white,CORR_L6_f0.15,-0.0015272592553823433,0.04166149086636946,-0.12260214044377978,-0.03350748392009156,0.01888210907350671,F6b,0.12260214044377978,0.10008253467263513,0.40091527962383233,0.03115872865976016,0.04865976710730099,-0.0808094572883193,-0.10008253467263513,-0.004329265973046278,0.08950617283950617,4
0.0028173112035338814,0.022329190723753965,0.1,white,CORR_L6_f0.3,0.01244266660470187,0.055860231202667664,-0.12651260664048566,-0.040470460706955966,-0.014044408095087686,F6b,0.12651260664048566,0.10704551145949953,0.4579298891276516,0.04512865451984437,0.0628585074435992,-0.08471992348502519,-0.10704551145949953,-0.03725578314164067,0.08436213991769548,4
0.0028173112035338814,0.022329190723753965,0.1,white,CORR_L6_f0.5,-0.011142524920155075,0.01702157205052523,-0.13962376199711726,0.019973436008092545,-0.054037162514315326,F6b,0.13962376199711726,0.10325054114670276,0.5389294858789866,0.02154346299498743,0.024019848291456758,-0.09783107884165679,-0.04660161474445102,-0.07724853756086832,0.10082304526748971,4
0.0028173112035338814,0.022329190723753965,0.1,white,CORR_L6_f0.7,0.016984957755154483,0.0067087478102005795,-0.12313490678956465,0.0315001528516129,-0.059353308191109774,F6b,0.12313490678956465,0.1207929491894822,0.5646729808385379,0.049670945670296986,0.013707024051132109,-0.08134222363410418,-0.035074897900930664,-0.08256468323766276,0.10493827160493827,4
0.0028173112035338814,0.022329190723753965,0.1,white,CORR_L10_f0.0,-0.04661499099750525,-0.030648426848443912,-0.04619916666132142,-0.02413523433617913,0.0092738706884388,F6b,0.06378192803122865,0.0907102850887227,0.24399572878604245,-0.013929003082362746,-0.023650150607512382,-0.004406483505860947,-0.0907102850887227,-0.013937504358114186,0.06584362139917696,4
0.0028173112035338814,0.022329190723753965,0.1,white,CORR_L10_f0.15,-0.0037980681568791537,0.017755550716345332,-0.08354919086371532,-0.05100967356000405,0.02817014457902091,F6b,0.09158631802304523,0.11758472431254761,0.39065501408938014,0.02888791975826335,0.02475382695727686,-0.041756507708254835,-0.11758472431254761,0.004958769532467923,0.08641975308641975,4
0.0028173112035338814,0.022329190723753965,0.1,white,CORR_L10_f0.3,0.015452218886334315,0.05570857926209937,-0.12806194610450441,-0.04332105255039086,-0.014861541761344476,F6b,0.12806194610450441,0.10989610330293442,0.458737883905244,0.04813820680147682,0.0627068555030309,-0.08626926294904394,-0.10989610330293442,-0.03807291680789746,0.08539094650205761,4
0.0028173112035338814,0.022329190723753965,0.1,white,CORR_L10_f0.5,-0.011142524920155075,0.01702157205052523,-0.13962376199711726,0.019973436008092545,-0.054037162514315326,F6b,0.13962376199711726,0.10325054114670276,0.5389294858789866,0.02154346299498743,0.024019848291456758,-0.09783107884165679,-0.04660161474445102,-0.07724853756086832,0.10082304526748971,4
0.0028173112035338814,0.022329190723753965,0.1,white,CORR_L10_f0.7,0.016984957755154483,0.0067087478102005795,-0.12313490678956465,0.0315001528516129,-0.059353308191109774,F6b,0.12313490678956465,0.1207929491894822,0.5646729808385379,0.049670945670296986,0.013707024051132109,-0.08134222363410418,-0.035074897900930664,-0.08256468323766276,0.10493827160493827,4
0.0028173112035338814,0.022329190723753965,0.1,white,CORR_L20_f0.0,-0.04064151987380993,-0.06750931608553626,-0.02889332657988683,-0.015250762127684975,0.002859052498206484,F6b,0.07346084159922472,0.08182581288022854,0.25626921781553397,-0.007955531958667422,-0.06051103984460473,0.012899356575573647,-0.08182581288022854,-0.020352322548346503,0.08641975308641975,4
0.0028173112035338814,0.022329190723753965,0.1,white,CORR_L20_f0.15,-0.0037980681568791537,0.017755550716345332,-0.08354919086371532,-0.05100967356000405,0.02817014457902091,F6b,0.09158631802304523,0.11758472431254761,0.39065501408938014,0.02888791975826335,0.02475382695727686,-0.041756507708254835,-0.11758472431254761,0.004958769532467923,0.08641975308641975,4
0.0028173112035338814,0.022329190723753965,0.1,white,CORR_L20_f0.3,0.015452218886334315,0.05570857926209937,-0.12806194610450441,-0.04332105255039086,-0.014861541761344476,F6b,0.12806194610450441,0.10989610330293442,0.458737883905244,0.04813820680147682,0.0627068555030309,-0.08626926294904394,-0.10989610330293442,-0.03807291680789746,0.08539094650205761,4
0.0028173112035338814,0.022329190723753965,0.1,white,CORR_L20_f0.5,-0.011142524920155075,0.01702157205052523,-0.13962376199711726,0.019973436008092545,-0.054037162514315326,F6b,0.13962376199711726,0.10325054114670276,0.5389294858789866,0.02154346299498743,0.024019848291456758,-0.09783107884165679,-0.04660161474445102,-0.07724853756086832,0.10082304526748971,4
0.0028173112035338814,0.022329190723753965,0.1,white,CORR_L20_f0.7,0.016984957755154483,0.0067087478102005795,-0.12313490678956465,0.0315001528516129,-0.059353308191109774,F6b,0.12313490678956465,0.1207929491894822,0.5646729808385379,0.049670945670296986,0.013707024051132109,-0.08134222363410418,-0.035074897900930664,-0.08256468323766276,0.10493827160493827,4
0.0028173112035338814,0.022329190723753965,0.1,white,DITHER_s0.5,-0.05650468370306779,-0.02645950539118591,-0.029728531117412624,0.05626974087672599,-0.0026188873734017577,F6b,0.10338800657235969,0.07401472401571177,0.1689849019879372,-0.02381869578792529,-0.019461229150254382,0.012064152038047853,-0.010305309875817577,-0.025830262419954744,0.11625514403292181,4
0.0028173112035338814,0.022329190723753965,0.1,white,DITHER_s1.0,-0.06697667563463156,-0.036020348601928834,-0.04859293778475985,0.08291396239067247,0.049843777852696856,F6b,0.08311596190826392,0.1194796063623544,0.1474839037890556,-0.034290687719489045,-0.0290220723609973,-0.006800254629299378,0.016338911638128912,0.02663240280614387,0.12654320987654322,4
0.0028173112035338814,0.022329190723753965,0.1,white,DITHER_s2.0,-0.09018284163054914,0.00014867224279778348,0.06339520228554645,-0.03710734299844172,0.014802057394583245,F6b,0.10772586017825185,0.10518788544100692,0.11919534133275737,-0.05749685371540664,0.007146948483729313,0.10518788544100692,-0.10368239375098529,-0.008409317651969742,0.09053497942386832,4
0.0028173112035338814,0.022329190723753965,0.1,white,DITHER_blind,0.023684338432842393,0.022451846989855053,-0.0023111306518283498,-0.013687304919135224,-0.0011496193011227701,F6b,0.043402641050278364,0.08026235567167879,0.06705506928682016,0.056370326347984896,0.029450123230786582,0.039481552503632125,-0.08026235567167879,-0.024360994347675757,0.09362139917695474,4
0.0028173112035338814,0.022329190723753965,0.2,white,MEMLESS,-0.02049177629889807,-0.00037976765605475353,-0.06514037670288356,0.02531963046648092,0.00425485703886851,F6b,0.06514037670288356,0.07802405987853532,0.7668839266713077,0.012194211616244432,0.006618508584876776,-0.02334769354742308,-0.04125542028606265,-0.018956518007684477,0.21604938271604937,4
0.0028173112035338814,0.022329190723753965,0.2,white,CORR_L2_f0.0,0.004959808769536216,0.030976665821223985,-0.06661170052490081,0.056752840164113354,-0.04784435780107206,F6b,0.10567165214437459,0.07105573284762505,0.6985840431599457,0.03764579668467872,0.037974942062155514,-0.02481901736944033,-0.009822210588430212,-0.07105573284762505,0.25411522633744854,4
0.0028173112035338814,0.022329190723753965,0.2,white,CORR_L2_f0.15,-0.01964018551397976,0.018987999372955516,-0.054840501664323575,0.05779478717726342,-0.06832053996720629,F6b,0.10928626462217396,0.09153191501375928,0.7286031681092295,0.013045802401162744,0.025986275613887045,-0.013047818508863102,-0.008780263575280145,-0.09153191501375928,0.257201646090535,4
0.0028173112035338814,0.022329190723753965,0.2,white,CORR_L2_f0.3,-0.017432564490785535,0.009905836870376414,-0.05454637511408997,0.048112337486635334,-0.04759639658735432,F6b,0.11048200427675904,0.08964048995444121,0.7462758067358027,0.015253423424356967,0.016904113111307944,-0.01275369195862949,-0.018462713265908228,-0.07080777163390731,0.25102880658436216,4
0.0028173112035338814,0.022329190723753965,0.2,white,CORR_L2_f0.5,-0.01790101902484194,-0.0005149598505200309,-0.06471383408652147,0.05811381719277323,-0.03650200378401712,F6b,0.0813283915169804,0.09920555942791441,0.7627669048394323,0.014784968890300561,0.0064833163904114985,-0.022921150931060997,-0.008461233559770335,-0.0597133788305701,0.2366255144032922,4
0.0028173112035338814,0.022329190723753965,0.2,white,CORR_L2_f0.7,-0.025042608462447755,-0.0040416128918099705,-0.06443803459252484,0.03109418754213382,-0.012576364252285383,F6b,0.06443803459252484,0.06182383350800764,0.7633585566760548,0.007643379452694747,0.002956663349121559,-0.022645351437064358,-0.03548086321040975,-0.03578773929883837,0.22016460905349794,4
0.0028173112035338814,0.022329190723753965,0.2,white,CORR_L4_f0.0,0.0016492684262026797,-0.03820197296405824,-0.09406346728959844,0.0012392042770034695,-0.0758586083890005,F6b,0.11816937610455527,0.0990699834355535,0.5965119682804978,0.03433525634134518,-0.031203696723126707,-0.052270784134137965,-0.0653358464755401,-0.0990699834355535,0.2366255144032922,4
0.0028173112035338814,0.022329190723753965,0.2,white,CORR_L4_f0.15,-0.025330334612273568,-0.012203116250170657,-0.10593826142343186,0.01854610902134409,-0.07010693900226464,F6b,0.11345853953733001,0.09331831404881763,0.6188827464165533,0.007355653302868937,-0.005204840009239127,-0.06414557826797139,-0.048028941731199475,-0.09331831404881763,0.20987654320987653,4
0.0028173112035338814,0.022329190723753965,0.2,white,CORR_L4_f0.3,-0.0042131336074307385,-0.004709153899238359,-0.05077784553505136,0.04861255394733065,-0.007739750583876947,F6b,0.08967454578267867,0.06815105947794103,0.6917887498250382,0.028472854307711765,0.0022891223416931705,-0.008985162379590884,-0.017962496805212922,-0.030951125630429933,0.22119341563786007,4
0.0028173112035338814,0.022329190723753965,0.2,white,CORR_L4_f0.5,-0.004239465869859679,0.006000183808570326,-0.0498146970697246,0.040392450308887176,-0.037570166938406785,F6b,0.09879779670078741,0.06760727547550048,0.7435606197392067,0.028446522045282824,0.012998460049501856,-0.008022013914264126,-0.026182600443656393,-0.06078154198495977,0.22325102880658437,4
0.0028173112035338814,0.022329190723753965,0.2,white,CORR_L4_f0.7,-0.010103788159332203,-0.00906871874203804,-0.06974457777444894,0.022945863278202805,0.004453157567003974,F6b,0.06974457777444894,0.079785941163476,0.7602565952862913,0.0225821997558103,-0.0020704425011065113,-0.02795189461898846,-0.04362918747434076,-0.018758217479549012,0.21810699588477367,4
0.0028173112035338814,0.022329190723753965,0.2,white,CORR_L6_f0.0,0.01564951389096949,0.001765985504262397,-0.11210782957382195,-0.019068528150397265,-0.004729203810509289,F6b,0.11210782957382195,0.08564357890294083,0.5488507277152598,0.04833550180611199,0.008764261745193926,-0.07031514641836148,-0.08564357890294083,-0.027940578857062276,0.2222222222222222,4
0.0028173112035338814,0.022329190723753965,0.2,white,CORR_L6_f0.15,-0.01102536476275029,-0.005940260188073827,-0.09552411295565519,-0.022424493623612013,-0.04695471687502087,F6b,0.10150109081262325,0.08899954437615558,0.621323004442397,0.021660623152392214,0.001058016052857703,-0.053731429800194706,-0.08899954437615558,-0.07016609192157386,0.2222222222222222,4
0.0028173112035338814,0.022329190723753965,0.2,white,CORR_L6_f0.3,0.008087204405379952,0.001147512064560598,-0.062088491208515145,0.013422191242686753,-0.03928998578803854,F6b,0.1038852881816831,0.06500321919607277,0.6687463011294654,0.040773192320522456,0.008145788305492127,-0.020295808053054674,-0.05315285950985681,-0.06250136083459153,0.20987654320987653,4
0.0028173112035338814,0.022329190723753965,0.2,white,CORR_L6_f0.5,-0.0050874628534017426,-0.003400833314220753,-0.04945406614813445,0.04439474130408121,-0.034149941111904836,F6b,0.09904173818228748,0.05984007231544785,0.7376122056126415,0.02759852506174076,0.0035974429267107764,-0.007661382992673973,-0.022180309448462353,-0.057361316158457826,0.21707818930041153,4
0.0028173112035338814,0.022329190723753965,0.2,white,CORR_L6_f0.7,-0.010103788159332203,-0.00906871874203804,-0.06974457777444894,0.022945863278202805,0.004453157567003974,F6b,0.06974457777444894,0.079785941163476,0.7602565952862913,0.0225821997558103,-0.0020704425011065113,-0.02795189461898846,-0.04362918747434076,-0.018758217479549012,0.21810699588477367,4
0.0028173112035338814,0.022329190723753965,0.2,white,CORR_L10_f0.0,0.012904144036576463,0.004149332911232343,-0.11334843321791489,-0.021362944766300254,0.019329238418429658,F6b,0.11334843321791489,0.08793799551884382,0.49570567468907933,0.04559013195171897,0.011147609152163873,-0.07155575006245442,-0.08793799551884382,-0.0038821366281233272,0.23353909465020575,4
0.0028173112035338814,0.022329190723753965,0.2,white,CORR_L10_f0.15,0.015469748627123997,0.011435211306450747,-0.08818992052837663,-0.02665931121039178,-0.051195156788439514,F6b,0.12966397382715855,0.09323436196293534,0.5932036042833345,0.0481557365422665,0.018433487547382277,-0.04639723737291616,-0.09323436196293534,-0.0744065318349925,0.20781893004115226,4
0.0028173112035338814,0.022329190723753965,0.2,white,CORR_L10_f0.3,0.010951956704742097,0.0030029051958937597,-0.059423427554534405,0.014162650177373767,-0.04552601464893964,F6b,0.10833170552986704,0.06873738969549263,0.6664016863295235,0.0436379446198846,0.010001181436825289,-0.017630744399073927,-0.0524124005751698,-0.06873738969549263,0.2088477366255144,4
0.0028173112035338814,0.022329190723753965,0.2,white,CORR_L10_f0.5,-0.0050874628534017426,-0.003400833314220753,-0.04945406614813445,0.04439474130408121,-0.034149941111904836,F6b,0.09904173818228748,0.05984007231544785,0.7376122056126415,0.02759852506174076,0.0035974429267107764,-0.007661382992673973,-0.022180309448462353,-0.057361316158457826,0.21707818930041153,4
0.0028173112035338814,0.022329190723753965,0.2,white,CORR_L10_f0.7,-0.010103788159332203,-0.00906871874203804,-0.06974457777444894,0.022945863278202805,0.004453157567003974,F6b,0.06974457777444894,0.079785941163476,0.7602565952862913,0.0225821997558103,-0.0020704425011065113,-0.02795189461898846,-0.04362918747434076,-0.018758217479549012,0.21810699588477367,4
0.0028173112035338814,0.022329190723753965,0.2,white,CORR_L20_f0.0,-0.04132481992584132,-0.06944787942962354,-0.03537871074239833,-0.019849836446064528,0.01646870191766634,F6b,0.07807687234794775,0.0864248871986081,0.3176445889440239,-0.008638832010698814,-0.062449603188692006,0.006413972413062145,-0.0864248871986081,-0.0067426731288866455,0.1368312757201646,4
0.0028173112035338814,0.022329190723753965,0.2,white,CORR_L20_f0.15,0.013868899129024406,0.017912826488944024,-0.09006600128612226,-0.02417948290634407,-0.04996330354325901,F6b,0.12606001979508957,0.09075453365888764,0.5991622595035556,0.04655488704416691,0.024911102729875553,-0.04827331813066178,-0.09075453365888764,-0.073174678589812,0.2109053497942387,4
0.0028173112035338814,0.022329190723753965,0.2,white,CORR_L20_f0.3,0.010951956704742097,0.0030029051958937597,-0.059423427554534405,0.014162650177373767,-0.04552601464893964,F6b,0.10833170552986704,0.06873738969549263,0.6664016863295235,0.0436379446198846,0.010001181436825289,-0.017630744399073927,-0.0524124005751698,-0.06873738969549263,0.2088477366255144,4
0.0028173112035338814,0.022329190723753965,0.2,white,CORR_L20_f0.5,-0.0050874628534017426,-0.003400833314220753,-0.04945406614813445,0.04439474130408121,-0.034149941111904836,F6b,0.09904173818228748,0.05984007231544785,0.7376122056126415,0.02759852506174076,0.0035974429267107764,-0.007661382992673973,-0.022180309448462353,-0.057361316158457826,0.21707818930041153,4
0.0028173112035338814,0.022329190723753965,0.2,white,CORR_L20_f0.7,-0.010103788159332203,-0.00906871874203804,-0.06974457777444894,0.022945863278202805,0.004453157567003974,F6b,0.06974457777444894,0.079785941163476,0.7602565952862913,0.0225821997558103,-0.0020704425011065113,-0.02795189461898846,-0.04362918747434076,-0.018758217479549012,0.21810699588477367,4
0.0028173112035338814,0.022329190723753965,0.2,white,DITHER_s0.5,-0.10837167561316614,-0.013638219084312987,-0.10217458528540274,0.05939465372249988,0.07582645787278323,F6b,0.10837167561316614,0.08319367027494262,0.28126495050171185,-0.07568568769802364,-0.006639942843381457,-0.06038190212994226,-0.007180397030043686,0.05261508282623025,0.1882716049382716,4
0.0028173112035338814,0.022329190723753965,0.2,white,DITHER_s1.0,-0.06091749169031145,0.015702260322266147,-0.060146764706962626,0.06698796945964175,0.010711155115350647,F6b,0.16116153847524542,0.07515230412183964,0.2608807504295869,-0.028231503775168944,0.022700536563197676,-0.01835408155150215,0.0004129187070981826,-0.012500219931202339,0.15946502057613168,4
0.0028173112035338814,0.022329190723753965,0.2,white,DITHER_s2.0,-0.013235434630431041,-0.008978501949548266,-0.037876135196242895,0.01882510154050479,-0.04466993972873158,F6b,0.09392327033134715,0.0861938039615691,0.18699884119483748,0.01945055328471146,-0.001980225708616736,0.003916547959217577,-0.047749949212038775,-0.06788131477528457,0.2088477366255144,4
0.0028173112035338814,0.022329190723753965,0.2,white,DITHER_blind,-0.044129705868337164,0.026129856346294125,0.007753532524982877,0.039924393324555815,-0.015492762334009511,F6b,0.10194426058649975,0.04954621568044335,0.174897260989446,-0.01144371795319466,0.033128132587225655,0.04954621568044335,-0.02665065742798775,-0.0387041373805625,0.20164609053497942,4
0.0028173112035338814,0.022329190723753965,0.3,white,MEMLESS,-0.04878080890575914,0.020722265750020345,-0.031645107914872767,0.01870718110376445,0.009845299024231775,F6b,0.06889869679589541,0.05532003616868656,0.8584586984539827,-0.01609482099061664,0.027720541990951874,0.010147575240587705,-0.047867869648779114,-0.013366076022321212,0.31378600823045266,4
0.0028173112035338814,0.022329190723753965,0.3,white,CORR_L2_f0.0,-0.028219306372751315,0.019749125753127157,-0.0751891457997862,0.044773835050149584,-0.04044605329111349,F6b,0.0751891457997862,0.07591690992735187,0.7969614433458881,0.004466681542391187,0.026747401994058687,-0.03339646264432572,-0.021801215702393982,-0.06365742833766648,0.3497942386831276,4
0.0028173112035338814,0.022329190723753965,0.3,white,CORR_L2_f0.15,-0.03765229415228313,0.017542456276144182,-0.07669262838968277,0.05125794693877364,-0.03767260945300743,F6b,0.07672865907513428,0.07713783491226436,0.8056679304712737,-0.004966306237140634,0.02454073251707571,-0.034899945234222296,-0.015317103813769923,-0.060883984499560416,0.3374485596707819,4
0.0028173112035338814,0.022329190723753965,0.3,white,CORR_L2_f0.3,-0.010240829313944686,0.020764696955057,-0.06874175064633745,0.03786083057747369,-0.02557640898423785,F6b,0.07195584362050295,0.08133940107980048,0.8251357730225868,0.022445158601197817,0.02776297319598853,-0.026949067490876968,-0.028714220175069874,-0.048787784030790836,0.3333333333333333,4
0.0028173112035338814,0.022329190723753965,0.3,white,CORR_L2_f0.5,-0.015194328627428973,0.022419980444478106,-0.03240322938017526,0.030961311053707308,-0.025161023983016926,F6b,0.053859803100515545,0.05973238004033868,0.8454381080751007,0.01749165928771353,0.029418256685409636,0.009389453775285213,-0.03561373969883626,-0.04837239902956991,0.3292181069958848,4
0.0028173112035338814,0.022329190723753965,0.3,white,CORR_L2_f0.7,-0.028108502670654054,0.024761062766295028,-0.014311463132946602,0.016124361738926632,0.002800819430911282,F6b,0.06445125420935716,0.050450689013616934,0.8513868206399274,0.0045774852444884495,0.03175933900722656,0.027481220022513873,-0.050450689013616934,-0.020410555615641705,0.31584362139917693,4
0.0028173112035338814,0.022329190723753965,0.3,white,CORR_L4_f0.0,0.011827854473092148,-0.028368563422753467,-0.05730137638384103,0.04421718161400043,-0.024125134794850293,F6b,0.08745384551622065,0.09889354792804327,0.7533257736204402,0.04451384238823465,-0.021370287181821938,-0.015508693228380556,-0.022357869138543134,-0.04733650984140328,0.39814814814814814,4
0.0028173112035338814,0.022329190723753965,0.3,white,CORR_L4_f0.15,-0.011988770226658976,-0.003542567105287686,-0.01929799508147637,-0.0040876655296124,-0.03955579122759467,F6b,0.06553255745118029,0.1002773534503988,0.8109292331019409,0.020697217688483528,0.0034557091356438433,0.022494688073984106,-0.07066271628215597,-0.06276716627414766,0.3991769547325103,4
0.0028173112035338814,0.022329190723753965,0.3,white,CORR_L4_f0.3,-0.0050774314807528025,-0.0009201743302858145,-0.02425922075957301,-0.009505430536099146,-0.04657703312757484,F6b,0.08212282722591778,0.09999999513685179,0.8203954063972941,0.0276085564343897,0.006078101910645715,0.017533462395887465,-0.07608048128864271,-0.06978840817412783,0.35288065843621397,4
0.0028173112035338814,0.022329190723753965,0.3,white,CORR_L4_f0.5,-0.010635970249231241,0.015101606432227323,-0.03840464546570436,-0.0049514217725500215,-0.04180720838105442,F6b,0.05368617058003585,0.07152647252509359,0.8373404550995648,0.022050017665911262,0.022099882673158853,0.0033880376897561164,-0.07152647252509359,-0.06501858342760741,0.3292181069958848,4
0.0028173112035338814,0.022329190723753965,0.3,white,CORR_L4_f0.7,-0.026840525038774533,0.022531773387132588,-0.012081755344214268,-0.00018210659490035253,-0.006195508465483331,F6b,0.0602185378267616,0.06675715734744392,0.847355595586455,0.0058454628763679704,0.029530049628064117,0.029710927811246207,-0.06675715734744392,-0.029406883512036318,0.3096707818930041,4
0.0028173112035338814,0.022329190723753965,0.3,white,CORR_L6_f0.0,-0.0010672534361824762,-0.0304010447370328,-0.07289056725371827,-0.011610145472895031,-0.01706193130750142,F6b,0.13268174079956102,0.10585053955620992,0.6916377656113678,0.03161873447896003,-0.023402768496101272,-0.0310978840982578,-0.0781851962254386,-0.040273306354054406,0.3713991769547325,4
0.0028173112035338814,0.022329190723753965,0.3,white,CORR_L6_f0.15,0.01032421136872641,0.00988969457957396,-0.04190591376881638,0.01947389412380194,-0.0435324954341572,F6b,0.11617276437215426,0.09927721695655121,0.7673880299241096,0.04301019928386891,0.01688797082050549,-0.00011323061335590833,-0.047101156628741626,-0.06674387048071019,0.3683127572016461,4
0.0028173112035338814,0.022329190723753965,0.3,white,CORR_L6_f0.3,-0.023162018878316815,0.002244315640171116,-0.016955496336310716,-0.0025824436329849043,-0.03268446529255992,F6b,0.0785056039936362,0.0963827719045702,0.8258474339264411,0.009523969036825689,0.009242591881102645,0.02483718681914976,-0.06915749438552847,-0.05589584033911291,0.35905349794238683,4
0.0028173112035338814,0.022329190723753965,0.3,white,CORR_L6_f0.5,-0.017710935626656217,0.013797715453064817,-0.03247281233681407,-0.001481603582444313,-0.04018325637550545,F6b,0.05283113334493257,0.06805665433498788,0.8390611256290486,0.014975052288486284,0.020795991693996346,0.0093198708186464,-0.06805665433498788,-0.06339463142205844,0.3323045267489712,4
0.0028173112035338814,0.022329190723753965,0.3,white,CORR_L6_f0.7,-0.026840525038774533,0.022531773387132588,-0.012081755344214268,-0.00018210659490035253,-0.006195508465483331,F6b,0.0602185378267616,0.06675715734744392,0.847355595586455,0.0058454628763679704,0.029530049628064117,0.029710927811246207,-0.06675715734744392,-0.029406883512036318,0.3096707818930041,4
0.0028173112035338814,0.022329190723753965,0.3,white,CORR_L10_f0.0,0.015084434474669325,-0.0016096016384599078,-0.12219181352771173,-0.06339357351809947,-0.03008583343237865,F6b,0.12219181352771173,0.12996862427064304,0.6303896102769503,0.04777042238981183,0.005388674602471622,-0.08039913037225126,-0.12996862427064304,-0.053297208478931636,0.34156378600823045,4
0.0028173112035338814,0.022329190723753965,0.3,white,CORR_L10_f0.15,-0.009542109683164105,-0.01648290380976532,-0.050250662148581364,-0.017454875322377814,-0.034578740707390254,F6b,0.09900539085653362,0.08805354143102395,0.7355605594364464,0.023143878231978398,-0.009484627568833792,-0.00845797899312089,-0.08402992607492138,-0.05779011575394324,0.3425925925925926,4
0.0028173112035338814,0.022329190723753965,0.3,white,CORR_L10_f0.3,-0.020297688738456846,0.0033026876589566743,-0.01737223027400375,-0.0036891185081072697,-0.03272247191000359,F6b,0.07773405077125002,0.09561121868218403,0.8261000105302823,0.012388299176685656,0.010300963899888204,0.024420452881456726,-0.07026416926065084,-0.05593384695655657,0.360082304526749,4
0.0028173112035338814,0.022329190723753965,0.3,white,CORR_L10_f0.5,-0.02307686123693442,0.004979147653703888,-0.03524576926827761,-0.00030082409418899503,-0.033784755810128825,F6b,0.05483935505217741,0.06687587484673256,0.836770776811677,0.009609126678208083,0.011977423894635417,0.006546913887182861,-0.06687587484673256,-0.056996130856681815,0.3292181069958848,4
0.0028173112035338814,0.022329190723753965,0.3,white,CORR_L10_f0.7,-0.026840525038774533,0.022531773387132588,-0.012081755344214268,-0.00018210659490035253,-0.006195508465483331,F6b,0.0602185378267616,0.06675715734744392,0.847355595586455,0.0058454628763679704,0.029530049628064117,0.029710927811246207,-0.06675715734744392,-0.029406883512036318,0.3096707818930041,4
0.0028173112035338814,0.022329190723753965,0.3,white,CORR_L20_f0.0,-0.0034027851813390707,-0.021854965838079807,-0.0774105650883446,-0.028828092109624184,0.02501371209170521,F6b,0.09866737261293959,0.09540314286216775,0.6080283461293576,0.029283202733803432,-0.014856689597148278,-0.035617881932884114,-0.09540314286216775,0.0018023370451522248,0.38065843621399176,4
0.0028173112035338814,0.022329190723753965,0.3,white,CORR_L20_f0.15,0.009985847869369277,-0.0032018543586366265,-0.044777940948473254,-0.0015644303514904812,-0.025944243623160643,F6b,0.0991149191267742,0.06813948110403405,0.7148616491468016,0.04267183578451178,0.003796421882294903,-0.002985257793012778,-0.06813948110403405,-0.04915561866971363,0.3168724279835391,4
0.0028173112035338814,0.022329190723753965,0.3,white,CORR_L20_f0.3,-0.020297688738456846,0.0033026876589566743,-0.01737223027400375,-0.0036891185081072697,-0.03272247191000359,F6b,0.07773405077125002,0.09561121868218403,0.8261000105302823,0.012388299176685656,0.010300963899888204,0.024420452881456726,-0.07026416926065084,-0.05593384695655657,0.360082304526749,4
0.0028173112035338814,0.022329190723753965,0.3,white,CORR_L20_f0.5,-0.02088208904892246,0.010776363093840145,-0.03177206289509105,-0.0033499625160220425,-0.026626862126510633,F6b,0.053085429588920784,0.06992501326856561,0.83442675920731,0.011803898866220044,0.017774639334771674,0.010020620260369425,-0.06992501326856561,-0.04983823717306362,0.32510288065843623,4
0.0028173112035338814,0.022329190723753965,0.3,white,CORR_L20_f0.7,-0.026840525038774533,0.022531773387132588,-0.012081755344214268,-0.00018210659490035253,-0.006195508465483331,F6b,0.0602185378267616,0.06675715734744392,0.847355595586455,0.0058454628763679704,0.029530049628064117,0.029710927811246207,-0.06675715734744392,-0.029406883512036318,0.3096707818930041,4
0.0028173112035338814,0.022329190723753965,0.3,white,DITHER_s0.5,-0.025830734977782085,-0.06567463819086825,-0.021309006795313466,0.052999561323367084,-0.019818607062761017,F6b,0.12373591412869954,0.09555302556439808,0.345900240129552,0.006855252937360419,-0.05867636194993671,0.02048367636014701,-0.013575489429176484,-0.043029982109314004,0.2839506172839506,4
0.0028173112035338814,0.022329190723753965,0.3,white,DITHER_s1.0,-0.09728151662074738,-0.017553510068998846,-0.03618380950618315,0.1145058706544863,0.045130402959983947,F6b,0.12229536477228839,0.06474401889033142,0.41505393873456864,-0.06459552870560488,-0.010555233828067317,0.0056088736492773275,0.04793081990194273,0.02191902791343096,0.3168724279835391,4
0.0028173112035338814,0.022329190723753965,0.3,white,DITHER_s2.0,0.08289235376304406,0.009823237592540515,-0.04576851392918973,0.0129257788869876,-0.0145824267082298,F6b,0.12598586436808,0.11557834167818656,0.2647529412959833,0.11557834167818656,0.016821513833472045,-0.003975830773729253,-0.053649271865555966,-0.03779380175478279,0.32613168724279834,4
0.0028173112035338814,0.022329190723753965,0.3,white,DITHER_blind,-0.07010764504679479,-0.04705540824415324,-0.05713167025977994,0.10559360828568824,-0.03431828348871581,F6b,0.11932913009618444,0.07632845442384771,0.382543215662085,-0.03742165713165229,-0.04005713200322171,-0.015338987104319466,0.03901855753314468,-0.0575296585352688,0.2839506172839506,4
0.0028173112035338814,0.022329190723753965,0.5,white,MEMLESS,-0.020258626650231586,0.0009012806303481981,0.01559143918932858,0.008042095773278288,-0.0034707644062756324,F6b,0.027647571302502144,0.10190501948941906,0.9599340106353331,0.012427361264910916,0.007899556871279727,0.057384122344789054,-0.05853295497926528,-0.02668213945282862,0.5288065843621399,4
0.0028173112035338814,0.022329190723753965,0.5,white,CORR_L2_f0.0,-0.01775239334517635,0.025960856231364092,-0.024040631561238496,0.007859976741125804,0.0027147041228734285,F6b,0.04069185928105819,0.0761579124220194,0.9113453933438384,0.014933594569966152,0.03295913247229562,0.01775205159422198,-0.05871507401141776,-0.020496670923679558,0.5308641975308642,4
0.0028173112035338814,0.022329190723753965,0.5,white,CORR_L2_f0.15,-0.016778177266922458,0.02501678115122944,-0.016459206450194643,0.001334042792886958,-0.0017632037935736422,F6b,0.032136250009522443,0.07409418384439748,0.922489330328415,0.015907810648220045,0.03201505739216097,0.025333476705265832,-0.06524100795965661,-0.02497457884012663,0.5246913580246914,4
0.0028173112035338814,0.022329190723753965,0.5,white,CORR_L2_f0.3,-0.01828079937806431,0.012025898158291679,-0.015589685059822115,0.007036358376099165,0.005626108261094075,F6b,0.035355469238622254,0.08606250446171501,0.9349150529178228,0.014405188537078192,0.019024174399223208,0.02620299809563836,-0.0595386923764444,-0.017585266785458912,0.5257201646090535,4
0.0028173112035338814,0.022329190723753965,0.5,white,CORR_L2_f0.5,-0.017011164913784113,0.002155624813706186,0.008464555418620526,0.020662228244167177,-0.01635816264152278,F6b,0.04228513389722507,0.0956366698257166,0.9473750902741778,0.01567482300135839,0.009153901054637715,0.050257238574081,-0.04591282250837639,-0.039569537688075765,0.5246913580246914,4
0.0028173112035338814,0.022329190723753965,0.5,white,CORR_L2_f0.7,-0.03197868477328388,-0.012291890552255633,0.0027586795957821597,0.02125617118750893,-0.0057860050780674695,F6b,0.03197868477328388,0.10375452974911807,0.9594787138518429,0.0007073031418586187,-0.005293614311324103,0.044551362751242635,-0.04531887956503464,-0.028997380124620456,0.5380658436213992,4
0.0028173112035338814,0.022329190723753965,0.5,white,CORR_L4_f0.0,-0.013427363285160827,-0.003243147078525528,-0.026404057537584597,-0.016206908873012113,-0.04215847239088055,F6b,0.04799273645543675,0.08278195962555568,0.8901343379341415,0.019258624629981676,0.0037551291624060013,0.01538862561787588,-0.08278195962555568,-0.06536984743743354,0.5915637860082305,4
0.0028173112035338814,0.022329190723753965,0.5,white,CORR_L4_f0.15,-0.011723415662293752,0.015790604705429152,-0.010607123306403787,-0.0007972040851136342,-0.04166520951162582,F6b,0.05368354829796706,0.0703615990744252,0.9114692022216199,0.02096257225284875,0.02278888094636068,0.031185559849056688,-0.0673722548376572,-0.06487658455817881,0.5637860082304527,4
0.0028173112035338814,0.022329190723753965,0.5,white,CORR_L4_f0.3,-0.01753683118100131,0.004097415259686895,0.008246014624317358,-0.01739841967128064,-0.009456188574452549,F6b,0.034260909738027215,0.0839734704238242,0.9355794675714559,0.015149156734141193,0.011095691500618425,0.05003869777977783,-0.0839734704238242,-0.032667563621005535,0.5524691358024691,4
0.0028173112035338814,0.022329190723753965,0.5,white,CORR_L4_f0.5,-0.023877628711321736,-0.009058864549857423,0.003914640558344042,-0.007584626462479385,-0.009287005308784253,F6b,0.02659203557693955,0.09353155203572713,0.9524605775930817,0.00880835920382077,-0.0020605883089258935,0.04570732371380452,-0.07415967721502295,-0.03249838035533724,0.5432098765432098,4
0.0028173112035338814,0.022329190723753965,0.5,white,CORR_L4_f0.7,-0.03212572090747072,-0.01099664494727159,0.0030345584376491735,0.01702012982064007,-0.0011254257048398074,F6b,0.03212572090747072,0.1050877675417335,0.9610605421085543,0.0005602670076717823,-0.00399836870634006,0.04482724159310965,-0.049554920931903494,-0.024336800751392794,0.5432098765432098,4
0.0028173112035338814,0.022329190723753965,0.5,white,CORR_L6_f0.0,-0.012821535355069646,0.008245307702616462,-0.02288906965334644,-0.01007247557267929,-0.007833080225997546,F6b,0.061366899122255736,0.09683295226321695,0.8958258491607091,0.019864452560072857,0.015243583943547991,0.018903613502114034,-0.07664752632522286,-0.031044455272550533,0.6553497942386831,4
0.0028173112035338814,0.022329190723753965,0.5,white,CORR_L6_f0.15,-0.016987413628054924,0.01551914785220327,-0.012615908496038733,-0.001357858640556056,-0.02991947885553115,F6b,0.06806745301526608,0.07733702309311918,0.9062612062312302,0.01569857428708758,0.0225174240931348,0.029176774659421742,-0.06793290939309962,-0.053130853902084135,0.565843621399177,4
0.0028173112035338814,0.022329190723753965,0.5,white,CORR_L6_f0.3,-0.011696739678648132,0.0005963234275553125,-0.01341303658457417,-0.01678020886043928,-0.025885531013551007,F6b,0.05143004909512007,0.08335525961298285,0.9284939899295858,0.02098924823649437,0.007594599668486842,0.028379646570886305,-0.08335525961298285,-0.049096906060103994,0.5401234567901234,4
0.0028173112035338814,0.022329190723753965,0.5,white,CORR_L6_f0.5,-0.023447953056397602,-0.007263867059413711,0.006967695147061248,-0.004265681271375485,-0.008807815943003724,F6b,0.025175986136286306,0.09842318623943758,0.9536454128555456,0.009238034858744899,-0.00026559081848218183,0.04876037830252172,-0.07084073202391905,-0.03201919098955671,0.5462962962962963,4
0.0028173112035338814,0.022329190723753965,0.5,white,CORR_L6_f0.7,-0.03212572090747072,-0.01099664494727159,0.0030345584376491735,0.01702012982064007,-0.0011254257048398074,F6b,0.03212572090747072,0.1050877675417335,0.9610605421085543,0.0005602670076717823,-0.00399836870634006,0.04482724159310965,-0.049554920931903494,-0.024336800751392794,0.5432098765432098,4
0.0028173112035338814,0.022329190723753965,0.5,white,CORR_L10_f0.0,0.003303921850121287,-0.009564418446405166,-0.05274194505045169,-0.017751774201847273,-0.03712093047301791,F6b,0.07525528247453478,0.08432682495439084,0.8470506175990481,0.03598990976526379,-0.0025661422054736372,-0.010949261894991213,-0.08432682495439084,-0.060332305519570896,0.6337448559670782,4
0.0028173112035338814,0.022329190723753965,0.5,white,CORR_L10_f0.15,-0.016569473105038115,0.020217951168846865,-0.01553592929982197,-0.006304511092455278,-0.024555795700010288,F6b,0.05261442049545845,0.07287956184499884,0.9060560189303318,0.01611651481010439,0.027216227409778394,0.026256753855638505,-0.07287956184499884,-0.047767170746563274,0.5689300411522634,4
0.0028173112035338814,0.022329190723753965,0.5,white,CORR_L10_f0.3,-0.011696739678648132,0.0005963234275553125,-0.01341303658457417,-0.01678020886043928,-0.025885531013551007,F6b,0.05143004909512007,0.08335525961298285,0.9284939899295858,0.02098924823649437,0.007594599668486842,0.028379646570886305,-0.08335525961298285,-0.049096906060103994,0.5401234567901234,4
0.0028173112035338814,0.022329190723753965,0.5,white,CORR_L10_f0.5,-0.02125837891627239,-0.010677302333397328,0.007031741694687989,-0.0032507884189237057,-0.008403434975632309,F6b,0.02472257697312865,0.0998429488229901,0.9540496988936504,0.011427608998870114,-0.0036790260924657995,0.048824424850148464,-0.06982583917146727,-0.031614810022185295,0.5483539094650206,4
0.0028173112035338814,0.022329190723753965,0.5,white,CORR_L10_f0.7,-0.03212572090747072,-0.01099664494727159,0.0030345584376491735,0.01702012982064007,-0.0011254257048398074,F6b,0.03212572090747072,0.1050877675417335,0.9610605421085543,0.0005602670076717823,-0.00399836870634006,0.04482724159310965,-0.049554920931903494,-0.024336800751392794,0.5432098765432098,4
0.0028173112035338814,0.022329190723753965,0.5,white,CORR_L20_f0.0,-0.006988885905550371,-0.012917933035129916,-0.06785692985617404,-0.052340541058765025,-0.03735738246174157,F6b,0.06785692985617404,0.11891559181130859,0.7987298633092805,0.025697102009592132,-0.0059196567941983864,-0.02606424670071357,-0.11891559181130859,-0.06056875750829455,0.5967078189300411,4
0.0028173112035338814,0.022329190723753965,0.5,white,CORR_L20_f0.15,-0.016670965819190788,0.020077948834240276,-0.015653702827243272,-0.006536698697350601,-0.024232172771759663,F6b,0.05278206950394291,0.07311174944989417,0.9060930155500796,0.016015022095951716,0.027076225075171805,0.026138980328217203,-0.07311174944989417,-0.04744354781831265,0.5699588477366255,4
0.0028173112035338814,0.022329190723753965,0.5,white,CORR_L20_f0.3,-0.011696739678648132,0.0005963234275553125,-0.01341303658457417,-0.01678020886043928,-0.025885531013551007,F6b,0.05143004909512007,0.08335525961298285,0.9284939899295858,0.02098924823649437,0.007594599668486842,0.028379646570886305,-0.08335525961298285,-0.049096906060103994,0.5401234567901234,4
0.0028173112035338814,0.022329190723753965,0.5,white,CORR_L20_f0.5,-0.02125837891627239,-0.010677302333397328,0.007031741694687989,-0.0032507884189237057,-0.008403434975632309,F6b,0.02472257697312865,0.0998429488229901,0.9540496988936504,0.011427608998870114,-0.0036790260924657995,0.048824424850148464,-0.06982583917146727,-0.031614810022185295,0.5483539094650206,4
0.0028173112035338814,0.022329190723753965,0.5,white,CORR_L20_f0.7,-0.03212572090747072,-0.01099664494727159,0.0030345584376491735,0.01702012982064007,-0.0011254257048398074,F6b,0.03212572090747072,0.1050877675417335,0.9610605421085543,0.0005602670076717823,-0.00399836870634006,0.04482724159310965,-0.049554920931903494,-0.024336800751392794,0.5432098765432098,4
0.0028173112035338814,0.022329190723753965,0.5,white,DITHER_s0.5,-0.04750681821253005,-0.08853273590970986,0.03379091274480647,0.02333376714842004,-0.0112741329037313,F6b,0.14609776762236903,0.08153445966877834,0.48785738193456996,-0.014820830297387544,-0.08153445966877834,0.07558359590026695,-0.04324128360412353,-0.03448550795028429,0.4876543209876543,4
0.0028173112035338814,0.022329190723753965,0.5,white,DITHER_s1.0,-0.03575504019769758,0.0009894247800589073,-0.07896901811234783,0.08909085926654176,0.01693181624150965,F6b,0.08909085926654176,0.05131731281802285,0.49108618392376646,-0.0030690522825550814,0.007987701020990437,-0.03717633495688735,0.022515808513998186,-0.006279558805043336,0.47530864197530864,4
0.0028173112035338814,0.022329190723753965,0.5,white,DITHER_s2.0,-0.040861835993107665,0.003845738321833759,0.025143975647020936,0.005470646070081457,0.04278600191167267,F6b,0.07986303263007752,0.06693665880248141,0.524499903145478,-0.008175848077965158,0.010844014562765288,0.06693665880248141,-0.06110440468246211,0.019574626865119685,0.5216049382716049,4
0.0028173112035338814,0.022329190723753965,0.5,white,DITHER_blind,-0.10700513076705945,-0.08196704389656265,-0.02314703577261016,0.0838084404583231,0.005139861230083167,F6b,0.11245946846747318,0.07496876765563111,0.5230193565990945,-0.07431914285191694,-0.07496876765563111,0.018645647382850315,0.01723338970577953,-0.01807151381646982,0.5308641975308642,4
0.0026214998976847583,0.00923428793566447,0.0,white,NOATTACK,0.0,0.0,0.0,0.0,0.0,F6b,0.0,0.06506666936732622,0.0,0.0038382275330835817,0.02386616044066481,-0.034426753143187716,-0.024817896045567566,0.06506666936732622,0.0,5
0.0026214998976847583,0.00923428793566447,0.02,white,MEMLESS,0.05998303823218388,0.049413768261226135,0.016934189803214643,-0.030678067021857634,0.016407208658118108,F6b,0.05998303823218388,0.08147387802544433,0.34342233731642297,0.06382126576526746,0.07327992870189094,-0.017492563339973073,-0.0554959630674252,0.08147387802544433,0.017312850524262374,5
0.0026214998976847583,0.00923428793566447,0.02,white,CORR_L2_f0.0,0.011191342858037169,0.058226859441435616,0.025381160540860197,-0.020027055910086574,-0.042680324537011274,F6b,0.058226859441435616,0.08209301988210042,0.286659499453794,0.015029570391120751,0.08209301988210042,-0.009045592602327521,-0.04484495195565414,0.02238634483031494,0.015362106803218726,5
0.0026214998976847583,0.00923428793566447,0.02,white,CORR_L2_f0.15,0.013111959026531896,0.06646774307927054,0.035922267564582645,-0.015083846877174432,-0.02643513595611214,F6b,0.06646774307927054,0.09033390351993535,0.2962284822738039,0.016950186559615478,0.09033390351993535,0.0014955144213949288,-0.039901742922742,0.03863153341121408,0.015362106803218726,5
0.0026214998976847583,0.00923428793566447,0.02,white,CORR_L2_f0.3,0.026212379691650585,0.07657468236481675,0.04106966643060178,-0.01171783772342783,-0.024898488171861466,F6b,0.07657468236481675,0.10044084280548156,0.3053872848823648,0.030050607224734165,0.10044084280548156,0.006642913287414062,-0.036535733768995396,0.04016818119546475,0.01511826383808827,5
0.0026214998976847583,0.00923428793566447,0.02,white,CORR_L2_f0.5,0.02742196490169461,0.07962148447462326,0.034555778258669234,-0.02526934103366409,-0.002104803282396109,F6b,0.07962148447462326,0.10348764491528807,0.324127447005311,0.03126019243477819,0.10348764491528807,0.00012902511548151975,-0.050087237079231656,0.06296186608493011,0.01584979273347964,5
0.0026214998976847583,0.00923428793566447,0.02,white,CORR_L2_f0.7,0.04510601316523976,0.08080064952072945,0.02052266192566722,-0.030898708205670245,-0.0017445588513990556,F6b,0.08080064952072945,0.10466680996139426,0.3318706521564071,0.048944240698323344,0.10466680996139426,-0.013904091217520493,-0.05571660425123781,0.06332211051592716,0.01584979273347964,5
0.0026214998976847583,0.00923428793566447,0.02,white,CORR_L4_f0.0,0.011011946108604486,0.01763325189430619,-0.0017021176784524777,-0.013120469504168192,-0.013164092353988306,F6b,0.05074412368227412,0.05378188755761112,0.2682274209364975,0.014850173641688068,0.041499412334971,-0.036128870821640194,-0.03793836554973576,0.05190257701333791,0.016093635698610095,5
0.0026214998976847583,0.00923428793566447,0.02,white,CORR_L4_f0.15,0.0027383609281747966,0.015411383572571689,0.021947060446021634,-0.013974647978909491,-0.018050824062937558,F6b,0.03843754199299191,0.04701584530438866,0.27817786519426596,0.006576588461258378,0.0392775440132365,-0.01247969269716608,-0.03879254402447706,0.04701584530438866,0.014874420872957815,5
0.0026214998976847583,0.00923428793566447,0.02,white,CORR_L4_f0.3,0.010571916434982067,0.024263811379522642,0.03607414141405038,-0.01322264336944481,-0.014012467114330594,F6b,0.037631207624221875,0.051054202252995624,0.27753152774161677,0.014410143968065649,0.04812997182018745,0.0016473882708626661,-0.03804053941501238,0.051054202252995624,0.011460619361131432,5
0.0026214998976847583,0.00923428793566447,0.02,white,CORR_L4_f0.5,0.022479370780411803,0.054943730452228695,0.028775737723251597,-0.011990352485726396,-0.004518758443707402,F6b,0.054943730452228695,0.0788098908928935,0.3155710439844209,0.026317598313495384,0.0788098908928935,-0.00565101541993612,-0.03680824853129396,0.06054791092361882,0.015362106803218726,5
0.0026214998976847583,0.00923428793566447,0.02,white,CORR_L4_f0.7,0.04787495263722803,0.06726308154806983,0.00658077715694801,-0.025921320765079667,-0.0076697076690182345,F6b,0.06726308154806983,0.09112924198873464,0.3334915804894561,0.051713180170311616,0.09112924198873464,-0.027845975986239706,-0.050739216810647234,0.057396961698307984,0.016093635698610095,5
0.0026214998976847583,0.00923428793566447,0.02,white,CORR_L6_f0.0,0.009624286136022675,0.014875429497132827,-0.009764740203094362,-0.011079879903330942,-0.001334126500197902,F6b,0.03676386019772954,0.06373254286712832,0.2591414239996696,0.013462513669106257,0.03874158993779764,-0.04419149334628208,-0.03589777594889851,0.06373254286712832,0.016093635698610095,5
0.0026214998976847583,0.00923428793566447,0.02,white,CORR_L6_f0.15,0.030937538243290427,0.009977960291843873,0.0114009338370346,-0.02828564830944395,-0.028282343050014508,F6b,0.04418560082155339,0.053103544355011516,0.2733875392467497,0.03477576577637401,0.033844120732508684,-0.023025819306153116,-0.053103544355011516,0.03678432631731171,0.01511826383808827,5
0.0026214998976847583,0.00923428793566447,0.02,white,CORR_L6_f0.3,0.008381349171627629,0.01821454335982051,0.033857957749664755,-0.0030723447200195243,-0.005445787394937701,F6b,0.03825552164379671,0.05962088197238852,0.27671097833411984,0.01221957670471121,0.04208070380048532,-0.000568795393522963,-0.02789024076558709,0.05962088197238852,0.011704462326261888,5
0.0026214998976847583,0.00923428793566447,0.02,white,CORR_L6_f0.5,0.02378334157099542,0.05608641202424888,0.03122901864648782,-0.016234049161281832,-0.001640412375926964,F6b,0.05608641202424888,0.07995257246491369,0.3166698573305024,0.027621569104079,0.07995257246491369,-0.0031977344966998954,-0.0410519452068494,0.06342625699139925,0.015605949768349184,5
0.0026214998976847583,0.00923428793566447,0.02,white,CORR_L6_f0.7,0.04787495263722803,0.06726308154806983,0.00658077715694801,-0.025921320765079667,-0.0076697076690182345,F6b,0.06726308154806983,0.09112924198873464,0.3334915804894561,0.051713180170311616,0.09112924198873464,-0.027845975986239706,-0.050739216810647234,0.057396961698307984,0.016093635698610095,5
0.0026214998976847583,0.00923428793566447,0.02,white,CORR_L10_f0.0,0.028343950481042903,0.0001291490674460334,-0.013124985667189212,0.008478845171184368,-0.039433961412481275,F6b,0.039433961412481275,0.04755173881037693,0.25000009884971136,0.032182178014126483,0.023995309508110844,-0.04755173881037693,-0.0163390508743832,0.02563270795484494,0.015605949768349184,5
0.0026214998976847583,0.00923428793566447,0.02,white,CORR_L10_f0.15,0.035664080555023236,-0.0007417475564089684,0.008532838513994286,-0.01889595678335008,-0.025243895502087874,F6b,0.04546410394036207,0.050830112972387924,0.2737033051866233,0.03950230808810682,0.023124412884255843,-0.02589391462919343,-0.04371385282891765,0.039822773865238345,0.01584979273347964,5
0.0026214998976847583,0.00923428793566447,0.02,white,CORR_L10_f0.3,0.010586280494697045,0.01426297313190689,0.03233505839091846,0.0007333592377022323,-0.007792766086042513,F6b,0.040188053521133506,0.057273903281283706,0.27823461361543733,0.014424508027780628,0.0381291335725717,-0.002091694752269262,-0.024084536807865334,0.057273903281283706,0.011948305291392344,5
0.0026214998976847583,0.00923428793566447,0.02,white,CORR_L10_f0.5,0.02378334157099542,0.05608641202424888,0.03122901864648782,-0.016234049161281832,-0.001640412375926964,F6b,0.05608641202424888,0.07995257246491369,0.3166698573305024,0.027621569104079,0.07995257246491369,-0.0031977344966998954,-0.0410519452068494,0.06342625699139925,0.015605949768349184,5
0.0026214998976847583,0.00923428793566447,0.02,white,CORR_L10_f0.7,0.04787495263722803,0.06726308154806983,0.00658077715694801,-0.025921320765079667,-0.0076697076690182345,F6b,0.06726308154806983,0.09112924198873464,0.3334915804894561,0.051713180170311616,0.09112924198873464,-0.027845975986239706,-0.050739216810647234,0.057396961698307984,0.016093635698610095,5
0.0026214998976847583,0.00923428793566447,0.02,white,CORR_L20_f0.0,0.023157198421883136,-0.005219721002547903,-0.0023558153515069596,0.01228600950732201,-0.04794154856973462,F6b,0.04794154856973462,0.036782568494694676,0.21761587251954545,0.026995425954966717,0.018646439438116908,-0.036782568494694676,-0.012531886538245557,0.017125120797591594,0.012679834186783711,5
0.0026214998976847583,0.00923428793566447,0.02,white,CORR_L20_f0.15,0.035806683870428464,-0.0016325595723993523,0.010677651251280226,-0.024396912209294557,-0.03184372106051702,F6b,0.049836914342014864,0.055202923374040716,0.2625754803492108,0.03964491140351205,0.02223360086826546,-0.02374910189190749,-0.04921480825486212,0.0332229483068092,0.014630577907827359,5
0.0026214998976847583,0.00923428793566447,0.02,white,CORR_L20_f0.3,0.010586280494697045,0.01426297313190689,0.03233505839091846,0.0007333592377022323,-0.007792766086042513,F6b,0.040188053521133506,0.057273903281283706,0.27823461361543733,0.014424508027780628,0.0381291335725717,-0.002091694752269262,-0.024084536807865334,0.057273903281283706,0.011948305291392344,5
0.0026214998976847583,0.00923428793566447,0.02,white,CORR_L20_f0.5,0.02378334157099542,0.05608641202424888,0.03122901864648782,-0.016234049161281832,-0.001640412375926964,F6b,0.05608641202424888,0.07995257246491369,0.3166698573305024,0.027621569104079,0.07995257246491369,-0.0031977344966998954,-0.0410519452068494,0.06342625699139925,0.015605949768349184,5
0.0026214998976847583,0.00923428793566447,0.02,white,CORR_L20_f0.7,0.04787495263722803,0.06726308154806983,0.00658077715694801,-0.025921320765079667,-0.0076697076690182345,F6b,0.06726308154806983,0.09112924198873464,0.3334915804894561,0.051713180170311616,0.09112924198873464,-0.027845975986239706,-0.050739216810647234,0.057396961698307984,0.016093635698610095,5
0.0026214998976847583,0.00923428793566447,0.02,white,DITHER_s0.5,-0.014664992434908685,0.03769718066007477,0.07733355049014623,0.06275224474612559,-0.05765018475200885,F6b,0.07733355049014623,0.06156334110073958,0.08288465075230814,-0.010826764901825103,0.06156334110073958,0.04290679734695851,0.03793434870055803,0.007416484615317368,0.019019751280175568,5
0.0026214998976847583,0.00923428793566447,0.02,white,DITHER_s1.0,0.039722558691767974,-0.025464275989678226,0.035482286644719176,0.1083929942001276,-0.006264515685510938,F6b,0.1083929942001276,0.08357509815456003,0.057565842361487485,0.04356078622485156,-0.0015981155490134144,0.0010555335015314607,0.08357509815456003,0.05880215368181528,0.018532065349914657,5
0.0026214998976847583,0.00923428793566447,0.02,white,DITHER_s2.0,0.005189070064030483,-0.005414951537072953,-0.007416372514350962,-0.006976689484517174,-0.007212229349509519,F6b,0.008543338564014812,0.0578544400178167,0.016342863385646188,0.009027297597114065,0.018451208903591858,-0.04184312565753868,-0.03179458553008474,0.0578544400178167,0.021458180931480126,5
0.0026214998976847583,0.00923428793566447,0.02,white,DITHER_blind,0.001842970465935225,0.002906177114816628,0.0026690629791145046,0.008779125194225381,0.004117518806174017,F6b,0.008779125194225381,0.06918418817350024,0.013165009108558329,0.005681197999018807,0.02677233755548144,-0.03175769016407321,-0.016038770851342185,0.06918418817350024,0.021458180931480126,5
0.0026214998976847583,0.00923428793566447,0.05,white,MEMLESS,0.04584490270988171,0.03219109865597826,0.0214501887254767,-0.033781198178555405,-0.006714985971151312,F6b,0.04584490270988171,0.05859909422412297,0.4762586983637827,0.04968313024296529,0.056057259096643074,-0.012976564417711016,-0.05859909422412297,0.05835168339617491,0.0448671055840039,5
0.0026214998976847583,0.00923428793566447,0.05,white,CORR_L2_f0.0,0.03816108774114209,0.03187846193155097,0.01693280723598465,-0.018856688894780715,-0.005490451066336242,F6b,0.04711013047252634,0.059576218300989976,0.42209047435491803,0.04199931527422567,0.05574462237221579,-0.017493945907203066,-0.04367458494034828,0.059576218300989976,0.047793221165569374,5
0.0026214998976847583,0.00923428793566447,0.05,white,CORR_L2_f0.15,0.0356339232802035,0.028314626999218762,0.01734173855512303,-0.02655779670068004,-0.005945144358783995,F6b,0.044498574296681026,0.059121525008542224,0.42750840645408333,0.03947215081328708,0.05218078743988357,-0.017085014588064686,-0.051375692746247606,0.059121525008542224,0.0448671055840039,5
0.0026214998976847583,0.00923428793566447,0.05,white,CORR_L2_f0.3,0.03988022932588169,0.04177710768087424,0.028474752147276287,-0.028469275737324263,-0.0002056506986084783,F6b,0.047520030202756,0.06564326812153905,0.44478342629812867,0.04371845685896528,0.06564326812153905,-0.005952000995911429,-0.05328717178289183,0.06486101866871774,0.04559863447939527,5
0.0026214998976847583,0.00923428793566447,0.05,white,CORR_L2_f0.5,0.04570850179634466,0.009335893744540798,0.016015786944089686,-0.01612918035696635,-0.0036609080505475497,F6b,0.04570850179634466,0.06140576131677867,0.47107372867410646,0.049546729329428246,0.03320205418520561,-0.01841096619909803,-0.040947076402533915,0.06140576131677867,0.04803706413069983,5
0.0026214998976847583,0.00923428793566447,0.05,white,CORR_L2_f0.7,0.0360115750902945,0.01663575703316782,0.021398206179138304,-0.02466491983220565,0.003319378946560883,F6b,0.04063324812108941,0.0683860483138871,0.47223562854582707,0.03984980262337808,0.04050191747383263,-0.013028546964049412,-0.049482815877773215,0.0683860483138871,0.046086320409656184,5
0.0026214998976847583,0.00923428793566447,0.05,white,CORR_L4_f0.0,0.02671610890331712,0.021627577696605945,-0.018036678883004684,-0.021050199524209622,-0.014024203139233235,F6b,0.02671610890331712,0.0524634320261924,0.37109315034749235,0.0305543364364007,0.045493738137270756,-0.0524634320261924,-0.04586809556977719,0.051042466228092984,0.04633016337478664,5
0.0026214998976847583,0.00923428793566447,0.05,white,CORR_L4_f0.15,0.03608896145073076,0.016192275665099624,-0.009423064170630956,-0.0162202789185362,-0.006826824010474068,F6b,0.045959381539229446,0.05823984535685215,0.41762331569418604,0.039927188983814345,0.040058436105764435,-0.04384981731381867,-0.041038174964103766,0.05823984535685215,0.049987807851743477,5
0.0026214998976847583,0.00923428793566447,0.05,white,CORR_L4_f0.3,0.03828552538596254,0.0165518328100422,0.010241678971808551,-0.018834219437714145,0.0047832192087972625,F6b,0.03828552538596254,0.06984988857612348,0.43713874014052795,0.042123752919046124,0.04041799325070701,-0.024185074171379165,-0.04365211548328171,0.06984988857612348,0.04706169227017801,5
0.0026214998976847583,0.00923428793566447,0.05,white,CORR_L4_f0.5,0.03939135414244534,0.018586618660420166,0.022099173679693104,-0.015833293714106803,0.00829411284535797,F6b,0.04627318101895499,0.07336078221268419,0.45412027688929607,0.04322958167552892,0.04245277910108498,-0.012327579463494612,-0.04065118975967437,0.07336078221268419,0.04462326261887344,5
0.0026214998976847583,0.00923428793566447,0.05,white,CORR_L4_f0.7,0.03961153761883377,0.020872246677981602,0.015810695240887143,-0.02311669965624635,-0.001174425453190825,F6b,0.04184068143885021,0.0638922439141354,0.47807037033684674,0.043449765151917355,0.04473840711864641,-0.018616057902300573,-0.047934595701813916,0.0638922439141354,0.04803706413069983,5
0.0026214998976847583,0.00923428793566447,0.05,white,CORR_L6_f0.0,0.021946179476203136,0.016553221198442592,-0.024583473255409417,-0.005541671934315512,-0.0027691771857521544,F6b,0.026721730502128713,0.062297492181574064,0.34370109799324733,0.025784407009286716,0.0404193816391074,-0.05901022639859713,-0.030359567979883078,0.062297492181574064,0.04316020482809071,5
0.0026214998976847583,0.00923428793566447,0.05,white,CORR_L6_f0.15,0.03832412849173143,0.02012344000734693,-0.021207373005473693,-0.0200135733832577,0.01836499822320546,F6b,0.03832412849173143,0.08343166759053168,0.3974182531856077,0.042162356024815016,0.04398960044801174,-0.05563412614866141,-0.044831469428825266,0.08343166759053168,0.04706169227017801,5
0.0026214998976847583,0.00923428793566447,0.05,white,CORR_L6_f0.3,0.04039120141530625,0.01587428357222095,0.011232666742782584,-0.023696837994346496,0.008353884081469018,F6b,0.04039120141530625,0.07342055344879524,0.44009585849696703,0.04422942894838983,0.03974044401288576,-0.023194086400405132,-0.04851473403991406,0.07342055344879524,0.04803706413069983,5
0.0026214998976847583,0.00923428793566447,0.05,white,CORR_L6_f0.5,0.04164547289198781,0.017070992763380848,0.026285693590411358,-0.02216945863496066,0.0057235644321319695,F6b,0.04458847113372372,0.07079023379945819,0.4558286473831074,0.0454837004250714,0.04093715320404566,-0.008141059552776357,-0.046987354680528226,0.07079023379945819,0.04511094854913436,5
0.0026214998976847583,0.00923428793566447,0.05,white,CORR_L6_f0.7,0.03961153761883377,0.020872246677981602,0.015810695240887143,-0.02311669965624635,-0.001174425453190825,F6b,0.04184068143885021,0.0638922439141354,0.47807037033684674,0.043449765151917355,0.04473840711864641,-0.018616057902300573,-0.047934595701813916,0.0638922439141354,0.04803706413069983,5
0.0026214998976847583,0.00923428793566447,0.05,white,CORR_L10_f0.0,0.005642064121144739,0.008283169211656238,-0.012823960664302789,-0.005976662718195462,0.00027276463472925006,F6b,0.022726890892482147,0.06533943400205547,0.3042000340269762,0.009480291654228321,0.03214932965232105,-0.047250713807490505,-0.030794558763763028,0.06533943400205547,0.03462570104852475,5
0.0026214998976847583,0.00923428793566447,0.05,white,CORR_L10_f0.15,0.038968161397539135,0.013663398247153954,-0.021428553324153395,-0.023303717251786916,0.020012947233765344,F6b,0.038968161397539135,0.08507961660109156,0.40099186670770837,0.04280638893062272,0.037529558687818765,-0.05585530646734111,-0.04812161329735448,0.08507961660109156,0.04974396488661302,5
0.0026214998976847583,0.00923428793566447,0.05,white,CORR_L10_f0.3,0.03821234513865439,0.01862810815461102,0.00904854363179737,-0.021130675639733438,0.008125858725214125,F6b,0.03821234513865439,0.07319252809254034,0.437518823326922,0.04205057267173797,0.04249426859527583,-0.025378209511390346,-0.045948571685301004,0.07319252809254034,0.04730553523530846,5
0.0026214998976847583,0.00923428793566447,0.05,white,CORR_L10_f0.5,0.04164547289198781,0.017070992763380848,0.026285693590411358,-0.02216945863496066,0.0057235644321319695,F6b,0.04458847113372372,0.07079023379945819,0.4558286473831074,0.0454837004250714,0.04093715320404566,-0.008141059552776357,-0.046987354680528226,0.07079023379945819,0.04511094854913436,5
0.0026214998976847583,0.00923428793566447,0.05,white,CORR_L10_f0.7,0.03961153761883377,0.020872246677981602,0.015810695240887143,-0.02311669965624635,-0.001174425453190825,F6b,0.04184068143885021,0.0638922439141354,0.47807037033684674,0.043449765151917355,0.04473840711864641,-0.018616057902300573,-0.047934595701813916,0.0638922439141354,0.04803706413069983,5
0.0026214998976847583,0.00923428793566447,0.05,white,CORR_L20_f0.0,0.030003282762516927,2.000069629693249e-05,-0.017315549954223998,0.0077247747639968035,-0.04588241797132601,F6b,0.04588241797132601,0.051742303097411714,0.26504165154368114,0.03384151029560051,0.023886161136961744,-0.051742303097411714,-0.017093121281570763,0.01918425139600021,0.025359668373567422,5
0.0026214998976847583,0.00923428793566447,0.05,white,CORR_L20_f0.15,0.039657811696285385,0.016276059862992024,-0.02304938980766305,-0.02081068069278959,0.01592619091762494,F6b,0.039657811696285385,0.08099286028495116,0.40406892337048356,0.04349603922936897,0.040142220303656835,-0.05747614295085077,-0.04562857673835716,0.08099286028495116,0.050719336747134844,5
0.0026214998976847583,0.00923428793566447,0.05,white,CORR_L20_f0.3,0.03821234513865439,0.01862810815461102,0.00904854363179737,-0.021130675639733438,0.008125858725214125,F6b,0.03821234513865439,0.07319252809254034,0.437518823326922,0.04205057267173797,0.04249426859527583,-0.025378209511390346,-0.045948571685301004,0.07319252809254034,0.04730553523530846,5
0.0026214998976847583,0.00923428793566447,0.05,white,CORR_L20_f0.5,0.04164547289198781,0.017070992763380848,0.026285693590411358,-0.02216945863496066,0.0057235644321319695,F6b,0.04458847113372372,0.07079023379945819,0.4558286473831074,0.0454837004250714,0.04093715320404566,-0.008141059552776357,-0.046987354680528226,0.07079023379945819,0.04511094854913436,5
0.0026214998976847583,0.00923428793566447,0.05,white,CORR_L20_f0.7,0.03961153761883377,0.020872246677981602,0.015810695240887143,-0.02311669965624635,-0.001174425453190825,F6b,0.04184068143885021,0.0638922439141354,0.47807037033684674,0.043449765151917355,0.04473840711864641,-0.018616057902300573,-0.047934595701813916,0.0638922439141354,0.04803706413069983,5
0.0026214998976847583,0.00923428793566447,0.05,white,DITHER_s0.5,0.008336437407984256,-0.02635018264602032,-0.002725372755747836,0.005974674215353696,0.02985524181078049,F6b,0.032187444892701755,0.09492191117810671,0.058355131098826514,0.012174664941067838,-0.0024840222053555076,-0.03715212589893555,-0.01884322183021387,0.09492191117810671,0.0487685930260912,5
0.0026214998976847583,0.00923428793566447,0.05,white,DITHER_s1.0,-0.10200682731022542,0.05244340221779151,-0.019420351094220474,0.08795113260812325,-0.07523710074867052,F6b,0.10200682731022542,0.09816859977714185,0.09226825855694344,-0.09816859977714185,0.07630956265845631,-0.05384710423740819,0.06313323656255568,-0.010170431381344299,0.04925627895635211,5
0.0026214998976847583,0.00923428793566447,0.05,white,DITHER_s2.0,0.03815054754238356,0.00786939683740288,0.054721169360948944,0.0341460601209959,-0.015448807574331598,F6b,0.054721169360948944,0.04961786179299462,0.059321132863585195,0.041988775075467145,0.03173555727806769,0.02029441621776123,0.009328164075428334,0.04961786179299462,0.04925627895635211,5
0.0026214998976847583,0.00923428793566447,0.05,white,DITHER_blind,0.04773997698534597,-0.03483627744015645,0.004326126110655113,-0.03455968480706369,0.0035883776428966424,F6b,0.04870234062969714,0.06865504701022286,0.05909193786986596,0.05157820451842955,-0.010970116999491637,-0.030100627032532603,-0.05937758085263125,0.06865504701022286,0.0509631797122653,5
0.0026214998976847583,0.00923428793566447,0.1,white,MEMLESS,-0.004947491831171049,-0.017034522046250406,-0.013491509875737356,-0.041924919814098766,-0.016066434160258457,F6b,0.041924919814098766,0.06674281585966634,0.6165645061568314,-0.0011092642980874668,0.006831638394414404,-0.04791826301892507,-0.06674281585966634,0.04900023520706776,0.0980248719824433,5
0.0026214998976847583,0.00923428793566447,0.1,white,CORR_L2_f0.0,0.03836444554590453,0.0036820383453394154,-0.0014934229499509802,-0.03577738684314331,-0.007077927225030874,F6b,0.04692129071800588,0.06059528288871088,0.5353755797495242,0.04220267307898811,0.027548198786004226,-0.035920176093138696,-0.06059528288871088,0.057988742142295345,0.0936356986100951,5
0.0026214998976847583,0.00923428793566447,0.1,white,CORR_L2_f0.15,0.033426029492092196,0.006004461585634342,-0.009404216992512801,-0.03653050279118207,-0.02023290394291933,F6b,0.042652888557270494,0.06134839883674964,0.5550324043340442,0.03726425702517578,0.029870622026299153,-0.04383097013570052,-0.06134839883674964,0.04483376542440689,0.09656181419166057,5
0.0026214998976847583,0.00923428793566447,0.1,white,CORR_L2_f0.3,0.023232305623738556,0.013428642757637183,-0.0114081055284216,-0.03255870398353991,-0.02833590940253595,F6b,0.03998716894871392,0.05737660002910748,0.5695517811824675,0.027070533156822136,0.037294803198301994,-0.045834858671609316,-0.05737660002910748,0.03673075996479027,0.09509875640087784,5
0.0026214998976847583,0.00923428793566447,0.1,white,CORR_L2_f0.5,0.021810551121754257,0.011958350514357199,-0.013005350270445318,-0.029948339883166846,-0.026289870749648357,F6b,0.03723286605741773,0.05476623592873441,0.595095894150636,0.025648778654837837,0.03582451095502201,-0.047432103413633034,-0.05476623592873441,0.03877679861767786,0.09729334308705194,5
0.0026214998976847583,0.00923428793566447,0.1,white,CORR_L2_f0.7,0.006513286799430109,-0.008109796058155885,-0.01076217656939947,-0.02519482541433175,-0.009778610192368795,F6b,0.03802401640688434,0.055288059174957424,0.6113477299177827,0.010351514332513691,0.015756364382508926,-0.045188929712587186,-0.050012721459899316,0.055288059174957424,0.09875640087783467,5
0.0026214998976847583,0.00923428793566447,0.1,white,CORR_L4_f0.0,0.034884115054056114,0.006728990829408327,-0.004140408942665763,-0.021703257403943358,-0.001956705601433212,F6b,0.049292040377468524,0.063109963765893,0.48630077699874774,0.0387223425871397,0.03059515127007314,-0.03856716208585348,-0.046521153449510924,0.063109963765893,0.09875640087783467,5
0.0026214998976847583,0.00923428793566447,0.1,white,CORR_L4_f0.15,0.03866217483778945,-0.004988743981965849,-0.011935707322881822,-0.04285686367267505,-0.009761958014309999,F6b,0.04285686367267505,0.06767475971824262,0.5209097630772599,0.04250040237087303,0.018877416458698962,-0.04636246046606954,-0.06767475971824262,0.05530471135301622,0.09509875640087784,5
0.0026214998976847583,0.00923428793566447,0.1,white,CORR_L4_f0.3,0.03998613518623929,-0.008857542700280444,-0.012545549249019336,-0.04231154757125408,-0.002993258558355097,F6b,0.048868821107203725,0.06712944361682165,0.5441326805784255,0.04382436271932287,0.015008617740384367,-0.04697230239220705,-0.06712944361682165,0.06207341080897112,0.08997805413313825,5
0.0026214998976847583,0.00923428793566447,0.1,white,CORR_L4_f0.5,0.027585841367245793,0.016039463910163452,-0.0002741054106042487,-0.03292649816379964,-0.02339817886053535,F6b,0.04047937545768935,0.05774439420936721,0.5859927602956485,0.03142406890032937,0.03990562435082826,-0.034700858553791965,-0.05774439420936721,0.04166849050679087,0.09461107047061693,5
0.0026214998976847583,0.00923428793566447,0.1,white,CORR_L4_f0.7,0.014152976690943763,-0.007373185527236623,-0.011005596731795214,-0.02668954302773374,-0.010472627390292241,F6b,0.03780989578634217,0.05459404197703398,0.6066847072118051,0.017991204224027346,0.016492974913428188,-0.04543234987498293,-0.051507439073301305,0.05459404197703398,0.09729334308705194,5
0.0026214998976847583,0.00923428793566447,0.1,white,CORR_L6_f0.0,0.027743104943492487,0.0003022593575785805,-0.017040437073018153,-0.02230621741095806,-0.016474530875571734,F6b,0.04982319234473728,0.058604718287096375,0.46960753809567923,0.03158133247657607,0.02416841979824339,-0.05146719021620587,-0.047124113456525625,0.048592138491754484,0.10802243355279201,5
0.0026214998976847583,0.00923428793566447,0.1,white,CORR_L6_f0.15,0.03955202531664083,-0.0038163054988512198,-0.01969056145406825,-0.03543993618787561,-0.008327585164810657,F6b,0.045380716058133055,0.06025783223344318,0.5220970557175018,0.04339025284972441,0.02004985494181359,-0.05411731459725597,-0.06025783223344318,0.05673908420251556,0.10387710314557425,5
0.0026214998976847583,0.00923428793566447,0.1,white,CORR_L6_f0.3,0.0410781214321916,-0.006456186835379324,-0.013941222170220771,-0.044786172792668194,-0.0033895189702806694,F6b,0.04897424886485029,0.06960406883823576,0.5429700892894627,0.04491634896527518,0.017409973605285487,-0.04836797531340849,-0.06960406883823576,0.06167715039704555,0.09095342599366009,5
0.0026214998976847583,0.00923428793566447,0.1,white,CORR_L6_f0.5,0.033964023795112,0.007115714584799055,-0.004344055958782823,-0.034838442454385984,-0.01820542696939842,F6b,0.04087376144867537,0.05965633849995355,0.5862419352610492,0.037802251328195584,0.030981875025463866,-0.03877080910197054,-0.05965633849995355,0.0468612423979278,0.09485491343574738,5
0.0026214998976847583,0.00923428793566447,0.1,white,CORR_L6_f0.7,0.014152976690943763,-0.007373185527236623,-0.011005596731795214,-0.02668954302773374,-0.010472627390292241,F6b,0.03780989578634217,0.05459404197703398,0.6066847072118051,0.017991204224027346,0.016492974913428188,-0.04543234987498293,-0.051507439073301305,0.05459404197703398,0.09729334308705194,5
0.0026214998976847583,0.00923428793566447,0.1,white,CORR_L10_f0.0,0.02626676477713327,0.014979885177787252,-0.02724217710324768,-0.02334892864143014,-0.012051563785883075,F6b,0.037402653761360746,0.0616689302464354,0.44274053520830414,0.03010499231021685,0.03884604561845206,-0.0616689302464354,-0.048166824686997706,0.053015105581443144,0.11046086320409657,5
0.0026214998976847583,0.00923428793566447,0.1,white,CORR_L10_f0.15,0.03782105937729177,0.006164791281807833,-0.00954038333143506,-0.02712226685268136,0.0013738876979805664,F6b,0.05396863218091484,0.06644055706530679,0.4969984977442959,0.041659286910375355,0.030030951722472644,-0.043967136474622776,-0.051940162898248925,0.06644055706530679,0.09290416971470374,5
0.0026214998976847583,0.00923428793566447,0.1,white,CORR_L10_f0.3,0.040193712423470064,-0.0036452737641832107,-0.012294502888186856,-0.041262484315986725,-0.010915329616858822,F6b,0.041989173527562276,0.0660803803615543,0.5397760426513746,0.04403193995655365,0.0202208866764816,-0.04672125603137457,-0.0660803803615543,0.054151339750467396,0.0897342111680078,5
0.0026214998976847583,0.00923428793566447,0.1,white,CORR_L10_f0.5,0.033964023795112,0.007115714584799055,-0.004344055958782823,-0.034838442454385984,-0.01820542696939842,F6b,0.04087376144867537,0.05965633849995355,0.5862419352610492,0.037802251328195584,0.030981875025463866,-0.03877080910197054,-0.05965633849995355,0.0468612423979278,0.09485491343574738,5
0.0026214998976847583,0.00923428793566447,0.1,white,CORR_L10_f0.7,0.014152976690943763,-0.007373185527236623,-0.011005596731795214,-0.02668954302773374,-0.010472627390292241,F6b,0.03780989578634217,0.05459404197703398,0.6066847072118051,0.017991204224027346,0.016492974913428188,-0.04543234987498293,-0.051507439073301305,0.05459404197703398,0.09729334308705194,5
0.0026214998976847583,0.00923428793566447,0.1,white,CORR_L20_f0.0,0.009137510686875091,0.006156801593993084,-0.008364548431222453,-0.0009184916222332376,-0.011873129540856779,F6b,0.031706352974132865,0.05319353982646944,0.33341363863601536,0.012975738219958673,0.030022962034657895,-0.04279130157441017,-0.025736387667800804,0.05319353982646944,0.058522311631309436,5
0.0026214998976847583,0.00923428793566447,0.1,white,CORR_L20_f0.15,0.03856802680460116,0.007769402955381779,-0.007556916811837962,-0.029458967855879276,0.0024691761513273153,F6b,0.055935984233142805,0.06753584551865353,0.4947308756893989,0.042406254337684746,0.03163556339604659,-0.04198366995502568,-0.05427686390144684,0.06753584551865353,0.0936356986100951,5
0.0026214998976847583,0.00923428793566447,0.1,white,CORR_L20_f0.3,0.040193712423470064,-0.0036452737641832107,-0.012294502888186856,-0.041262484315986725,-0.010915329616858822,F6b,0.041989173527562276,0.0660803803615543,0.5397760426513746,0.04403193995655365,0.0202208866764816,-0.04672125603137457,-0.0660803803615543,0.054151339750467396,0.0897342111680078,5
0.0026214998976847583,0.00923428793566447,0.1,white,CORR_L20_f0.5,0.033964023795112,0.007115714584799055,-0.004344055958782823,-0.034838442454385984,-0.01820542696939842,F6b,0.04087376144867537,0.05965633849995355,0.5862419352610492,0.037802251328195584,0.030981875025463866,-0.03877080910197054,-0.05965633849995355,0.0468612423979278,0.09485491343574738,5
0.0026214998976847583,0.00923428793566447,0.1,white,CORR_L20_f0.7,0.014152976690943763,-0.007373185527236623,-0.011005596731795214,-0.02668954302773374,-0.010472627390292241,F6b,0.03780989578634217,0.05459404197703398,0.6066847072118051,0.017991204224027346,0.016492974913428188,-0.04543234987498293,-0.051507439073301305,0.05459404197703398,0.09729334308705194,5
0.0026214998976847583,0.00923428793566447,0.1,white,DITHER_s0.5,0.0024665293320948055,0.007574256169724441,-0.016477965094875376,-0.010779931765990614,-0.01814137713286696,F6b,0.05997726853277034,0.06191836962826064,0.1383126327149781,0.006304756865178387,0.03144041661038925,-0.05090471823806309,-0.03559782781155818,0.04692529223445926,0.09729334308705194,5
0.0026214998976847583,0.00923428793566447,0.1,white,DITHER_s1.0,0.008056963863984721,0.030219916979064395,0.03602577169773085,0.06350704057665203,-0.07818261328290627,F6b,0.07818261328290627,0.054086077419729206,0.18121573776347974,0.011895191397068303,0.054086077419729206,0.0015990185545431362,0.03868914453108446,-0.013115943915580047,0.10607168983174835,5
0.0026214998976847583,0.00923428793566447,0.1,white,DITHER_s2.0,0.07452437406808568,-0.04560718262477869,0.036803550393405514,0.08551325250520085,-0.030582641738045042,F6b,0.08551325250520085,0.07836260160116926,0.14407696215563454,0.07836260160116926,-0.02174102218411388,0.0023767972502177987,0.06069535645963328,0.034484027629281176,0.08949036820287734,5
0.0026214998976847583,0.00923428793566447,0.1,white,DITHER_blind,0.010144239746286065,-0.02449337361168362,-0.017446930870699283,0.0018102174461842938,-0.0336346850518522,F6b,0.0336346850518522,0.051873684013887,0.08148433172113528,0.013982467279369647,-0.0006272131710188079,-0.051873684013887,-0.023007678599383272,0.03143198431547402,0.10241404535479151,5
0.0026214998976847583,0.00923428793566447,0.2,white,MEMLESS,-0.045952808977224195,-0.03884878373084536,-0.01406852639683643,-0.03877579202787372,-0.018332768642206017,F6b,0.0482596837807347,0.06359368807344129,0.7682613603581449,-0.04211458144414061,-0.014982623290180548,-0.048495279540024146,-0.06359368807344129,0.0467339007251202,0.19800048768593026,5
0.0026214998976847583,0.00923428793566447,0.2,white,CORR_L2_f0.0,-0.0017776140869530618,-0.024467319439243976,-0.026973522920148797,-0.028278049571856863,-0.01897631774739829,F6b,0.049047746723833045,0.06140027606333651,0.6844280893924913,0.00206061344613052,-0.0006011589985791656,-0.06140027606333651,-0.05309594561742443,0.04609035161992793,0.19580590099975614,5
0.0026214998976847583,0.00923428793566447,0.2,white,CORR_L2_f0.15,-0.010253301265908833,-0.03169099530400574,-0.03095935072619424,-0.03421474215225319,-0.027329228177181156,F6b,0.047946195066067294,0.06538610386938196,0.7015935481595065,-0.006415073732825251,-0.007824834863340924,-0.06538610386938196,-0.05903263819782076,0.03773744119014506,0.19629358693001706,5
0.0026214998976847583,0.00923428793566447,0.2,white,CORR_L2_f0.3,-0.016174968028150175,-0.030602109525296295,-0.033269661766176975,-0.04387378403348216,-0.02522135129988931,F6b,0.04454182638140358,0.06869168007904973,0.7202552063895084,-0.012336740495066592,-0.006735949084631482,-0.06769641490936469,-0.06869168007904973,0.03984531806743691,0.1938551572787125,5
0.0026214998976847583,0.00923428793566447,0.2,white,CORR_L2_f0.5,-0.015449741893899187,-0.027815002370332517,-0.02957596351699035,-0.03952549797500292,-0.02025261864312477,F6b,0.048872821464391314,0.06434339402057049,0.7416850701312181,-0.011611514360815605,-0.0039488419296677055,-0.06400271666017807,-0.06434339402057049,0.04481405072420145,0.19580590099975614,5
0.0026214998976847583,0.00923428793566447,0.2,white,CORR_L2_f0.7,-0.019009232166969463,-0.0326970890808146,-0.02441360922281833,-0.0484228473776831,-0.025174455009350956,F6b,0.056141359162816304,0.07324074342325067,0.7573851643072278,-0.015171004633885881,-0.008830928640149786,-0.058840362366006045,-0.07324074342325067,0.03989221435797526,0.19483052913923432,5
0.0026214998976847583,0.00923428793566447,0.2,white,CORR_L4_f0.0,0.023346122926188012,-0.010218430329328563,-0.01680170818880424,-0.028440831259680308,-0.03364798169528097,F6b,0.04177226660564225,0.053258727305247874,0.62264268103512,0.027184350459271592,0.013647730111336248,-0.05122846133199196,-0.053258727305247874,0.03141868767204525,0.19653742989514753,5
0.0026214998976847583,0.00923428793566447,0.2,white,CORR_L4_f0.15,0.0074882031808420815,-0.011693535782930732,-0.02085338250683101,-0.035323127739925936,-0.0035530586042650317,F6b,0.03995249591089617,0.06151361076306119,0.6706455102905674,0.011326430713925664,0.012172624657734079,-0.05528013565001873,-0.060141023785493505,0.06151361076306119,0.19848817361619117,5
0.0026214998976847583,0.00923428793566447,0.2,white,CORR_L4_f0.3,-0.0019163624486205726,-0.025277144008402305,-0.021802572819908522,-0.038560208363252316,-0.0017901484806882306,F6b,0.042813609847781535,0.06337810440881989,0.7037758791555098,0.001921865084463009,-0.0014109835677374929,-0.05622932596309624,-0.06337810440881989,0.06327652088663799,0.1955620580346257,5
0.0026214998976847583,0.00923428793566447,0.2,white,CORR_L4_f0.5,-0.00947238231655385,-0.027200017194392967,-0.026916895892141898,-0.03707349670178889,-0.013247063351791252,F6b,0.04713735966015852,0.06189139274735646,0.734918348851658,-0.005634154783470268,-0.0033338567537281568,-0.061343649035329614,-0.06189139274735646,0.051819606015534966,0.19483052913923432,5
0.0026214998976847583,0.00923428793566447,0.2,white,CORR_L4_f0.7,-0.015007720199818981,-0.03493261773836684,-0.021469089544718628,-0.04721053373298793,-0.021485145676728983,F6b,0.05355078757216715,0.0720284297785555,0.7566415245887455,-0.0111694926667354,-0.011066457297702025,-0.055895842687906344,-0.0720284297785555,0.043581523690597236,0.19483052913923432,5
0.0026214998976847583,0.00923428793566447,0.2,white,CORR_L6_f0.0,0.024367355604403063,-0.015020488120589955,-0.021275097079454908,-0.02190154158724873,-0.026849310786636826,F6b,0.03869875686409059,0.055701850222642624,0.6024986734365105,0.028205583137486643,0.008845672320074856,-0.055701850222642624,-0.046719437632816295,0.03821735858068939,0.20531577663984393,5
0.0026214998976847583,0.00923428793566447,0.2,white,CORR_L6_f0.15,0.01661159365998397,-0.016811043293707216,-0.011209948890095578,-0.009105732308353282,-0.025442701828959524,F6b,0.03494082372825717,0.045636702033283294,0.6495680365553649,0.02044982119306755,0.007055117146957594,-0.045636702033283294,-0.03392362835392085,0.039623967538366694,0.1938551572787125,5
0.0026214998976847583,0.00923428793566447,0.2,white,CORR_L6_f0.3,0.0026339952790574122,-0.021973935548203063,-0.027942968629993868,-0.0372665846764316,-0.00828046654872671,F6b,0.046866872091489216,0.062369721773181584,0.6947754553078461,0.006472222812140994,0.0018922248924617474,-0.062369721773181584,-0.062084480721999166,0.05678620281859951,0.1906851987320166,5
0.0026214998976847583,0.00923428793566447,0.2,white,CORR_L6_f0.5,-0.008629460347581492,-0.0275752940319785,-0.028448040065774075,-0.03606695706056598,-0.013307558476496381,F6b,0.04427102520411949,0.06287479320896179,0.7361925452130531,-0.00479123281449791,-0.0037091335913136893,-0.06287479320896179,-0.06088485310613355,0.05175911089082984,0.19629358693001706,5
0.0026214998976847583,0.00923428793566447,0.2,white,CORR_L6_f0.7,-0.015007720199818981,-0.03493261773836684,-0.021469089544718628,-0.04721053373298793,-0.021485145676728983,F6b,0.05355078757216715,0.0720284297785555,0.7566415245887455,-0.0111694926667354,-0.011066457297702025,-0.055895842687906344,-0.0720284297785555,0.043581523690597236,0.19483052913923432,5
0.0026214998976847583,0.00923428793566447,0.2,white,CORR_L10_f0.0,0.025163754457219856,-0.005073160227333246,-0.018648569531794112,-0.0018898972060052456,-0.01183373885353646,F6b,0.0325977446894589,0.05323293051378976,0.5645647758822301,0.029001981990303436,0.018793000213331565,-0.05307532267498183,-0.02670779325157281,0.05323293051378976,0.20409656181419167,5
0.0026214998976847583,0.00923428793566447,0.2,white,CORR_L10_f0.15,0.027647578651059445,-0.019636252216649375,-0.016199824752928173,-0.01696004413938246,-0.016381908810499453,F6b,0.03911000173614019,0.05062657789611589,0.6423677837947691,0.031485806184143025,0.0042299082240154365,-0.05062657789611589,-0.04177794018495003,0.048684760556826766,0.19312362838332114,5
0.0026214998976847583,0.00923428793566447,0.2,white,CORR_L10_f0.3,0.00300984634955906,-0.02384338616022029,-0.030546006222653466,-0.03498667179487373,-0.00695901240866393,F6b,0.05092060151329683,0.06497275936584118,0.6941024207891399,0.006848073882642642,2.277428044452244e-05,-0.06497275936584118,-0.0598045678404413,0.05810765695866229,0.1894659839063643,5
0.0026214998976847583,0.00923428793566447,0.2,white,CORR_L10_f0.5,-0.008629460347581492,-0.0275752940319785,-0.028448040065774075,-0.03606695706056598,-0.013307558476496381,F6b,0.04427102520411949,0.06287479320896179,0.7361925452130531,-0.00479123281449791,-0.0037091335913136893,-0.06287479320896179,-0.06088485310613355,0.05175911089082984,0.19629358693001706,5
0.0026214998976847583,0.00923428793566447,0.2,white,CORR_L10_f0.7,-0.015007720199818981,-0.03493261773836684,-0.021469089544718628,-0.04721053373298793,-0.021485145676728983,F6b,0.05355078757216715,0.0720284297785555,0.7566415245887455,-0.0111694926667354,-0.011066457297702025,-0.055895842687906344,-0.0720284297785555,0.043581523690597236,0.19483052913923432,5
0.0026214998976847583,0.00923428793566447,0.2,white,CORR_L20_f0.0,0.024963081960246623,0.004413792900364279,-0.01773228293279979,-0.011452236563285981,-0.013306305622942792,F6b,0.02785766394528517,0.05215903607598751,0.5519254422880971,0.028801309493330204,0.02827995334102909,-0.05215903607598751,-0.03627013260885355,0.05176036374438343,0.23750304803706412,5
0.0026214998976847583,0.00923428793566447,0.2,white,CORR_L20_f0.15,0.025909250900500634,-0.01947066831234101,-0.016949171441716517,-0.013573894905914003,-0.019711128611428833,F6b,0.040721391865613854,0.05137592458490423,0.6451582935733106,0.029747478433584214,0.004395492128323799,-0.05137592458490423,-0.03839179095148157,0.045355540755897386,0.1999512314069739,5
0.0026214998976847583,0.00923428793566447,0.2,white,CORR_L20_f0.3,0.00300984634955906,-0.02384338616022029,-0.030546006222653466,-0.03498667179487373,-0.00695901240866393,F6b,0.05092060151329683,0.06497275936584118,0.6941024207891399,0.006848073882642642,2.277428044452244e-05,-0.06497275936584118,-0.0598045678404413,0.05810765695866229,0.1894659839063643,5
0.0026214998976847583,0.00923428793566447,0.2,white,CORR_L20_f0.5,-0.008629460347581492,-0.0275752940319785,-0.028448040065774075,-0.03606695706056598,-0.013307558476496381,F6b,0.04427102520411949,0.06287479320896179,0.7361925452130531,-0.00479123281449791,-0.0037091335913136893,-0.06287479320896179,-0.06088485310613355,0.05175911089082984,0.19629358693001706,5
0.0026214998976847583,0.00923428793566447,0.2,white,CORR_L20_f0.7,-0.015007720199818981,-0.03493261773836684,-0.021469089544718628,-0.04721053373298793,-0.021485145676728983,F6b,0.05355078757216715,0.0720284297785555,0.7566415245887455,-0.0111694926667354,-0.011066457297702025,-0.055895842687906344,-0.0720284297785555,0.043581523690597236,0.19483052913923432,5
0.0026214998976847583,0.00923428793566447,0.2,white,DITHER_s0.5,0.009151400265125498,0.02798900125386553,0.09142351814639493,-0.001989326491597058,-0.06585211072345773,F6b,0.09142351814639493,0.056996765003207224,0.29695528720701647,0.01298962779820908,0.05185516169453034,0.056996765003207224,-0.026807222537164624,-0.0007854413561315106,0.19092904169714703,5
0.0026214998976847583,0.00923428793566447,0.2,white,DITHER_s1.0,0.012661448298322648,-0.004729753732136445,0.03286791882500478,-0.03185778013462155,-0.019196924018112918,F6b,0.03980576738543401,0.056675676180189115,0.22268339700320228,0.01649967583140623,0.019136406708528366,-0.0015588343181829306,-0.056675676180189115,0.0458697453492133,0.19483052913923432,5
0.0026214998976847583,0.00923428793566447,0.2,white,DITHER_s2.0,0.03296295048620246,-0.054222595864328565,0.0027994962129990336,0.01638954795246822,0.009359966376327869,F6b,0.054222595864328565,0.07442663574365409,0.19132679277722828,0.03680117801928604,-0.030356435423663758,-0.03162725693018868,-0.008428348093099345,0.07442663574365409,0.19190441355766885,5
0.0026214998976847583,0.00923428793566447,0.2,white,DITHER_blind,-0.002028138283468304,-0.01629102154274571,0.06555073149044126,-0.009078253144252615,-0.0205377724209758,F6b,0.06555073149044126,0.04824474387467228,0.20195688568053238,0.0018100892496152774,0.007575138897919101,0.031123978347253545,-0.03389614918982018,0.04452889694635042,0.20190197512801755,5
0.0026214998976847583,0.00923428793566447,0.3,white,MEMLESS,-0.05374361405636999,-0.049240189209936634,-0.022523668453452494,-0.036116855037590906,-0.018478855973781794,F6b,0.05374361405636999,0.06093475108315847,0.8591659854882867,-0.0499053865232864,-0.025374028769271823,-0.05695042159664021,-0.06093475108315847,0.046587813393544425,0.29748841745915633,5
0.0026214998976847583,0.00923428793566447,0.3,white,CORR_L2_f0.0,-0.02106743232954997,-0.031787564397755416,-0.0228922315882912,-0.05766224619234861,-0.02030310547307248,F6b,0.05766224619234861,0.08248014223791618,0.7785644768336616,-0.01722920479646639,-0.007921403957090607,-0.057318984731478916,-0.08248014223791618,0.04476356389425374,0.2940746159473299,5
0.0026214998976847583,0.00923428793566447,0.3,white,CORR_L2_f0.15,-0.028022813424777655,-0.02868413347498056,-0.02050134013943848,-0.04982457036624377,-0.02013952403058334,F6b,0.04982457036624377,0.07464246641181134,0.7922963233470712,-0.024184585891694074,-0.004817973034315748,-0.0549280932826262,-0.07464246641181134,0.04492714533674288,0.2891977566447208,5
0.0026214998976847583,0.00923428793566447,0.3,white,CORR_L2_f0.3,-0.030935074264807735,-0.034344783822802434,-0.022253532490055426,-0.04791846708217866,-0.00486977713792177,F6b,0.04791846708217866,0.07273636312774623,0.815988192604878,-0.027096846731724154,-0.010478623382137621,-0.05668028563324314,-0.07273636312774623,0.06019689222940445,0.29504998780785174,5
0.0026214998976847583,0.00923428793566447,0.3,white,CORR_L2_f0.5,-0.047518793474832316,-0.042401966214398665,-0.02112348209217095,-0.04021369140312048,-0.010251054648593855,F6b,0.047518793474832316,0.06503158744868805,0.835578909255432,-0.04368056594174873,-0.018535805773733854,-0.055550235235358666,-0.06503158744868805,0.054815614718732364,0.29236771519141674,5
0.0026214998976847583,0.00923428793566447,0.3,white,CORR_L2_f0.7,-0.05191538520488472,-0.044288143993591704,-0.03493850655346607,-0.030456298666927697,-0.005554094074201953,F6b,0.05191538520488472,0.06936525969665379,0.8520285097854767,-0.04807715767180114,-0.020421983552926893,-0.06936525969665379,-0.05527419471249526,0.059512575293124266,0.29724457449402586,5
0.0026214998976847583,0.00923428793566447,0.3,white,CORR_L4_f0.0,-0.0027303930818133055,-0.018171356194749647,-0.02454875816984118,-0.034173044514226786,-0.01666252112691602,F6b,0.04067920283712286,0.058990940559794355,0.7286304684889351,0.001107834451270276,0.005694804245915165,-0.058975511313028896,-0.058990940559794355,0.0484041482404102,0.3082175079248964,5
0.0026214998976847583,0.00923428793566447,0.3,white,CORR_L4_f0.15,0.000599142206720736,-0.03325837496389043,-0.02861235460039971,-0.039745634136931496,-0.014934730460596221,F6b,0.039745634136931496,0.06456353018249907,0.7601748936073729,0.004437369739804318,-0.009392214523225625,-0.06303910774358742,-0.06456353018249907,0.05013193890673,0.29163618629602533,5
0.0026214998976847583,0.00923428793566447,0.3,white,CORR_L4_f0.3,-0.015079047259258786,-0.04064026367499516,-0.019824088220016085,-0.04903006192634406,-0.017018086576862136,F6b,0.04903006192634406,0.07384795797191163,0.7966530882486661,-0.011240819726175204,-0.01677410323433035,-0.0542508413632038,-0.07384795797191163,0.04804858279046408,0.29383077298219945,5
0.0026214998976847583,0.00923428793566447,0.3,white,CORR_L4_f0.5,-0.026653901224047056,-0.03632138652872627,-0.021713856232582977,-0.04440964013306892,-0.011668479358981354,F6b,0.04813987377903825,0.06922753617863649,0.8281255190193527,-0.022815673690963476,-0.01245522608806146,-0.05614060937577069,-0.06922753617863649,0.053398190008344865,0.29114850036576445,5
0.0026214998976847583,0.00923428793566447,0.3,white,CORR_L4_f0.7,-0.04737700778881877,-0.04074449163029586,-0.0330724041894425,-0.028814027498675617,-0.0031428807272761775,F6b,0.04737700778881877,0.06749915733263022,0.8504909267511135,-0.04353878025573519,-0.016878331189631047,-0.06749915733263022,-0.05363192354424318,0.06192378864005004,0.2970007315288954,5
0.0026214998976847583,0.00923428793566447,0.3,white,CORR_L6_f0.0,0.01055571928440784,-0.009900489708007453,-0.02276722438611036,-0.002429644035306249,-0.027337504189354184,F6b,0.027337504189354184,0.05719397752929808,0.6894349463395907,0.014393946817491421,0.013965670732657358,-0.05719397752929808,-0.027247540080873815,0.037729165177972035,0.29383077298219945,5
0.0026214998976847583,0.00923428793566447,0.3,white,CORR_L6_f0.15,0.004308509715238204,-0.01608841432366672,-0.028400675762968813,-0.029819109464881238,-0.009232120078338027,F6b,0.034602058960268765,0.06282742890615653,0.7454705259239095,0.008146737248321786,0.0077777461169980895,-0.06282742890615653,-0.054637005510448804,0.05583454928898819,0.28895391367959034,5
0.0026214998976847583,0.00923428793566447,0.3,white,CORR_L6_f0.3,-0.008735319962335895,-0.03207299158788383,-0.022283836134256524,-0.04016210925634961,-0.01645543288478942,F6b,0.051244591051595165,0.06498000530191718,0.7834686169576536,-0.004897092429252314,-0.008206831147219018,-0.05671058927744424,-0.06498000530191718,0.0486112364825368,0.2821263106559376,5
0.0026214998976847583,0.00923428793566447,0.3,white,CORR_L6_f0.5,-0.026170712531388828,-0.03624393508730163,-0.022671537515566838,-0.03945274857978261,-0.013598165779016513,F6b,0.047755893366656935,0.06427064462535018,0.8266854761574595,-0.022332484998305247,-0.012377774646636822,-0.057098290658754554,-0.06427064462535018,0.051468503588309705,0.28992928554011216,5
0.0026214998976847583,0.00923428793566447,0.3,white,CORR_L6_f0.7,-0.04723786298081912,-0.040130217922634714,-0.03354726077808591,-0.029426415884850714,-0.003920776095501087,F6b,0.04723786298081912,0.06797401392127363,0.8502708766565686,-0.043399635447735535,-0.0162640574819699,-0.06797401392127363,-0.05424431193041828,0.06114589327182513,0.2967568885637649,5
0.0026214998976847583,0.00923428793566447,0.3,white,CORR_L10_f0.0,0.01995568421728858,-0.021045964772003607,-0.018991087106701075,-0.009464151089363836,-0.0192960852674569,F6b,0.026222054302768593,0.05341784024988879,0.6691809107252368,0.02379391175037216,0.0028201956686612043,-0.05341784024988879,-0.0342820471349314,0.04577058409986932,0.31114362350646185,5
0.0026214998976847583,0.00923428793566447,0.3,white,CORR_L10_f0.15,0.0036116449699458487,-0.025305765118865713,-0.022353471413588615,-0.02053667867358189,-0.011707583481451518,F6b,0.04617012228573336,0.05678022455677633,0.7361754644347809,0.00744987250302943,-0.0014396046782009014,-0.05678022455677633,-0.04535457471914946,0.0533590858858747,0.2867593269934162,5
0.0026214998976847583,0.00923428793566447,0.3,white,CORR_L10_f0.3,-0.008447270990216128,-0.03515278570866415,-0.025060161526230126,-0.03652206383821206,-0.01496082499863556,F6b,0.05177055991198627,0.061339959883779625,0.7786437744683917,-0.0046090434571325455,-0.011286625267999338,-0.05948691466941784,-0.061339959883779625,0.05010584436869066,0.2757863935625457,5
0.0026214998976847583,0.00923428793566447,0.3,white,CORR_L10_f0.5,-0.026684440868310604,-0.036904380550853544,-0.022347257106216864,-0.038814531805603916,-0.01271417578294056,F6b,0.04873669011326123,0.06363242785117149,0.8262249061933294,-0.022846213335227024,-0.013038220110188736,-0.05677401024940458,-0.06363242785117149,0.05235249358438566,0.2894415996098513,5
0.0026214998976847583,0.00923428793566447,0.3,white,CORR_L10_f0.7,-0.04723786298081912,-0.040130217922634714,-0.03354726077808591,-0.029426415884850714,-0.003920776095501087,F6b,0.04723786298081912,0.06797401392127363,0.8502708766565686,-0.043399635447735535,-0.0162640574819699,-0.06797401392127363,-0.05424431193041828,0.06114589327182513,0.2967568885637649,5
0.0026214998976847583,0.00923428793566447,0.3,white,CORR_L20_f0.0,0.021246000249258934,-0.014256404040014922,-0.02143930139872388,-0.018787402485690784,-0.01367851573512216,F6b,0.024567881532519254,0.0558660545419116,0.6268706645379468,0.025084227782342514,0.009609756400649889,-0.0558660545419116,-0.04360529853125835,0.05138815363220406,0.31626432577420144,5
0.0026214998976847583,0.00923428793566447,0.3,white,CORR_L20_f0.15,0.007694044828005946,-0.023128520667126617,-0.024212351175438657,-0.025226873754368436,-0.011214707013295841,F6b,0.04636061407296308,0.05863910431862637,0.7345050315079031,0.011532272361089528,0.0007376397735381937,-0.05863910431862637,-0.050044769799936,0.05385196235403038,0.28773469885393804,5
0.0026214998976847583,0.00923428793566447,0.3,white,CORR_L20_f0.3,-0.008447270990216128,-0.03515278570866415,-0.025060161526230126,-0.03652206383821206,-0.01496082499863556,F6b,0.05177055991198627,0.061339959883779625,0.7786437744683917,-0.0046090434571325455,-0.011286625267999338,-0.05948691466941784,-0.061339959883779625,0.05010584436869066,0.2757863935625457,5
0.0026214998976847583,0.00923428793566447,0.3,white,CORR_L20_f0.5,-0.026684440868310604,-0.036904380550853544,-0.022347257106216864,-0.038814531805603916,-0.01271417578294056,F6b,0.04873669011326123,0.06363242785117149,0.8262249061933294,-0.022846213335227024,-0.013038220110188736,-0.05677401024940458,-0.06363242785117149,0.05235249358438566,0.2894415996098513,5
0.0026214998976847583,0.00923428793566447,0.3,white,CORR_L20_f0.7,-0.04723786298081912,-0.040130217922634714,-0.03354726077808591,-0.029426415884850714,-0.003920776095501087,F6b,0.04723786298081912,0.06797401392127363,0.8502708766565686,-0.043399635447735535,-0.0162640574819699,-0.06797401392127363,-0.05424431193041828,0.06114589327182513,0.2967568885637649,5
0.0026214998976847583,0.00923428793566447,0.3,white,DITHER_s0.5,0.002262270533622317,-0.04592085203898362,-0.03000382494287629,-0.045156180713945615,-0.0705897527922139,F6b,0.0705897527922139,0.06997407675951318,0.4085033628434926,0.006100498066705899,-0.02205469159831881,-0.064430578086064,-0.06997407675951318,-0.005523083424887676,0.29261155815654716,5
0.0026214998976847583,0.00923428793566447,0.3,white,DITHER_s1.0,-0.058794117455920815,0.00440040217349081,-0.0028224070064116202,0.04645710581245327,-0.08532540630064424,F6b,0.10018422140702098,0.10555023043904682,0.3892334188389429,-0.05495588992283723,0.02826656261415562,-0.037249160149599336,0.021639209766885704,-0.020258736933318023,0.31894659839063644,5
0.0026214998976847583,0.00923428793566447,0.3,white,DITHER_s2.0,-0.026799766747122488,-0.009960220444925512,0.06612818264396589,-0.013809049860605733,-0.030748356463106863,F6b,0.06612818264396589,0.04701215660990049,0.36477272318813836,-0.022961539214038908,0.0139059399957393,0.03170142950077817,-0.0386269459061733,0.034318312904219356,0.2928554011216776,5
0.0026214998976847583,0.00923428793566447,0.3,white,DITHER_blind,-0.022154535390398713,-0.05013124521096499,0.021401974096832088,0.05944786358965465,-0.02762010271798162,F6b,0.05944786358965465,0.04161421865339203,0.3114934978647281,-0.018316307857315133,-0.026265084770300182,-0.01302477904635563,0.03462996754408708,0.0374465666493446,0.30651060716898315,5
0.0026214998976847583,0.00923428793566447,0.5,white,MEMLESS,-0.03214790441696881,-0.028323883675536017,-0.02191420544976587,0.0056305407280509735,-0.015929847327909898,F6b,0.03214790441696881,0.056340958592953586,0.9529758126056235,-0.028309676883885228,-0.004457723234871207,-0.056340958592953586,-0.019187355317516593,0.04913682203941632,0.49012435991221653,5
0.0026214998976847583,0.00923428793566447,0.5,white,CORR_L2_f0.0,-0.026611480840860912,-0.03140029813178948,-0.02127663131926307,-0.03138474217097641,-0.004536460200462729,F6b,0.03140029813178948,0.06053020916686349,0.9055030265118135,-0.02277325330777733,-0.0075341376911246686,-0.05570338446245079,-0.05620263821654397,0.06053020916686349,0.4942696903194343,5
0.0026214998976847583,0.00923428793566447,0.5,white,CORR_L2_f0.15,-0.018569773662410097,-0.030953748780166285,-0.031217548584727847,-0.019789083615840416,-0.005166653117324033,F6b,0.031217548584727847,0.06564430172791556,0.9202189483903979,-0.014731546129326516,-0.007087588339501474,-0.06564430172791556,-0.04460697966140798,0.059900016250002186,0.49743964886613024,5
0.0026214998976847583,0.00923428793566447,0.5,white,CORR_L2_f0.3,-0.019272669429612768,-0.025419885742352804,-0.02864910844144601,-0.014231037153623467,-0.0029214907927100076,F6b,0.03306767706872228,0.06307586158463373,0.9333170270696998,-0.015434441896529188,-0.0015537253016879942,-0.06307586158463373,-0.03904893319919103,0.06214517857461621,0.5020726652036088,5
0.0026214998976847583,0.00923428793566447,0.5,white,CORR_L2_f0.5,-0.01687450596137068,-0.023771261248297346,-0.031128189740150247,-0.012308294955312413,-0.0053083795257740304,F6b,0.031128189740150247,0.06555494288333796,0.9416688439235233,-0.013036278428287097,9.489919236746511e-05,-0.06555494288333796,-0.03712619100087998,0.05975828984155219,0.48988051694708606,5
0.0026214998976847583,0.00923428793566447,0.5,white,CORR_L2_f0.7,-0.022290291910896435,-0.026834325571403035,-0.01777889827244162,-0.0022079688171897614,-0.01194864239764687,F6b,0.02821826750082906,0.05311802696967935,0.9514873726199176,-0.018452064377812855,-0.0029681651307382232,-0.052205651415629335,-0.027025864862757328,0.05311802696967935,0.4954889051450866,5
0.0026214998976847583,0.00923428793566447,0.5,white,CORR_L4_f0.0,-0.01809094189420689,-0.02802854000440461,-0.016826852928896047,-0.042672284960222476,-0.024064607461684054,F6b,0.04589861128360915,0.06749018100579005,0.8467393023455849,-0.014252714361123306,-0.0041623795637397995,-0.05125360607208376,-0.06749018100579005,0.041002061905642165,0.4867105584003901,5
0.0026214998976847583,0.00923428793566447,0.5,white,CORR_L4_f0.15,-0.02117723742342084,-0.022085403679432375,-0.02092326490294629,-0.03479599810750353,0.0020407961740992325,F6b,0.03479599810750353,0.06710746554142545,0.8883226153567364,-0.01733900989033726,0.0017807567612324376,-0.05535001804613401,-0.0596138941530711,0.06710746554142545,0.4881736161911729,5
0.0026214998976847583,0.00923428793566447,0.5,white,CORR_L4_f0.3,-0.01941489589363033,-0.02610502066163818,-0.02280141089047824,-0.03836144768941546,-0.0019913509495677745,F6b,0.03836144768941546,0.06317934373498303,0.9195197014751473,-0.015576668360546749,-0.0022388602209733686,-0.05722816403366596,-0.06317934373498303,0.06307531841775844,0.49719580590099977,5
0.0026214998976847583,0.00923428793566447,0.5,white,CORR_L4_f0.5,-0.02008385689584413,-0.027017660489133743,-0.025329793122783703,-0.014189618207293277,-0.009964515048468181,F6b,0.027017660489133743,0.05975654626597142,0.9419076018576684,-0.01624562936276055,-0.0031515000484689318,-0.05975654626597142,-0.03900751425286084,0.05510215431885804,0.495732748110217,5
0.0026214998976847583,0.00923428793566447,0.5,white,CORR_L4_f0.7,-0.01939414940158407,-0.02541973499393333,-0.018899431034809733,-0.0015745715094555891,-0.010809867975833429,F6b,0.027668269767595177,0.05425680139149279,0.9513157083665598,-0.015555921868500489,-0.0015535745532685198,-0.05332618417799745,-0.026392467555023155,0.05425680139149279,0.4959765910753475,5
0.0026214998976847583,0.00923428793566447,0.5,white,CORR_L6_f0.0,-0.009558381048731066,-0.021059625022240416,-0.03333588247966976,-0.020775901605643392,-0.012278558952878875,F6b,0.03333588247966976,0.06776263562285748,0.8225068904064389,-0.005720153515647484,0.002806535418424395,-0.06776263562285748,-0.04559379765121096,0.052788110414447344,0.4920751036332602,5
0.0026214998976847583,0.00923428793566447,0.5,white,CORR_L6_f0.15,-0.014725903682820653,-0.022769911388537466,-0.016007962674237992,-0.029792062387291766,-0.001403214469033326,F6b,0.031840927707893,0.06366345489829289,0.8775186959074869,-0.01088767614973707,0.0010962490521273433,-0.05043471581742571,-0.05460995843285933,0.06366345489829289,0.48110217020238966,5
0.0026214998976847583,0.00923428793566447,0.5,white,CORR_L6_f0.3,-0.020249584848554974,-0.026617655231152042,-0.019792522835922068,-0.02983551029945596,-0.01239338789358397,F6b,0.02983551029945596,0.054653406345023525,0.9148841225036908,-0.016411357315471393,-0.002751494790487232,-0.054219275979109784,-0.054653406345023525,0.05267328147374225,0.490368202877347,5
0.0026214998976847583,0.00923428793566447,0.5,white,CORR_L6_f0.5,-0.019112495735506066,-0.026492863355799253,-0.025116766404138444,-0.011314285211161571,-0.008855495436264599,F6b,0.026492863355799253,0.05954351954732616,0.94250876385658,-0.015274268202422486,-0.002626702915134442,-0.05954351954732616,-0.03613218125672914,0.05621117393106162,0.4969519629358693,5
0.0026214998976847583,0.00923428793566447,0.5,white,CORR_L6_f0.7,-0.01939414940158407,-0.02541973499393333,-0.018899431034809733,-0.0015745715094555891,-0.010809867975833429,F6b,0.027668269767595177,0.05425680139149279,0.9513157083665598,-0.015555921868500489,-0.0015535745532685198,-0.05332618417799745,-0.026392467555023155,0.05425680139149279,0.4959765910753475,5
0.0026214998976847583,0.00923428793566447,0.5,white,CORR_L10_f0.0,-0.004692796920211679,-0.02229276883613312,-0.029494042220719427,-0.008921398673469427,-0.006258852084074659,F6b,0.03235978917048277,0.06392079536390714,0.8021861988164508,-0.0008545693871280977,0.0015733916045316914,-0.06392079536390714,-0.03373929471903699,0.05880781728325156,0.5049987807851744,5
0.0026214998976847583,0.00923428793566447,0.5,white,CORR_L10_f0.15,-0.009641427676869173,-0.026390843683050117,-0.016953103654887183,-0.02500200856072651,-0.013198244810671847,F6b,0.03853389822316089,0.05186842455665437,0.8738042279073346,-0.005803200143785592,-0.002524683242385306,-0.0513798567980749,-0.049819904606294076,0.05186842455665437,0.48451597171421606,5
0.0026214998976847583,0.00923428793566447,0.5,white,CORR_L10_f0.3,-0.020349015411845982,-0.025779514349356523,-0.01817378169799186,-0.028405450062273265,-0.011734832587535798,F6b,0.028405450062273265,0.05333183677979042,0.91311844738083,-0.016510787878762402,-0.0019133539086917104,-0.052600534841179575,-0.05322334610784083,0.05333183677979042,0.48597902950499877,5
0.0026214998976847583,0.00923428793566447,0.5,white,CORR_L10_f0.5,-0.019112495735506066,-0.026492863355799253,-0.025116766404138444,-0.011314285211161571,-0.008855495436264599,F6b,0.026492863355799253,0.05954351954732616,0.94250876385658,-0.015274268202422486,-0.002626702915134442,-0.05954351954732616,-0.03613218125672914,0.05621117393106162,0.4969519629358693,5
0.0026214998976847583,0.00923428793566447,0.5,white,CORR_L10_f0.7,-0.01939414940158407,-0.02541973499393333,-0.018899431034809733,-0.0015745715094555891,-0.010809867975833429,F6b,0.027668269767595177,0.05425680139149279,0.9513157083665598,-0.015555921868500489,-0.0015535745532685198,-0.05332618417799745,-0.026392467555023155,0.05425680139149279,0.4959765910753475,5
0.0026214998976847583,0.00923428793566447,0.5,white,CORR_L20_f0.0,0.009825852072676883,-0.019132449826951538,-0.017866515151154935,-0.01687673630297751,-0.022828428323161808,F6b,0.022828428323161808,0.05229326829434265,0.788477771670815,0.013664079605760465,0.004733710613713272,-0.05229326829434265,-0.04169463234854508,0.04223824104416441,0.5259692757863935,5
0.0026214998976847583,0.00923428793566447,0.5,white,CORR_L20_f0.15,-0.0089427273811771,-0.027927995660901064,-0.01863578974433215,-0.02685263618330715,-0.01576666371717625,F6b,0.03731814893227982,0.05306254288751987,0.8692553982701169,-0.005104499848093518,-0.004061835220236253,-0.05306254288751987,-0.051670532228874716,0.04930000565014997,0.476469153864911,5
0.0026214998976847583,0.00923428793566447,0.5,white,CORR_L20_f0.3,-0.020128188939110826,-0.025212225057013073,-0.018770365285808915,-0.02900124306580643,-0.011344487925546008,F6b,0.02900124306580643,0.053819139111373995,0.9129618081419798,-0.016289961406027245,-0.001346064616348263,-0.05319711842899663,-0.053819139111373995,0.05372218144178021,0.4854913435747379,5
0.0026214998976847583,0.00923428793566447,0.5,white,CORR_L20_f0.5,-0.019112495735506066,-0.026492863355799253,-0.025116766404138444,-0.011314285211161571,-0.008855495436264599,F6b,0.026492863355799253,0.05954351954732616,0.94250876385658,-0.015274268202422486,-0.002626702915134442,-0.05954351954732616,-0.03613218125672914,0.05621117393106162,0.4969519629358693,5
0.0026214998976847583,0.00923428793566447,0.5,white,CORR_L20_f0.7,-0.01939414940158407,-0.02541973499393333,-0.018899431034809733,-0.0015745715094555891,-0.010809867975833429,F6b,0.027668269767595177,0.05425680139149279,0.9513157083665598,-0.015555921868500489,-0.0015535745532685198,-0.05332618417799745,-0.026392467555023155,0.05425680139149279,0.4959765910753475,5
0.0026214998976847583,0.00923428793566447,0.5,white,DITHER_s0.5,-0.06607602399409378,0.008586352542759839,0.07046654273255495,-0.03423970663769198,-0.02071121974128888,F6b,0.07046654273255495,0.0622377964610102,0.5813332527698707,-0.0622377964610102,0.03245251298342465,0.03603978958936724,-0.05905760268325955,0.04435544962603734,0.4742745671787369,5
0.0026214998976847583,0.00923428793566447,0.5,white,DITHER_s1.0,-0.015735839496799183,-0.04079355251623033,-0.010168709205435285,0.022192547503508114,-0.09695150437314168,F6b,0.09695150437314168,0.053266534666694995,0.5988477151757062,-0.011897611963715601,-0.016927392075565522,-0.044595462348623,-0.002625348542059451,-0.03188483500581546,0.5045110948549134,5
0.0026214998976847583,0.00923428793566447,0.5,white,DITHER_s2.0,-0.024735455543277128,-0.05060738461966288,0.06908325450460814,-0.02281138029315812,-0.09953053143300933,F6b,0.09953053143300933,0.047629276338725685,0.5747424195499307,-0.020897228010193548,-0.02674122417899807,0.03465650136142043,-0.047629276338725685,-0.03446386206568312,0.49841502072665206,5
0.0026214998976847583,0.00923428793566447,0.5,white,DITHER_blind,-0.006629668158498622,0.0057705038802130446,0.06542924585906165,-0.05624070405898382,-0.0253963282658067,F6b,0.07312850781175204,0.08105860010455139,0.4437382423839585,-0.002791440625415041,0.029636664320877856,0.03100249271587393,-0.08105860010455139,0.03967034110151952,0.4996342355523043,5
0.0012226891262042134,0.009709754563034632,0.0,white,NOATTACK,0.0,0.0,0.0,0.0,0.0,F6b,0.0,0.06620261551423198,0.0,-0.06620261551423198,0.017476870626198505,-0.05292445005812714,-0.008081033150775931,0.05144347240684071,0.0,6
0.0012226891262042134,0.009709754563034632,0.02,white,MEMLESS,0.0001212747382843965,-0.021841227308872477,0.08030642915529088,0.023139008335401542,0.027049572910722956,F6b,0.08908099138737699,0.07849304531756367,0.5651904078672634,-0.06608134077594759,-0.004364356682673973,0.027381979097163736,0.01505797518462561,0.07849304531756367,0.05530546623794212,6
0.0012226891262042134,0.009709754563034632,0.02,white,CORR_L2_f0.0,-0.0053202392205810994,0.05510420511424402,0.01240134168622925,0.02515220204279873,0.023608461742382313,F6b,0.07071260090148714,0.07505193414922302,0.5014497794997584,-0.07152285473481308,0.07258107574044252,-0.04052310837189789,0.017071168892022797,0.07505193414922302,0.054019292604501605,6
0.0012226891262042134,0.009709754563034632,0.02,white,CORR_L2_f0.15,-0.003037339767044414,0.026494146145107745,0.014581053652083724,0.03639015922950478,0.01886610085841158,F6b,0.06319942829553842,0.07030957326525229,0.5178646173170166,-0.0692399552812764,0.04397101677130625,-0.038343396406043416,0.028309126078728847,0.07030957326525229,0.05530546623794212,6
0.0012226891262042134,0.009709754563034632,0.02,white,CORR_L2_f0.3,-0.010844678363690893,0.03323016715608129,0.015419044012412113,0.022663912196367396,0.022509271643747587,F6b,0.07502610931558912,0.07704729387792288,0.5404437981817839,-0.07704729387792288,0.05070703778227979,-0.03750540604571503,0.014582879045591465,0.0739527440505883,0.05852090032154341,6
0.0012226891262042134,0.009709754563034632,0.02,white,CORR_L2_f0.5,-0.017024712709962683,0.03919342459408649,0.029046175353545367,0.02713302174044922,0.02837210647547709,F6b,0.07019053694240188,0.08322732822419467,0.5362452520523706,-0.08322732822419467,0.056670295220285,-0.023878274704581773,0.019051988589673288,0.0798155788823178,0.05337620578778135,6
0.0012226891262042134,0.009709754563034632,0.02,white,CORR_L2_f0.7,0.004241040782292552,-0.027432767502754144,0.07371243007152946,0.006632397028784454,0.059317770816788275,F6b,0.09498853503221408,0.11076124322362899,0.5797401163156756,-0.06196157473193943,-0.00995589687655564,0.02078798001340232,-0.001448636121991477,0.11076124322362899,0.06109324758842444,6
0.0012226891262042134,0.009709754563034632,0.02,white,CORR_L4_f0.0,-0.015910142116864437,0.0233320823922604,-0.04279153977965168,0.06249262661637499,0.05972597407890679,F6b,0.10794575372568238,0.1111694464857475,0.4771257902813449,-0.08211275763109642,0.0408089530184589,-0.09571598983777882,0.05441159346559906,0.1111694464857475,0.05530546623794212,6
0.0012226891262042134,0.009709754563034632,0.02,white,CORR_L4_f0.15,-0.013758086961849408,0.03771664696694811,-0.07486045634332418,0.0645017116529548,0.07344948488197864,F6b,0.09174865080527778,0.12778490640145132,0.48802442664254264,-0.07996070247608139,0.05519351759314661,-0.12778490640145132,0.05642067850217888,0.12489295728881936,0.052733118971061095,6
0.0012226891262042134,0.009709754563034632,0.02,white,CORR_L4_f0.3,-0.02789456867746533,0.03429811257357704,-0.011240218014325828,0.055694814334620604,0.034155305179154556,F6b,0.09143240132935107,0.09409718419169731,0.5060530559559514,-0.09409718419169731,0.05177498319977554,-0.06416466807245297,0.047613781183844676,0.08559877758599527,0.052733118971061095,6
0.0012226891262042134,0.009709754563034632,0.02,white,CORR_L4_f0.5,-0.03200891640712994,0.035252961684682116,0.027231099666646004,0.025411720374749282,0.03175538671655787,F6b,0.06144461152696046,0.09821153192136192,0.5513113249980115,-0.09821153192136192,0.05272983231088062,-0.025693350391481136,0.01733068722397335,0.08319885912339858,0.059163987138263666,6
0.0012226891262042134,0.009709754563034632,0.02,white,CORR_L4_f0.7,0.014939230961710397,-0.009996293923133677,0.0758607678941018,-0.016626818488679623,0.06429265775376067,F6b,0.08889043003679227,0.11573613016060137,0.5856790350761877,-0.051263384552521586,0.007480576703064829,0.022936317835974666,-0.024707851639455554,0.11573613016060137,0.06302250803858521,6
0.0012226891262042134,0.009709754563034632,0.02,white,CORR_L6_f0.0,-0.010409595828263937,0.06172533805984448,-0.028607504369315445,0.03463497276763534,0.043137927397627125,F6b,0.08321580782582529,0.09458139980446784,0.5085216411196137,-0.07661221134249592,0.07920220868604298,-0.08153195442744259,0.026553939616859406,0.09458139980446784,0.06945337620578779,6
0.0012226891262042134,0.009709754563034632,0.02,white,CORR_L6_f0.15,-0.005196066531360885,0.06934783830448565,-0.07760672693335528,0.05907744924609096,0.047414161767567804,F6b,0.08750106939033873,0.13053117699148242,0.48477950010244697,-0.07139868204559287,0.08682470893068416,-0.13053117699148242,0.05099641609531502,0.09885763417440852,0.05337620578778135,6
0.0012226891262042134,0.009709754563034632,0.02,white,CORR_L6_f0.3,-0.022009132597883882,0.06685728104701423,0.0011943963338579902,0.05319365215673619,-0.006339896857175328,F6b,0.07152366245724028,0.08821174811211586,0.5179201709691827,-0.08821174811211586,0.08433415167321273,-0.05173005372426915,0.04511261900596025,0.04510357554966538,0.057234726688102894,6
0.0012226891262042134,0.009709754563034632,0.02,white,CORR_L6_f0.5,-0.03200891640712994,0.035252961684682116,0.027231099666646004,0.025411720374749282,0.03175538671655787,F6b,0.06144461152696046,0.09821153192136192,0.5513113249980115,-0.09821153192136192,0.05272983231088062,-0.025693350391481136,0.01733068722397335,0.08319885912339858,0.059163987138263666,6
0.0012226891262042134,0.009709754563034632,0.02,white,CORR_L6_f0.7,0.014939230961710397,-0.009996293923133677,0.0758607678941018,-0.016626818488679623,0.06429265775376067,F6b,0.08889043003679227,0.11573613016060137,0.5856790350761877,-0.051263384552521586,0.007480576703064829,0.022936317835974666,-0.024707851639455554,0.11573613016060137,0.06302250803858521,6
0.0012226891262042134,0.009709754563034632,0.02,white,CORR_L10_f0.0,0.014995674809828684,0.07348879861401553,-0.08375250607827182,-0.02669908296314617,0.0050627482757912776,F6b,0.09380247900989695,0.13667695613639896,0.47194770124616775,-0.0512069407044033,0.09096566924021403,-0.13667695613639896,-0.0347801161139221,0.05650622068263199,0.0707395498392283,6
0.0012226891262042134,0.009709754563034632,0.02,white,CORR_L10_f0.15,-0.010188353049682977,0.05914182703736397,-0.08999269061970257,0.0515907430629982,0.05046424350821558,F6b,0.08999269061970257,0.1429171406778297,0.4864274045162805,-0.07639096856391496,0.07661869766356247,-0.1429171406778297,0.04350970991222227,0.10190771591505629,0.05659163987138264,6
0.0012226891262042134,0.009709754563034632,0.02,white,CORR_L10_f0.3,-0.028874261293014306,0.05450874731324794,-0.015108971271559468,0.03426469017891925,-0.009010266871010184,F6b,0.06999043355744558,0.09507687680724629,0.5253158221169004,-0.09507687680724629,0.07198561793944644,-0.06803342132968661,0.026183657028143317,0.04243320553583053,0.06173633440514469,6
0.0012226891262042134,0.009709754563034632,0.02,white,CORR_L10_f0.5,-0.03200891640712994,0.035252961684682116,0.027231099666646004,0.025411720374749282,0.03175538671655787,F6b,0.06144461152696046,0.09821153192136192,0.5513113249980115,-0.09821153192136192,0.05272983231088062,-0.025693350391481136,0.01733068722397335,0.08319885912339858,0.059163987138263666,6
0.0012226891262042134,0.009709754563034632,0.02,white,CORR_L10_f0.7,0.014939230961710397,-0.009996293923133677,0.0758607678941018,-0.016626818488679623,0.06429265775376067,F6b,0.08889043003679227,0.11573613016060137,0.5856790350761877,-0.051263384552521586,0.007480576703064829,0.022936317835974666,-0.024707851639455554,0.11573613016060137,0.06302250803858521,6
0.0012226891262042134,0.009709754563034632,0.02,white,CORR_L20_f0.0,0.018843146765011046,0.0607844656426489,-0.08507215837263936,-0.03284333754069488,-0.0036062145081719177,F6b,0.08507215837263936,0.1379966084307665,0.5018610555852115,-0.04735946874922094,0.0782613362688474,-0.1379966084307665,-0.040924370691470806,0.04783725789866879,0.09646302250803858,6
0.0012226891262042134,0.009709754563034632,0.02,white,CORR_L20_f0.15,-0.012003322321221921,0.05555650291219276,-0.09523830081466363,0.0478213923134643,0.05196973528876631,F6b,0.09523830081466363,0.14816275087279077,0.48964975760801105,-0.0782059378354539,0.07303337353839126,-0.14816275087279077,0.039740359162688366,0.10341320769560702,0.05980707395498392,6
0.0012226891262042134,0.009709754563034632,0.02,white,CORR_L20_f0.3,-0.029671676928174198,0.053357050780649534,-0.01786206611503853,0.03061796081340718,-0.008371684864811449,F6b,0.07837322252344468,0.09587429244240618,0.5280530598157831,-0.09587429244240618,0.07083392140684804,-0.07078651617316567,0.02253692766263125,0.04307178754202926,0.06366559485530547,6
0.0012226891262042134,0.009709754563034632,0.02,white,CORR_L20_f0.5,-0.03200891640712994,0.035252961684682116,0.027231099666646004,0.025411720374749282,0.03175538671655787,F6b,0.06144461152696046,0.09821153192136192,0.5513113249980115,-0.09821153192136192,0.05272983231088062,-0.025693350391481136,0.01733068722397335,0.08319885912339858,0.059163987138263666,6
0.0012226891262042134,0.009709754563034632,0.02,white,CORR_L20_f0.7,0.014939230961710397,-0.009996293923133677,0.0758607678941018,-0.016626818488679623,0.06429265775376067,F6b,0.08889043003679227,0.11573613016060137,0.5856790350761877,-0.051263384552521586,0.007480576703064829,0.022936317835974666,-0.024707851639455554,0.11573613016060137,0.06302250803858521,6
0.0012226891262042134,0.009709754563034632,0.02,white,DITHER_s0.5,0.004738134821989398,-0.03295061647507688,0.04539631299488343,-0.02934270326334511,-0.011434878298465678,F6b,0.04539631299488343,0.061464480692242585,0.02864549685415427,-0.061464480692242585,-0.015473745848878374,-0.0075281370632437105,-0.03742373641412104,0.04000859410837503,0.026366559485530548,6
0.0012226891262042134,0.009709754563034632,0.02,white,DITHER_s1.0,0.0010381022099627962,0.03579573404198992,-0.021279829960268323,-0.015402831315407189,-0.008236087371793474,F6b,0.04455975377753771,0.07420428001839546,0.017178515221793707,-0.06516451330426919,0.05327260466818842,-0.07420428001839546,-0.02348386446618312,0.04320738503504724,0.016720257234726688,6
0.0012226891262042134,0.009709754563034632,0.02,white,DITHER_s2.0,-0.01361918362583732,-0.005848513295797287,-0.010650404707850641,0.03264406875713345,0.003938552225684046,F6b,0.03698991220301261,0.0798217991400693,0.032438193307570584,-0.0798217991400693,0.011628357330401217,-0.06357485476597778,0.024563035606357524,0.05538202463252476,0.03922829581993569,6
0.0012226891262042134,0.009709754563034632,0.02,white,DITHER_blind,-0.0120832238167137,0.011465771932849249,0.015838840964063232,-0.022385977885017116,0.019067428326150694,F6b,0.029809503473940856,0.07828583933094568,0.01394341370805141,-0.07828583933094568,0.028942642559047754,-0.03708560909406391,-0.030467011035793048,0.0705109007329914,0.015434083601286173,6
0.0012226891262042134,0.009709754563034632,0.05,white,MEMLESS,-0.029141243987392096,-0.04889380546732462,0.061356158182912415,0.009016105762930025,0.04660429554701553,F6b,0.07869757715946242,0.09804776795385624,0.6858877339263065,-0.09534385950162408,-0.031416934841126114,0.008431708124785275,0.0009350726121540928,0.09804776795385624,0.10096463022508038,6
0.0012226891262042134,0.009709754563034632,0.05,white,CORR_L2_f0.0,-0.0015598947546173747,-0.06577838558738311,0.057200348892479116,-0.03122095099556173,0.05804748080157828,F6b,0.07076218908692541,0.10949095320841899,0.6540919896313385,-0.06776251026884936,-0.04830151496118461,0.004275898834351973,-0.03930198414633766,0.10949095320841899,0.1157556270096463,6
0.0012226891262042134,0.009709754563034632,0.05,white,CORR_L2_f0.15,0.005477501089630674,-0.07729414126887785,0.0496801542010349,-0.037478683734941176,0.056407232670195644,F6b,0.08318643966736457,0.10785070507703635,0.6631362727527979,-0.06072511442460131,-0.05981727064267934,-0.003244295857092237,-0.045559716885717104,0.10785070507703635,0.11382636655948553,6
0.0012226891262042134,0.009709754563034632,0.05,white,CORR_L2_f0.3,0.000643054761702469,-0.07468685977866003,0.04475906665724585,-0.04083205034288938,0.06037861187616934,F6b,0.07468685977866003,0.11182208428301005,0.664994073569307,-0.06555956075252951,-0.057209989152461525,-0.008165383400881293,-0.04891308349366531,0.11182208428301005,0.10996784565916398,6
0.0012226891262042134,0.009709754563034632,0.05,white,CORR_L2_f0.5,-0.010116695169268608,-0.06760104996435977,0.05938850407210753,-0.028376883987871502,0.06213675591180156,F6b,0.06760104996435977,0.11358022831864227,0.6711036347648114,-0.07631931068350059,-0.05012417933816126,0.0064640540139803875,-0.03645791713864743,0.11358022831864227,0.10289389067524116,6
0.0012226891262042134,0.009709754563034632,0.05,white,CORR_L2_f0.7,-0.023886134789065483,-0.06013870817265107,0.05560740752855985,-0.007392608116567586,0.06592268271466584,F6b,0.07865191852119996,0.11736615512150654,0.6866312653141385,-0.09008875030329747,-0.042661837546452565,0.0026829574704327164,-0.015473641267343517,0.11736615512150654,0.10418006430868167,6
0.0012226891262042134,0.009709754563034632,0.05,white,CORR_L4_f0.0,-0.01464591747872801,-0.0060507417016149555,-0.042415130692184874,0.004848575445372606,0.022015234101157,F6b,0.09050400427206429,0.09533958075031201,0.5970485603939701,-0.08084853299295999,0.01142612892458355,-0.09533958075031201,-0.003232457705403325,0.07345870650799771,0.10996784565916398,6
0.0012226891262042134,0.009709754563034632,0.05,white,CORR_L4_f0.15,0.018994177430594783,-0.025214213648766002,0.013614657424577077,-0.024823950548312625,0.043765202285263295,F6b,0.07355751235678126,0.095208674692104,0.624939050256506,-0.0472084380836372,-0.007737343022567497,-0.03930979263355006,-0.03290498369908856,0.095208674692104,0.10289389067524116,6
0.0012226891262042134,0.009709754563034632,0.05,white,CORR_L4_f0.3,0.002952536952074522,-0.02136059081041979,0.04913571873483827,-0.020294437982325827,0.03456118022803662,F6b,0.06684894812637401,0.08600465263487733,0.648939103244035,-0.06325007856215746,-0.003883720184221285,-0.003788731323288869,-0.028375471133101758,0.08600465263487733,0.10803858520900321,6
0.0012226891262042134,0.009709754563034632,0.05,white,CORR_L4_f0.5,-0.015446444000552104,-0.04800284574912303,0.05979172005490185,-0.021298869354624092,0.04502987873031531,F6b,0.07601288840079033,0.09647335113715602,0.6680416423845092,-0.08164905951478409,-0.030525975122924525,0.006867269996774707,-0.029379902505400023,0.09647335113715602,0.10160771704180065,6
0.0012226891262042134,0.009709754563034632,0.05,white,CORR_L4_f0.7,-0.020331103564487724,-0.05483256337918359,0.04701313159075548,-0.0071812367289133296,0.05672457082440165,F6b,0.07412497896512349,0.10816804323124236,0.6818421179615644,-0.0865337190787197,-0.03735569275298509,-0.005911318467371661,-0.01526226987968926,0.10816804323124236,0.10289389067524116,6
0.0012226891262042134,0.009709754563034632,0.05,white,CORR_L6_f0.0,-0.01832429021894491,0.029593116231560742,-0.036026800862945754,0.03129003815577247,0.019886597869165946,F6b,0.06713808044222545,0.0889512509210729,0.5607793660747893,-0.0845269057331769,0.04706998685775925,-0.0889512509210729,0.02320900500499654,0.07133007027600666,0.09839228295819935,6
0.0012226891262042134,0.009709754563034632,0.05,white,CORR_L6_f0.15,0.01278507062110578,-0.017937872790750865,0.017897802118683435,-0.019274520848571116,0.01780634456761953,F6b,0.07073014073925268,0.08242827532830922,0.6353157905564923,-0.0534175448931262,-0.00046100216455235873,-0.035026647939443704,-0.027355553999347047,0.06924981697446024,0.11382636655948553,6
0.0012226891262042134,0.009709754563034632,0.05,white,CORR_L6_f0.3,-0.006780303068575744,-0.013937621691595813,0.04920226725249772,-0.02462032167101839,0.019430065949855323,F6b,0.061377752489315394,0.07298291858280773,0.635737797838905,-0.07298291858280773,0.003539248934602693,-0.0037221828056294187,-0.03270135482179432,0.07087353835669603,0.10032154340836012,6
0.0012226891262042134,0.009709754563034632,0.05,white,CORR_L6_f0.5,-0.02126474799162291,-0.04862959610517206,0.06088851006979014,-0.018057182076634346,0.0396380359877689,F6b,0.07188529245600463,0.09108150839460961,0.6613589029446011,-0.08746736350585489,-0.031152725478973558,0.007964060011663,-0.026138215227410277,0.09108150839460961,0.09839228295819935,6
0.0012226891262042134,0.009709754563034632,0.05,white,CORR_L6_f0.7,-0.020978831119856503,-0.05288032043975269,0.04621387017848929,-0.0013048961501685788,0.050613220244231975,F6b,0.06962364119750052,0.10205669265107269,0.6826505871737645,-0.08718144663408849,-0.03540344981355418,-0.0067105798796378525,-0.00938592930094451,0.10205669265107269,0.10353697749196142,6
0.0012226891262042134,0.009709754563034632,0.05,white,CORR_L10_f0.0,-0.009727409103810175,0.02303600867374372,-0.039456968030744194,0.010966693597047456,0.010808468381187743,F6b,0.06102457466894262,0.09238141808887133,0.5392883034498208,-0.07593002461804216,0.040512879299942225,-0.09238141808887133,0.0028856604462715258,0.062251940788028454,0.09260450160771704,6
0.0012226891262042134,0.009709754563034632,0.05,white,CORR_L10_f0.15,0.0097301858989585,-0.012495082724034311,0.008082211600353106,-0.01408011059745539,0.008328255782282613,F6b,0.05509889210092034,0.06679702668997688,0.6368821090640204,-0.05647242961527348,0.004981787902164194,-0.044842238457774033,-0.022161143748231322,0.059771728189123324,0.12154340836012861,6
0.0012226891262042134,0.009709754563034632,0.05,white,CORR_L10_f0.3,-0.005299569248468555,-0.01305018126149544,0.04540287137262238,-0.025026227849020952,0.015836985587599363,F6b,0.05912764038358111,0.07150218476270054,0.6376725258930299,-0.07150218476270054,0.004426689364703064,-0.00752157868550476,-0.033107260999796884,0.06728045799444007,0.1022508038585209,6
0.0012226891262042134,0.009709754563034632,0.05,white,CORR_L10_f0.5,-0.02126474799162291,-0.04862959610517206,0.06088851006979014,-0.018057182076634346,0.0396380359877689,F6b,0.07188529245600463,0.09108150839460961,0.6613589029446011,-0.08746736350585489,-0.031152725478973558,0.007964060011663,-0.026138215227410277,0.09108150839460961,0.09839228295819935,6
0.0012226891262042134,0.009709754563034632,0.05,white,CORR_L10_f0.7,-0.020978831119856503,-0.05288032043975269,0.04621387017848929,-0.0013048961501685788,0.050613220244231975,F6b,0.06962364119750052,0.10205669265107269,0.6826505871737645,-0.08718144663408849,-0.03540344981355418,-0.0067105798796378525,-0.00938592930094451,0.10205669265107269,0.10353697749196142,6
0.0012226891262042134,0.009709754563034632,0.05,white,CORR_L20_f0.0,-0.004541349692689656,0.015215311978797694,-0.029170186269663986,-0.0022329306182317776,0.004189433181525794,F6b,0.0398019924279448,0.08209463632779113,0.5740192651047522,-0.07074396520692164,0.0326921826049962,-0.08209463632779113,-0.010313963769007709,0.055632905588366505,0.12861736334405144,6
0.0012226891262042134,0.009709754563034632,0.05,white,CORR_L20_f0.15,-0.009518604625154498,0.0004021572276078529,-0.02367590776366131,0.0032931129711324158,0.013722498242208427,F6b,0.06543691538543175,0.07660035782178845,0.5925305771649731,-0.07572122013938648,0.017879027853806358,-0.07660035782178845,-0.0047879201796435155,0.06516597064904914,0.09196141479099679,6
0.0012226891262042134,0.009709754563034632,0.05,white,CORR_L20_f0.3,-0.005299569248468555,-0.01305018126149544,0.04540287137262238,-0.025026227849020952,0.015836985587599363,F6b,0.05912764038358111,0.07150218476270054,0.6376725258930299,-0.07150218476270054,0.004426689364703064,-0.00752157868550476,-0.033107260999796884,0.06728045799444007,0.1022508038585209,6
0.0012226891262042134,0.009709754563034632,0.05,white,CORR_L20_f0.5,-0.02126474799162291,-0.04862959610517206,0.06088851006979014,-0.018057182076634346,0.0396380359877689,F6b,0.07188529245600463,0.09108150839460961,0.6613589029446011,-0.08746736350585489,-0.031152725478973558,0.007964060011663,-0.026138215227410277,0.09108150839460961,0.09839228295819935,6
0.0012226891262042134,0.009709754563034632,0.05,white,CORR_L20_f0.7,-0.020978831119856503,-0.05288032043975269,0.04621387017848929,-0.0013048961501685788,0.050613220244231975,F6b,0.06962364119750052,0.10205669265107269,0.6826505871737645,-0.08718144663408849,-0.03540344981355418,-0.0067105798796378525,-0.00938592930094451,0.10205669265107269,0.10353697749196142,6
0.0012226891262042134,0.009709754563034632,0.05,white,DITHER_s0.5,0.10223861806011894,0.10876778252431206,0.010575457593256316,-0.031811539415109835,-0.11028544913702672,F6b,0.11028544913702672,0.12624465315051056,0.11143704241882639,0.036036002545886965,0.12624465315051056,-0.042348992464870824,-0.03989257256588577,-0.058841976730186006,0.04694533762057878,6
0.0012226891262042134,0.009709754563034632,0.05,white,DITHER_s1.0,-0.03392241508580869,0.015806729852018923,0.07618122140291862,-0.06681932293010404,-0.01977321445016108,F6b,0.07618122140291862,0.10012503060004067,0.09267138361128742,-0.10012503060004067,0.03328360047821743,0.02325677134479148,-0.07490035608087997,0.03167025795667963,0.06173633440514469,6
0.0012226891262042134,0.009709754563034632,0.05,white,DITHER_s2.0,-0.007109080092207218,-0.02264716211960304,0.013850129692410937,0.007385192423559861,0.006258452614080423,F6b,0.028079340970789426,0.0733116956064392,0.02572378327509256,-0.0733116956064392,-0.005170291493404536,-0.0390743203657162,-0.0006958407272160698,0.057701925020921134,0.03922829581993569,6
0.0012226891262042134,0.009709754563034632,0.05,white,DITHER_blind,-0.0038982966202577157,0.03830867722988217,0.010349595146733913,-0.008980242489169912,-0.023800397624623167,F6b,0.04979283242845081,0.0701009121344897,0.04828411300293915,-0.0701009121344897,0.05578554785608067,-0.04257485491139323,-0.017061275639945844,0.027643074782217544,0.04244372990353698,6
0.0012226891262042134,0.009709754563034632,0.1,white,MEMLESS,-0.06840192142894927,-0.06928951979947046,0.01232537341037105,0.019442169529583397,0.012866892829323552,F6b,0.08547205074326264,0.13460453694318125,0.7939413390736609,-0.13460453694318125,-0.051812649173271955,-0.04059907664775609,0.011361136378807465,0.06431036523616426,0.17491961414790996,6
0.0012226891262042134,0.009709754563034632,0.1,white,CORR_L2_f0.0,-0.011051845807296401,-0.09404630985714486,0.030559598079488513,-0.0507491203853315,0.041633079076365063,F6b,0.09404630985714486,0.09307655148320577,0.7530221700119187,-0.07725446132152838,-0.07656943923094636,-0.022364851978638627,-0.05883015353610743,0.09307655148320577,0.19163987138263666,6
0.0012226891262042134,0.009709754563034632,0.1,white,CORR_L2_f0.15,-0.011209882773482144,-0.1040727691500932,0.030088755567805898,-0.050935501670977185,0.036146355449972765,F6b,0.1040727691500932,0.08758982785681348,0.7616780502414597,-0.07741249828771413,-0.0865958985238947,-0.022835694490321242,-0.05901653482175311,0.08758982785681348,0.1909967845659164,6
0.0012226891262042134,0.009709754563034632,0.1,white,CORR_L2_f0.3,-0.016540444893866676,-0.10793769946188696,0.022372013155300376,-0.05903653210233881,0.024471553349208412,F6b,0.10793769946188696,0.09046082883568846,0.7693484665362873,-0.08274306040809866,-0.09046082883568846,-0.030552436902826764,-0.06711756525311474,0.07591502575604912,0.18520900321543407,6
0.0012226891262042134,0.009709754563034632,0.1,white,CORR_L2_f0.5,-0.03569831143457451,-0.08398964047622798,0.020516037237527138,-0.03951972816265771,0.02834669498398424,F6b,0.08398964047622798,0.1019009269488065,0.7896931703990746,-0.1019009269488065,-0.06651276985002948,-0.0324084128206,-0.047600761313433645,0.07979016739082495,0.19035369774919614,6
0.0012226891262042134,0.009709754563034632,0.1,white,CORR_L2_f0.7,-0.054261663053233794,-0.08088731292537944,0.005981243750155359,-0.011477334496219644,0.01525954162375389,F6b,0.08088731292537944,0.12046427856746578,0.7920890846456666,-0.12046427856746578,-0.06341044229918094,-0.04694320630797178,-0.019558367646995575,0.0667030140305946,0.17813504823151124,6
0.0012226891262042134,0.009709754563034632,0.1,white,CORR_L4_f0.0,0.009096380331881267,-0.038846608676418176,0.0079572909551162,-0.03943414537669013,0.034463170346326726,F6b,0.07112456655637467,0.08590664275316744,0.7169902297428019,-0.057106235182350716,-0.021369738050219668,-0.04496715910301094,-0.04751517852746606,0.08590664275316744,0.20257234726688103,6
0.0012226891262042134,0.009709754563034632,0.1,white,CORR_L4_f0.15,0.012747869895728785,-0.044466705060837296,0.01585078070623721,-0.04046594088568703,0.019165224231495255,F6b,0.07993360134665686,0.07368944245528908,0.7334000803153223,-0.0534547456185032,-0.02698983443463879,-0.03707366935188993,-0.048546974036462964,0.07060869663833597,0.18713826366559486,6
0.0012226891262042134,0.009709754563034632,0.1,white,CORR_L4_f0.3,0.00711064562221532,-0.052134425334838405,-0.0001545676914643107,-0.047778925830406035,0.019235412785103427,F6b,0.0567375719405675,0.07067888519194414,0.7603655531955488,-0.05909196989201666,-0.034657554708639904,-0.05307901774959145,-0.05585995898118197,0.07067888519194414,0.1909967845659164,6
0.0012226891262042134,0.009709754563034632,0.1,white,CORR_L4_f0.5,-0.011737575604268538,-0.0748966089436416,0.016511804502528066,-0.05798373895527578,0.018210185911772876,F6b,0.0748966089436416,0.07794019111850052,0.7812770258999873,-0.07794019111850052,-0.05741973831744309,-0.036412645555599074,-0.06606477210605172,0.06965365831861359,0.18392282958199357,6
0.0012226891262042134,0.009709754563034632,0.1,white,CORR_L4_f0.7,-0.05022735073659036,-0.07247803424915619,0.011847861218165334,-0.02046066898330908,0.014531756036151693,F6b,0.07247803424915619,0.11642996625082234,0.7857743399554787,-0.11642996625082234,-0.05500116362295769,-0.041076588839961806,-0.028541702134085013,0.0659752284429924,0.17234726688102894,6
0.0012226891262042134,0.009709754563034632,0.1,white,CORR_L6_f0.0,0.00035964593403202405,-0.006288783661411505,0.007235175860727347,-0.024015330069517542,0.02447593770170351,F6b,0.08784514749012569,0.09954328207918223,0.6721891845008406,-0.06584296958019996,0.011188086964787,-0.04568927419739979,-0.032096363220293474,0.07591941010854422,0.17491961414790996,6
0.0012226891262042134,0.009709754563034632,0.1,white,CORR_L6_f0.15,0.004397988862136708,-0.04413990958392202,0.020328996420167826,-0.032533762200687086,0.012113902780088094,F6b,0.07019104756488112,0.0635573751869288,0.7357667429133007,-0.061804626652095275,-0.026663038957723515,-0.032595453637959314,-0.04061479535146302,0.0635573751869288,0.19356913183279742,6
0.0012226891262042134,0.009709754563034632,0.1,white,CORR_L6_f0.3,0.0034227239005344967,-0.05396909709682708,-0.0020507566951898093,-0.043010932560118176,0.020213509474400947,F6b,0.07142539780119307,0.0726316515491566,0.764638124945263,-0.06277989161369749,-0.03649222647062857,-0.05497520675331695,-0.051091965710894104,0.07165698188124166,0.19807073954983923,6
0.0012226891262042134,0.009709754563034632,0.1,white,CORR_L6_f0.5,-0.013620109901628943,-0.0724000365532176,0.015289627943407276,-0.052391177528166966,0.010202095400523643,F6b,0.0724000365532176,0.07982272541586093,0.7824035739705181,-0.07982272541586093,-0.05492316592701909,-0.037634822114719864,-0.06047221067894289,0.061645567807364354,0.18520900321543407,6
0.0012226891262042134,0.009709754563034632,0.1,white,CORR_L6_f0.7,-0.05022735073659036,-0.07247803424915619,0.011847861218165334,-0.02046066898330908,0.014531756036151693,F6b,0.07247803424915619,0.11642996625082234,0.7857743399554787,-0.11642996625082234,-0.05500116362295769,-0.041076588839961806,-0.028541702134085013,0.0659752284429924,0.17234726688102894,6
0.0012226891262042134,0.009709754563034632,0.1,white,CORR_L10_f0.0,0.001517155718826449,-0.017768319162154423,-0.009981646356461926,-0.03597215103818838,0.0033304815387562997,F6b,0.0693906039690602,0.08108873855811674,0.6986898273868013,-0.06468545979540553,-0.0002914485359559197,-0.06290609641458907,-0.044053184188964305,0.05477395394559701,0.22186495176848875,6
0.0012226891262042134,0.009709754563034632,0.1,white,CORR_L10_f0.15,0.007803098214540186,-0.03304107136196479,0.031455247378678386,-0.023816694057942105,0.02076386759551955,F6b,0.05700602233821388,0.08195288523395988,0.7226186224804201,-0.0583995172996918,-0.015564200735766285,-0.021469202679448754,-0.03189772720871804,0.07220734000236026,0.18906752411575561,6
0.0012226891262042134,0.009709754563034632,0.1,white,CORR_L10_f0.3,0.0016895804141334042,-0.05029011584022998,-0.005185384398261765,-0.043359188373845337,0.026529871477977578,F6b,0.07430090383007538,0.07797334388481829,0.7656669602595313,-0.06451303510009858,-0.03281324521403148,-0.058109834456388905,-0.051440221524621264,0.07797334388481829,0.19935691318327975,6
0.0012226891262042134,0.009709754563034632,0.1,white,CORR_L10_f0.5,-0.013620109901628943,-0.0724000365532176,0.015289627943407276,-0.052391177528166966,0.010202095400523643,F6b,0.0724000365532176,0.07982272541586093,0.7824035739705181,-0.07982272541586093,-0.05492316592701909,-0.037634822114719864,-0.06047221067894289,0.061645567807364354,0.18520900321543407,6
0.0012226891262042134,0.009709754563034632,0.1,white,CORR_L10_f0.7,-0.05022735073659036,-0.07247803424915619,0.011847861218165334,-0.02046066898330908,0.014531756036151693,F6b,0.07247803424915619,0.11642996625082234,0.7857743399554787,-0.11642996625082234,-0.05500116362295769,-0.041076588839961806,-0.028541702134085013,0.0659752284429924,0.17234726688102894,6
0.0012226891262042134,0.009709754563034632,0.1,white,CORR_L20_f0.0,-0.003766170463349719,0.0029662624843322244,-0.027241238120808545,-0.014022770666895761,0.0043345140244426955,F6b,0.04333139142932653,0.08016568817893568,0.6348563725223718,-0.0699687859775817,0.02044313311053073,-0.08016568817893568,-0.022103803817671692,0.055777986431283406,0.17942122186495177,6
0.0012226891262042134,0.009709754563034632,0.1,white,CORR_L20_f0.15,0.0073370806616707696,-0.037147769878552145,0.018732819440700002,-0.028627223607671424,0.020730236546738133,F6b,0.05348215584320534,0.07842901873895135,0.7054256980346404,-0.05886553485256121,-0.019670899252353644,-0.03419163061742714,-0.036708256758447355,0.07217370895357884,0.1665594855305466,6
0.0012226891262042134,0.009709754563034632,0.1,white,CORR_L20_f0.3,0.0016895804141334042,-0.05029011584022998,-0.005185384398261765,-0.043359188373845337,0.026529871477977578,F6b,0.07430090383007538,0.07797334388481829,0.7656669602595313,-0.06451303510009858,-0.03281324521403148,-0.058109834456388905,-0.051440221524621264,0.07797334388481829,0.19935691318327975,6
0.0012226891262042134,0.009709754563034632,0.1,white,CORR_L20_f0.5,-0.013620109901628943,-0.0724000365532176,0.015289627943407276,-0.052391177528166966,0.010202095400523643,F6b,0.0724000365532176,0.07982272541586093,0.7824035739705181,-0.07982272541586093,-0.05492316592701909,-0.037634822114719864,-0.06047221067894289,0.061645567807364354,0.18520900321543407,6
0.0012226891262042134,0.009709754563034632,0.1,white,CORR_L20_f0.7,-0.05022735073659036,-0.07247803424915619,0.011847861218165334,-0.02046066898330908,0.014531756036151693,F6b,0.07247803424915619,0.11642996625082234,0.7857743399554787,-0.11642996625082234,-0.05500116362295769,-0.041076588839961806,-0.028541702134085013,0.0659752284429924,0.17234726688102894,6
0.0012226891262042134,0.009709754563034632,0.1,white,DITHER_s0.5,0.02463704217005535,0.04379863659824318,0.12074239168902186,-0.03700565238957751,-0.1208866916538201,F6b,0.1208866916538201,0.08575485998297139,0.14346002152616102,-0.04156557334417663,0.06127550722444168,0.06781794163089472,-0.04508668554035344,-0.06944321924697938,0.10289389067524116,6
0.0012226891262042134,0.009709754563034632,0.1,white,DITHER_s1.0,-0.03377849032198818,0.014509695916340947,0.06903687281672846,-0.05684333719024175,-0.013346090171554907,F6b,0.07526873737485039,0.09998110583622016,0.14004493713207905,-0.09998110583622016,0.03198656654253945,0.016112422758601322,-0.06492437034101768,0.038097382235285804,0.11961414790996784,6
0.0012226891262042134,0.009709754563034632,0.1,white,DITHER_s2.0,0.05349681420587096,-0.044450900605630284,0.01344196949172343,0.04536968832634139,0.037804049541835756,F6b,0.08688144249179897,0.11169314562712093,0.11164487207652668,-0.01270580130836102,-0.026974029979431775,-0.03948248056640371,0.03728865517556546,0.08924752194867647,0.07266881028938907,6
0.0012226891262042134,0.009709754563034632,0.1,white,DITHER_blind,0.04241219306194179,0.00021660709547726906,0.07175557565131721,0.016470118357355124,-0.10562610371316158,F6b,0.10562610371316158,0.05418263130632088,0.1304305334432773,-0.02379042245229019,0.017693477721675774,0.01883112559319007,0.008389085206579194,-0.05418263130632088,0.09581993569131833,6
0.0012226891262042134,0.009709754563034632,0.2,white,MEMLESS,-0.06238703536568646,-0.07597174681170943,0.019471566777765875,0.011316722781903248,0.030474140070698923,F6b,0.07597174681170943,0.12858965087991844,0.8891566350814405,-0.12858965087991844,-0.05849487618551092,-0.033452883280361265,0.003235689631127318,0.08191761247753963,0.2919614147909968,6
0.0012226891262042134,0.009709754563034632,0.2,white,CORR_L2_f0.0,-0.030214417399215668,-0.08077475348109248,0.017359135634845306,-0.02606446758281913,0.018719175888884616,F6b,0.08077475348109248,0.09641703291344765,0.8536813622235854,-0.09641703291344765,-0.06329788285489397,-0.035565314423281834,-0.03414550073359506,0.07016264829572533,0.3221864951768489,6
0.0012226891262042134,0.009709754563034632,0.2,white,CORR_L2_f0.15,-0.01997621023900338,-0.07413619227376692,0.01987027196064866,-0.022506216646906094,0.021131188551004147,F6b,0.07413619227376692,0.08617882575323536,0.8736027012583455,-0.08617882575323536,-0.05665932164756841,-0.03305417809747848,-0.030587249797682025,0.07257466095784486,0.3337620578778135,6
0.0012226891262042134,0.009709754563034632,0.2,white,CORR_L2_f0.3,-0.01652960902542934,-0.07009279200053181,0.025251745407939157,-0.017566593282089628,0.028973914556133858,F6b,0.07009279200053181,0.08273222453966132,0.8861861340829014,-0.08273222453966132,-0.05261592137433331,-0.027672704650187983,-0.02564762643286556,0.08041738696297457,0.3369774919614148,6
0.0012226891262042134,0.009709754563034632,0.2,white,CORR_L2_f0.5,-0.024904757138544287,-0.062207587978013665,0.022748180308704312,-0.011697380394326648,0.03193090304187866,F6b,0.062207587978013665,0.09110737265277627,0.8934397026251462,-0.09110737265277627,-0.044730717351815164,-0.030176269749422828,-0.01977841354510258,0.08337437544871937,0.32668810289389066,6
0.0012226891262042134,0.009709754563034632,0.2,white,CORR_L2_f0.7,-0.03671478945606943,-0.05938412563485736,0.01934429611255075,-0.004170654926827975,0.028822540581659832,F6b,0.05938412563485736,0.10291740497030141,0.8944191721322492,-0.10291740497030141,-0.04190725500865885,-0.03358015394557639,-0.012251688077603906,0.08026601298850054,0.3106109324758842,6
0.0012226891262042134,0.009709754563034632,0.2,white,CORR_L4_f0.0,-0.006615957394583927,-0.05601721834207331,-0.00836987492687647,-0.027360522561069366,0.0029739086404687518,F6b,0.05776860381226839,0.07281857290881591,0.8357106263295414,-0.07281857290881591,-0.038540347715874806,-0.06129432498500361,-0.0354415557118453,0.05441738104730946,0.3639871382636656,6
0.0012226891262042134,0.009709754563034632,0.2,white,CORR_L4_f0.15,-0.004059904617159091,-0.059772042930352653,-0.017983159786858535,-0.032634880187383516,0.0005467551807847859,F6b,0.065481132082411,0.07090760984498568,0.8437677242431685,-0.07026252013139107,-0.04229517230415415,-0.07090760984498568,-0.04071591333815945,0.0519902275876255,0.3247588424437299,6
0.0012226891262042134,0.009709754563034632,0.2,white,CORR_L4_f0.3,-0.0054333087178872475,-0.05286737978949299,0.0007902668510392577,-0.02009022781186991,0.01574464657370269,F6b,0.07047061832028532,0.07167687206824885,0.8637865717242735,-0.07163592423211923,-0.03539050916329448,-0.05213418320708788,-0.02817126096264584,0.0671881189805434,0.3221864951768489,6
0.0012226891262042134,0.009709754563034632,0.2,white,CORR_L4_f0.5,-0.017067880095949714,-0.04986186165201348,0.010535703893905096,-0.012759476810757526,0.01909547793507236,F6b,0.06762276394782701,0.0832704956101817,0.8964214953800278,-0.0832704956101817,-0.03238499102581498,-0.042388746164222044,-0.020840509961533457,0.07053895034191307,0.33954983922829585,6
0.0012226891262042134,0.009709754563034632,0.2,white,CORR_L4_f0.7,-0.03382179536937131,-0.05263281091849212,0.017607125916449327,-0.007921920429988558,0.029231955409065043,F6b,0.05263281091849212,0.1000244108836033,0.8930783684733947,-0.1000244108836033,-0.035155940292293617,-0.03531732414167781,-0.01600295358076449,0.08067542781590575,0.3086816720257235,6
0.0012226891262042134,0.009709754563034632,0.2,white,CORR_L6_f0.0,-0.003957353564198587,-0.039626906598387794,-0.002443916369163829,-0.02692599331079815,-0.002275840065449404,F6b,0.06152267897351821,0.07015996907843057,0.8195519422116848,-0.07015996907843057,-0.02215003597218929,-0.05536836642729097,-0.03500702646157408,0.04916763234139131,0.37556270096463024,6
0.0012226891262042134,0.009709754563034632,0.2,white,CORR_L6_f0.15,0.00038440576864370857,-0.04668763930950589,-0.012099388204092384,-0.029046949890968673,0.005069355466987682,F6b,0.054408028458840414,0.06581820974558827,0.8491906919561575,-0.06581820974558827,-0.029210768683307384,-0.06502383826221952,-0.037127983041744604,0.05651282787382839,0.3440514469453376,6
0.0012226891262042134,0.009709754563034632,0.2,white,CORR_L6_f0.3,-0.01439491294263133,-0.05094590127280192,-0.00603041147924422,-0.02251822802880742,0.016075730173792373,F6b,0.08183312843764343,0.08303938218560696,0.8604053627685129,-0.08059752845686331,-0.033469030646603413,-0.05895486153737136,-0.03059926117958335,0.06751920258063308,0.31961414790996784,6
0.0012226891262042134,0.009709754563034632,0.2,white,CORR_L6_f0.5,-0.019000555715033215,-0.05120131176267931,0.012164902041919182,-0.007660163330186695,0.021283830982411024,F6b,0.06186471967051023,0.0852031712292652,0.8941942187714373,-0.0852031712292652,-0.0337244411364808,-0.04075954801620796,-0.015741196480962626,0.07272730338925174,0.335048231511254,6
0.0012226891262042134,0.009709754563034632,0.2,white,CORR_L6_f0.7,-0.03382179536937131,-0.05263281091849212,0.017607125916449327,-0.007921920429988558,0.029231955409065043,F6b,0.05263281091849212,0.1000244108836033,0.8930783684733947,-0.1000244108836033,-0.035155940292293617,-0.03531732414167781,-0.01600295358076449,0.08067542781590575,0.3086816720257235,6
0.0012226891262042134,0.009709754563034632,0.2,white,CORR_L10_f0.0,-0.0003015418795028896,-0.02574969406442519,0.0025497086412073072,-0.035011091117766235,-0.0016979059524634688,F6b,0.04958551878228696,0.06650415739373487,0.8036616444443055,-0.06650415739373487,-0.008272823438226688,-0.05037474141691983,-0.04309212426854217,0.04974556645437724,0.3832797427652733,6
0.0012226891262042134,0.009709754563034632,0.2,white,CORR_L10_f0.15,0.0006935050660682868,-0.04425228308471675,-0.009762590332295859,-0.026053461914243247,0.021089708177083437,F6b,0.04425228308471675,0.07253318058392415,0.8367841432062013,-0.0655091104481637,-0.02677541245851825,-0.062687040390423,-0.03413449506501918,0.07253318058392415,0.3331189710610932,6
0.0012226891262042134,0.009709754563034632,0.2,white,CORR_L10_f0.3,-0.009046432153820672,-0.04785097588568868,-0.00450133835264737,-0.025901087629431125,0.014742415259788873,F6b,0.07677502264644652,0.07798127639441005,0.8601031549729864,-0.07524904766805265,-0.030374105259490178,-0.05742578841077451,-0.033982120780207056,0.06618588766662958,0.32282958199356915,6
0.0012226891262042134,0.009709754563034632,0.2,white,CORR_L10_f0.5,-0.019000555715033215,-0.05120131176267931,0.012164902041919182,-0.007660163330186695,0.021283830982411024,F6b,0.06186471967051023,0.0852031712292652,0.8941942187714373,-0.0852031712292652,-0.0337244411364808,-0.04075954801620796,-0.015741196480962626,0.07272730338925174,0.335048231511254,6
0.0012226891262042134,0.009709754563034632,0.2,white,CORR_L10_f0.7,-0.03382179536937131,-0.05263281091849212,0.017607125916449327,-0.007921920429988558,0.029231955409065043,F6b,0.05263281091849212,0.1000244108836033,0.8930783684733947,-0.1000244108836033,-0.035155940292293617,-0.03531732414167781,-0.01600295358076449,0.08067542781590575,0.3086816720257235,6
0.0012226891262042134,0.009709754563034632,0.2,white,CORR_L20_f0.0,-0.00849286993973572,-0.010644081873250342,-0.00829889347641697,-0.030871685848731335,-0.008738112671825234,F6b,0.041004762478020734,0.0746954854539677,0.7573892506031117,-0.0746954854539677,0.006832788752948163,-0.06122334353454411,-0.038952718999507266,0.04270535973501548,0.35112540192926045,6
0.0012226891262042134,0.009709754563034632,0.2,white,CORR_L20_f0.15,0.001403089439051694,-0.04639574937569979,-0.007641577019141872,-0.03014886705580862,0.01900276735055747,F6b,0.04639574937569979,0.07044623975739818,0.8338058294234719,-0.06479952607518029,-0.02891887874950129,-0.06056602707726901,-0.03822990020658455,0.07044623975739818,0.33247588424437297,6
0.0012226891262042134,0.009709754563034632,0.2,white,CORR_L20_f0.3,-0.008353387016807101,-0.05078115159993264,-0.005898688055283652,-0.027839351614724703,0.013990622402599288,F6b,0.07794938798238468,0.07915564173034821,0.8603293296820529,-0.07455600253103908,-0.033304280973734134,-0.05882313811341079,-0.035920384765500635,0.06543409480944,0.3234726688102894,6
0.0012226891262042134,0.009709754563034632,0.2,white,CORR_L20_f0.5,-0.019000555715033215,-0.05120131176267931,0.012164902041919182,-0.007660163330186695,0.021283830982411024,F6b,0.06186471967051023,0.0852031712292652,0.8941942187714373,-0.0852031712292652,-0.0337244411364808,-0.04075954801620796,-0.015741196480962626,0.07272730338925174,0.335048231511254,6
0.0012226891262042134,0.009709754563034632,0.2,white,CORR_L20_f0.7,-0.03382179536937131,-0.05263281091849212,0.017607125916449327,-0.007921920429988558,0.029231955409065043,F6b,0.05263281091849212,0.1000244108836033,0.8930783684733947,-0.1000244108836033,-0.035155940292293617,-0.03531732414167781,-0.01600295358076449,0.08067542781590575,0.3086816720257235,6
0.0012226891262042134,0.009709754563034632,0.2,white,DITHER_s0.5,0.22140519520947924,-0.013294415704177841,-0.01011698860783436,-0.05950136706903719,0.007556623280603414,F6b,0.22140519520947924,0.15520257969524726,0.24986001932383017,0.15520257969524726,0.0041824549220206625,-0.0630414386659615,-0.06758240021981313,0.059000095687444125,0.21286173633440514,6
0.0012226891262042134,0.009709754563034632,0.2,white,DITHER_s1.0,0.14522083466880817,-0.061590997579566736,-0.08300217820889484,-0.06458427030794824,-0.09759981971580386,F6b,0.14522083466880817,0.13592662826702198,0.27730572686093985,0.07901821915457619,-0.044114126953368235,-0.13592662826702198,-0.07266530345872417,-0.046156347308963154,0.18971061093247588,6
0.0012226891262042134,0.009709754563034632,0.2,white,DITHER_s2.0,0.007853709853083389,0.011740613489395608,0.05865218801567048,-0.06599716335319124,0.012134748097114893,F6b,0.08421676331855571,0.08029540890196817,0.18433534292973014,-0.058348905661148594,0.029217484115594113,0.0057277379575433425,-0.07407819650396717,0.0635782205039556,0.2180064308681672,6
0.0012226891262042134,0.009709754563034632,0.2,white,DITHER_blind,0.047726529335142265,0.019148934697480174,-0.02212787580013302,-0.02084720131055936,-0.05264090224436841,F6b,0.07608577537196876,0.07505232585826016,0.22367801423775407,-0.018476086179089718,0.03662580532367868,-0.07505232585826016,-0.02892823446133529,-0.0011974298375276966,0.21479099678456592,6
0.0012226891262042134,0.009709754563034632,0.3,white,MEMLESS,-0.038484084234011964,-0.04110352466811072,0.007768779058604854,-0.007078262138785431,0.02229863939568507,F6b,0.04110352466811072,0.10468669974824395,0.9358763499129514,-0.10468669974824395,-0.023626654041912214,-0.045155670999522286,-0.015159295289561362,0.07374211180252578,0.3935691318327974,6
0.0012226891262042134,0.009709754563034632,0.3,white,CORR_L2_f0.0,-0.01971302938504446,-0.0654214666136622,0.023927447020012572,0.006091720262210775,0.04255778430491405,F6b,0.0654214666136622,0.09400125671175476,0.9157255921862786,-0.08591564489927644,-0.0479445959874637,-0.028997003038114567,-0.0019893128885651564,0.09400125671175476,0.4482315112540193,6
0.0012226891262042134,0.009709754563034632,0.3,white,CORR_L2_f0.15,-0.01971787120576428,-0.060625706985639474,0.023298093443827984,0.004638543173804643,0.04609524300496517,F6b,0.060625706985639474,0.09753871541180588,0.9193168369413679,-0.08592048671999626,-0.04314883635944097,-0.029626356614299156,-0.003442489976971288,0.09753871541180588,0.4340836012861736,6
0.0012226891262042134,0.009709754563034632,0.3,white,CORR_L2_f0.3,-0.017999420435999877,-0.060920265814966484,0.017578276913768634,-0.0013899417528547443,0.04528288230461732,F6b,0.060920265814966484,0.09672635471145803,0.9273059064712349,-0.08420203595023186,-0.04344339518876798,-0.035346173144358506,-0.009470974903630676,0.09672635471145803,0.4270096463022508,6
0.0012226891262042134,0.009709754563034632,0.3,white,CORR_L2_f0.5,-0.025145626420400927,-0.05716403390578241,0.01410646507095143,-0.002400170960811184,0.045327424981687965,F6b,0.05716403390578241,0.09677089738852868,0.9316441976539152,-0.09134824193463291,-0.03968716327958391,-0.03881798498717571,-0.010481204111587115,0.09677089738852868,0.4135048231511254,6
0.0012226891262042134,0.009709754563034632,0.3,white,CORR_L2_f0.7,-0.032567633290602055,-0.0512438045634364,-0.0011857873031936791,-0.010930764591664328,0.03204917393922611,F6b,0.0512438045634364,0.09877024880483404,0.9380544422290066,-0.09877024880483404,-0.03376693393723789,-0.05411023736132082,-0.01901179774244026,0.08349264634606682,0.4102893890675241,6
0.0012226891262042134,0.009709754563034632,0.3,white,CORR_L4_f0.0,-0.004393204043516286,-0.04288895777465594,-0.0035131509431522018,-0.011811510663792813,0.02335799034194818,F6b,0.04820001887967018,0.07480146274878889,0.8836070023400044,-0.07059581955774827,-0.025412087148457437,-0.05643760100127934,-0.019892543814568744,0.07480146274878889,0.4662379421221865,6
0.0012226891262042134,0.009709754563034632,0.3,white,CORR_L4_f0.15,0.0032799785819347393,-0.035415497526899486,0.009103271405410299,-0.011424195513148334,0.025237245383077485,F6b,0.0599973977506207,0.0766807177899182,0.917283875325441,-0.06292263693229724,-0.01793862690070098,-0.04382117865271684,-0.019505228663924266,0.0766807177899182,0.47138263665594854,6
0.0012226891262042134,0.009709754563034632,0.3,white,CORR_L4_f0.3,-0.004806498570407242,-0.02950935018891174,0.01470270416811778,0.0007743379889527165,0.03436460697879166,F6b,0.06106317177875109,0.08580807938563237,0.9212084191776415,-0.07100911408463922,-0.012032479562713236,-0.03822174589000936,-0.007306695161823215,0.08580807938563237,0.43858520900321546,6
0.0012226891262042134,0.009709754563034632,0.3,white,CORR_L4_f0.5,-0.01930169189670794,-0.042821217707720495,0.004538962980190492,0.002047107149653951,0.03318354716963302,F6b,0.04536832513072093,0.08550430741093992,0.9333003181079966,-0.08550430741093992,-0.02534434708152199,-0.04838548707793665,-0.00603392600112198,0.08462701957647373,0.42508038585209,6
0.0012226891262042134,0.009709754563034632,0.3,white,CORR_L4_f0.7,-0.03186804368878994,-0.048572670713829584,-0.0038891431559613387,-0.009279577903001594,0.030841041636812165,F6b,0.048572670713829584,0.09807065920302192,0.9380653911241025,-0.09807065920302192,-0.03109580008763108,-0.05681359321408848,-0.017360611053777526,0.08228451404365288,0.41093247588424436,6
0.0012226891262042134,0.009709754563034632,0.3,white,CORR_L6_f0.0,-0.009580249637947041,-0.03360614048176724,-0.008944044643602954,-0.025070413353961502,0.016323783501311494,F6b,0.041521142461054504,0.07578286515217902,0.8788534664903168,-0.07578286515217902,-0.016129269855568732,-0.061868494701730094,-0.033151446504737433,0.0677672559081522,0.49517684887459806,6
0.0012226891262042134,0.009709754563034632,0.3,white,CORR_L6_f0.15,-0.002340281560590962,-0.039420159866452725,-0.008745549254772847,-0.017373582514914162,0.008459481116187613,F6b,0.04167775063723581,0.06854289707482294,0.9018979661413214,-0.06854289707482294,-0.02194328924025422,-0.06166999931289999,-0.025454615665690093,0.059902953523028324,0.4527331189710611,6
0.0012226891262042134,0.009709754563034632,0.3,white,CORR_L6_f0.3,-0.006107134146138116,-0.029815578741802663,0.016033166659050815,-0.003179547073866501,0.0317547637308894,F6b,0.05812693407187921,0.08319823613773011,0.9241078270236083,-0.0723097496603701,-0.01233870811560416,-0.036891283399076324,-0.011260580224642432,0.08319823613773011,0.4508038585209003,6
0.0012226891262042134,0.009709754563034632,0.3,white,CORR_L6_f0.5,-0.02012538295182044,-0.04241914376977649,0.0056454415457703605,0.00042634570978634066,0.031575263477827846,F6b,0.04510318336410562,0.08632799846605242,0.9335057499309364,-0.08632799846605242,-0.024942273143577987,-0.04727900851235678,-0.007654687440989591,0.08301873588466856,0.4270096463022508,6
0.0012226891262042134,0.009709754563034632,0.3,white,CORR_L6_f0.7,-0.032524533477287315,-0.0481042909484984,-0.004130420921670971,-0.00990080967732751,0.03069891041876014,F6b,0.0481042909484984,0.0987271489915193,0.9382337307275691,-0.0987271489915193,-0.030627420322299894,-0.05705487097979811,-0.01798184282810344,0.08214238282560085,0.4115755627009646,6
0.0012226891262042134,0.009709754563034632,0.3,white,CORR_L10_f0.0,-0.010655062597178508,-0.030112013033269124,-0.0134472024928666,-0.02840369641415157,0.011469279064765268,F6b,0.031585720207852205,0.07685767811141049,0.8669317319079028,-0.07685767811141049,-0.012635142407070619,-0.06637165255099374,-0.0364847295649275,0.06291275147160598,0.5221864951768489,6
0.0012226891262042134,0.009709754563034632,0.3,white,CORR_L10_f0.15,-0.001150398415067408,-0.033440381663503896,-0.0070833549325572814,-0.011619349930197666,0.021350881847060833,F6b,0.052472724149386314,0.07279435425390154,0.8867123196689207,-0.06735301392929939,-0.015963511037305388,-0.06000780499068442,-0.019700383080973598,0.07279435425390154,0.419935691318328,6
0.0012226891262042134,0.009709754563034632,0.3,white,CORR_L10_f0.3,-0.006510756895119346,-0.03157331393302753,0.011851878705629357,-0.0038887087906357837,0.02628667040383329,F6b,0.06108461577420085,0.077730142810674,0.9241756881210089,-0.07271337240935133,-0.014096443306829024,-0.04107257135249778,-0.011969741941411715,0.077730142810674,0.45401929260450163,6
0.0012226891262042134,0.009709754563034632,0.3,white,CORR_L10_f0.5,-0.019528832594765455,-0.042251518258062754,0.005234219166951222,-0.0006474824838299531,0.031210502013514628,F6b,0.04383452395406689,0.08573144810899744,0.9339164424440564,-0.08573144810899744,-0.024774647631864245,-0.04769023089117592,-0.008728515634605884,0.08265397442035534,0.4289389067524116,6
0.0012226891262042134,0.009709754563034632,0.3,white,CORR_L10_f0.7,-0.032524533477287315,-0.0481042909484984,-0.004130420921670971,-0.00990080967732751,0.03069891041876014,F6b,0.0481042909484984,0.0987271489915193,0.9382337307275691,-0.0987271489915193,-0.030627420322299894,-0.05705487097979811,-0.01798184282810344,0.08214238282560085,0.4115755627009646,6
0.0012226891262042134,0.009709754563034632,0.3,white,CORR_L20_f0.0,-0.00029302373561013173,-0.016015014633906796,-0.009316370068131671,-0.026014796546328326,-0.004433042737614655,F6b,0.026102452410246474,0.06649563924984211,0.8561272936768382,-0.06649563924984211,0.0014618559922917088,-0.06224082012625881,-0.03409582969710426,0.047010429669226056,0.5318327974276528,6
0.0012226891262042134,0.009709754563034632,0.3,white,CORR_L20_f0.15,-0.0026211650158611266,-0.03803086840289793,-0.009602475568711646,-0.011222949899735914,0.01747360060582439,F6b,0.05264896752353154,0.0689170730126651,0.886658492329,-0.06882378053009311,-0.02055399777669943,-0.06252692562683879,-0.019303983050511845,0.0689170730126651,0.4237942122186495,6
0.0012226891262042134,0.009709754563034632,0.3,white,CORR_L20_f0.3,-0.006476305686509434,-0.031088847931291005,0.011381176443081183,-0.0037544184353421,0.02624414146814872,F6b,0.060272272310493896,0.07768761387498943,0.9242398179598086,-0.07267892120074142,-0.013611977305092499,-0.04154327361504596,-0.011835451586118031,0.07768761387498943,0.45466237942122184,6
0.0012226891262042134,0.009709754563034632,0.3,white,CORR_L20_f0.5,-0.019528832594765455,-0.042251518258062754,0.005234219166951222,-0.0006474824838299531,0.031210502013514628,F6b,0.04383452395406689,0.08573144810899744,0.9339164424440564,-0.08573144810899744,-0.024774647631864245,-0.04769023089117592,-0.008728515634605884,0.08265397442035534,0.4289389067524116,6
0.0012226891262042134,0.009709754563034632,0.3,white,CORR_L20_f0.7,-0.032524533477287315,-0.0481042909484984,-0.004130420921670971,-0.00990080967732751,0.03069891041876014,F6b,0.0481042909484984,0.0987271489915193,0.9382337307275691,-0.0987271489915193,-0.030627420322299894,-0.05705487097979811,-0.01798184282810344,0.08214238282560085,0.4115755627009646,6
0.0012226891262042134,0.009709754563034632,0.3,white,DITHER_s0.5,0.11039478079774023,0.10466419079702931,0.08896840313102827,0.003871493039167389,0.03325372226653186,F6b,0.11809826543563312,0.12214106142322781,0.3430333482577562,0.04419216528350825,0.12214106142322781,0.03604395307290113,-0.004209540111608542,0.08469719467337257,0.2790996784565916,6
0.0012226891262042134,0.009709754563034632,0.3,white,DITHER_s1.0,0.10648794951940177,-0.04447135309156104,0.060533231312464394,0.09781795764557337,-0.12280784217636259,F6b,0.12280784217636259,0.08973692449479743,0.27118221011189164,0.040285334005169794,-0.02699448246536254,0.007608781254337252,0.08973692449479743,-0.07136436976952187,0.3048231511254019,6
0.0012226891262042134,0.009709754563034632,0.3,white,DITHER_s2.0,0.011672408689535146,-0.03282761974470607,0.05621998732681465,-0.04348649677101464,-0.11944745634561593,F6b,0.11944745634561593,0.06800398393877521,0.3124708531087996,-0.054530206824696836,-0.015350749118507563,0.00329553726868751,-0.05156752992179057,-0.06800398393877521,0.28360128617363345,6
0.0012226891262042134,0.009709754563034632,0.3,white,DITHER_blind,0.019141784081166027,-0.15107686762976297,0.039693550187343676,0.013563048330031646,0.01849362387742442,F6b,0.15107686762976297,0.13359999700356445,0.270549325284752,-0.047060831433065956,-0.13359999700356445,-0.013230899870783464,0.005482015179255713,0.06993709628426513,0.2932475884244373,6
0.0012226891262042134,0.009709754563034632,0.5,white,MEMLESS,-0.0181828942631211,-0.017960638554640963,0.001891933358482277,-0.0029981898579549953,0.0022840897449199135,F6b,0.0181828942631211,0.08438550977735308,0.9816023888712302,-0.08438550977735308,-0.0004837679284424588,-0.05103251669964486,-0.011079223008730927,0.053727562151760624,0.5845659163987138,6
0.0012226891262042134,0.009709754563034632,0.5,white,CORR_L2_f0.0,-0.014436160329666756,-0.03226894055474022,0.009786225894576873,-0.004489841668679587,0.022563258324523223,F6b,0.03226894055474022,0.08063877584389874,0.9658963600244402,-0.08063877584389874,-0.014792069928541714,-0.043138224163550266,-0.012570874819455518,0.07400673073136393,0.6289389067524116,6
0.0012226891262042134,0.009709754563034632,0.5,white,CORR_L2_f0.15,-0.010569351613226016,-0.027244634054555406,0.00652321002339383,-0.006829244206366648,0.012952892939810952,F6b,0.027244634054555406,0.076771967127458,0.9730132522131681,-0.076771967127458,-0.009767763428356903,-0.04640124003473331,-0.014910277357142579,0.06439636534665166,0.6353697749196141,6
0.0012226891262042134,0.009709754563034632,0.5,white,CORR_L2_f0.3,-0.009649306780189493,-0.02062531249143657,0.002866613606238619,-0.006555383150913363,0.001511095890928335,F6b,0.02062531249143657,0.07585192229442148,0.9779274166242049,-0.07585192229442148,-0.003148441865238063,-0.05005783645188852,-0.014636416301689294,0.052954568297769046,0.62508038585209,6
0.0012226891262042134,0.009709754563034632,0.5,white,CORR_L2_f0.5,-0.012362513009960718,-0.017069311271987207,0.005652511505958871,-0.0009262329647990609,0.005205831145664627,F6b,0.017318392264814745,0.0785651285241927,0.9796828957797526,-0.0785651285241927,0.00040755935421129673,-0.04727193855216827,-0.009007266115574992,0.05664930355250534,0.6038585209003215,6
0.0012226891262042134,0.009709754563034632,0.5,white,CORR_L2_f0.7,-0.01799990407880267,-0.012963600500745041,0.0032764478848092346,-0.0020877855404568685,0.0006212772406956057,F6b,0.018579446900053316,0.08420251959303465,0.9826453557470016,-0.08420251959303465,0.0045132701254534625,-0.049648002173317905,-0.0101688186912328,0.05206474964753632,0.6019292604501608,6
0.0012226891262042134,0.009709754563034632,0.5,white,CORR_L4_f0.0,-0.011218028660893123,-0.02265929039389229,0.0006463872440046065,0.002418275581051595,0.028946074679428287,F6b,0.028946074679428287,0.080389547086269,0.9550930552102374,-0.0774206441751251,-0.005182419767693783,-0.05227806281412253,-0.005662757569724336,0.080389547086269,0.6752411575562701,6
0.0012226891262042134,0.009709754563034632,0.5,white,CORR_L4_f0.15,-0.009877586857770501,-0.01855418763599967,-0.004334710669318134,0.0021455104943238915,0.01652266488758359,F6b,0.01855418763599967,0.07608020237200248,0.9669314498204237,-0.07608020237200248,-0.001077317009801165,-0.057259160727445274,-0.00593552265645204,0.0679661372944243,0.6495176848874598,6
0.0012226891262042134,0.009709754563034632,0.5,white,CORR_L4_f0.3,-0.012832564075280883,-0.02333500394102108,0.007870069927749856,0.002323439018459777,0.014609510176375719,F6b,0.02333500394102108,0.07903517958951287,0.9714493170291403,-0.07903517958951287,-0.005858133314822574,-0.04505438013037728,-0.005757594132316154,0.06605298258321643,0.6077170418006431,6
0.0012226891262042134,0.009709754563034632,0.5,white,CORR_L4_f0.5,-0.005988950887587524,-0.019684159251306663,0.0069944699072593194,-0.008269317073095285,0.0017942279313475779,F6b,0.02161069130589086,0.0721915664018195,0.9788894876903202,-0.0721915664018195,-0.002207288625108158,-0.04592998015086782,-0.016350350223871216,0.05323770033818829,0.5993569131832798,6
0.0012226891262042134,0.009709754563034632,0.5,white,CORR_L4_f0.7,-0.013204216758037332,-0.013311111780733288,0.00442333614217498,-0.0048010508677307565,0.00044149271980963717,F6b,0.01790934890369477,0.07940683227226931,0.981867691071004,-0.07940683227226931,0.004165758845465218,-0.04850111391595216,-0.012882084018506688,0.05188496512665035,0.5967845659163987,6
0.0012226891262042134,0.009709754563034632,0.5,white,CORR_L6_f0.0,-0.0067590045508095775,-0.02747612803475251,-0.007270989346728311,-0.004951631933373913,0.006964135435876838,F6b,0.027511719491173772,0.07296162006504156,0.9519726099471025,-0.07296162006504156,-0.009999257408554002,-0.06019543940485545,-0.013032665084149844,0.05840760784271755,0.707395498392283,6
0.0012226891262042134,0.009709754563034632,0.5,white,CORR_L6_f0.15,-0.013387715538496672,-0.019626327980123162,0.0010003265162280423,0.005882698428817107,0.0189407020561256,F6b,0.03239906635737236,0.07959033105272866,0.960175625302694,-0.07959033105272866,-0.002149457353924659,-0.0519241235418991,-0.0021983347219588245,0.07038417446296631,0.6308681672025723,6
0.0012226891262042134,0.009709754563034632,0.5,white,CORR_L6_f0.3,-0.01398954871672338,-0.0246745271135074,0.005911351582293764,0.004920972452199848,0.014532240486581284,F6b,0.026839058402817716,0.08019216423095536,0.9711014421890596,-0.08019216423095536,-0.007197656487308895,-0.047013098475833376,-0.0031600606985760834,0.065975712893422,0.6102893890675242,6
0.0012226891262042134,0.009709754563034632,0.5,white,CORR_L6_f0.5,-0.006922251856508757,-0.02336974407452274,0.004520484513475524,-0.008378953075164262,0.0025993413271001367,F6b,0.02336974407452274,0.07312486737074074,0.9786485106901882,-0.07312486737074074,-0.005892873448324237,-0.048403965544651616,-0.016459986225940193,0.05404281373394085,0.5974276527331189,6
0.0012226891262042134,0.009709754563034632,0.5,white,CORR_L6_f0.7,-0.013204216758037332,-0.013311111780733288,0.00442333614217498,-0.0048010508677307565,0.00044149271980963717,F6b,0.01790934890369477,0.07940683227226931,0.981867691071004,-0.07940683227226931,0.004165758845465218,-0.04850111391595216,-0.012882084018506688,0.05188496512665035,0.5967845659163987,6
0.0012226891262042134,0.009709754563034632,0.5,white,CORR_L10_f0.0,-0.0037014848552962692,-0.014343650772391938,-0.005856095796465455,-0.011114917631600992,0.00676363222011539,F6b,0.03281597588340142,0.06990410036952825,0.9439366118964451,-0.06990410036952825,0.003133219853806566,-0.058780545854592595,-0.019195950782376923,0.0582071046269561,0.7356913183279743,6
0.0012226891262042134,0.009709754563034632,0.5,white,CORR_L10_f0.15,-0.010137120785784715,-0.0181402060017405,0.004171843034921109,0.006086539831299698,0.02257119881891253,F6b,0.031168261302540766,0.0763397363000167,0.9603185524296454,-0.0763397363000167,-0.000663335375541993,-0.04875260702320603,-0.0019944933194762336,0.07401467122575324,0.639871382636656,6
0.0012226891262042134,0.009709754563034632,0.5,white,CORR_L10_f0.3,-0.011963216462757997,-0.02452530069448352,0.0047678967896929575,0.0032272715486752574,0.014134215730458678,F6b,0.027013277626436835,0.07816583197698998,0.9714626401756261,-0.07816583197698998,-0.0070484300682850136,-0.04815655326843418,-0.004853761602100674,0.06557768813729939,0.6122186495176849,6
0.0012226891262042134,0.009709754563034632,0.5,white,CORR_L10_f0.5,-0.007057386411642011,-0.022494379199821897,0.00429875468397347,-0.007593937007645345,0.0019714982890107827,F6b,0.02275884189291821,0.073260001925874,0.978409167562589,-0.073260001925874,-0.005017508573623391,-0.04862569537415367,-0.015674970158421276,0.053414970695851494,0.5961414790996784,6
0.0012226891262042134,0.009709754563034632,0.5,white,CORR_L10_f0.7,-0.013204216758037332,-0.013311111780733288,0.00442333614217498,-0.0048010508677307565,0.00044149271980963717,F6b,0.01790934890369477,0.07940683227226931,0.981867691071004,-0.07940683227226931,0.004165758845465218,-0.04850111391595216,-0.012882084018506688,0.05188496512665035,0.5967845659163987,6
0.0012226891262042134,0.009709754563034632,0.5,white,CORR_L20_f0.0,-0.008634106745275094,-0.016835350253927066,-0.010820857917867216,-0.015132744404464007,-0.0033830072499768243,F6b,0.0179767694474541,0.07483672225950708,0.9380375969688559,-0.07483672225950708,0.0006415203722714395,-0.06374530797599436,-0.02321377755523994,0.04806046515686389,0.760128617363344,6
0.0012226891262042134,0.009709754563034632,0.5,white,CORR_L20_f0.15,-0.00784476165906492,-0.018226754985873315,0.0033127998359803665,0.00658700079551615,0.022115223279826922,F6b,0.030046972380604088,0.0740473771732969,0.961534810764721,-0.0740473771732969,-0.0007498843596748092,-0.04961165022214677,-0.0014940323552597812,0.07355869568666763,0.647588424437299,6
0.0012226891262042134,0.009709754563034632,0.5,white,CORR_L20_f0.3,-0.011963216462757997,-0.02452530069448352,0.0047678967896929575,0.0032272715486752574,0.014134215730458678,F6b,0.027013277626436835,0.07816583197698998,0.9714626401756261,-0.07816583197698998,-0.0070484300682850136,-0.04815655326843418,-0.004853761602100674,0.06557768813729939,0.6122186495176849,6
0.0012226891262042134,0.009709754563034632,0.5,white,CORR_L20_f0.5,-0.007057386411642011,-0.022494379199821897,0.00429875468397347,-0.007593937007645345,0.0019714982890107827,F6b,0.02275884189291821,0.073260001925874,0.978409167562589,-0.073260001925874,-0.005017508573623391,-0.04862569537415367,-0.015674970158421276,0.053414970695851494,0.5961414790996784,6
0.0012226891262042134,0.009709754563034632,0.5,white,CORR_L20_f0.7,-0.013204216758037332,-0.013311111780733288,0.00442333614217498,-0.0048010508677307565,0.00044149271980963717,F6b,0.01790934890369477,0.07940683227226931,0.981867691071004,-0.07940683227226931,0.004165758845465218,-0.04850111391595216,-0.012882084018506688,0.05188496512665035,0.5967845659163987,6
0.0012226891262042134,0.009709754563034632,0.5,white,DITHER_s0.5,0.11708041858831611,0.03477959504005505,0.1329183238150476,-0.0599083569491488,-0.038139010936042404,F6b,0.1329183238150476,0.07999387375692046,0.5361865936137171,0.050877803074084134,0.052256465666253554,0.07999387375692046,-0.06798939009992473,0.013304461470798307,0.48231511254019294,6
0.0012226891262042134,0.009709754563034632,0.5,white,DITHER_s1.0,0.06900369416517427,0.014622794394473764,0.009224751160762906,0.013588506882379107,-0.1668568042727218,F6b,0.1668568042727218,0.11541333186588107,0.5139680396585987,0.0028010786509422812,0.03209966502067227,-0.043699698897364234,0.005507473731603177,-0.11541333186588107,0.5183279742765273,6
0.0012226891262042134,0.009709754563034632,0.5,white,DITHER_s2.0,0.008070516109198012,-0.016021326735934215,0.11071792929778404,-0.033859765299048675,-0.029341940233911117,F6b,0.11071792929778404,0.05813209940503397,0.498406630861445,-0.05813209940503397,0.0014555438902642895,0.0577934792396569,-0.04194079844982461,0.022101532172929594,0.5118971061093247,6
0.0012226891262042134,0.009709754563034632,0.5,white,DITHER_blind,-0.011050666392137962,0.12650517979510684,-0.020468659027694014,0.038764002933568145,-0.13645080378047245,F6b,0.13645080378047245,0.14398205042130535,0.511293419627421,-0.07725328190636994,0.14398205042130535,-0.07339310908582115,0.030682969782792214,-0.08500733137363173,0.4996784565916399,6
0.0008339444051785952,0.02300088938080708,0.0,white,NOATTACK,0.0,0.0,0.0,0.0,0.0,F6b,0.0,0.19628178789784922,0.0,0.16307567380696059,-0.19628178789784922,-5.011632235027345e-05,-0.0269513057442864,0.013427570760587143,0.0,7
0.0008339444051785952,0.02300088938080708,0.02,white,MEMLESS,-0.003357935845853588,0.04614067511691772,0.019396602367697746,-0.008108739258012431,-0.028048106081598558,F6b,0.04614067511691772,0.159717737961107,0.02724275805162826,0.159717737961107,-0.1501411127809315,0.019346486045347472,-0.03506004500229883,-0.014620535321011416,0.0017050298380221654,7
0.0008339444051785952,0.02300088938080708,0.02,white,CORR_L2_f0.0,0.0,0.0,0.0,0.0,0.0,F6b,0.0,0.19628178789784922,0.0,0.16307567380696059,-0.19628178789784922,-5.011632235027345e-05,-0.0269513057442864,0.013427570760587143,0.0,7
0.0008339444051785952,0.02300088938080708,0.02,white,CORR_L2_f0.15,0.0,0.0,0.0,0.0,0.0,F6b,0.0,0.19628178789784922,0.0,0.16307567380696059,-0.19628178789784922,-5.011632235027345e-05,-0.0269513057442864,0.013427570760587143,0.0,7
0.0008339444051785952,0.02300088938080708,0.02,white,CORR_L2_f0.3,0.003940589074397649,0.0187693055399204,0.010774806640985237,0.0007189673128691308,-0.005628644711522105,F6b,0.04202951843726375,0.17751248235792882,0.019009838560561463,0.16701626288135824,-0.17751248235792882,0.010724690318634962,-0.02623233843141727,0.007798926049065039,0.0017050298380221654,7
0.0008339444051785952,0.02300088938080708,0.02,white,CORR_L2_f0.5,0.003940589074397649,0.0187693055399204,0.010774806640985237,0.0007189673128691308,-0.005628644711522105,F6b,0.04202951843726375,0.17751248235792882,0.019009838560561463,0.16701626288135824,-0.17751248235792882,0.010724690318634962,-0.02623233843141727,0.007798926049065039,0.0017050298380221654,7
0.0008339444051785952,0.02300088938080708,0.02,white,CORR_L2_f0.7,-0.003357935845853588,0.04614067511691772,0.019396602367697746,-0.008108739258012431,-0.028048106081598558,F6b,0.04614067511691772,0.159717737961107,0.02724275805162826,0.159717737961107,-0.1501411127809315,0.019346486045347472,-0.03506004500229883,-0.014620535321011416,0.0017050298380221654,7
0.0008339444051785952,0.02300088938080708,0.02,white,CORR_L4_f0.0,0.0,0.0,0.0,0.0,0.0,F6b,0.0,0.19628178789784922,0.0,0.16307567380696059,-0.19628178789784922,-5.011632235027345e-05,-0.0269513057442864,0.013427570760587143,0.0,7
0.0008339444051785952,0.02300088938080708,0.02,white,CORR_L4_f0.15,0.0,0.0,0.0,0.0,0.0,F6b,0.0,0.19628178789784922,0.0,0.16307567380696059,-0.19628178789784922,-5.011632235027345e-05,-0.0269513057442864,0.013427570760587143,0.0,7
0.0008339444051785952,0.02300088938080708,0.02,white,CORR_L4_f0.3,0.0,0.0,0.0,0.0,0.0,F6b,0.0,0.19628178789784922,0.0,0.16307567380696059,-0.19628178789784922,-5.011632235027345e-05,-0.0269513057442864,0.013427570760587143,0.0,7
0.0008339444051785952,0.02300088938080708,0.02,white,CORR_L4_f0.5,0.003940589074397649,0.0187693055399204,0.010774806640985237,0.0007189673128691308,-0.005628644711522105,F6b,0.04202951843726375,0.17751248235792882,0.019009838560561463,0.16701626288135824,-0.17751248235792882,0.010724690318634962,-0.02623233843141727,0.007798926049065039,0.0017050298380221654,7
0.0008339444051785952,0.02300088938080708,0.02,white,CORR_L4_f0.7,-0.01422605460645357,0.009962005468506063,0.011054007886046711,-0.00011162809491141804,-0.018377971503761206,F6b,0.043854247558540976,0.18631978242934316,0.014375472619287925,0.14884961920050702,-0.18631978242934316,0.011003891563696437,-0.02706293383919782,-0.004950400743174064,0.0008525149190110827,7
0.0008339444051785952,0.02300088938080708,0.02,white,CORR_L6_f0.0,0.0,0.0,0.0,0.0,0.0,F6b,0.0,0.19628178789784922,0.0,0.16307567380696059,-0.19628178789784922,-5.011632235027345e-05,-0.0269513057442864,0.013427570760587143,0.0,7
0.0008339444051785952,0.02300088938080708,0.02,white,CORR_L6_f0.15,0.0,0.0,0.0,0.0,0.0,F6b,0.0,0.19628178789784922,0.0,0.16307567380696059,-0.19628178789784922,-5.011632235027345e-05,-0.0269513057442864,0.013427570760587143,0.0,7
0.0008339444051785952,0.02300088938080708,0.02,white,CORR_L6_f0.3,0.0,0.0,0.0,0.0,0.0,F6b,0.0,0.19628178789784922,0.0,0.16307567380696059,-0.19628178789784922,-5.011632235027345e-05,-0.0269513057442864,0.013427570760587143,0.0,7
0.0008339444051785952,0.02300088938080708,0.02,white,CORR_L6_f0.5,0.003940589074397649,0.0187693055399204,0.010774806640985237,0.0007189673128691308,-0.005628644711522105,F6b,0.04202951843726375,0.17751248235792882,0.019009838560561463,0.16701626288135824,-0.17751248235792882,0.010724690318634962,-0.02623233843141727,0.007798926049065039,0.0017050298380221654,7
0.0008339444051785952,0.02300088938080708,0.02,white,CORR_L6_f0.7,-0.01422605460645357,0.009962005468506063,0.011054007886046711,-0.00011162809491141804,-0.018377971503761206,F6b,0.043854247558540976,0.18631978242934316,0.014375472619287925,0.14884961920050702,-0.18631978242934316,0.011003891563696437,-0.02706293383919782,-0.004950400743174064,0.0008525149190110827,7
0.0008339444051785952,0.02300088938080708,0.02,white,CORR_L10_f0.0,0.0,0.0,0.0,0.0,0.0,F6b,0.0,0.19628178789784922,0.0,0.16307567380696059,-0.19628178789784922,-5.011632235027345e-05,-0.0269513057442864,0.013427570760587143,0.0,7
0.0008339444051785952,0.02300088938080708,0.02,white,CORR_L10_f0.15,0.0,0.0,0.0,0.0,0.0,F6b,0.0,0.19628178789784922,0.0,0.16307567380696059,-0.19628178789784922,-5.011632235027345e-05,-0.0269513057442864,0.013427570760587143,0.0,7
0.0008339444051785952,0.02300088938080708,0.02,white,CORR_L10_f0.3,0.0,0.0,0.0,0.0,0.0,F6b,0.0,0.19628178789784922,0.0,0.16307567380696059,-0.19628178789784922,-5.011632235027345e-05,-0.0269513057442864,0.013427570760587143,0.0,7
0.0008339444051785952,0.02300088938080708,0.02,white,CORR_L10_f0.5,0.003940589074397649,0.0187693055399204,0.010774806640985237,0.0007189673128691308,-0.005628644711522105,F6b,0.04202951843726375,0.17751248235792882,0.019009838560561463,0.16701626288135824,-0.17751248235792882,0.010724690318634962,-0.02623233843141727,0.007798926049065039,0.0017050298380221654,7
0.0008339444051785952,0.02300088938080708,0.02,white,CORR_L10_f0.7,-0.01422605460645357,0.009962005468506063,0.011054007886046711,-0.00011162809491141804,-0.018377971503761206,F6b,0.043854247558540976,0.18631978242934316,0.014375472619287925,0.14884961920050702,-0.18631978242934316,0.011003891563696437,-0.02706293383919782,-0.004950400743174064,0.0008525149190110827,7
0.0008339444051785952,0.02300088938080708,0.02,white,CORR_L20_f0.0,0.0,0.0,0.0,0.0,0.0,F6b,0.0,0.19628178789784922,0.0,0.16307567380696059,-0.19628178789784922,-5.011632235027345e-05,-0.0269513057442864,0.013427570760587143,0.0,7
0.0008339444051785952,0.02300088938080708,0.02,white,CORR_L20_f0.15,0.0,0.0,0.0,0.0,0.0,F6b,0.0,0.19628178789784922,0.0,0.16307567380696059,-0.19628178789784922,-5.011632235027345e-05,-0.0269513057442864,0.013427570760587143,0.0,7
0.0008339444051785952,0.02300088938080708,0.02,white,CORR_L20_f0.3,0.0,0.0,0.0,0.0,0.0,F6b,0.0,0.19628178789784922,0.0,0.16307567380696059,-0.19628178789784922,-5.011632235027345e-05,-0.0269513057442864,0.013427570760587143,0.0,7
0.0008339444051785952,0.02300088938080708,0.02,white,CORR_L20_f0.5,0.003940589074397649,0.0187693055399204,0.010774806640985237,0.0007189673128691308,-0.005628644711522105,F6b,0.04202951843726375,0.17751248235792882,0.019009838560561463,0.16701626288135824,-0.17751248235792882,0.010724690318634962,-0.02623233843141727,0.007798926049065039,0.0017050298380221654,7
0.0008339444051785952,0.02300088938080708,0.02,white,CORR_L20_f0.7,-0.01422605460645357,0.009962005468506063,0.011054007886046711,-0.00011162809491141804,-0.018377971503761206,F6b,0.043854247558540976,0.18631978242934316,0.014375472619287925,0.14884961920050702,-0.18631978242934316,0.011003891563696437,-0.02706293383919782,-0.004950400743174064,0.0008525149190110827,7
0.0008339444051785952,0.02300088938080708,0.02,white,DITHER_s0.5,-0.018091409250518692,0.041531390579757466,0.014105289704926166,-0.004288784382344538,0.009274538887240948,F6b,0.04630488143705616,0.15475039731809176,0.025719094132179973,0.1449842645564419,-0.15475039731809176,0.014055173382575892,-0.03124009012663094,0.02270210964782809,0.017902813299232736,7
0.0008339444051785952,0.02300088938080708,0.02,white,DITHER_s1.0,-0.043065675463048125,0.014823012102406607,0.00926361063713705,0.012622924300396998,-0.0141699795300861,F6b,0.043065675463048125,0.18145877579544262,0.027521102130554077,0.12000999834391246,-0.18145877579544262,0.009213494314786776,-0.014328381443889404,-0.0007424087694989559,0.020460358056265986,7
0.0008339444051785952,0.02300088938080708,0.02,white,DITHER_s2.0,-0.001961259026910911,0.018542771511367157,-0.0016544134852073266,0.0017020390793602395,0.004506581662043993,F6b,0.018542771511367157,0.17773901638648207,0.013252642468386065,0.16111441478004968,-0.17773901638648207,-0.0017045298075576,-0.025249266664926162,0.017934152422631137,0.01619778346121057,7
0.0008339444051785952,0.02300088938080708,0.02,white,DITHER_blind,0.0008683632157952537,0.016930566430749278,0.001487299800566868,-0.008977812803392961,-0.00324213218494673,F6b,0.016930566430749278,0.17935122146709995,0.00828883277591915,0.16394403702275584,-0.17935122146709995,0.0014371834782165947,-0.03592911854767936,0.010185438575640414,0.011082693947144074,7
0.0008339444051785952,0.02300088938080708,0.05,white,MEMLESS,-0.015604637854697845,0.10378486138340713,0.03824887882818658,-0.028883436472601994,-0.0585813431988967,F6b,0.10378486138340713,0.14747103595226274,0.15491290132178998,0.14747103595226274,-0.0924969265144421,0.03819876250583631,-0.055834742216888396,-0.04515377243830956,0.013640238704177323,7
0.0008339444051785952,0.02300088938080708,0.05,white,CORR_L2_f0.0,0.019642721271263958,0.10136068479012213,-0.004230021578167713,-0.012720294885401263,-0.04609197208082677,F6b,0.10136068479012213,0.18271839507822454,0.13008104574565318,0.18271839507822454,-0.0949211031077271,-0.004280137900517986,-0.039671600629687664,-0.03266440132023963,0.017050298380221655,7
0.0008339444051785952,0.02300088938080708,0.05,white,CORR_L2_f0.15,0.0152752319360549,0.10011295616221323,-0.0011480388465156376,-0.026432129316427428,-0.03744852514009192,F6b,0.10011295616221323,0.1783509057430155,0.13919880339230778,0.1783509057430155,-0.09616883173563599,-0.001198155168865911,-0.05338343506071383,-0.024020954379504775,0.015345268542199489,7
0.0008339444051785952,0.02300088938080708,0.05,white,CORR_L2_f0.3,0.029527027655411153,0.07908703695231475,0.007448984516114746,-0.02524107378167245,-0.033041113470635305,F6b,0.07908703695231475,0.19260270146237174,0.1509243592473577,0.19260270146237174,-0.11719475094553447,0.007398868193764473,-0.05219237952595885,-0.019613542710048164,0.017050298380221655,7
0.0008339444051785952,0.02300088938080708,0.05,white,CORR_L2_f0.5,0.030843590460622683,0.08211216935432195,0.001470630029280356,-0.0281546658990293,-0.028489240566076657,F6b,0.08211216935432195,0.19391926426758327,0.1557405014319044,0.19391926426758327,-0.11416961854352728,0.0014205137069300826,-0.0551059716433157,-0.015061669805489512,0.01619778346121057,7
0.0008339444051785952,0.02300088938080708,0.05,white,CORR_L2_f0.7,-0.008740167840432828,0.10411320005878365,0.017032100977324823,-0.023705725427510187,-0.030680819158091573,F6b,0.10411320005878365,0.15433550596652776,0.16649672368266996,0.15433550596652776,-0.09216858783906558,0.01698198465497455,-0.05065703117179659,-0.017253248397504427,0.01619778346121057,7
0.0008339444051785952,0.02300088938080708,0.05,white,CORR_L4_f0.0,0.01910941877628705,0.02433637456307236,-0.017628579383323954,-0.031242041282906457,-0.03444416816778423,F6b,0.03753322669325926,0.18218509258324764,0.049486531507138005,0.18218509258324764,-0.17194541333477686,-0.01767869570567423,-0.05819334702719286,-0.021016597407197087,0.0068201193520886615,7
0.0008339444051785952,0.02300088938080708,0.05,white,CORR_L4_f0.15,0.035457008372141025,0.07827618172416946,0.0014979368378701147,-0.014327601421493207,-0.040374828395278804,F6b,0.07827618172416946,0.1985326821791016,0.11817281093593279,0.1985326821791016,-0.11800560617367976,0.0014478205155198413,-0.04127890716577961,-0.02694725763469166,0.011935208866155157,7
0.0008339444051785952,0.02300088938080708,0.05,white,CORR_L4_f0.3,0.020758870862074175,0.10141408970505773,-0.003979996422657536,-0.013069434254525874,-0.04575758775831694,F6b,0.10141408970505773,0.18383454466903476,0.12996551006034104,0.18383454466903476,-0.09486769819279149,-0.0040301127450078095,-0.040020739998812276,-0.0323300169977298,0.013640238704177323,7
0.0008339444051785952,0.02300088938080708,0.05,white,CORR_L4_f0.5,0.030843590460622683,0.08211216935432195,0.001470630029280356,-0.0281546658990293,-0.028489240566076657,F6b,0.08211216935432195,0.19391926426758327,0.1557405014319044,0.19391926426758327,-0.11416961854352728,0.0014205137069300826,-0.0551059716433157,-0.015061669805489512,0.01619778346121057,7
0.0008339444051785952,0.02300088938080708,0.05,white,CORR_L4_f0.7,-0.008740167840432828,0.10411320005878365,0.017032100977324823,-0.023705725427510187,-0.030680819158091573,F6b,0.10411320005878365,0.15433550596652776,0.16649672368266996,0.15433550596652776,-0.09216858783906558,0.01698198465497455,-0.05065703117179659,-0.017253248397504427,0.01619778346121057,7
0.0008339444051785952,0.02300088938080708,0.05,white,CORR_L6_f0.0,-0.00015480086197758314,0.010441172598955106,-0.007701360564564727,0.006283151682842578,-0.02655623713081085,F6b,0.04694990164335423,0.18584061529889412,0.02355731134657165,0.162920872944983,-0.18584061529889412,-0.007751476886915001,-0.020668154061443823,-0.013128666370223708,0.005115089514066497,7
0.0008339444051785952,0.02300088938080708,0.05,white,CORR_L6_f0.15,0.010905022145895477,0.05356586030096863,0.012943626579653762,-0.033416025328954976,-0.03856237893820744,F6b,0.05356586030096863,0.17398069595285606,0.058097716237212355,0.17398069595285606,-0.1427159275968806,0.012893510257303488,-0.06036733107324138,-0.025134808177620295,0.005115089514066497,7
0.0008339444051785952,0.02300088938080708,0.05,white,CORR_L6_f0.3,0.020758870862074175,0.10141408970505773,-0.003979996422657536,-0.013069434254525874,-0.04575758775831694,F6b,0.10141408970505773,0.18383454466903476,0.12996551006034104,0.18383454466903476,-0.09486769819279149,-0.0040301127450078095,-0.040020739998812276,-0.0323300169977298,0.013640238704177323,7
0.0008339444051785952,0.02300088938080708,0.05,white,CORR_L6_f0.5,0.030843590460622683,0.08211216935432195,0.001470630029280356,-0.0281546658990293,-0.028489240566076657,F6b,0.08211216935432195,0.19391926426758327,0.1557405014319044,0.19391926426758327,-0.11416961854352728,0.0014205137069300826,-0.0551059716433157,-0.015061669805489512,0.01619778346121057,7
0.0008339444051785952,0.02300088938080708,0.05,white,CORR_L6_f0.7,-0.008740167840432828,0.10411320005878365,0.017032100977324823,-0.023705725427510187,-0.030680819158091573,F6b,0.10411320005878365,0.15433550596652776,0.16649672368266996,0.15433550596652776,-0.09216858783906558,0.01698198465497455,-0.05065703117179659,-0.017253248397504427,0.01619778346121057,7
0.0008339444051785952,0.02300088938080708,0.05,white,CORR_L10_f0.0,0.0,0.0,0.0,0.0,0.0,F6b,0.0,0.19628178789784922,0.0,0.16307567380696059,-0.19628178789784922,-5.011632235027345e-05,-0.0269513057442864,0.013427570760587143,0.0,7
0.0008339444051785952,0.02300088938080708,0.05,white,CORR_L10_f0.15,0.010905022145895477,0.05356586030096863,0.012943626579653762,-0.033416025328954976,-0.03856237893820744,F6b,0.05356586030096863,0.17398069595285606,0.058097716237212355,0.17398069595285606,-0.1427159275968806,0.012893510257303488,-0.06036733107324138,-0.025134808177620295,0.005115089514066497,7
0.0008339444051785952,0.02300088938080708,0.05,white,CORR_L10_f0.3,0.020758870862074175,0.10141408970505773,-0.003979996422657536,-0.013069434254525874,-0.04575758775831694,F6b,0.10141408970505773,0.18383454466903476,0.12996551006034104,0.18383454466903476,-0.09486769819279149,-0.0040301127450078095,-0.040020739998812276,-0.0323300169977298,0.013640238704177323,7
0.0008339444051785952,0.02300088938080708,0.05,white,CORR_L10_f0.5,0.030843590460622683,0.08211216935432195,0.001470630029280356,-0.0281546658990293,-0.028489240566076657,F6b,0.08211216935432195,0.19391926426758327,0.1557405014319044,0.19391926426758327,-0.11416961854352728,0.0014205137069300826,-0.0551059716433157,-0.015061669805489512,0.01619778346121057,7
0.0008339444051785952,0.02300088938080708,0.05,white,CORR_L10_f0.7,-0.008740167840432828,0.10411320005878365,0.017032100977324823,-0.023705725427510187,-0.030680819158091573,F6b,0.10411320005878365,0.15433550596652776,0.16649672368266996,0.15433550596652776,-0.09216858783906558,0.01698198465497455,-0.05065703117179659,-0.017253248397504427,0.01619778346121057,7
0.0008339444051785952,0.02300088938080708,0.05,white,CORR_L20_f0.0,0.0,0.0,0.0,0.0,0.0,F6b,0.0,0.19628178789784922,0.0,0.16307567380696059,-0.19628178789784922,-5.011632235027345e-05,-0.0269513057442864,0.013427570760587143,0.0,7
0.0008339444051785952,0.02300088938080708,0.05,white,CORR_L20_f0.15,0.010905022145895477,0.05356586030096863,0.012943626579653762,-0.033416025328954976,-0.03856237893820744,F6b,0.05356586030096863,0.17398069595285606,0.058097716237212355,0.17398069595285606,-0.1427159275968806,0.012893510257303488,-0.06036733107324138,-0.025134808177620295,0.005115089514066497,7
0.0008339444051785952,0.02300088938080708,0.05,white,CORR_L20_f0.3,0.020758870862074175,0.10141408970505773,-0.003979996422657536,-0.013069434254525874,-0.04575758775831694,F6b,0.10141408970505773,0.18383454466903476,0.12996551006034104,0.18383454466903476,-0.09486769819279149,-0.0040301127450078095,-0.040020739998812276,-0.0323300169977298,0.013640238704177323,7
0.0008339444051785952,0.02300088938080708,0.05,white,CORR_L20_f0.5,0.030843590460622683,0.08211216935432195,0.001470630029280356,-0.0281546658990293,-0.028489240566076657,F6b,0.08211216935432195,0.19391926426758327,0.1557405014319044,0.19391926426758327,-0.11416961854352728,0.0014205137069300826,-0.0551059716433157,-0.015061669805489512,0.01619778346121057,7
0.0008339444051785952,0.02300088938080708,0.05,white,CORR_L20_f0.7,-0.008740167840432828,0.10411320005878365,0.017032100977324823,-0.023705725427510187,-0.030680819158091573,F6b,0.10411320005878365,0.15433550596652776,0.16649672368266996,0.15433550596652776,-0.09216858783906558,0.01698198465497455,-0.05065703117179659,-0.017253248397504427,0.01619778346121057,7
0.0008339444051785952,0.02300088938080708,0.05,white,DITHER_s0.5,-0.012185395176463304,0.0336408715609296,0.01110201820010353,0.0178628023934833,-0.009459308962211636,F6b,0.0336408715609296,0.16264091633691963,0.03702792732665879,0.15089027863049728,-0.16264091633691963,0.011051901877753255,-0.009088503350803105,0.003968261798375506,0.056265984654731455,7
0.0008339444051785952,0.02300088938080708,0.05,white,DITHER_s1.0,-0.008445863989320457,0.05008628331148718,-0.027403283039454208,0.014860910478065079,-0.0002781725312032742,F6b,0.07885028722540688,0.15462980981764013,0.07665895938954685,0.15462980981764013,-0.14619550458636205,-0.027453399361804482,-0.012090395266221323,0.01314939822938387,0.05541346973572037,7
0.0008339444051785952,0.02300088938080708,0.05,white,DITHER_s2.0,-0.052501420269095905,0.04135530204487581,0.00010435598740844219,0.00442827437756451,-0.007773796877415545,F6b,0.052501420269095905,0.15492648585297342,0.04882154114772978,0.11057425353786468,-0.15492648585297342,5.4239665058168733e-05,-0.02252303136672189,0.005653773883171598,0.04859335038363171,7
0.0008339444051785952,0.02300088938080708,0.05,white,DITHER_blind,-0.01884668525539207,0.05526970513410845,-0.0038386964868811165,0.007672950743212784,0.013801182280429853,F6b,0.05526970513410845,0.14422898855156852,0.04208486818515679,0.14422898855156852,-0.14101208276374078,-0.00388881280923139,-0.019278355001073617,0.027228753041016997,0.040068201193520885,7
0.0008339444051785952,0.02300088938080708,0.1,white,MEMLESS,-0.08386128059336488,0.18157749693589664,0.023191584758953453,-0.006530050082706396,-0.05074256338785865,F6b,0.18157749693589664,0.07946099138550852,0.3166879296600822,0.0792143932135957,-0.014704290961952587,0.02314146843660318,-0.0334813558269928,-0.03731499262727151,0.0443307757885763,7
0.0008339444051785952,0.02300088938080708,0.1,white,CORR_L2_f0.0,-0.022915244096103682,0.10958212441614475,0.01632672750619295,-0.03769295919031179,-0.03200984347488879,F6b,0.10958212441614475,0.1401604297108569,0.20196902400269237,0.1401604297108569,-0.08669966348170448,0.016276611183842677,-0.0646442649345982,-0.01858227271430165,0.03154305200341006,7
0.0008339444051785952,0.02300088938080708,0.1,white,CORR_L2_f0.15,-0.032282887943723165,0.08777344623872908,0.03665002423268762,-0.021835161575029304,-0.055529167708972905,F6b,0.08777344623872908,0.13079278586323742,0.22398855074561325,0.13079278586323742,-0.10850834165912014,0.03659990791033735,-0.048786467319315706,-0.042101596948385764,0.03410059676044331,7
0.0008339444051785952,0.02300088938080708,0.1,white,CORR_L2_f0.3,-0.0577113144891252,0.12929872208543525,0.039099387833802596,-0.017648821314320582,-0.06713491632684641,F6b,0.12929872208543525,0.10536435931783539,0.27039235036015075,0.10536435931783539,-0.06698306581241398,0.03904927151145232,-0.044600127058606984,-0.05370734556625927,0.04092071611253197,7
0.0008339444051785952,0.02300088938080708,0.1,white,CORR_L2_f0.5,-0.06455221624526084,0.1531537518917372,-0.015145888242527609,-0.02938450779087882,-0.038984981289822244,F6b,0.1531537518917372,0.09852345756169975,0.31200928069515105,0.09852345756169975,-0.04312803600611205,-0.015196004564877883,-0.05633581353516522,-0.025557410529235103,0.04774083546462063,7
0.0008339444051785952,0.02300088938080708,0.1,white,CORR_L2_f0.7,-0.05942939500219127,0.16630559554832866,0.0006748568755490646,-0.0030832182207972438,-0.03985397266052658,F6b,0.16630559554832866,0.10364627880476932,0.3277728101192107,0.10364627880476932,-0.02997619234952057,0.0006247405531987912,-0.030034523965083645,-0.026426401899939434,0.0494458653026428,7
0.0008339444051785952,0.02300088938080708,0.1,white,CORR_L4_f0.0,0.016900921596489038,0.06190442003115504,-0.04887325034527609,-0.015874005535440956,-0.020320814870356512,F6b,0.06190442003115504,0.17997659540344962,0.1571551408737021,0.17997659540344962,-0.1343773678666942,-0.04892336666762637,-0.04282531127972736,-0.006893244109769368,0.03239556692242114,7
0.0008339444051785952,0.02300088938080708,0.1,white,CORR_L4_f0.15,0.002739818528076171,0.06466175425230727,-0.026175256603910485,-0.02886976140253519,-0.0048972991515530435,F6b,0.06466175425230727,0.16581549233503676,0.18212961896643323,0.16581549233503676,-0.13162003364554195,-0.02622537292626076,-0.05582106714682159,0.0085302716090341,0.026427962489343565,7
0.0008339444051785952,0.02300088938080708,0.1,white,CORR_L4_f0.3,-0.02642584792854935,0.10188193002127693,0.024281062171079358,-0.017972338037911328,-0.028393315416884658,F6b,0.10188193002127693,0.13664982587841124,0.21078532401298647,0.13664982587841124,-0.09439985787657229,0.024230945848729084,-0.04492364378219773,-0.014965744656297514,0.028132992327365727,7
0.0008339444051785952,0.02300088938080708,0.1,white,CORR_L4_f0.5,-0.053721254539050925,0.15249656647165696,0.016023217299845766,-0.02666659087395083,-0.054323011353001445,F6b,0.15249656647165696,0.10935441926790966,0.2921313587621826,0.10935441926790966,-0.04378522142619227,0.01597310097749549,-0.05361789661823723,-0.0408954405924143,0.042625745950554135,7
0.0008339444051785952,0.02300088938080708,0.1,white,CORR_L4_f0.7,-0.055584971531994806,0.16044512401475908,0.012470264986064987,-0.012226178808239927,-0.040086199334579985,F6b,0.16044512401475908,0.10749070227496578,0.32406785437808133,0.10749070227496578,-0.035836663883090134,0.012420148663714712,-0.03917748455252633,-0.026658628573992843,0.04859335038363171,7
0.0008339444051785952,0.02300088938080708,0.1,white,CORR_L6_f0.0,0.010076117244072397,0.06095228566985564,-0.060924019099583074,0.0026990765963112,-0.015621632286593594,F6b,0.06095228566985564,0.17315179105103298,0.1554177093421615,0.17315179105103298,-0.1353295022279936,-0.06097413542193335,-0.0242522291479752,-0.002194061526006451,0.04092071611253197,7
0.0008339444051785952,0.02300088938080708,0.1,white,CORR_L6_f0.15,-0.0028157653790860104,0.06840881653129352,-0.017440701153898404,-0.03266197009484835,-0.003968267364243215,F6b,0.06840881653129352,0.16025990842787458,0.183224439997616,0.16025990842787458,-0.1278729713665557,-0.017490817476248678,-0.05961327583913475,0.009459303396343929,0.028132992327365727,7
0.0008339444051785952,0.02300088938080708,0.1,white,CORR_L6_f0.3,-0.018434411333888623,0.12141779793017866,0.02220270013144018,-0.010371224001721944,-0.03903686053612767,F6b,0.12141779793017866,0.14464126247307196,0.2153511574127709,0.14464126247307196,-0.07486398996767056,0.022152583809089906,-0.037322529746008345,-0.025609289775540528,0.028985507246376812,7
0.0008339444051785952,0.02300088938080708,0.1,white,CORR_L6_f0.5,-0.048136785491320944,0.13761834840932347,0.0365481249193312,-0.020344686725670896,-0.05940022853507967,F6b,0.13761834840932347,0.11493888831563964,0.2878383052275147,0.11493888831563964,-0.05866343948852577,0.03649800859698093,-0.0472959924699573,-0.045972657774492526,0.041773231031543054,7
0.0008339444051785952,0.02300088938080708,0.1,white,CORR_L6_f0.7,-0.055584971531994806,0.16044512401475908,0.012470264986064987,-0.012226178808239927,-0.040086199334579985,F6b,0.16044512401475908,0.10749070227496578,0.32406785437808133,0.10749070227496578,-0.035836663883090134,0.012420148663714712,-0.03917748455252633,-0.026658628573992843,0.04859335038363171,7
0.0008339444051785952,0.02300088938080708,0.1,white,CORR_L10_f0.0,-0.010229770454942444,0.05969386330252879,-0.028426580341962653,-0.030181826005261866,-0.06100679956767567,F6b,0.06460080126922133,0.15284590335201814,0.1137157563281771,0.15284590335201814,-0.13658792459532043,-0.028476696664312927,-0.05713313174954827,-0.04757922880708853,0.027280477408354646,7
0.0008339444051785952,0.02300088938080708,0.1,white,CORR_L10_f0.15,0.008007004285033675,0.0636582721116229,-0.01689084509546333,-0.030216787709033747,-0.0099696918860888,F6b,0.09724528951328819,0.17108267809199426,0.17582098566568277,0.17108267809199426,-0.13262351578622633,-0.016940961417813604,-0.05716809345332015,0.003457878874498343,0.027280477408354646,7
0.0008339444051785952,0.02300088938080708,0.1,white,CORR_L10_f0.3,-0.018434411333888623,0.12141779793017866,0.02220270013144018,-0.010371224001721944,-0.03903686053612767,F6b,0.12141779793017866,0.14464126247307196,0.2153511574127709,0.14464126247307196,-0.07486398996767056,0.022152583809089906,-0.037322529746008345,-0.025609289775540528,0.028985507246376812,7
0.0008339444051785952,0.02300088938080708,0.1,white,CORR_L10_f0.5,-0.048136785491320944,0.13761834840932347,0.0365481249193312,-0.020344686725670896,-0.05940022853507967,F6b,0.13761834840932347,0.11493888831563964,0.2878383052275147,0.11493888831563964,-0.05866343948852577,0.03649800859698093,-0.0472959924699573,-0.045972657774492526,0.041773231031543054,7
0.0008339444051785952,0.02300088938080708,0.1,white,CORR_L10_f0.7,-0.055584971531994806,0.16044512401475908,0.012470264986064987,-0.012226178808239927,-0.040086199334579985,F6b,0.16044512401475908,0.10749070227496578,0.32406785437808133,0.10749070227496578,-0.035836663883090134,0.012420148663714712,-0.03917748455252633,-0.026658628573992843,0.04859335038363171,7
0.0008339444051785952,0.02300088938080708,0.1,white,CORR_L20_f0.0,0.0021615207443334283,0.007358377166316321,0.0011955538237112713,0.005572163733210872,-0.021714073210127287,F6b,0.03390418981324274,0.1889234107315329,0.0651994902251231,0.16523719455129401,-0.1889234107315329,0.0011454375013609979,-0.02137914201107553,-0.008286502449540144,0.017050298380221655,7
0.0008339444051785952,0.02300088938080708,0.1,white,CORR_L20_f0.15,-0.0025721143918313594,0.07561638617355966,-0.01691045137284323,-0.023353595795653204,-0.027822989294668123,F6b,0.07561638617355966,0.16050355941512923,0.1570442977704143,0.16050355941512923,-0.12066540172428956,-0.016960567695193503,-0.050304901539939606,-0.014395418534080981,0.0247229326513214,7
0.0008339444051785952,0.02300088938080708,0.1,white,CORR_L20_f0.3,-0.018434411333888623,0.12141779793017866,0.02220270013144018,-0.010371224001721944,-0.03903686053612767,F6b,0.12141779793017866,0.14464126247307196,0.2153511574127709,0.14464126247307196,-0.07486398996767056,0.022152583809089906,-0.037322529746008345,-0.025609289775540528,0.028985507246376812,7
0.0008339444051785952,0.02300088938080708,0.1,white,CORR_L20_f0.5,-0.048136785491320944,0.13761834840932347,0.0365481249193312,-0.020344686725670896,-0.05940022853507967,F6b,0.13761834840932347,0.11493888831563964,0.2878383052275147,0.11493888831563964,-0.05866343948852577,0.03649800859698093,-0.0472959924699573,-0.045972657774492526,0.041773231031543054,7
0.0008339444051785952,0.02300088938080708,0.1,white,CORR_L20_f0.7,-0.055584971531994806,0.16044512401475908,0.012470264986064987,-0.012226178808239927,-0.040086199334579985,F6b,0.16044512401475908,0.10749070227496578,0.32406785437808133,0.10749070227496578,-0.035836663883090134,0.012420148663714712,-0.03917748455252633,-0.026658628573992843,0.04859335038363171,7
0.0008339444051785952,0.02300088938080708,0.1,white,DITHER_s0.5,-0.06931178791047278,0.06144875531703983,-0.005699665340721053,0.012553874054925947,0.0004766719967802223,F6b,0.06931178791047278,0.1348330325808094,0.08933890034088127,0.0937638858964878,-0.1348330325808094,-0.005749781663071327,-0.014397431689360455,0.013904242757367366,0.09633418584825235,7
0.0008339444051785952,0.02300088938080708,0.1,white,DITHER_s1.0,-0.017996140213451056,0.0829518328325974,0.0026632594126821726,0.036808244432422754,-0.016732207085251027,F6b,0.0829518328325974,0.14507953359350953,0.11135740159504812,0.14507953359350953,-0.11332995506525183,0.002613143090331899,0.009856938688136353,-0.0033046363246638844,0.09292412617220801,7
0.0008339444051785952,0.02300088938080708,0.1,white,DITHER_s2.0,-0.11510550842654918,0.053608230082402564,-0.0010347878157991263,0.025171983798523173,0.004146663453634706,F6b,0.11510550842654918,0.14267355781544666,0.12337989715393473,0.0479701653804114,-0.14267355781544666,-0.0010849041381493997,-0.0017793219457632272,0.01757423421422185,0.10741687979539642,7
0.0008339444051785952,0.02300088938080708,0.1,white,DITHER_blind,-0.06548071725773918,0.03726257797787036,-0.006055532929993667,0.028479413159608148,-0.00413228395519148,F6b,0.06563506263800346,0.15901920991997887,0.07555184003644821,0.0975949565492214,-0.15901920991997887,-0.00610564925234394,0.0015281074153217476,0.009295286805395663,0.0792838874680307,7
0.0008339444051785952,0.02300088938080708,0.2,white,MEMLESS,-0.15663047889673257,0.10969094999218608,0.014743430181959087,0.048080946634387334,-0.012887722886717884,F6b,0.15663047889673257,0.08659083790566315,0.5319003525137392,0.006445194910228024,-0.08659083790566315,0.014693313859608812,0.021129640890100932,0.0005398478738692591,0.11764705882352941,7
0.0008339444051785952,0.02300088938080708,0.2,white,CORR_L2_f0.0,-0.05999790615825343,0.11667941830284181,-0.01867350256419669,0.013177952216396043,-0.01144823064211155,F6b,0.11667941830284181,0.10307776764870716,0.4037495095506547,0.10307776764870716,-0.07960236959500741,-0.018723618886546965,-0.013773353527890358,0.001979340118475593,0.10144927536231885,7
0.0008339444051785952,0.02300088938080708,0.2,white,CORR_L2_f0.15,-0.07364847582432246,0.10919333106350973,-0.0056614363592458325,0.007906989616722943,-0.0066019734210522015,F6b,0.10919333106350973,0.08942719798263812,0.412919000906769,0.08942719798263812,-0.0870884568343395,-0.005711552681596106,-0.01904431612756346,0.006825597339534942,0.09718670076726342,7
0.0008339444051785952,0.02300088938080708,0.2,white,CORR_L2_f0.3,-0.09872235059133763,0.10464452267379465,-0.011320796171384592,-0.003036446948319581,-0.0020015533040959564,F6b,0.10464452267379465,0.09163726522405458,0.4440793555215277,0.06435332321562295,-0.09163726522405458,-0.011370912493734866,-0.029987752692605982,0.011426017456491187,0.09974424552429667,7
0.0008339444051785952,0.02300088938080708,0.2,white,CORR_L2_f0.5,-0.10732390282004879,0.07204191305852381,-0.00843520692651594,-0.0030183554506965048,-0.017206766778572503,F6b,0.12273275555541685,0.12423987483932541,0.4754072046948863,0.055751770986911794,-0.12423987483932541,-0.008485323248866214,-0.029969661194982906,-0.0037791960179853583,0.10400682011935208,7
0.0008339444051785952,0.02300088938080708,0.2,white,CORR_L2_f0.7,-0.14000022719248992,0.09799742993783896,-0.0027268800072809984,-0.023171428277268962,-0.009894222666396748,F6b,0.14000022719248992,0.09828435796001027,0.48997063580351413,0.02307544661447067,-0.09828435796001027,-0.002776996329631272,-0.050122734021555364,0.0035333480941903955,0.10230179028132992,7
0.0008339444051785952,0.02300088938080708,0.2,white,CORR_L4_f0.0,-0.04364220189653176,0.06733833803062775,-0.03237193022771568,-0.017738968758385962,0.0020358889427223442,F6b,0.06733833803062775,0.12894344986722148,0.31240006189344965,0.11943347191042883,-0.12894344986722148,-0.032422046550065954,-0.044690274502672364,0.015463459703309488,0.0937766410912191,7
0.0008339444051785952,0.02300088938080708,0.2,white,CORR_L4_f0.15,-0.06067733058749962,0.09214896684856803,-0.04589645592070418,-0.01800200356570115,0.004442618042892503,F6b,0.09214896684856803,0.10413282104928119,0.375347524387094,0.10239834321946097,-0.10413282104928119,-0.045946572243054457,-0.04495330930998755,0.017870188803479646,0.10315430520034101,7
0.0008339444051785952,0.02300088938080708,0.2,white,CORR_L4_f0.3,-0.07161072578388218,0.11135335996913708,-0.025649297372853343,-0.010128480588209064,-0.00045287097037060783,F6b,0.11135335996913708,0.0914649480230784,0.39796180661377767,0.0914649480230784,-0.08492842792871215,-0.025699413695203618,-0.037079786332495465,0.012974699790216536,0.09121909633418585,7
0.0008339444051785952,0.02300088938080708,0.2,white,CORR_L4_f0.5,-0.10036332538707858,0.07951654372602177,0.004570496167898217,0.018265198412440446,0.0009640912027387982,F6b,0.11760626181376942,0.11676524417182746,0.45491681946661294,0.062712348419882,-0.11676524417182746,0.004520379845547944,-0.008686107331845957,0.014391661963325942,0.09718670076726342,7
0.0008339444051785952,0.02300088938080708,0.2,white,CORR_L4_f0.7,-0.12307642226257726,0.09851848786224544,-0.013284993225667648,-0.02157318761110585,-0.010206211363343792,F6b,0.12307642226257726,0.09776330003560378,0.484771285286569,0.03999925154438334,-0.09776330003560378,-0.013335109548017922,-0.04852449335539225,0.003221359397243351,0.10059676044330776,7
0.0008339444051785952,0.02300088938080708,0.2,white,CORR_L6_f0.0,-0.033156214308011855,0.05728170025592605,-0.01788501712552734,-0.018179650213135213,0.016220997949888037,F6b,0.06928920577435405,0.13900008764192318,0.2609243669929395,0.12991945949894873,-0.13900008764192318,-0.017935133447877616,-0.045130955957421615,0.029648568710475182,0.07757885763000852,7
0.0008339444051785952,0.02300088938080708,0.2,white,CORR_L6_f0.15,-0.0548519199247874,0.11938913620979508,-0.030975614331438334,-0.03974722675161617,0.007494120189921188,F6b,0.11938913620979508,0.10822375388217319,0.38076648012249237,0.10822375388217319,-0.07689265168805415,-0.031025730653788608,-0.06669853249590257,0.02092169095050833,0.11167945439045183,7
0.0008339444051785952,0.02300088938080708,0.2,white,CORR_L6_f0.3,-0.07287472228137162,0.12096224836658462,-0.009384066021637905,-0.012252634728273964,-0.005890273085363926,F6b,0.12096224836658462,0.09020095152558896,0.38605335199968727,0.09020095152558896,-0.0753195395312646,-0.00943418234398818,-0.039203940472560365,0.007537297675223218,0.08610400682011936,7
0.0008339444051785952,0.02300088938080708,0.2,white,CORR_L6_f0.5,-0.10036332538707858,0.07951654372602177,0.004570496167898217,0.018265198412440446,0.0009640912027387982,F6b,0.11760626181376942,0.11676524417182746,0.45491681946661294,0.062712348419882,-0.11676524417182746,0.004520379845547944,-0.008686107331845957,0.014391661963325942,0.09718670076726342,7
0.0008339444051785952,0.02300088938080708,0.2,white,CORR_L6_f0.7,-0.12307642226257726,0.09851848786224544,-0.013284993225667648,-0.02157318761110585,-0.010206211363343792,F6b,0.12307642226257726,0.09776330003560378,0.484771285286569,0.03999925154438334,-0.09776330003560378,-0.013335109548017922,-0.04852449335539225,0.003221359397243351,0.10059676044330776,7
0.0008339444051785952,0.02300088938080708,0.2,white,CORR_L10_f0.0,-0.007508400929250952,0.02962846554751397,-0.04635861613184679,-0.029690430130496565,0.037020937444955763,F6b,0.06357547878313227,0.16665332235033525,0.2310534804806379,0.15556727287770963,-0.16665332235033525,-0.04640873245419706,-0.05664173587478297,0.050448508205542905,0.07502131287297528,7
0.0008339444051785952,0.02300088938080708,0.2,white,CORR_L10_f0.15,-0.03388358171351086,0.10720030586228957,-0.00738313714298588,-0.015225804944286239,-0.007731545387717512,F6b,0.10720030586228957,0.12919209209344973,0.3427458734994231,0.12919209209344973,-0.08908148203555966,-0.007433253465336153,-0.04217711068857264,0.005696025372869631,0.09462915601023018,7
0.0008339444051785952,0.02300088938080708,0.2,white,CORR_L10_f0.3,-0.07287472228137162,0.12096224836658462,-0.009384066021637905,-0.012252634728273964,-0.005890273085363926,F6b,0.12096224836658462,0.09020095152558896,0.38605335199968727,0.09020095152558896,-0.0753195395312646,-0.00943418234398818,-0.039203940472560365,0.007537297675223218,0.08610400682011936,7
0.0008339444051785952,0.02300088938080708,0.2,white,CORR_L10_f0.5,-0.10036332538707858,0.07951654372602177,0.004570496167898217,0.018265198412440446,0.0009640912027387982,F6b,0.11760626181376942,0.11676524417182746,0.45491681946661294,0.062712348419882,-0.11676524417182746,0.004520379845547944,-0.008686107331845957,0.014391661963325942,0.09718670076726342,7
0.0008339444051785952,0.02300088938080708,0.2,white,CORR_L10_f0.7,-0.12307642226257726,0.09851848786224544,-0.013284993225667648,-0.02157318761110585,-0.010206211363343792,F6b,0.12307642226257726,0.09776330003560378,0.484771285286569,0.03999925154438334,-0.09776330003560378,-0.013335109548017922,-0.04852449335539225,0.003221359397243351,0.10059676044330776,7
0.0008339444051785952,0.02300088938080708,0.2,white,CORR_L20_f0.0,0.008652665570669238,0.023767166913603588,-0.03163550527464232,-0.011327846314708134,0.008344467826810807,F6b,0.055377939343275444,0.17251462098424564,0.25565987644133964,0.17172833937762982,-0.17251462098424564,-0.03168562159699259,-0.038279152058994535,0.02177203858739795,0.09548167092924126,7
0.0008339444051785952,0.02300088938080708,0.2,white,CORR_L20_f0.15,-0.03772575967078598,0.10615354230282788,-0.002801666195261527,-0.013365469105744734,-0.009208165280109409,F6b,0.10615354230282788,0.1253499141361746,0.33499583277750483,0.1253499141361746,-0.09012824559502135,-0.0028517825176118004,-0.040316774850031135,0.004219405480477734,0.09207161125319693,7
0.0008339444051785952,0.02300088938080708,0.2,white,CORR_L20_f0.3,-0.07287472228137162,0.12096224836658462,-0.009384066021637905,-0.012252634728273964,-0.005890273085363926,F6b,0.12096224836658462,0.09020095152558896,0.38605335199968727,0.09020095152558896,-0.0753195395312646,-0.00943418234398818,-0.039203940472560365,0.007537297675223218,0.08610400682011936,7
0.0008339444051785952,0.02300088938080708,0.2,white,CORR_L20_f0.5,-0.10036332538707858,0.07951654372602177,0.004570496167898217,0.018265198412440446,0.0009640912027387982,F6b,0.11760626181376942,0.11676524417182746,0.45491681946661294,0.062712348419882,-0.11676524417182746,0.004520379845547944,-0.008686107331845957,0.014391661963325942,0.09718670076726342,7
0.0008339444051785952,0.02300088938080708,0.2,white,CORR_L20_f0.7,-0.12307642226257726,0.09851848786224544,-0.013284993225667648,-0.02157318761110585,-0.010206211363343792,F6b,0.12307642226257726,0.09776330003560378,0.484771285286569,0.03999925154438334,-0.09776330003560378,-0.013335109548017922,-0.04852449335539225,0.003221359397243351,0.10059676044330776,7
0.0008339444051785952,0.02300088938080708,0.2,white,DITHER_s0.5,-0.1493929864888743,0.2139090332219501,0.01271440405076628,0.006831104903791976,-0.013411717897382248,F6b,0.2139090332219501,0.09490566857503534,0.22821394351047392,0.013682687318086289,0.01762724532410087,0.012664287728416006,-0.020120200840494425,1.5852863204894784e-05,0.1815856777493606,7
0.0008339444051785952,0.02300088938080708,0.2,white,DITHER_s1.0,-0.04405689271940533,0.08340977544012841,0.02037705255692713,0.06330136101352692,0.0180192260797604,F6b,0.13350359329182876,0.11901878108755526,0.26898856963675044,0.11901878108755526,-0.11287201245772081,0.020326936234576855,0.03635005526924051,0.03144679684034754,0.22762148337595908,7
0.0008339444051785952,0.02300088938080708,0.2,white,DITHER_s2.0,-0.12629328387668184,0.14673630987380978,0.0013191372217819363,0.025882936890510567,-0.015141968440293729,F6b,0.14673630987380978,0.06704649679964944,0.20308804999790356,0.03678238993027875,-0.04954547802403944,0.0012690208994316629,-0.0010683688537758357,-0.0017143976797065856,0.20630861040068202,7
0.0008339444051785952,0.02300088938080708,0.2,white,DITHER_blind,-0.09136883507496804,0.11367571973568819,0.06172898314283385,0.03572443137589448,-0.0167810968425126,F6b,0.11367571973568819,0.08260606816216104,0.19473939929162293,0.07170683873199254,-0.08260606816216104,0.061678866820483576,0.008773125631608083,-0.003353526081925458,0.20971867007672634,7
0.0008339444051785952,0.02300088938080708,0.3,white,MEMLESS,-0.14116902997900183,0.10481757076125456,0.041452346180941284,0.06324092296021372,0.01814587971613562,F6b,0.14116902997900183,0.09146421713659467,0.6948947436779895,0.021906643827958754,-0.09146421713659467,0.04140222985859101,0.03628961721592732,0.03157345047672276,0.2071611253196931,7
0.0008339444051785952,0.02300088938080708,0.3,white,CORR_L2_f0.0,-0.10189711021741493,0.06458769479416465,-0.0167605373554189,-0.011901194317340939,-0.011271012761283073,F6b,0.10189711021741493,0.13169409310368457,0.5144388507314684,0.06117856358954566,-0.13169409310368457,-0.016810653677769176,-0.03885250006162734,0.0021565579993040704,0.1628303495311168,7
0.0008339444051785952,0.02300088938080708,0.3,white,CORR_L2_f0.15,-0.09365924688933891,0.07896977402074155,0.010009199927945342,0.029606659095260793,-0.0015343800446500546,F6b,0.09365924688933891,0.11731201387710767,0.5738691597497947,0.06941642691762168,-0.11731201387710767,0.009959083605595068,0.0026553533509743924,0.011893190715937089,0.18414322250639387,7
0.0008339444051785952,0.02300088938080708,0.3,white,CORR_L2_f0.3,-0.11337109452759561,0.06912791976100124,0.008051905607613211,0.02169902402010739,0.00521827908743029,F6b,0.11337109452759561,0.12715386813684798,0.5878130252435133,0.049704579279364974,-0.12715386813684798,0.008001789285262937,-0.005252281724179014,0.018645849848017433,0.1773231031543052,7
0.0008339444051785952,0.02300088938080708,0.3,white,CORR_L2_f0.5,-0.11690499995336577,0.0778798904967135,0.0028642878062487514,0.03648823727907201,0.008054380376751104,F6b,0.11690499995336577,0.11840189740113573,0.6245470934816196,0.046170673853594815,-0.11840189740113573,0.002814171483898478,0.009536931534785608,0.021481951137338248,0.17988064791133845,7
0.0008339444051785952,0.02300088938080708,0.3,white,CORR_L2_f0.7,-0.13040602656766687,0.07799648477462715,0.011684490255131661,0.020006626931711617,0.0051232037697320956,F6b,0.13040602656766687,0.11828530312322208,0.6808608047310453,0.03266964723929373,-0.11828530312322208,0.011634373932781387,-0.006944678812574783,0.01855077453031924,0.20545609548167093,7
0.0008339444051785952,0.02300088938080708,0.3,white,CORR_L4_f0.0,-0.05711051176816734,0.06637329363652328,-0.05641292484779749,0.003145888553523695,0.050981548251699114,F6b,0.07934154778809419,0.12990849426132595,0.4276325105385926,0.10596516203879325,-0.12990849426132595,-0.05646304117014776,-0.023805417190762707,0.06440911901228626,0.1534526854219949,7
0.0008339444051785952,0.02300088938080708,0.3,white,CORR_L4_f0.15,-0.08727060728430935,0.04868797676528214,-0.04570162167276403,0.02933799997086159,0.03814678703311566,F6b,0.11525806339336968,0.1475938111325671,0.4990781144790841,0.07580506652265123,-0.1475938111325671,-0.045751737995114304,0.0023866942265751874,0.0515743577937028,0.1679454390451833,7
0.0008339444051785952,0.02300088938080708,0.3,white,CORR_L4_f0.3,-0.11038416841037194,0.06629536416777768,-0.05263184545611794,0.010703301747851945,0.02795549784372741,F6b,0.11038416841037194,0.12998642373007155,0.529791625504349,0.05269150539658866,-0.12998642373007155,-0.05268196177846821,-0.016248003996434456,0.04138306860431455,0.15430520034100598,7
0.0008339444051785952,0.02300088938080708,0.3,white,CORR_L4_f0.5,-0.1216668654752841,0.0642524886778881,-0.005292168057246488,0.03893007599494355,0.013381487935232127,F6b,0.1216668654752841,0.13202929921996112,0.603860254004756,0.041408808331676476,-0.13202929921996112,-0.005342284379596761,0.011978770250657151,0.02680905869581927,0.17391304347826086,7
0.0008339444051785952,0.02300088938080708,0.3,white,CORR_L4_f0.7,-0.13184281881024978,0.09625931435605284,-1.5990807198937385e-05,0.013071622201564102,0.005701549259969291,F6b,0.13184281881024978,0.10002247354179639,0.6699992723465213,0.031232854996710788,-0.10002247354179639,-6.610712954921083e-05,-0.0138796835427223,0.019129120020556434,0.19948849104859334,7
0.0008339444051785952,0.02300088938080708,0.3,white,CORR_L6_f0.0,-0.04152893731685196,0.05205635129560773,-0.033215307077206685,-0.03816186414825552,0.029698785574716655,F6b,0.05205635129560773,0.1442254366022415,0.38823478729768107,0.12154673649010862,-0.1442254366022415,-0.03326542339955696,-0.06511316989254193,0.043126356335303796,0.15089514066496162,7
0.0008339444051785952,0.02300088938080708,0.3,white,CORR_L6_f0.15,-0.07164898398514817,0.08486623920883564,-0.019666810446169157,-0.019835818496907433,0.035769578555671526,F6b,0.08486623920883564,0.11141554868901359,0.4708604043271063,0.09142668982181242,-0.11141554868901359,-0.01971692676851943,-0.046787124241193835,0.04919714931625867,0.16027280477408354,7
0.0008339444051785952,0.02300088938080708,0.3,white,CORR_L6_f0.3,-0.10765571422908848,0.05855452332134317,-0.047864875002239356,0.013241108823965725,0.027278417764599813,F6b,0.11017861616250854,0.13772726457650605,0.5285798937921407,0.05541995957787211,-0.13772726457650605,-0.04791499132458963,-0.013710196920320676,0.040705988525186955,0.15515771526001704,7
0.0008339444051785952,0.02300088938080708,0.3,white,CORR_L6_f0.5,-0.12353652135018142,0.06801578774724898,-0.004144399828737234,0.03889853657811442,0.013114421083326873,F6b,0.12353652135018142,0.12826600015060025,0.600522686243046,0.03953915245677916,-0.12826600015060025,-0.004194516151087508,0.011947230833828022,0.026541991843914016,0.17135549872122763,7
0.0008339444051785952,0.02300088938080708,0.3,white,CORR_L6_f0.7,-0.13184281881024978,0.09625931435605284,-1.5990807198937385e-05,0.013071622201564102,0.005701549259969291,F6b,0.13184281881024978,0.10002247354179639,0.6699992723465213,0.031232854996710788,-0.10002247354179639,-6.610712954921083e-05,-0.0138796835427223,0.019129120020556434,0.19948849104859334,7
0.0008339444051785952,0.02300088938080708,0.3,white,CORR_L10_f0.0,-0.015816099502559355,0.050376833151217076,-0.03954235969045023,-0.03705142681207818,0.02099014257024486,F6b,0.050376833151217076,0.14725957430440123,0.2980556757698113,0.14725957430440123,-0.14590495474663215,-0.039592476012800505,-0.06400273255636459,0.034417713330832,0.1082693947144075,7
0.0008339444051785952,0.02300088938080708,0.3,white,CORR_L10_f0.15,-0.05912802643793774,0.07588338167404567,-0.03646849043626322,-0.014762168708403942,0.03185129632104365,F6b,0.07588338167404567,0.12039840622380356,0.47743636845837034,0.10394764736902284,-0.12039840622380356,-0.036518606758613494,-0.041713474452690344,0.04527886708163079,0.17306052855924978,7
0.0008339444051785952,0.02300088938080708,0.3,white,CORR_L10_f0.3,-0.10878025372706013,0.057452696918520535,-0.041829389544684716,0.01663632409033513,0.02424488777018753,F6b,0.10878025372706013,0.1388290909793287,0.5277046299521205,0.05429542007990045,-0.1388290909793287,-0.04187950586703499,-0.010314981653951274,0.03767245853077467,0.1534526854219949,7
0.0008339444051785952,0.02300088938080708,0.3,white,CORR_L10_f0.5,-0.12353652135018142,0.06801578774724898,-0.004144399828737234,0.03889853657811442,0.013114421083326873,F6b,0.12353652135018142,0.12826600015060025,0.600522686243046,0.03953915245677916,-0.12826600015060025,-0.004194516151087508,0.011947230833828022,0.026541991843914016,0.17135549872122763,7
0.0008339444051785952,0.02300088938080708,0.3,white,CORR_L10_f0.7,-0.13184281881024978,0.09625931435605284,-1.5990807198937385e-05,0.013071622201564102,0.005701549259969291,F6b,0.13184281881024978,0.10002247354179639,0.6699992723465213,0.031232854996710788,-0.10002247354179639,-6.610712954921083e-05,-0.0138796835427223,0.019129120020556434,0.19948849104859334,7
0.0008339444051785952,0.02300088938080708,0.3,white,CORR_L20_f0.0,0.012467977453710338,0.04092917866810758,-0.02822739301180248,-0.02594474404631286,0.013023821686648689,F6b,0.043460023873685784,0.17554365126067092,0.2855315510440372,0.17554365126067092,-0.15535260922974164,-0.028277509334152753,-0.05289604979059926,0.026451392447235832,0.12105711849957375,7
0.0008339444051785952,0.02300088938080708,0.3,white,CORR_L20_f0.15,-0.057354554531560076,0.07682801584021182,-0.032704206463602364,-0.021024288079205384,0.035985716106754106,F6b,0.07682801584021182,0.11945377205763741,0.4807834185779049,0.10572111927540051,-0.11945377205763741,-0.03275432278595264,-0.047975593823491786,0.04941328686734125,0.17817561807331628,7
0.0008339444051785952,0.02300088938080708,0.3,white,CORR_L20_f0.3,-0.10878025372706013,0.057452696918520535,-0.041829389544684716,0.01663632409033513,0.02424488777018753,F6b,0.10878025372706013,0.1388290909793287,0.5277046299521205,0.05429542007990045,-0.1388290909793287,-0.04187950586703499,-0.010314981653951274,0.03767245853077467,0.1534526854219949,7
0.0008339444051785952,0.02300088938080708,0.3,white,CORR_L20_f0.5,-0.12353652135018142,0.06801578774724898,-0.004144399828737234,0.03889853657811442,0.013114421083326873,F6b,0.12353652135018142,0.12826600015060025,0.600522686243046,0.03953915245677916,-0.12826600015060025,-0.004194516151087508,0.011947230833828022,0.026541991843914016,0.17135549872122763,7
0.0008339444051785952,0.02300088938080708,0.3,white,CORR_L20_f0.7,-0.13184281881024978,0.09625931435605284,-1.5990807198937385e-05,0.013071622201564102,0.005701549259969291,F6b,0.13184281881024978,0.10002247354179639,0.6699992723465213,0.031232854996710788,-0.10002247354179639,-6.610712954921083e-05,-0.0138796835427223,0.019129120020556434,0.19948849104859334,7
0.0008339444051785952,0.02300088938080708,0.3,white,DITHER_s0.5,-0.11242898249147806,0.20680062998075224,0.07490690675493214,0.04557071864261845,-0.02038478044094559,F6b,0.20680062998075224,0.07485679043258187,0.33108174019715647,0.050646691315482516,0.01051884208290302,0.07485679043258187,0.018619412898332046,-0.006957209680358448,0.3052003410059676,7
0.0008339444051785952,0.02300088938080708,0.3,white,DITHER_s1.0,-0.1831839962289662,0.18619554763742552,-0.003790028120770936,0.025850770603131318,0.0029787735100985663,F6b,0.18619554763742552,0.06215806319254974,0.31946184700089575,-0.020108322422005616,-0.0100862402604237,-0.0038401444431212096,-0.0011005351411550836,0.01640634427068571,0.30775788576300084,7
0.0008339444051785952,0.02300088938080708,0.3,white,DITHER_s2.0,-0.09365587256704083,0.16705914485270323,0.032258141963911614,-0.0002578706458689767,-0.04206469569636744,F6b,0.16705914485270323,0.06941980123991975,0.3078331256919586,0.06941980123991975,-0.029222643045145984,0.03220802564156134,-0.02720917639015538,-0.0286371249357803,0.2804774083546462,7
0.0008339444051785952,0.02300088938080708,0.3,white,DITHER_blind,-0.15476465878935305,0.1461123908718516,-0.054083316414054415,0.008154669237538208,-0.043037327401363325,F6b,0.15476465878935305,0.07434168778750352,0.322775400789277,0.00831101501760754,-0.05016939702599763,-0.05413343273640469,-0.018796636506748194,-0.02960975664077618,0.30179028132992325,7
0.0008339444051785952,0.02300088938080708,0.5,white,MEMLESS,-0.07463674596814994,0.05225681349790956,0.01268471581775468,0.0059504211888906575,0.02023751353111289,F6b,0.07463674596814994,0.14402497439993966,0.9027657625787192,0.08843892783881065,-0.14402497439993966,0.012634599495404407,-0.021000884555395744,0.03366508429170003,0.43648763853367434,7
0.0008339444051785952,0.02300088938080708,0.5,white,CORR_L2_f0.0,-0.04556106990109482,0.0717663518977396,0.027834411302399185,0.058864675219265944,0.024600414669310816,F6b,0.0717663518977396,0.12451543600010963,0.7647316738035843,0.11751460390586577,-0.12451543600010963,0.02778429498004891,0.03191336947497954,0.03802798542989796,0.3674339300937766,7
0.0008339444051785952,0.02300088938080708,0.5,white,CORR_L2_f0.15,-0.0524918023237462,0.08683193058819982,0.042019821548704386,0.05882315307604925,0.00710984100993582,F6b,0.08683193058819982,0.11058387148321439,0.7910097144600899,0.11058387148321439,-0.1094498573096494,0.04196970522635411,0.03187184733176285,0.020537411770522963,0.3691389599317988,7
0.0008339444051785952,0.02300088938080708,0.5,white,CORR_L2_f0.3,-0.0359848704850565,0.07560870995158606,0.040021580971415546,0.040975256152691944,0.005475625189159934,F6b,0.07560870995158606,0.1270908033219041,0.8275885299848657,0.1270908033219041,-0.12067307794626317,0.03997146464906527,0.014023950408405546,0.018903195949747077,0.38448422847399827,7
0.0008339444051785952,0.02300088938080708,0.5,white,CORR_L2_f0.5,-0.03544788212011793,0.06615667264875921,0.03252118500136466,0.03864742707707163,0.025920062076887122,F6b,0.06615667264875921,0.13012511524909,0.866597386955516,0.12762779168684266,-0.13012511524909,0.032471068679014385,0.01169612133278523,0.039347632837474264,0.41602728047740833,7
0.0008339444051785952,0.02300088938080708,0.5,white,CORR_L2_f0.7,-0.055458767998674566,0.04570609214040941,0.014941509032330158,0.01502211046433077,0.029539282306820562,F6b,0.055458767998674566,0.15057569575743981,0.8890665536774317,0.10761690580828602,-0.15057569575743981,0.014891392709979884,-0.011929195279955632,0.042966853067407704,0.4254049445865303,7
0.0008339444051785952,0.02300088938080708,0.5,white,CORR_L4_f0.0,-0.09074648894310676,0.037033700873939646,-0.03041871415795939,0.023604381559208507,0.014880033202517644,F6b,0.09074648894310676,0.15924808702390958,0.6249169453491659,0.07232918486385383,-0.15924808702390958,-0.030468830480309666,-0.0033469241850778955,0.028307603963104788,0.3188405797101449,7
0.0008339444051785952,0.02300088938080708,0.5,white,CORR_L4_f0.15,-0.08962253866871583,0.05004893993166512,-0.031935225514054894,0.039877407286562604,0.02137674329546417,F6b,0.08962253866871583,0.1462328479661841,0.7306475174120182,0.07345313513824475,-0.1462328479661841,-0.03198534183640517,0.012926101542276202,0.03480431405605131,0.34697357203751067,7
0.0008339444051785952,0.02300088938080708,0.5,white,CORR_L4_f0.3,-0.05537599933895086,0.0437806324825136,-0.004638822492272123,0.05854729649474259,0.043518192523258906,F6b,0.06097091222980122,0.15250115541533563,0.8015134985102947,0.10769967446800972,-0.15250115541533563,-0.004688938814622397,0.03159599075045619,0.05694576328384605,0.38107416879795397,7
0.0008339444051785952,0.02300088938080708,0.5,white,CORR_L4_f0.5,-0.041009578262482166,0.05478200725836324,0.031027942701596457,0.032366841726640394,0.039612063667316386,F6b,0.06262553585153663,0.14149978063948598,0.8596570332345628,0.12206609554447842,-0.14149978063948598,0.030977826379246183,0.005415535982353992,0.05303963442790353,0.41261722080136404,7
0.0008339444051785952,0.02300088938080708,0.5,white,CORR_L4_f0.7,-0.06522136977653269,0.05044234681523119,0.021784115600656472,0.016564290375059798,0.028652145213104795,F6b,0.06522136977653269,0.14583944108261804,0.8801582848853288,0.0978543040304279,-0.14583944108261804,0.021733999278306198,-0.010387015369226602,0.042079715973691936,0.4117647058823529,7
0.0008339444051785952,0.02300088938080708,0.5,white,CORR_L6_f0.0,-0.0660871959134681,0.021200921592271132,-0.015992932768239442,0.012646394751269283,0.06798735890254745,F6b,0.08770552509384609,0.1750808663055781,0.5665690152029621,0.09698847789349249,-0.1750808663055781,-0.016043049090589716,-0.014304910993017119,0.0814149296631346,0.2958226768968457,7
0.0008339444051785952,0.02300088938080708,0.5,white,CORR_L6_f0.15,-0.07426009174622358,0.04242273447507042,-0.025570988021559004,0.0040825210552956105,0.03989700542935479,F6b,0.09059145831413677,0.1538590534227788,0.6936866607088454,0.088815582060737,-0.1538590534227788,-0.025621104343909278,-0.02286878468899079,0.05332457618994193,0.33248081841432225,7
0.0008339444051785952,0.02300088938080708,0.5,white,CORR_L6_f0.3,-0.06585320792844056,0.04170829102124943,-0.009682050504459062,0.025777868109732996,0.04761594451624316,F6b,0.07571159676648173,0.1545734968765998,0.7901229011549377,0.09722246587852003,-0.1545734968765998,-0.009732166826809337,-0.0011734376345534075,0.0610435152768303,0.38192668371696503,7
0.0008339444051785952,0.02300088938080708,0.5,white,CORR_L6_f0.5,-0.03665074521439746,0.05723198574083779,0.02992267088889602,0.02873289973733906,0.04427156765403295,F6b,0.06544609592049087,0.13904980215701143,0.8605039980780905,0.12642492859256313,-0.13904980215701143,0.029872554566545747,0.0017815939930526594,0.05769913841462009,0.4151747655583973,7
0.0008339444051785952,0.02300088938080708,0.5,white,CORR_L6_f0.7,-0.06659162883925322,0.04959939024914181,0.02391302277706249,0.015249281860596674,0.03154738000269584,F6b,0.06659162883925322,0.1466823976487074,0.8805681439756058,0.09648404496770736,-0.1466823976487074,0.023862906454712215,-0.011702023883689728,0.044974950763282985,0.41261722080136404,7
0.0008339444051785952,0.02300088938080708,0.5,white,CORR_L10_f0.0,-0.03496653094263735,0.061906534428638554,-0.03865322808404683,-0.03456950506674286,0.02654757309217451,F6b,0.09385982947241137,0.13437525346921067,0.48228741157584143,0.12810914286432323,-0.13437525346921067,-0.038703344406397104,-0.06152081081102926,0.03997514385276165,0.24808184143222506,7
0.0008339444051785952,0.02300088938080708,0.5,white,CORR_L10_f0.15,-0.0741412811540932,0.031304654498311796,-0.047996216157023076,0.009321493174109404,0.0475064629729325,F6b,0.07991831225395948,0.16497713339953743,0.6984852969645843,0.08893439265286739,-0.16497713339953743,-0.04804633247937335,-0.017629812570176998,0.06093403373351964,0.3495311167945439,7
0.0008339444051785952,0.02300088938080708,0.5,white,CORR_L10_f0.3,-0.06634724082805202,0.0417547304465091,-0.011380230919255326,0.02913579194506867,0.04988025186761135,F6b,0.07871159268978174,0.15452705745134013,0.7920279487213708,0.09672843297890857,-0.15452705745134013,-0.0114303472416056,0.002184486200782269,0.06330782262819849,0.38448422847399827,7
0.0008339444051785952,0.02300088938080708,0.5,white,CORR_L10_f0.5,-0.037082869765310444,0.05676584163324977,0.027234155322992455,0.03111727099191956,0.04522535232993487,F6b,0.06372733534103178,0.13951594626459946,0.8610863099706062,0.12599280404165014,-0.13951594626459946,0.02718403900064218,0.004165965247633157,0.05865292309052201,0.41602728047740833,7
0.0008339444051785952,0.02300088938080708,0.5,white,CORR_L10_f0.7,-0.06659162883925322,0.04959939024914181,0.02391302277706249,0.015249281860596674,0.03154738000269584,F6b,0.06659162883925322,0.1466823976487074,0.8805681439756058,0.09648404496770736,-0.1466823976487074,0.023862906454712215,-0.011702023883689728,0.044974950763282985,0.41261722080136404,7
0.0008339444051785952,0.02300088938080708,0.5,white,CORR_L20_f0.0,-0.011863393480626844,0.020598878589405956,-0.021425137395300903,0.01051190803820604,0.05115873544684479,F6b,0.05915472088841473,0.17568290930844327,0.4068527054345668,0.15121228032633374,-0.17568290930844327,-0.021475253717651178,-0.016439397706080362,0.06458630620743193,0.21483375959079284,7
0.0008339444051785952,0.02300088938080708,0.5,white,CORR_L20_f0.15,-0.07495346816350759,0.027154956534661906,-0.05160294527114146,0.009153091266052862,0.0449981797385497,F6b,0.08601652218167753,0.16912683136318732,0.7074054327555817,0.088122205643453,-0.16912683136318732,-0.051653061593491735,-0.01779821447823354,0.05842575049913684,0.3648763853367434,7
0.0008339444051785952,0.02300088938080708,0.5,white,CORR_L20_f0.3,-0.06634724082805202,0.0417547304465091,-0.011380230919255326,0.02913579194506867,0.04988025186761135,F6b,0.07871159268978174,0.15452705745134013,0.7920279487213708,0.09672843297890857,-0.15452705745134013,-0.0114303472416056,0.002184486200782269,0.06330782262819849,0.38448422847399827,7
0.0008339444051785952,0.02300088938080708,0.5,white,CORR_L20_f0.5,-0.037082869765310444,0.05676584163324977,0.027234155322992455,0.03111727099191956,0.04522535232993487,F6b,0.06372733534103178,0.13951594626459946,0.8610863099706062,0.12599280404165014,-0.13951594626459946,0.02718403900064218,0.004165965247633157,0.05865292309052201,0.41602728047740833,7
0.0008339444051785952,0.02300088938080708,0.5,white,CORR_L20_f0.7,-0.06659162883925322,0.04959939024914181,0.02391302277706249,0.015249281860596674,0.03154738000269584,F6b,0.06659162883925322,0.1466823976487074,0.8805681439756058,0.09648404496770736,-0.1466823976487074,0.023862906454712215,-0.011702023883689728,0.044974950763282985,0.41261722080136404,7
0.0008339444051785952,0.02300088938080708,0.5,white,DITHER_s0.5,-0.09765575063955224,0.20975783864682004,-0.030884027390319403,0.032824881880239236,-0.002319518803648087,F6b,0.20975783864682004,0.07188116341258785,0.4898521050069398,0.06541992316740834,0.013476050748970824,-0.030934143712669677,0.005873576135952833,0.011108051956939057,0.4782608695652174,7
0.0008339444051785952,0.02300088938080708,0.5,white,DITHER_s1.0,-0.1701807101688762,0.18676884364766605,-0.0337058463676764,-0.017042479784457668,-0.024795161322443415,F6b,0.18676884364766605,0.04930241113790178,0.46472257318272303,-0.007105036361915613,-0.009512944250183168,-0.033755962690026675,-0.04399378552874407,-0.011367590561856274,0.49445865302642794,7
0.0008339444051785952,0.02300088938080708,0.5,white,DITHER_s2.0,-0.1440394169724767,0.2717614745762269,0.006250440363348198,-0.003815203347159745,-0.010443669113918384,F6b,0.2717614745762269,0.07547968667837768,0.5083831489847932,0.019036256834483883,0.07547968667837768,0.006200324040997925,-0.030766509091446147,0.002983901646668758,0.5123614663256607,7
0.0008339444051785952,0.02300088938080708,0.5,white,DITHER_blind,-0.06640936669355278,0.258087657245104,0.027198882586575143,0.07988539726075024,-0.004383077964019114,F6b,0.258087657245104,0.0966663071134078,0.5484953371578714,0.0966663071134078,0.06180586934725481,0.02714876626422487,0.05293409151646384,0.00904449279656803,0.514919011082694,7
0.0006060188997797847,0.006445681742988887,0.0,white,NOATTACK,0.0,0.0,0.0,0.0,0.0,F6b,0.0,0.0688485440779146,0.0,-0.0688485440779146,-0.023707954400465546,-0.02736538934438858,-0.01977616461304477,-0.009680710268114054,0.0,8
0.0006060188997797847,0.006445681742988887,0.02,white,MEMLESS,-0.052544223376111074,0.03595135576878224,-0.024235645507963404,0.019637241390606106,0.0015114781556646792,F6b,0.05530386571692798,0.12139276745402568,0.7804145265354785,-0.12139276745402568,0.012243401368316694,-0.051601034852351985,-0.00013892322243866555,-0.008169232112449375,0.11404160475482912,8
0.0006060188997797847,0.006445681742988887,0.02,white,CORR_L2_f0.0,-0.031212275266440284,0.027620153319321637,-0.03674972519341396,0.018028149999027528,0.016070281348929943,F6b,0.06268748017574313,0.10006081934435489,0.7709191469044794,-0.10006081934435489,0.003912198918856091,-0.06411511453780254,-0.0017480146140172437,0.006389571080815889,0.14153046062407132,8
0.0006060188997797847,0.006445681742988887,0.02,white,CORR_L2_f0.15,-0.03341025947179416,0.027152452318201282,-0.035298212223157946,0.018573815802795737,0.022547079111097785,F6b,0.0602520852508108,0.10225880354970876,0.7779489987685821,-0.10225880354970876,0.003444497917735737,-0.06266360156754652,-0.0012023488102490337,0.012866368842983731,0.13707280832095098,8
0.0006060188997797847,0.006445681742988887,0.02,white,CORR_L2_f0.3,-0.03334651801611313,0.026133913388484347,-0.0349870095916094,0.018809681886496576,0.021884901627987327,F6b,0.06322786288049777,0.10219506209402773,0.7822211644785056,-0.10219506209402773,0.0024259589880188006,-0.062352398935997984,-0.0009664827265481958,0.012204191359873275,0.13484398216939078,8
0.0006060188997797847,0.006445681742988887,0.02,white,CORR_L2_f0.5,-0.03836054546508129,0.02732572118343828,-0.030015776369885578,0.02066873697263955,0.021414071733142356,F6b,0.0586036678068213,0.10720908954299589,0.7841910932884016,-0.10720908954299589,0.0036177667829727345,-0.05738116571427416,0.0008925723595947776,0.011733361465028302,0.12592867756315007,8
0.0006060188997797847,0.006445681742988887,0.02,white,CORR_L2_f0.7,-0.043387374337955184,0.015403009131826786,-0.026717248764840117,0.012491374314315578,0.014091276121892555,F6b,0.05214866776867613,0.11223591841586979,0.7854342044260316,-0.11223591841586979,-0.00830494526863876,-0.0540826381092287,-0.007284790298729192,0.004410565853778502,0.12035661218424963,8
0.0006060188997797847,0.006445681742988887,0.02,white,CORR_L4_f0.0,-0.024857771377473706,0.025350182860054932,-0.001953989356461145,0.0017321717600036583,-0.005731655930939751,F6b,0.04877809745020106,0.09370631545538831,0.7648491737736658,-0.09370631545538831,0.001642228459589387,-0.029319378700849726,-0.01804399285304111,-0.015412366199053805,0.1723625557206538,8
0.0006060188997797847,0.006445681742988887,0.02,white,CORR_L4_f0.15,-0.019837604456660968,0.03275485856771879,0.0010876481665623126,-0.0031548371392215134,0.0014081633359647686,F6b,0.05991494815504739,0.08868614853457557,0.7820490818622363,-0.08868614853457557,0.009046904167253246,-0.026277741177826268,-0.022931001752266283,-0.008272546932149285,0.1601040118870728,8
0.0006060188997797847,0.006445681742988887,0.02,white,CORR_L4_f0.3,-0.019992085413488195,0.03208030143997326,-0.009392520642100857,-0.007419471556917696,0.002336989241572449,F6b,0.06580603699235205,0.0888406294914028,0.7804288634859144,-0.0888406294914028,0.008372347039507712,-0.03675790998648944,-0.027195636169962466,-0.007343721026541605,0.14153046062407132,8
0.0006060188997797847,0.006445681742988887,0.02,white,CORR_L4_f0.5,-0.033145107355382744,0.029450944551216204,-0.01652199807756061,0.009678851475493442,0.014803287879034946,F6b,0.05168154155782805,0.10199365143329735,0.7888241722629898,-0.10199365143329735,0.00574299015075066,-0.04388738742194919,-0.010097313137551328,0.005122577610920892,0.13187221396731055,8
0.0006060188997797847,0.006445681742988887,0.02,white,CORR_L4_f0.7,-0.04466481476527409,0.01124364235202566,-0.02306409710671233,0.00834589193415285,0.015428534513132372,F6b,0.046096958106041266,0.1135133588431887,0.7879347512006415,-0.1135133588431887,-0.012464312048439886,-0.05042948645110091,-0.01143027267889192,0.0057478242450183185,0.12295690936106983,8
0.0006060188997797847,0.006445681742988887,0.02,white,CORR_L6_f0.0,-0.011003287172713996,0.025806062912494432,0.0035301106382998743,-0.003950854784407022,0.009819895409981969,F6b,0.04574196532947965,0.0798518312506286,0.767240528365597,-0.0798518312506286,0.0020981085120288863,-0.023835278706088706,-0.023727019397451792,0.0001391851418679151,0.1924219910846954,8
0.0006060188997797847,0.006445681742988887,0.02,white,CORR_L6_f0.15,-0.021327335545212628,0.022659573664807572,-0.0025779963465306123,0.008923489918044817,-0.0016447742199351273,F6b,0.032470920574496104,0.09017587962312723,0.7730301890190853,-0.09017587962312723,-0.0010483807356579749,-0.029943385690919193,-0.010852674694999953,-0.011325484488049181,0.15601783060921248,8
0.0006060188997797847,0.006445681742988887,0.02,white,CORR_L6_f0.3,-0.030899519185220284,0.027845609226842816,-0.01913391729500805,0.00048074470186300344,-0.005395998984746601,F6b,0.0555838775003939,0.09974806326313489,0.7694745202151035,-0.09974806326313489,0.004137654826377271,-0.04649930663939663,-0.019295419911181767,-0.015076709252860655,0.13484398216939078,8
0.0006060188997797847,0.006445681742988887,0.02,white,CORR_L6_f0.5,-0.03261244130244002,0.029579842975210994,-0.01592517530072871,0.011937141646123492,0.014626165453505438,F6b,0.05190641213798187,0.10146098538035463,0.789265430685453,-0.10146098538035463,0.005871888574745447,-0.04329056464511729,-0.007839022966921278,0.004945455185391385,0.13224368499257058,8
0.0006060188997797847,0.006445681742988887,0.02,white,CORR_L6_f0.7,-0.04466481476527409,0.01124364235202566,-0.02306409710671233,0.00834589193415285,0.015428534513132372,F6b,0.046096958106041266,0.1135133588431887,0.7879347512006415,-0.1135133588431887,-0.012464312048439886,-0.05042948645110091,-0.01143027267889192,0.0057478242450183185,0.12295690936106983,8
0.0006060188997797847,0.006445681742988887,0.02,white,CORR_L10_f0.0,-0.005134603324862319,0.02911174571268649,0.0029860171196663676,-0.016443431174208715,0.014081219059495068,F6b,0.03896337799279325,0.07398314740277692,0.7797252915025904,-0.07398314740277692,0.005403791312220944,-0.024379372224722213,-0.036219595787253485,0.004400508791381014,0.22696879643387816,8
0.0006060188997797847,0.006445681742988887,0.02,white,CORR_L10_f0.15,-0.012400875137597425,0.02106738970142922,-0.0013477194163939409,0.011163365957372494,-0.0070500785444394705,F6b,0.029965769093326353,0.08124941921551203,0.775053880144011,-0.08124941921551203,-0.002640564699036326,-0.02871310876078252,-0.008612798655672277,-0.016730788812553524,0.16419019316493313,8
0.0006060188997797847,0.006445681742988887,0.02,white,CORR_L10_f0.3,-0.02774965237436093,0.030302946076832336,-0.012932616513582792,0.001613105766015744,-0.005100797421144429,F6b,0.048244845071204426,0.09659819645227553,0.7655146515378682,-0.09659819645227553,0.006594991676366789,-0.04029800585797137,-0.018163058847029026,-0.014781507689258483,0.13038632986627044,8
0.0006060188997797847,0.006445681742988887,0.02,white,CORR_L10_f0.5,-0.03261244130244002,0.029579842975210994,-0.01592517530072871,0.011937141646123492,0.014626165453505438,F6b,0.05190641213798187,0.10146098538035463,0.789265430685453,-0.10146098538035463,0.005871888574745447,-0.04329056464511729,-0.007839022966921278,0.004945455185391385,0.13224368499257058,8
0.0006060188997797847,0.006445681742988887,0.02,white,CORR_L10_f0.7,-0.04466481476527409,0.01124364235202566,-0.02306409710671233,0.00834589193415285,0.015428534513132372,F6b,0.046096958106041266,0.1135133588431887,0.7879347512006415,-0.1135133588431887,-0.012464312048439886,-0.05042948645110091,-0.01143027267889192,0.0057478242450183185,0.12295690936106983,8
0.0006060188997797847,0.006445681742988887,0.02,white,CORR_L20_f0.0,-0.014215891605559097,0.02749099777115629,-0.0025679557019456303,-0.006343301682708042,0.003082668347204107,F6b,0.02749099777115629,0.0830644356834737,0.8074267493225854,-0.0830644356834737,0.0037830433706907444,-0.02993334504633421,-0.026119466295752812,-0.006598041920909947,0.29420505200594355,8
0.0006060188997797847,0.006445681742988887,0.02,white,CORR_L20_f0.15,-0.012924493045552293,0.018890934061065696,0.0016056225977229416,0.012552656193223967,-0.005816491832000175,F6b,0.030118364528066134,0.0817730371234669,0.7756214372716626,-0.0817730371234669,-0.004817020339399851,-0.02575976674666564,-0.007223508419820803,-0.01549720210011423,0.1649331352154532,8
0.0006060188997797847,0.006445681742988887,0.02,white,CORR_L20_f0.3,-0.02774965237436093,0.030302946076832336,-0.012932616513582792,0.001613105766015744,-0.005100797421144429,F6b,0.048244845071204426,0.09659819645227553,0.7655146515378682,-0.09659819645227553,0.006594991676366789,-0.04029800585797137,-0.018163058847029026,-0.014781507689258483,0.13038632986627044,8
0.0006060188997797847,0.006445681742988887,0.02,white,CORR_L20_f0.5,-0.03261244130244002,0.029579842975210994,-0.01592517530072871,0.011937141646123492,0.014626165453505438,F6b,0.05190641213798187,0.10146098538035463,0.789265430685453,-0.10146098538035463,0.005871888574745447,-0.04329056464511729,-0.007839022966921278,0.004945455185391385,0.13224368499257058,8
0.0006060188997797847,0.006445681742988887,0.02,white,CORR_L20_f0.7,-0.04466481476527409,0.01124364235202566,-0.02306409710671233,0.00834589193415285,0.015428534513132372,F6b,0.046096958106041266,0.1135133588431887,0.7879347512006415,-0.1135133588431887,-0.012464312048439886,-0.05042948645110091,-0.01143027267889192,0.0057478242450183185,0.12295690936106983,8
0.0006060188997797847,0.006445681742988887,0.02,white,DITHER_s0.5,0.008856029523067917,0.053062490608856025,-0.01657085743072303,0.014791687211270041,0.01471506345937905,F6b,0.053062490608856025,0.059992514554846686,0.04322947711314986,-0.059992514554846686,0.029354536208390482,-0.04393624677511161,-0.004984477401774729,0.005034353191264996,0.023031203566121844,8
0.0006060188997797847,0.006445681742988887,0.02,white,DITHER_s1.0,0.016096969028126032,0.030939949798978905,0.033915378933747325,-0.02087657007387472,0.05311424929226799,F6b,0.05311424929226799,0.05275157504978857,0.03714766940825227,-0.05275157504978857,0.007231995398513361,0.0065499895893587476,-0.04065273468691949,0.043433539024153936,0.0237741456166419,8
0.0006060188997797847,0.006445681742988887,0.02,white,DITHER_s2.0,0.0010445043309084828,0.002626392770117867,0.003769918638401447,-0.004400106636209718,-0.0003585227055518756,F6b,0.009565542623028212,0.06780403974700612,0.007967389139160425,-0.06780403974700612,-0.02108156163034768,-0.023595470705987134,-0.024176271249254488,-0.01003923297366593,0.01448736998514116,8
0.0006060188997797847,0.006445681742988887,0.02,white,DITHER_blind,0.014336617150844465,0.02371503555460569,0.005450582056860758,0.02725971420188206,-0.055387129063730764,F6b,0.055387129063730764,0.06506783933184482,0.021818357018071603,-0.05451192692707014,7.081154140143585e-06,-0.021914807287527822,0.00748354958883729,-0.06506783933184482,0.015973254086181277,8
0.0006060188997797847,0.006445681742988887,0.05,white,MEMLESS,-0.05319472088143415,-0.007212452904671346,-0.04353541618410377,0.0025372795827429163,0.030927077862408853,F6b,0.05319472088143415,0.12204326495934875,0.8531737569535439,-0.12204326495934875,-0.030920407305136892,-0.07090080552849234,-0.017238885030301854,0.0212463675942948,0.1812778603268945,8
0.0006060188997797847,0.006445681742988887,0.05,white,CORR_L2_f0.0,-0.01618010474519617,0.01769790733412139,-0.03365612693809554,0.019607853358135953,0.021035265261116043,F6b,0.03868309039191136,0.08502864882311077,0.826632392594561,-0.08502864882311077,-0.006010047066344156,-0.06102151628248412,-0.00016831125490881713,0.011354554993001987,0.2024517087667162,8
0.0006060188997797847,0.006445681742988887,0.05,white,CORR_L2_f0.15,-0.01709759707930124,0.011797636337551968,-0.03528248137123209,0.009846354031467388,0.024707150117868358,F6b,0.04004853931032615,0.08594614115721584,0.8360479769624513,-0.08594614115721584,-0.011910318062913578,-0.06264787071562067,-0.009929810581577382,0.015026439849754304,0.20282317979197623,8
0.0006060188997797847,0.006445681742988887,0.05,white,CORR_L2_f0.3,-0.024854438843311122,0.006551578856058948,-0.03549762712192117,-0.004541407384260676,0.03571310929239608,F6b,0.036736834509292486,0.09370298292122572,0.8453452286038264,-0.09370298292122572,-0.017156375544406598,-0.06286301646630975,-0.024317571997305446,0.026032399024282026,0.20096582466567608,8
0.0006060188997797847,0.006445681742988887,0.05,white,CORR_L2_f0.5,-0.032211011277901366,0.00016100651063302024,-0.03815758087507798,0.003328976502473418,0.03354166173682377,F6b,0.03815758087507798,0.10105955535581597,0.8544077157503833,-0.10105955535581597,-0.023546947889832526,-0.06552297021946656,-0.016447188110571352,0.02386095146870971,0.19799405646359583,8
0.0006060188997797847,0.006445681742988887,0.05,white,CORR_L2_f0.7,-0.038947135864145443,0.0003267653327564783,-0.03104568501192761,0.004075731391726487,0.028357806505179994,F6b,0.038947135864145443,0.10779567994206005,0.8532448767191065,-0.10779567994206005,-0.023381189067709068,-0.05841107435631619,-0.015700433221318283,0.01867709623706594,0.18722139673105498,8
0.0006060188997797847,0.006445681742988887,0.05,white,CORR_L4_f0.0,-0.017263478174492447,0.016542522922090724,-0.010001540356425611,-0.006325461570861141,0.01008351913214201,F6b,0.049009532600491526,0.08611202225240705,0.8167818764219459,-0.08611202225240705,-0.007165431478374823,-0.03736692970081419,-0.02610162618390591,0.0004028088640279563,0.23922734026745915,8
0.0006060188997797847,0.006445681742988887,0.05,white,CORR_L4_f0.15,-0.005181921177727061,0.019891254289235556,-0.018079891654491805,-0.001119537868376503,0.012188193138843062,F6b,0.038260982620883045,0.07403046525564166,0.8262127514299956,-0.07403046525564166,-0.0038167001112299898,-0.045445280998880386,-0.020895702481421273,0.0025074828707290072,0.21582466567607728,8
0.0006060188997797847,0.006445681742988887,0.05,white,CORR_L4_f0.3,-0.0117621665851695,0.018992668211081858,-0.03253585851206474,-0.0011226348769539513,0.024539985829807025,F6b,0.03794215153259255,0.0806107106630841,0.8383501051229674,-0.0806107106630841,-0.004715286189383687,-0.059901247856453316,-0.02089879948999872,0.014859275561692972,0.2039375928677563,8
0.0006060188997797847,0.006445681742988887,0.05,white,CORR_L4_f0.5,-0.026110731610468202,0.007066819068784813,-0.028185608677699033,0.0030287232401692635,0.026145712736703366,F6b,0.029735586616643862,0.0949592756883828,0.8560202713369958,-0.0949592756883828,-0.016641135331680733,-0.055550998022087614,-0.016747441372875507,0.016465002468589313,0.2050520059435364,8
0.0006060188997797847,0.006445681742988887,0.05,white,CORR_L4_f0.7,-0.036164788999362846,-0.0025863669919413794,-0.02542479708369771,0.0041834985249594725,0.02805655827196719,F6b,0.036164788999362846,0.10501333307727745,0.8524706468042057,-0.10501333307727745,-0.026294321392406925,-0.05279018642808629,-0.015592666088085298,0.018375848003853137,0.18722139673105498,8
0.0006060188997797847,0.006445681742988887,0.05,white,CORR_L6_f0.0,-0.02622417869113121,0.011850751591754635,-0.013822337155679248,-0.0165488819672605,0.020016929882420594,F6b,0.04708360398090104,0.09507272276904581,0.8231628799909476,-0.09507272276904581,-0.011857202808710911,-0.04118772650006783,-0.03632504658030527,0.01033621961430654,0.27080237741456165,8
0.0006060188997797847,0.006445681742988887,0.05,white,CORR_L6_f0.15,-0.016413060258753817,0.018377717509779942,-0.012026319964459593,0.0012212544744410019,0.014012312917203439,F6b,0.037310097627707074,0.08526160433666842,0.8252902561937785,-0.08526160433666842,-0.005330236890685603,-0.03939170930884817,-0.018554910138603768,0.004331602649089385,0.2213967310549777,8
0.0006060188997797847,0.006445681742988887,0.05,white,CORR_L6_f0.3,-0.010976815587320096,0.007192855285386199,-0.03222683665767696,0.004509668266589755,0.024284126154314217,F6b,0.03780410296792882,0.0798253596652347,0.8403980456914643,-0.0798253596652347,-0.016515099115079347,-0.05959222600206555,-0.015266496346455015,0.014603415886200163,0.20950965824665677,8
0.0006060188997797847,0.006445681742988887,0.05,white,CORR_L6_f0.5,-0.027791134379116927,0.008962997233076569,-0.030959864363034998,-0.0021260405005134944,0.028723980307506843,F6b,0.030959864363034998,0.09663967845703153,0.8528542042099303,-0.09663967845703153,-0.014744957167388977,-0.05832525370742358,-0.021902205113558264,0.01904327003939279,0.2013372956909361,8
0.0006060188997797847,0.006445681742988887,0.05,white,CORR_L6_f0.7,-0.036164788999362846,-0.0025863669919413794,-0.02542479708369771,0.0041834985249594725,0.02805655827196719,F6b,0.036164788999362846,0.10501333307727745,0.8524706468042057,-0.10501333307727745,-0.026294321392406925,-0.05279018642808629,-0.015592666088085298,0.018375848003853137,0.18722139673105498,8
0.0006060188997797847,0.006445681742988887,0.05,white,CORR_L10_f0.0,-0.014173703690064335,0.01726509045632123,-0.00554618927338461,-0.012964971865722718,0.018790465130553404,F6b,0.034265516889717275,0.08302224776797894,0.8259712666017218,-0.08302224776797894,-0.006442863944144316,-0.03291157861777319,-0.03274113647876749,0.00910975486243935,0.2975482912332838,8
0.0006060188997797847,0.006445681742988887,0.05,white,CORR_L10_f0.15,-0.011335817009463817,0.02179769306366655,-0.009700442171341552,-0.002419252768959098,0.016070568687896386,F6b,0.03032764751607992,0.08018436108737842,0.8282347477889421,-0.08018436108737842,-0.0019102613367989961,-0.03706583151573013,-0.022195417382003868,0.006389858419782332,0.2325408618127786,8
0.0006060188997797847,0.006445681742988887,0.05,white,CORR_L10_f0.3,-0.009045145511484193,0.009174222705324043,-0.031625606956718816,0.004627242717333897,0.022585719128848415,F6b,0.03833262470540754,0.0778936895893988,0.8417449094131412,-0.0778936895893988,-0.014533731695141503,-0.0589909963011074,-0.015148921895710873,0.01290500886073436,0.21322436849925705,8
0.0006060188997797847,0.006445681742988887,0.05,white,CORR_L10_f0.5,-0.027477444151115332,0.009644452216126547,-0.030254629968325907,-0.0017076311954606661,0.028932446873701497,F6b,0.030254629968325907,0.09632598822902994,0.8534437653016043,-0.09632598822902994,-0.014063502184339,-0.05762001931271449,-0.021483795808505436,0.019251736605587443,0.2024517087667162,8
0.0006060188997797847,0.006445681742988887,0.05,white,CORR_L10_f0.7,-0.036164788999362846,-0.0025863669919413794,-0.02542479708369771,0.0041834985249594725,0.02805655827196719,F6b,0.036164788999362846,0.10501333307727745,0.8524706468042057,-0.10501333307727745,-0.026294321392406925,-0.05279018642808629,-0.015592666088085298,0.018375848003853137,0.18722139673105498,8
0.0006060188997797847,0.006445681742988887,0.05,white,CORR_L20_f0.0,-0.0054721979269142795,0.014669176815159153,0.000836528923648449,-0.002512943547918218,0.00957046724976881,F6b,0.024627540864359997,0.07432074200482888,0.8261527688602404,-0.07432074200482888,-0.009038777585306393,-0.02652886042074013,-0.022289108160962988,-0.00011024301834524254,0.3313521545319465,8
0.0006060188997797847,0.006445681742988887,0.05,white,CORR_L20_f0.15,-0.00997017069061365,0.020689622599767452,-0.007172068898879131,-0.0012124215565505157,0.014723201548266578,F6b,0.029505251606675116,0.07881871476852825,0.8288700706975293,-0.07881871476852825,-0.0030183318006980946,-0.03453745824326771,-0.020988586169595286,0.005042491280152524,0.2325408618127786,8
0.0006060188997797847,0.006445681742988887,0.05,white,CORR_L20_f0.3,-0.009045145511484193,0.009174222705324043,-0.031625606956718816,0.004627242717333897,0.022585719128848415,F6b,0.03833262470540754,0.0778936895893988,0.8417449094131412,-0.0778936895893988,-0.014533731695141503,-0.0589909963011074,-0.015148921895710873,0.01290500886073436,0.21322436849925705,8
0.0006060188997797847,0.006445681742988887,0.05,white,CORR_L20_f0.5,-0.027477444151115332,0.009644452216126547,-0.030254629968325907,-0.0017076311954606661,0.028932446873701497,F6b,0.030254629968325907,0.09632598822902994,0.8534437653016043,-0.09632598822902994,-0.014063502184339,-0.05762001931271449,-0.021483795808505436,0.019251736605587443,0.2024517087667162,8
0.0006060188997797847,0.006445681742988887,0.05,white,CORR_L20_f0.7,-0.036164788999362846,-0.0025863669919413794,-0.02542479708369771,0.0041834985249594725,0.02805655827196719,F6b,0.036164788999362846,0.10501333307727745,0.8524706468042057,-0.10501333307727745,-0.026294321392406925,-0.05279018642808629,-0.015592666088085298,0.018375848003853137,0.18722139673105498,8
0.0006060188997797847,0.006445681742988887,0.05,white,DITHER_s0.5,0.10848108518926175,0.015398540954717588,0.061516883057626745,0.03248388637181905,-0.07855484697833381,F6b,0.10848108518926175,0.08823555724644787,0.13738191535077734,0.039632541111347154,-0.008309413445747958,0.03415149371323816,0.012707721758774278,-0.08823555724644787,0.0475482912332838,8
0.0006060188997797847,0.006445681742988887,0.05,white,DITHER_s1.0,0.052670572815189276,0.060722636970657225,0.0068406211655609,0.037865259064552716,-0.019603244292100985,F6b,0.060722636970657225,0.03701468257019168,0.08872746507848116,-0.016177971262725323,0.03701468257019168,-0.02052476817882768,0.018089094451507946,-0.02928395456021504,0.06277860326894502,8
0.0006060188997797847,0.006445681742988887,0.05,white,DITHER_s2.0,0.029626768406766153,-0.04390832056516617,0.08124213433910377,-0.041568036548881165,0.03069969089529058,F6b,0.08124213433910377,0.06761627496563172,0.07152383088534553,-0.03922177567114845,-0.06761627496563172,0.05387674499471518,-0.06134420116192593,0.021018980627176526,0.050148588410104014,8
0.0006060188997797847,0.006445681742988887,0.05,white,DITHER_blind,-0.002674893517333396,0.024717407714531285,0.04245179276992794,-0.028285545853448602,0.008902612634487562,F6b,0.04245179276992794,0.071523437595248,0.04123621313633433,-0.071523437595248,0.001009453314065739,0.015086403425539359,-0.04806171046649337,-0.0007780976336264925,0.045319465081723624,8
0.0006060188997797847,0.006445681742988887,0.1,white,MEMLESS,-0.04302762732537663,-0.015726863515777893,-0.028656812882767637,0.0005444848025546282,0.023675033240942344,F6b,0.04302762732537663,0.11187617140329123,0.8942662545248553,-0.11187617140329123,-0.03943481791624344,-0.05602220222715622,-0.019231679810490142,0.01399432297282829,0.24071322436849926,8
0.0006060188997797847,0.006445681742988887,0.1,white,CORR_L2_f0.0,-0.021899075149424616,-0.00409679074026997,-0.04280538634511337,0.0036471408527338073,0.03918486403647579,F6b,0.04280538634511337,0.09074761922733922,0.8816936589341738,-0.09074761922733922,-0.027804745140735516,-0.07017077568950195,-0.016129023760310963,0.029504153768361734,0.29011887072808323,8
0.0006060188997797847,0.006445681742988887,0.1,white,CORR_L2_f0.15,-0.022258787269833658,-0.0037659578563917218,-0.04651254553040983,0.0006560593163453879,0.041696835713557895,F6b,0.04651254553040983,0.09110733134774826,0.8843153027853208,-0.09110733134774826,-0.027473912256857268,-0.0738779348747984,-0.019120105296699382,0.03201612544544384,0.2786032689450223,8
0.0006060188997797847,0.006445681742988887,0.1,white,CORR_L2_f0.3,-0.026437701936074587,-0.00748496350423963,-0.04614461122570458,0.0028438945821630396,0.04169376940223487,F6b,0.04614461122570458,0.09528624601398919,0.8887168702471908,-0.09528624601398919,-0.031192917904705176,-0.07351000057009316,-0.01693227003088173,0.032013059134120815,0.27080237741456165,8
0.0006060188997797847,0.006445681742988887,0.1,white,CORR_L2_f0.5,-0.023332171611818983,-0.009986211431166472,-0.0399988298713637,0.0029147249667137894,0.030895362098562154,F6b,0.0399988298713637,0.09218071568973359,0.895591627619545,-0.09218071568973359,-0.03369416583163202,-0.06736421921575228,-0.01686143964633098,0.0212146518304481,0.2648588410104012,8
0.0006060188997797847,0.006445681742988887,0.1,white,CORR_L2_f0.7,-0.030800957793116035,-0.008707785032879799,-0.02495002535412397,-0.0024006339765978643,0.016817335664762595,F6b,0.030800957793116035,0.09964950187103064,0.8988824350592418,-0.09964950187103064,-0.032415739433345345,-0.05231541469851255,-0.022176798589642634,0.007136625396648542,0.25482912332838037,8
0.0006060188997797847,0.006445681742988887,0.1,white,CORR_L4_f0.0,-0.018037033026720786,0.009639156075316895,-0.021118852297665063,-0.017705590187547613,0.018781431257961646,F6b,0.027621482465506303,0.08688557710463539,0.8723470365764693,-0.08688557710463539,-0.014068798325148651,-0.048484241642053644,-0.03748175480059238,0.009100720989847592,0.34026745913818723,8
0.0006060188997797847,0.006445681742988887,0.1,white,CORR_L4_f0.15,-0.022665973960102934,-0.0011504868923431152,-0.013706507296335175,-0.0016246007287215383,0.030631250395696245,F6b,0.030631250395696245,0.09151451803801754,0.8807863949496096,-0.09151451803801754,-0.02485844129280866,-0.041071896640723755,-0.02140076534176631,0.02095054012758219,0.30683506686478457,8
0.0006060188997797847,0.006445681742988887,0.1,white,CORR_L4_f0.3,-0.021202038959714994,-0.008533218262162669,-0.02333917247275805,-0.004393190390923642,0.03076522096299998,F6b,0.03076522096299998,0.0900505830376296,0.8946122377687807,-0.0900505830376296,-0.032241172662628215,-0.05070456181714663,-0.024169355003968412,0.021084510694885927,0.29940564635958394,8
0.0006060188997797847,0.006445681742988887,0.1,white,CORR_L4_f0.5,-0.02413191040464084,1.1266165762517655e-05,-0.03694492197363529,-0.0002145673933201704,0.02953034215148294,F6b,0.03694492197363529,0.09298045448255544,0.8969731003648115,-0.09298045448255544,-0.02369668823470303,-0.06431031131802387,-0.01999073200636494,0.019849631883368885,0.27340267459138184,8
0.0006060188997797847,0.006445681742988887,0.1,white,CORR_L4_f0.7,-0.03229456524229517,-0.012250234243280783,-0.021195419962077546,0.00012604643054813652,0.01793454253078431,F6b,0.03229456524229517,0.10114310932020977,0.899172246104761,-0.10114310932020977,-0.03595818864374633,-0.04856080930646613,-0.019650118182496634,0.008253832262670256,0.2566864784546805,8
0.0006060188997797847,0.006445681742988887,0.1,white,CORR_L6_f0.0,-0.012315660784998295,0.008842897403052734,-0.01826115987631623,-0.011461039175509832,0.014313687125916345,F6b,0.023524004280631068,0.0811642048629129,0.8594270243994718,-0.0811642048629129,-0.014865056997412812,-0.04562654922070481,-0.0312372037885546,0.004632976857802292,0.336924219910847,8
0.0006060188997797847,0.006445681742988887,0.1,white,CORR_L6_f0.15,-0.02019817230115392,0.002197593584395103,-0.015983960710643893,-0.0071801131147952515,0.027161126611574764,F6b,0.027161126611574764,0.08904671637906852,0.8767615132175333,-0.08904671637906852,-0.021510360816070443,-0.04334935005503247,-0.02695627772784002,0.01748041634346071,0.30906389301634474,8
0.0006060188997797847,0.006445681742988887,0.1,white,CORR_L6_f0.3,-0.02295933362966468,-0.008281890057332333,-0.025070233986159467,-0.0029286462914965214,0.035740850842911245,F6b,0.035740850842911245,0.09180787770757928,0.8953197597711609,-0.09180787770757928,-0.03198984445779788,-0.05243562333054805,-0.02270481090454129,0.026060140574797188,0.29977711738484397,8
0.0006060188997797847,0.006445681742988887,0.1,white,CORR_L6_f0.5,-0.024455164154036396,-0.0012628446628839586,-0.03695978932300717,0.0005311415764860695,0.029876280732329192,F6b,0.03695978932300717,0.093303708231951,0.8978799863675109,-0.093303708231951,-0.024970799063349505,-0.06432517866739575,-0.0192450230365587,0.020195570464215138,0.2760029717682021,8
0.0006060188997797847,0.006445681742988887,0.1,white,CORR_L6_f0.7,-0.03194513804837315,-0.011920440549195145,-0.020176787902384048,0.0006423793967434387,0.01816254269855639,F6b,0.03194513804837315,0.10079368212628775,0.8995279732156319,-0.10079368212628775,-0.03562839494966069,-0.04754217724677263,-0.01913378521630133,0.008481832430442336,0.25742942050520057,8
0.0006060188997797847,0.006445681742988887,0.1,white,CORR_L10_f0.0,-0.010148245742250664,0.005073304786921411,-0.0112238004770237,-0.001701435063805698,0.00955755785544521,F6b,0.04482816951225337,0.07899678982016527,0.8676303654503662,-0.07899678982016527,-0.018634649613544135,-0.03858918982141228,-0.021477599676850468,-0.00012315241266884383,0.3800148588410104,8
0.0006060188997797847,0.006445681742988887,0.1,white,CORR_L10_f0.15,-0.00824855522810966,0.011520880967446415,-0.01918070076042849,-0.0035969788528169323,0.023917191240214485,F6b,0.026440258715716865,0.07709709930602426,0.8664017231318061,-0.07709709930602426,-0.01218707343301913,-0.04654609010481707,-0.023373143465861702,0.014236480972100432,0.29569093610698366,8
0.0006060188997797847,0.006445681742988887,0.1,white,CORR_L10_f0.3,-0.020836710937277764,-0.006149845290023097,-0.028351494904145614,-0.004644882643194081,0.03684456987104953,F6b,0.03684456987104953,0.08968525501519237,0.8928414952222675,-0.08968525501519237,-0.029857799690488643,-0.055716884248534194,-0.02442104725623885,0.027163859602935474,0.2938335809806835,8
0.0006060188997797847,0.006445681742988887,0.1,white,CORR_L10_f0.5,-0.0244350315918484,-0.0008724813257692358,-0.03653808937841509,0.0010497169140345347,0.030325864965896194,F6b,0.03653808937841509,0.093283575669763,0.8982486255328666,-0.093283575669763,-0.024580435726234782,-0.06390347872280366,-0.018726447699010235,0.02064515469778214,0.27674591381872216,8
0.0006060188997797847,0.006445681742988887,0.1,white,CORR_L10_f0.7,-0.03194513804837315,-0.011920440549195145,-0.020176787902384048,0.0006423793967434387,0.01816254269855639,F6b,0.03194513804837315,0.10079368212628775,0.8995279732156319,-0.10079368212628775,-0.03562839494966069,-0.04754217724677263,-0.01913378521630133,0.008481832430442336,0.25742942050520057,8
0.0006060188997797847,0.006445681742988887,0.1,white,CORR_L20_f0.0,-0.012298840694258947,0.005966631969896611,0.0001381697988048873,0.004348566771024994,0.009563785127875564,F6b,0.03448527078326739,0.08114738477217355,0.8815466927949723,-0.08114738477217355,-0.017741322430568935,-0.027227219545583693,-0.015427597842019776,-0.00011692514023848953,0.45208023774145617,8
0.0006060188997797847,0.006445681742988887,0.1,white,CORR_L20_f0.15,-0.008093585440007142,0.011299442828957944,-0.019538601238056324,-0.003741753407279051,0.022818547441051863,F6b,0.025950472646581475,0.07694212951792175,0.8671860533580663,-0.07694212951792175,-0.012408511571507602,-0.046903990582444904,-0.02351791802032382,0.01313783717293781,0.29940564635958394,8
0.0006060188997797847,0.006445681742988887,0.1,white,CORR_L20_f0.3,-0.020836710937277764,-0.006149845290023097,-0.028351494904145614,-0.004644882643194081,0.03684456987104953,F6b,0.03684456987104953,0.08968525501519237,0.8928414952222675,-0.08968525501519237,-0.029857799690488643,-0.055716884248534194,-0.02442104725623885,0.027163859602935474,0.2938335809806835,8
0.0006060188997797847,0.006445681742988887,0.1,white,CORR_L20_f0.5,-0.0244350315918484,-0.0008724813257692358,-0.03653808937841509,0.0010497169140345347,0.030325864965896194,F6b,0.03653808937841509,0.093283575669763,0.8982486255328666,-0.093283575669763,-0.024580435726234782,-0.06390347872280366,-0.018726447699010235,0.02064515469778214,0.27674591381872216,8
0.0006060188997797847,0.006445681742988887,0.1,white,CORR_L20_f0.7,-0.03194513804837315,-0.011920440549195145,-0.020176787902384048,0.0006423793967434387,0.01816254269855639,F6b,0.03194513804837315,0.10079368212628775,0.8995279732156319,-0.10079368212628775,-0.03562839494966069,-0.04754217724677263,-0.01913378521630133,0.008481832430442336,0.25742942050520057,8
0.0006060188997797847,0.006445681742988887,0.1,white,DITHER_s0.5,0.16496218433060966,0.05323477242171726,0.06679217885231047,0.047235497715689884,-0.0067605572823854695,F6b,0.16496218433060966,0.09611364025269505,0.26248008886563634,0.09611364025269505,0.029526818021251712,0.03942678950792189,0.027459333102645117,-0.016441267550499523,0.10029717682020803,8
0.0006060188997797847,0.006445681742988887,0.1,white,DITHER_s1.0,0.07718173725127105,-0.061552951909756105,0.016705477225485273,0.03512520665513253,-0.019027629343107956,F6b,0.07718173725127105,0.08526090631022165,0.09616054802423371,0.008333193173356441,-0.08526090631022165,-0.010659912118903308,0.01534904204208776,-0.02870833961122201,0.08432392273402675,8
0.0006060188997797847,0.006445681742988887,0.1,white,DITHER_s2.0,0.09106887312051772,0.03521778485481383,0.004197447122148118,-0.04162051090594725,0.06214001257883813,F6b,0.09106887312051772,0.06139667551899202,0.10348018331158848,0.022220329042603116,0.011509830454348285,-0.023167942222240463,-0.06139667551899202,0.05245930231072408,0.07986627043090638,8
0.0006060188997797847,0.006445681742988887,0.1,white,DITHER_blind,0.01774218616749223,0.03689562743362164,0.01797151705113631,0.016524929769554317,0.009934796654317972,F6b,0.042683736837931294,0.053247523615139646,0.10824312625937861,-0.051106357910422374,0.013187673033156093,-0.009393872293252272,-0.0032512348434904532,0.0002540863862039188,0.10141158989598811,8
0.0006060188997797847,0.006445681742988887,0.2,white,MEMLESS,-0.036168010807683185,-0.012806912817476153,-0.011815746101556421,-0.007281986821907616,0.014967844854432075,F6b,0.036168010807683185,0.10501655488559779,0.9383107703277458,-0.10501655488559779,-0.0365148672179417,-0.039181135445945,-0.027058151434952386,0.005287134586318022,0.3387815750371471,8
0.0006060188997797847,0.006445681742988887,0.2,white,CORR_L2_f0.0,-0.01836142735441461,-0.013117982562892254,-0.0320049125123386,0.000822032512305209,0.01247213745156547,F6b,0.0320049125123386,0.08720997143232921,0.9252760218344699,-0.08720997143232921,-0.0368259369633578,-0.05937030185672718,-0.01895413210073956,0.0027914271834514155,0.3948736998514116,8
0.0006060188997797847,0.006445681742988887,0.2,white,CORR_L2_f0.15,-0.016620863897472735,-0.0116179082094207,-0.032555652448767486,0.0014972332620763265,0.009123931261895629,F6b,0.032555652448767486,0.08546940797538734,0.9281852614275317,-0.08546940797538734,-0.035325862609886245,-0.05992104179315607,-0.018278931350968444,-0.0005567790062184259,0.3800148588410104,8
0.0006060188997797847,0.006445681742988887,0.2,white,CORR_L2_f0.3,-0.01920419112216512,-0.015731493426553327,-0.03361650700236864,0.005268236357555911,0.009107431871024684,F6b,0.03361650700236864,0.08805273520007972,0.929758732940409,-0.08805273520007972,-0.03943944782701887,-0.06098189634675722,-0.014507928255488859,-0.0005732783970893707,0.36181277860326894,8
0.0006060188997797847,0.006445681742988887,0.2,white,CORR_L2_f0.5,-0.018619282441779253,-0.009683500786566372,-0.034524878893605934,-0.001893138863814127,0.013943547501390966,F6b,0.034524878893605934,0.08746782651969386,0.936234114495973,-0.08746782651969386,-0.03339145518703192,-0.06189026823799452,-0.021669303476858897,0.004262837233276912,0.35698365527488857,8
0.0006060188997797847,0.006445681742988887,0.2,white,CORR_L2_f0.7,-0.025099845954269215,-0.005727059906450317,-0.025314524763196882,-0.0039264644668212285,0.017969794773030498,F6b,0.025314524763196882,0.09394839003218382,0.9390943413963201,-0.09394839003218382,-0.029435014306915863,-0.05267991410758546,-0.023702629079866,0.008289084504916442,0.34992570579494797,8
0.0006060188997797847,0.006445681742988887,0.2,white,CORR_L4_f0.0,-0.024434114046468364,-0.0017674457773166133,-0.020918469995319034,-0.005656596025199374,0.022369468761164524,F6b,0.024434114046468364,0.09328265812438297,0.91536621292236,-0.09328265812438297,-0.02547540017778216,-0.048283859339707615,-0.025432760638244144,0.012688758493050468,0.45170876671619614,8
0.0006060188997797847,0.006445681742988887,0.2,white,CORR_L4_f0.15,-0.020394880283906708,-0.007723697635476666,-0.011585004268875095,-0.0012826325995880794,0.007764348382814269,F6b,0.020394880283906708,0.08924342436182131,0.9237709472753274,-0.08924342436182131,-0.03143165203594221,-0.038950393613263676,-0.02105879721263285,-0.0019163618852997854,0.40936106983655274,8
0.0006060188997797847,0.006445681742988887,0.2,white,CORR_L4_f0.3,-0.015456928428975572,-0.01226678307309282,-0.014943727158505112,0.005165015677807517,0.007669159798992591,F6b,0.017143803740005438,0.08430547250689018,0.9292257101975255,-0.08430547250689018,-0.035974737473558366,-0.04230911650289369,-0.014611148935237253,-0.0020115504691214626,0.3789004457652303,8
0.0006060188997797847,0.006445681742988887,0.2,white,CORR_L4_f0.5,-0.01543231888113926,-0.0054471955785011725,-0.029409464971884482,-0.00019562203554516003,0.015532240032310681,F6b,0.029409464971884482,0.08428086295905386,0.9374881564762114,-0.08428086295905386,-0.02915514997896672,-0.05677485431627306,-0.01997178664858993,0.005851529764196626,0.36701337295690933,8
0.0006060188997797847,0.006445681742988887,0.2,white,CORR_L4_f0.7,-0.025848818086981584,-0.0021939550438683023,-0.02352375212416866,-0.002756774999932706,0.022499848311135717,F6b,0.025848818086981584,0.09469736216489619,0.9389006274647071,-0.09469736216489619,-0.025901909444333848,-0.05088914146855724,-0.022532939612977476,0.012819138043021665,0.34992570579494797,8
0.0006060188997797847,0.006445681742988887,0.2,white,CORR_L6_f0.0,-0.01984794060720574,0.005327616501267975,-0.019619585371774734,-0.0051963627901863395,0.01491172777819315,F6b,0.020153465969881306,0.08869648468512034,0.9147704703276921,-0.08869648468512034,-0.01838033789919757,-0.046984974716163315,-0.02497252740323111,0.005231017510079096,0.48328380386329867,8
0.0006060188997797847,0.006445681742988887,0.2,white,CORR_L6_f0.15,-0.022656003195654764,-0.007538938977424088,-0.017672128124370124,-0.00014393277814832295,0.018728302199711916,F6b,0.028620286601801485,0.09150454727356937,0.9181710417295169,-0.09150454727356937,-0.031246893377889634,-0.045037517468758705,-0.019920097391193093,0.009047591931597864,0.4086181277860327,8
0.0006060188997797847,0.006445681742988887,0.2,white,CORR_L6_f0.3,-0.0153931788156456,-0.011626127317985568,-0.012389731827033765,0.006207011835291853,0.010613789647689206,F6b,0.01570224366551158,0.0842417228935602,0.9282667843235253,-0.0842417228935602,-0.035334081718451114,-0.039755121171422346,-0.013569152777752917,0.0009330793795751531,0.3792719167904903,8
0.0006060188997797847,0.006445681742988887,0.2,white,CORR_L6_f0.5,-0.015413735868116937,-0.005791249827112446,-0.030488504587149533,0.00016623975911649047,0.015128817355959542,F6b,0.030488504587149533,0.08426227994603154,0.9374122474784464,-0.08426227994603154,-0.029499204227577992,-0.057853893931538114,-0.01960992485392828,0.0054481070878454885,0.36775631500742945,8
0.0006060188997797847,0.006445681742988887,0.2,white,CORR_L6_f0.7,-0.0256098737032701,-0.0014819760561998602,-0.022765633574038397,-0.001181892875461256,0.023855119396624457,F6b,0.0256098737032701,0.0944584177811847,0.9393031279977895,-0.0944584177811847,-0.025189930456665406,-0.05013102291842698,-0.020958057488506026,0.014174409128510404,0.3514115898959881,8
0.0006060188997797847,0.006445681742988887,0.2,white,CORR_L10_f0.0,-0.013655431000749174,-0.002755218785111202,-0.01200110109903994,-0.00032724723241467704,0.009849755635820637,F6b,0.028477819050957254,0.08250397507866378,0.909494707163921,-0.08250397507866378,-0.026463173185576748,-0.03936649044342852,-0.020103411845459447,0.0001690453677065836,0.49108469539375926,8
0.0006060188997797847,0.006445681742988887,0.2,white,CORR_L10_f0.15,-0.017815445572086516,-0.007032818314960235,-0.013806040065004913,0.00119770014448373,0.01800710059595534,F6b,0.031127297429483586,0.08666398965000112,0.9167949512277207,-0.08666398965000112,-0.03074077271542578,-0.041171429409393494,-0.01857846446856104,0.008326390327841285,0.4104754829123328,8
0.0006060188997797847,0.006445681742988887,0.2,white,CORR_L10_f0.3,-0.014307117115249693,-0.014609640074157153,-0.013893430605242622,0.007742327112962116,0.012544994727438027,F6b,0.01646416144029031,0.0831556611931643,0.9274303407492187,-0.0831556611931643,-0.0383175944746227,-0.0412588199496312,-0.012033837500082654,0.0028642844593239733,0.3774145616641902,8
0.0006060188997797847,0.006445681742988887,0.2,white,CORR_L10_f0.5,-0.015413735868116937,-0.005791249827112446,-0.030488504587149533,0.00016623975911649047,0.015128817355959542,F6b,0.030488504587149533,0.08426227994603154,0.9374122474784464,-0.08426227994603154,-0.029499204227577992,-0.057853893931538114,-0.01960992485392828,0.0054481070878454885,0.36775631500742945,8
0.0006060188997797847,0.006445681742988887,0.2,white,CORR_L10_f0.7,-0.0256098737032701,-0.0014819760561998602,-0.022765633574038397,-0.001181892875461256,0.023855119396624457,F6b,0.0256098737032701,0.0944584177811847,0.9393031279977895,-0.0944584177811847,-0.025189930456665406,-0.05013102291842698,-0.020958057488506026,0.014174409128510404,0.3514115898959881,8
0.0006060188997797847,0.006445681742988887,0.2,white,CORR_L20_f0.0,-0.01285493845451964,0.0022940176250565852,-0.010360338405349476,0.003109863663366158,0.01255410694117514,F6b,0.03165339712555347,0.08170348253243424,0.9047075902651173,-0.08170348253243424,-0.02141393677540896,-0.03772572774973806,-0.016666300949678612,0.002873396673061086,0.512630014858841,8
0.0006060188997797847,0.006445681742988887,0.2,white,CORR_L20_f0.15,-0.017618403231187796,-0.006525777262319454,-0.013031814861669936,-0.0008853966349360136,0.017921397044451448,F6b,0.03206021569145811,0.0864669473091024,0.9167031159764583,-0.0864669473091024,-0.030233731662785,-0.040397204206058517,-0.020661561247980784,0.008240686776337394,0.41196136701337294,8
0.0006060188997797847,0.006445681742988887,0.2,white,CORR_L20_f0.3,-0.014307117115249693,-0.014609640074157153,-0.013893430605242622,0.007742327112962116,0.012544994727438027,F6b,0.01646416144029031,0.0831556611931643,0.9274303407492187,-0.0831556611931643,-0.0383175944746227,-0.0412588199496312,-0.012033837500082654,0.0028642844593239733,0.3774145616641902,8
0.0006060188997797847,0.006445681742988887,0.2,white,CORR_L20_f0.5,-0.015413735868116937,-0.005791249827112446,-0.030488504587149533,0.00016623975911649047,0.015128817355959542,F6b,0.030488504587149533,0.08426227994603154,0.9374122474784464,-0.08426227994603154,-0.029499204227577992,-0.057853893931538114,-0.01960992485392828,0.0054481070878454885,0.36775631500742945,8
0.0006060188997797847,0.006445681742988887,0.2,white,CORR_L20_f0.7,-0.0256098737032701,-0.0014819760561998602,-0.022765633574038397,-0.001181892875461256,0.023855119396624457,F6b,0.0256098737032701,0.0944584177811847,0.9393031279977895,-0.0944584177811847,-0.025189930456665406,-0.05013102291842698,-0.020958057488506026,0.014174409128510404,0.3514115898959881,8
0.0006060188997797847,0.006445681742988887,0.2,white,DITHER_s0.5,0.07365044120631732,-0.06691669824117422,0.09418301957676052,0.05658753757651293,-0.053627246658338734,F6b,0.09418301957676052,0.09062465264163976,0.29568421339222367,0.004801897128402722,-0.09062465264163976,0.06681763023237194,0.03681137296346816,-0.06330795692645279,0.19576523031203566,8
0.0006060188997797847,0.006445681742988887,0.2,white,DITHER_s1.0,0.06593797121479926,-0.06984666859329142,0.007937777709934257,0.026286740911005788,0.06245658617907739,F6b,0.06984666859329142,0.09355462299375697,0.3068064431512437,-0.0029105728631153463,-0.09355462299375697,-0.019427611634454323,0.0065105762979610175,0.05277587591096334,0.19279346210995543,8
0.0006060188997797847,0.006445681742988887,0.2,white,DITHER_s2.0,0.023995572367300412,-0.026218402453080936,0.06718064879635954,-0.0629942114541934,0.047581915883537156,F6b,0.06718064879635954,0.08277037606723817,0.2429829457306595,-0.04485297171061419,-0.04992635685354648,0.039815259451970966,-0.08277037606723817,0.0379012056154231,0.19316493313521546,8
0.0006060188997797847,0.006445681742988887,0.2,white,DITHER_blind,-0.04647086528336315,0.0895700265271279,-0.006160330976132233,0.004676903447082742,0.0226278609667254,F6b,0.0895700265271279,0.11531940936127776,0.12978258240221183,-0.11531940936127776,0.06586207212666234,-0.03352572032052081,-0.015099261165962028,0.012947150698611345,0.19093610698365526,8
0.0006060188997797847,0.006445681742988887,0.3,white,MEMLESS,-0.029879882975245492,-0.004862174153825154,-0.01978392779310534,-0.003394709522465386,0.021574345949281804,F6b,0.029879882975245492,0.0987284270531601,0.9618663083980745,-0.0987284270531601,-0.0285701285542907,-0.04714931713749392,-0.023170874135510156,0.01189363568116775,0.4238484398216939,8
0.0006060188997797847,0.006445681742988887,0.3,white,CORR_L2_f0.0,-0.016165451745659906,-0.008967887511182202,-0.022791076744479135,-0.001880861986558631,0.0056176363127529196,F6b,0.022791076744479135,0.08501399582357451,0.9476515553823256,-0.08501399582357451,-0.03267584191164775,-0.050156466088867716,-0.0216570265996034,-0.004063073955361134,0.4736255572065379,8
0.0006060188997797847,0.006445681742988887,0.3,white,CORR_L2_f0.15,-0.015445497646702125,-0.006895011934840659,-0.02111684476373066,-0.003679408374167404,0.009494128112834045,F6b,0.02111684476373066,0.08429404172461673,0.9510180431004033,-0.08429404172461673,-0.030602966335306205,-0.04848223410811924,-0.023455572987212174,-0.00018658215528000917,0.46136701337295694,8
0.0006060188997797847,0.006445681742988887,0.3,white,CORR_L2_f0.3,-0.01294374642299062,-0.005713524795029054,-0.01903769858086562,-0.007112178355632329,0.007873137892201499,F6b,0.01903769858086562,0.08179229050090522,0.9559142170713516,-0.08179229050090522,-0.0294214791954946,-0.0464030879252542,-0.0268883429686771,-0.001807572375912555,0.4554234769687964,8
0.0006060188997797847,0.006445681742988887,0.3,white,CORR_L2_f0.5,-0.013995748453618742,-0.0072290137335105364,-0.02335290340813394,-0.01144375498745704,0.010126726739921975,F6b,0.02335290340813394,0.08284429253153335,0.9605373912975557,-0.08284429253153335,-0.030936968133976082,-0.05071829275252252,-0.03121991960050181,0.0004460164718079216,0.4461367013372957,8
0.0006060188997797847,0.006445681742988887,0.3,white,CORR_L2_f0.7,-0.01778785357059208,-0.0038065424251312076,-0.026528927183167624,-0.011885277234617398,0.01196498766629123,F6b,0.026528927183167624,0.08663639764850668,0.9642320177580375,-0.08663639764850668,-0.027514496825596754,-0.053894316527556205,-0.03166144184766217,0.002284277398177176,0.44353640416047546,8
0.0006060188997797847,0.006445681742988887,0.3,white,CORR_L4_f0.0,-0.015544437986935916,-0.0014522724686506644,-0.011655588769633306,0.002134195799334628,0.008572732043856186,F6b,0.015544437986935916,0.08439298206485052,0.9412269207461831,-0.08439298206485052,-0.02516022686911621,-0.03902097811402189,-0.017641968813710142,-0.0011079782242578678,0.5390044576523031,8
0.0006060188997797847,0.006445681742988887,0.3,white,CORR_L4_f0.15,-0.016022485775623152,-0.00677265321867106,-0.003508702271321426,0.00859163906779374,0.011663216648913928,F6b,0.016022485775623152,0.08487102985353775,0.9468975318456492,-0.08487102985353775,-0.030480607619136606,-0.030874091615710007,-0.01118452554525103,0.0019825063807998745,0.4892273402674591,8
0.0006060188997797847,0.006445681742988887,0.3,white,CORR_L4_f0.3,-0.012643600519420997,-0.010542369019621377,-0.016404631869872514,0.004508728814629612,0.016465712507683833,F6b,0.016465712507683833,0.0814921445973356,0.9555393479071475,-0.0814921445973356,-0.03425032342008692,-0.043770021214261094,-0.015267435798415158,0.00678500223956978,0.47436849925705793,8
0.0006060188997797847,0.006445681742988887,0.3,white,CORR_L4_f0.5,-0.011845333299902158,-0.005282858818017981,-0.02253732556971572,-0.010097873698270598,0.016648137706855998,F6b,0.02253732556971572,0.08069387737781676,0.9603418771181188,-0.08069387737781676,-0.028990813218483527,-0.0499027149141043,-0.029874038311315368,0.0069674274387419455,0.44947994056463597,8
0.0006060188997797847,0.006445681742988887,0.3,white,CORR_L4_f0.7,-0.016090426912739417,-0.004633714437283418,-0.026714624002372702,-0.009466909253991122,0.0133789179639584,F6b,0.026714624002372702,0.08493897099065402,0.9651554457388469,-0.08493897099065402,-0.028341668837748964,-0.05408001334676128,-0.029243073867035892,0.0036982076958443455,0.44947994056463597,8
0.0006060188997797847,0.006445681742988887,0.3,white,CORR_L6_f0.0,-0.018048579859558614,-0.0066321952116295164,-0.018936521687616645,-0.0019832110912756974,0.007559056389122418,F6b,0.018936521687616645,0.08689712393747322,0.9367087408411244,-0.08689712393747322,-0.030340149612095062,-0.046301911032005226,-0.021759375704320467,-0.0021216538789916362,0.5668647845468053,8
0.0006060188997797847,0.006445681742988887,0.3,white,CORR_L6_f0.15,-0.01683107552293639,-0.008830703548517595,-0.006121017692803075,0.0010444803352398675,0.004883075972162042,F6b,0.0213856720888196,0.08567961960085099,0.9450971538350672,-0.08567961960085099,-0.03253865794898314,-0.033486407037191655,-0.018731684277804903,-0.004797634295952012,0.49814264487369986,8
0.0006060188997797847,0.006445681742988887,0.3,white,CORR_L6_f0.3,-0.012140754060427167,-0.013554706198447043,-0.01456672833857427,0.005999265610023893,0.01823052847446011,F6b,0.01823052847446011,0.08098929813834177,0.9534338837343528,-0.08098929813834177,-0.03726266059891259,-0.04193211768296285,-0.013776899003020877,0.008549818206346056,0.46916790490341753,8
0.0006060188997797847,0.006445681742988887,0.3,white,CORR_L6_f0.5,-0.01144390343114636,-0.005499033305979523,-0.021891538175555256,-0.009926790030847791,0.01685876925565754,F6b,0.021891538175555256,0.08029244750906096,0.9603522372174026,-0.08029244750906096,-0.02920698770644507,-0.04925692751994384,-0.02970295464389256,0.007178058987543486,0.449851411589896,8
0.0006060188997797847,0.006445681742988887,0.3,white,CORR_L6_f0.7,-0.016090426912739417,-0.004633714437283418,-0.026714624002372702,-0.009466909253991122,0.0133789179639584,F6b,0.026714624002372702,0.08493897099065402,0.9651554457388469,-0.08493897099065402,-0.028341668837748964,-0.05408001334676128,-0.029243073867035892,0.0036982076958443455,0.44947994056463597,8
0.0006060188997797847,0.006445681742988887,0.3,white,CORR_L10_f0.0,-0.011559674206471138,-0.0035331566766680297,-0.009649039615880723,0.001809108772670362,0.006898940360682466,F6b,0.02193018175856848,0.08040821828438574,0.938226706814266,-0.08040821828438574,-0.027241111077133576,-0.037014428960269304,-0.017967055840374408,-0.0027817699074315885,0.5965824665676077,8
0.0006060188997797847,0.006445681742988887,0.3,white,CORR_L10_f0.15,-0.012569563479747123,-0.0072834674413848055,-0.0059633530835319325,0.0027871930269358774,0.007080281682908373,F6b,0.014601338913098363,0.08141810755766173,0.943409522694096,-0.08141810755766173,-0.03099142184185035,-0.03332874242792051,-0.016988971586108893,-0.0026004285852056813,0.49517087667161963,8
0.0006060188997797847,0.006445681742988887,0.3,white,CORR_L10_f0.3,-0.01182683123137658,-0.0134623554164316,-0.0151977473598711,0.007619614786395697,0.019039336874928328,F6b,0.019039336874928328,0.08067537530929118,0.953250834581969,-0.08067537530929118,-0.037170309816897146,-0.04256313670425968,-0.012156549826649073,0.009358626606814273,0.4673105497771174,8
0.0006060188997797847,0.006445681742988887,0.3,white,CORR_L10_f0.5,-0.01144390343114636,-0.005499033305979523,-0.021891538175555256,-0.009926790030847791,0.01685876925565754,F6b,0.021891538175555256,0.08029244750906096,0.9603522372174026,-0.08029244750906096,-0.02920698770644507,-0.04925692751994384,-0.02970295464389256,0.007178058987543486,0.449851411589896,8
0.0006060188997797847,0.006445681742988887,0.3,white,CORR_L10_f0.7,-0.016090426912739417,-0.004633714437283418,-0.026714624002372702,-0.009466909253991122,0.0133789179639584,F6b,0.026714624002372702,0.08493897099065402,0.9651554457388469,-0.08493897099065402,-0.028341668837748964,-0.05408001334676128,-0.029243073867035892,0.0036982076958443455,0.44947994056463597,8
0.0006060188997797847,0.006445681742988887,0.3,white,CORR_L20_f0.0,-0.001862728500682198,0.0021620986156715427,-0.011745477116374334,-0.002824428144948859,0.008784303845908809,F6b,0.013908224073605428,0.0707112725785968,0.9264720993064648,-0.0707112725785968,-0.021545855784794003,-0.039110866460762915,-0.02260059275799363,-0.0008964064222052452,0.587295690936107,8
0.0006060188997797847,0.006445681742988887,0.3,white,CORR_L20_f0.15,-0.013242928129486436,-0.007909920002190755,-0.008076817608969545,0.0009265797254424911,0.008031001040968775,F6b,0.016968015565053788,0.08209147220740104,0.9434059880743699,-0.08209147220740104,-0.0316178744026563,-0.035442206953358125,-0.01884958488760228,-0.001649709227145279,0.4970282317979198,8
0.0006060188997797847,0.006445681742988887,0.3,white,CORR_L20_f0.3,-0.011868867467536834,-0.0134099638777695,-0.015340937400972626,0.007337809434249453,0.01882192866685979,F6b,0.01882192866685979,0.08071741154545144,0.953310065706612,-0.08071741154545144,-0.037117918278235046,-0.042706326745361206,-0.012438355178795317,0.009141218398745736,0.4676820208023774,8
0.0006060188997797847,0.006445681742988887,0.3,white,CORR_L20_f0.5,-0.01144390343114636,-0.005499033305979523,-0.021891538175555256,-0.009926790030847791,0.01685876925565754,F6b,0.021891538175555256,0.08029244750906096,0.9603522372174026,-0.08029244750906096,-0.02920698770644507,-0.04925692751994384,-0.02970295464389256,0.007178058987543486,0.449851411589896,8
0.0006060188997797847,0.006445681742988887,0.3,white,CORR_L20_f0.7,-0.016090426912739417,-0.004633714437283418,-0.026714624002372702,-0.009466909253991122,0.0133789179639584,F6b,0.026714624002372702,0.08493897099065402,0.9651554457388469,-0.08493897099065402,-0.028341668837748964,-0.05408001334676128,-0.029243073867035892,0.0036982076958443455,0.44947994056463597,8
0.0006060188997797847,0.006445681742988887,0.3,white,DITHER_s0.5,0.08073911780741588,0.03949707803191621,-0.03680302580130547,0.030684166081641047,-0.014020804234103946,F6b,0.08073911780741588,0.06416841514569405,0.4751265618826424,0.01189057372950128,0.015789123631450665,-0.06416841514569405,0.010908001468596277,-0.023701514502218,0.3049777117384844,8
0.0006060188997797847,0.006445681742988887,0.3,white,DITHER_s1.0,0.0091515176787456,0.022776895731296272,-0.018845078097667316,0.06897463374425127,-0.00428035488573787,F6b,0.06897463374425127,0.059697026399169004,0.38928238893089373,-0.059697026399169004,-0.0009310586691692757,-0.0462104674420559,0.04919846913120649,-0.013961065153851924,0.30237741456166417,8
0.0006060188997797847,0.006445681742988887,0.3,white,DITHER_s2.0,0.1546850437523504,0.07894844051360984,0.02416366776801575,-0.0004734345705240013,-0.0075681706206498014,F6b,0.1546850437523504,0.09814165089919771,0.3382629757077222,0.0858364996744358,0.0552404861131443,-0.0032017215763728295,-0.02024959918356877,-0.017248880888763855,0.2986627043090639,8
0.0006060188997797847,0.006445681742988887,0.3,white,DITHER_blind,0.07862730116812339,0.10854525862442063,-0.042015341483671795,-0.027119965262730892,-0.06583482383154032,F6b,0.10854525862442063,0.08483730422395509,0.3016814483691001,0.009778757090208777,0.08483730422395509,-0.06938073082806037,-0.04689612987577566,-0.07551553409965438,0.3060921248142645,8
0.0006060188997797847,0.006445681742988887,0.5,white,MEMLESS,-0.00813562833053029,-0.003942714732314487,-0.01410141987852467,-0.008691168673930813,0.004970050809136647,F6b,0.01619025638530691,0.07698417240844489,0.9877627984190332,-0.07698417240844489,-0.027650669132780033,-0.04146680922291325,-0.028467333286975583,-0.004710659458977407,0.5939821693907875,8
0.0006060188997797847,0.006445681742988887,0.5,white,CORR_L2_f0.0,-0.008256015357902893,-0.006415575058725701,-0.016942049089588986,0.0011882122596677883,0.007232671565291755,F6b,0.016942049089588986,0.0771045594358175,0.9771553969884627,-0.0771045594358175,-0.030123529459191247,-0.04430743843397757,-0.018587952353376982,-0.002448038702822299,0.6300148588410104,8
0.0006060188997797847,0.006445681742988887,0.5,white,CORR_L2_f0.15,-0.004914671961440589,-0.003967089647001935,-0.014151155419726332,-0.002793240998398231,0.008376002746049811,F6b,0.014151155419726332,0.07376321603935519,0.9799760701730406,-0.07376321603935519,-0.02767504404746748,-0.04151654476411491,-0.022569405611443,-0.0013047075220642427,0.6192421991084696,8
0.0006060188997797847,0.006445681742988887,0.5,white,CORR_L2_f0.3,-0.003891088390043207,-0.00482253737827322,-0.012146498351080521,-0.002544340280868272,0.005524322915427834,F6b,0.012209196716541193,0.07273963246795781,0.9826855949827292,-0.07273963246795781,-0.028530491778738766,-0.0395118876954691,-0.022320504893913042,-0.00415638735268622,0.6099554234769688,8
0.0006060188997797847,0.006445681742988887,0.5,white,CORR_L2_f0.5,-0.0028717457434690036,-0.0077893734544099424,-0.013103028165680642,-0.0014732495275964104,0.006026629892419264,F6b,0.013103028165680642,0.0717202898213836,0.9853914079986361,-0.0717202898213836,-0.03149732785487549,-0.04046841751006922,-0.02124941414064118,-0.0036540803756947896,0.6036404160475483,8
0.0006060188997797847,0.006445681742988887,0.5,white,CORR_L2_f0.7,-0.005813840828324521,-0.007661102394253272,-0.01101877206008672,-0.0008121790675774815,0.00385073986546764,F6b,0.01600332711331928,0.07466238490623912,0.9869615827295304,-0.07466238490623912,-0.03136905679471882,-0.0383841614044753,-0.02058834368062225,-0.005829970402646414,0.5984398216939079,8
0.0006060188997797847,0.006445681742988887,0.5,white,CORR_L4_f0.0,-0.010272290807049222,-0.005699769510602491,-0.006704042893426718,0.005635757943376361,0.0054039687840623804,F6b,0.01288289033816692,0.07912083488496383,0.9692391266663487,-0.07912083488496383,-0.029407723911068037,-0.0340694322378153,-0.014140406669668409,-0.0042767414840516734,0.6734769687964339,8
0.0006060188997797847,0.006445681742988887,0.5,white,CORR_L4_f0.15,-0.009874137641643813,-0.008364862029271843,-0.007771654081437148,-0.0009160242689461445,0.005124310768945415,F6b,0.009874137641643813,0.07872268171955842,0.9746320407817554,-0.07872268171955842,-0.03207281642973739,-0.03513704342582573,-0.020692188881990915,-0.004556399499168639,0.6263001485884101,8
0.0006060188997797847,0.006445681742988887,0.5,white,CORR_L4_f0.3,-0.01037320088543095,-0.01050612234522931,-0.01058096188930582,0.0016136498769820547,0.0013076522912927047,F6b,0.01058096188930582,0.07922174496334555,0.9802410437848516,-0.07922174496334555,-0.034214076745694856,-0.0379463512336944,-0.018162514736062715,-0.00837305797682135,0.6095839524517088,8
0.0006060188997797847,0.006445681742988887,0.5,white,CORR_L4_f0.5,-0.007702982836973682,-0.010837091645702117,-0.0076727006835251195,-0.0003095539736760189,0.005693986031921917,F6b,0.010966459815328441,0.07655152691488828,0.9844377384611371,-0.07655152691488828,-0.03454504604616766,-0.0350380900279137,-0.02008571858672079,-0.003986724236192137,0.5980683506686478,8
0.0006060188997797847,0.006445681742988887,0.5,white,CORR_L4_f0.7,-0.008935155454468935,-0.00952548234234378,-0.006297197108631556,3.0646305468073204e-05,0.0014391999726556682,F6b,0.012633455515052756,0.07778369953238354,0.9870350396108274,-0.07778369953238354,-0.033233436742809326,-0.03366258645302014,-0.019745518307576697,-0.008241510295458386,0.5991827637444279,8
0.0006060188997797847,0.006445681742988887,0.5,white,CORR_L6_f0.0,-0.011249595359222916,-0.006081429028173928,-0.008915155297409817,-0.0004901793951500449,0.006326475087878083,F6b,0.017772998936524044,0.08009813943713752,0.9647284207665457,-0.08009813943713752,-0.029789383428639474,-0.0362805446417984,-0.020266344008194815,-0.003354235180235971,0.6898216939078752,8
0.0006060188997797847,0.006445681742988887,0.5,white,CORR_L6_f0.15,-0.01056840824705288,-0.009162656297557782,-0.006429756951014155,-0.0014771009813658378,0.00665795584106648,F6b,0.010947378689233957,0.07941695232496748,0.9740226415856638,-0.07941695232496748,-0.03287061069802333,-0.033795146295402735,-0.021253265594410608,-0.0030227544270475743,0.6367013372956909,8
0.0006060188997797847,0.006445681742988887,0.5,white,CORR_L6_f0.3,-0.009082168572236829,-0.012682791167010515,-0.013002588348817578,0.00017095058954222364,0.003890818932639396,F6b,0.013002588348817578,0.07793071265015143,0.9802148309119806,-0.07793071265015143,-0.03639074556747606,-0.04036797769320616,-0.019605214023502546,-0.005789891335474658,0.6129271916790491,8
0.0006060188997797847,0.006445681742988887,0.5,white,CORR_L6_f0.5,-0.006714822843503984,-0.011249142231590556,-0.008465821269753874,9.744580766372218e-05,0.00643159843090327,F6b,0.011249142231590556,0.07556336692141859,0.9846711050520328,-0.07556336692141859,-0.0349570966320561,-0.035831210614142454,-0.019678718805381048,-0.0032491118372107836,0.5995542347696879,8
0.0006060188997797847,0.006445681742988887,0.5,white,CORR_L6_f0.7,-0.008830483741324724,-0.009467184540941587,-0.0062644691828865305,-0.00021325238911000174,0.001487031067323381,F6b,0.012661358138989654,0.07767902781923933,0.9870721966802853,-0.07767902781923933,-0.03317513894140713,-0.03362985852727511,-0.019989417002154772,-0.008193679200790673,0.5995542347696879,8
0.0006060188997797847,0.006445681742988887,0.5,white,CORR_L10_f0.0,-0.0071745203958564485,-0.0038733648871393245,-0.007796677556173772,0.0032371298068110572,0.006499711987735234,F6b,0.009503326619483377,0.07602306447377105,0.9659403462419878,-0.07602306447377105,-0.02758131928760487,-0.03516206690056235,-0.016539034806233713,-0.0031809982803788204,0.7295690936106983,8
0.0006060188997797847,0.006445681742988887,0.5,white,CORR_L10_f0.15,-0.010399841193573525,-0.0074721368399882256,-0.002544675563930336,0.0004633161354263768,0.005404814078652882,F6b,0.011249037013775599,0.07924838527148813,0.9715670698019846,-0.07924838527148813,-0.03118009124045377,-0.029910064908318917,-0.019312848477618393,-0.004275896189461172,0.6222139673105498,8
0.0006060188997797847,0.006445681742988887,0.5,white,CORR_L10_f0.3,-0.008197999596159508,-0.012126316052550816,-0.014327099725510672,-0.0019420345229370327,0.0034163527098280506,F6b,0.014327099725510672,0.07704654367407411,0.9793524724739797,-0.07704654367407411,-0.03583427045301636,-0.04169248906989925,-0.021718199135981803,-0.006264357558286003,0.6066121842496285,8
0.0006060188997797847,0.006445681742988887,0.5,white,CORR_L10_f0.5,-0.006714822843503984,-0.011249142231590556,-0.008465821269753874,9.744580766372218e-05,0.00643159843090327,F6b,0.011249142231590556,0.07556336692141859,0.9846711050520328,-0.07556336692141859,-0.0349570966320561,-0.035831210614142454,-0.019678718805381048,-0.0032491118372107836,0.5995542347696879,8
0.0006060188997797847,0.006445681742988887,0.5,white,CORR_L10_f0.7,-0.008830483741324724,-0.009467184540941587,-0.0062644691828865305,-0.00021325238911000174,0.001487031067323381,F6b,0.012661358138989654,0.07767902781923933,0.9870721966802853,-0.07767902781923933,-0.03317513894140713,-0.03362985852727511,-0.019989417002154772,-0.008193679200790673,0.5995542347696879,8
0.0006060188997797847,0.006445681742988887,0.5,white,CORR_L20_f0.0,-0.005604622411550311,-0.0010544957902424712,-0.00216657492840849,0.002970498533418516,0.004637038978300198,F6b,0.00632278437633489,0.07445316648946491,0.9653696787182546,-0.07445316648946491,-0.024762450190708017,-0.02953196427279707,-0.016805666079626254,-0.005043671289813856,0.7589153046062407,8
0.0006060188997797847,0.006445681742988887,0.5,white,CORR_L20_f0.15,-0.00932059807879318,-0.007376981920497766,-0.003331736355226503,0.00020901529930388366,0.005405065462499364,F6b,0.009496492518903148,0.07816914215670778,0.9719608931080305,-0.07816914215670778,-0.031084936320963312,-0.030697125699615083,-0.019567149313740886,-0.00427564480561469,0.6266716196136701,8
0.0006060188997797847,0.006445681742988887,0.5,white,CORR_L20_f0.3,-0.008197999596159508,-0.012126316052550816,-0.014327099725510672,-0.0019420345229370327,0.0034163527098280506,F6b,0.014327099725510672,0.07704654367407411,0.9793524724739797,-0.07704654367407411,-0.03583427045301636,-0.04169248906989925,-0.021718199135981803,-0.006264357558286003,0.6066121842496285,8
0.0006060188997797847,0.006445681742988887,0.5,white,CORR_L20_f0.5,-0.006714822843503984,-0.011249142231590556,-0.008465821269753874,9.744580766372218e-05,0.00643159843090327,F6b,0.011249142231590556,0.07556336692141859,0.9846711050520328,-0.07556336692141859,-0.0349570966320561,-0.035831210614142454,-0.019678718805381048,-0.0032491118372107836,0.5995542347696879,8
0.0006060188997797847,0.006445681742988887,0.5,white,CORR_L20_f0.7,-0.008830483741324724,-0.009467184540941587,-0.0062644691828865305,-0.00021325238911000174,0.001487031067323381,F6b,0.012661358138989654,0.07767902781923933,0.9870721966802853,-0.07767902781923933,-0.03317513894140713,-0.03362985852727511,-0.019989417002154772,-0.008193679200790673,0.5995542347696879,8
0.0006060188997797847,0.006445681742988887,0.5,white,DITHER_s0.5,0.0035559223752452407,0.06437955531348434,-0.028043659703353697,-0.03397584433157956,0.04565006824444992,F6b,0.06494635883730021,0.06529262170266936,0.6349178726778487,-0.06529262170266936,0.040671600913018795,-0.05540904904774228,-0.05375200894462433,0.03596935797633587,0.5011144130757801,8
0.0006060188997797847,0.006445681742988887,0.5,white,DITHER_s1.0,0.006770166682153841,-0.03518251323586706,0.052558941069294596,0.018175382781317778,0.006422180477465579,F6b,0.052558941069294596,0.06207837739576076,0.5557037797809067,-0.06207837739576076,-0.05889046763633261,0.025193551724906015,-0.0016007818317269919,-0.0032585297906484747,0.5059435364041605,8
0.0006060188997797847,0.006445681742988887,0.5,white,DITHER_s2.0,0.06377390318685601,0.05180938919777356,0.10461252078692618,0.035922775919344105,0.04065035590261702,F6b,0.10461252078692618,0.0772471314425376,0.452742097898344,-0.00507464089105859,0.028101434797308016,0.0772471314425376,0.01614661130629933,0.030969645634502968,0.49925705794947994,8
0.0006060188997797847,0.006445681742988887,0.5,white,DITHER_blind,0.10527243121024596,0.11767032435743618,0.10962907588084037,0.009362925030908745,0.01797881900969813,F6b,0.11767032435743618,0.09396236995697065,0.5011012892085484,0.03642388713233136,0.09396236995697065,0.08226368653645179,-0.010413239582136025,0.008298108741584077,0.5,8
0.003255116423900244,0.005062431061612275,0.0,white,NOATTACK,0.0,0.0,0.0,0.0,0.0,F6b,0.0,0.2409588110022495,0.0,0.2409588110022495,0.06766527174927404,0.07270132130104932,-0.013717853922495726,0.015756658531131132,0.0,9
0.003255116423900244,0.005062431061612275,0.02,white,MEMLESS,-0.005724712795524611,0.09695836476636323,-0.004264243521555591,0.008416595017683647,-0.012050008815464721,F6b,0.09695836476636323,0.2352340982067249,0.22689420032727686,0.2352340982067249,0.16462363651563727,0.06843707777949373,-0.005301258904812079,0.00370664971566641,0.007419064748201439,9
0.003255116423900244,0.005062431061612275,0.02,white,CORR_L2_f0.0,0.007028741274536149,0.06266248114791421,0.02596262634552214,-0.008245944409062912,-0.02291669524687486,F6b,0.06733123619929664,0.24798755227678565,0.17387612945094727,0.24798755227678565,0.13032775289718826,0.09866394764657146,-0.021963798331558638,-0.0071600367157437315,0.006070143884892087,9
0.003255116423900244,0.005062431061612275,0.02,white,CORR_L2_f0.15,0.008347473911219733,0.07768139521515542,0.05168657276752603,0.005967151206668042,-0.00401774516320009,F6b,0.08248067677854379,0.24930628491346923,0.196717618717657,0.24930628491346923,0.14534666696442947,0.12438789406857535,-0.007750702715827684,0.011738913367931042,0.006969424460431655,9
0.003255116423900244,0.005062431061612275,0.02,white,CORR_L2_f0.3,-0.005068388851065697,0.07741593767360129,0.048487298645683394,0.0033141493394138067,-0.0010594147256584047,F6b,0.08108584736621277,0.2358904221511838,0.19604483278493354,0.2358904221511838,0.14508120942287533,0.12118861994673272,-0.01040370458308192,0.014697243805472727,0.006294964028776978,9
0.003255116423900244,0.005062431061612275,0.02,white,CORR_L2_f0.5,-0.006009240884793404,0.0826521872431955,0.03127865837902977,0.004069271174206399,-0.012684727730582875,F6b,0.0826521872431955,0.2349495701174561,0.19960633584362727,0.2349495701174561,0.15031745899246954,0.10397997968007909,-0.009648582748289327,0.0030719308005482567,0.006294964028776978,9
0.003255116423900244,0.005062431061612275,0.02,white,CORR_L2_f0.7,-0.000340431618831738,0.08266641677847815,0.011261877877022014,0.017283412138720533,-0.013325376941689782,F6b,0.08266641677847815,0.24061837938341776,0.2200179809426952,0.24061837938341776,0.1503316885277522,0.08396319917807134,0.0035655582162248053,0.0024312815894413507,0.007194244604316547,9
0.003255116423900244,0.005062431061612275,0.02,white,CORR_L4_f0.0,-9.97581381624868e-05,0.014403477067227347,0.008245726738032491,-0.007289701714816242,-0.03412449827784461,F6b,0.07054657257245367,0.24085905286408701,0.10672156844141759,0.24085905286408701,0.08206874881650139,0.08094704803908181,-0.021007555637311968,-0.018367839746713476,0.0038219424460431656,9
0.003255116423900244,0.005062431061612275,0.02,white,CORR_L4_f0.15,0.0005252697279518326,0.027557954219070382,0.03567030129261217,-0.012223293479344111,-0.029825237828323015,F6b,0.07077962870601587,0.24148408073020133,0.1397830904408434,0.24148408073020133,0.09522322596834443,0.1083716225936615,-0.025941147401839837,-0.014068579297191883,0.0049460431654676255,9
0.003255116423900244,0.005062431061612275,0.02,white,CORR_L4_f0.3,0.012829458024441937,0.055111562730815467,0.01260052124818456,-0.005914720217250263,-0.009017759107446536,F6b,0.08305833849168565,0.25378826902669144,0.16031162609585667,0.25378826902669144,0.12277683448008951,0.08530184254923388,-0.01963257413974599,0.006738899423684596,0.0049460431654676255,9
0.003255116423900244,0.005062431061612275,0.02,white,CORR_L4_f0.5,-0.007617916712872097,0.07491426174508116,0.04636909950506485,0.00662595406410211,-0.007476338605398822,F6b,0.07491426174508116,0.2333408942893774,0.19901051105944803,0.2333408942893774,0.1425795334943552,0.11907042080611417,-0.007091899858393616,0.00828031992573231,0.006294964028776978,9
0.003255116423900244,0.005062431061612275,0.02,white,CORR_L4_f0.7,-0.0020545830409049726,0.07921553930884069,0.012853701397925035,0.016070055103608906,-0.01835714425905337,F6b,0.07921553930884069,0.23890422796134453,0.21994553747919962,0.23890422796134453,0.14688081105811474,0.08555502269897436,0.002352201181113179,-0.0026004857279222386,0.007194244604316547,9
0.003255116423900244,0.005062431061612275,0.02,white,CORR_L6_f0.0,0.003196471137103224,0.011867385008354756,0.012968121309523725,-0.0013985145005500407,-0.009697326440317284,F6b,0.06241755113033691,0.24415528213935273,0.07352986064577405,0.24415528213935273,0.0795326567576288,0.08566944261057305,-0.015116368423045767,0.006059332090813848,0.002697841726618705,9
0.003255116423900244,0.005062431061612275,0.02,white,CORR_L6_f0.15,0.005738712797347695,0.026327977636689898,0.015505084173688621,-0.011038446389321504,-0.014733931139361816,F6b,0.07198243055053358,0.2466975237995972,0.10474409698243013,0.2466975237995972,0.09399324938596394,0.08820640547473795,-0.02475630031181723,0.001022727391769316,0.003147482014388489,9
0.003255116423900244,0.005062431061612275,0.02,white,CORR_L6_f0.3,0.012829458024441937,0.055111562730815467,0.01260052124818456,-0.005914720217250263,-0.009017759107446536,F6b,0.08305833849168565,0.25378826902669144,0.16031162609585667,0.25378826902669144,0.12277683448008951,0.08530184254923388,-0.01963257413974599,0.006738899423684596,0.0049460431654676255,9
0.003255116423900244,0.005062431061612275,0.02,white,CORR_L6_f0.5,-0.007617916712872097,0.07491426174508116,0.04636909950506485,0.00662595406410211,-0.007476338605398822,F6b,0.07491426174508116,0.2333408942893774,0.19901051105944803,0.2333408942893774,0.1425795334943552,0.11907042080611417,-0.007091899858393616,0.00828031992573231,0.006294964028776978,9
0.003255116423900244,0.005062431061612275,0.02,white,CORR_L6_f0.7,-0.0020545830409049726,0.07921553930884069,0.012853701397925035,0.016070055103608906,-0.01835714425905337,F6b,0.07921553930884069,0.23890422796134453,0.21994553747919962,0.23890422796134453,0.14688081105811474,0.08555502269897436,0.002352201181113179,-0.0026004857279222386,0.007194244604316547,9
0.003255116423900244,0.005062431061612275,0.02,white,CORR_L10_f0.0,0.01167689708439365,0.020636664036764327,-0.0006796876711166744,-0.010663646654325646,-0.026935426478683577,F6b,0.07859783959818505,0.25263570808664315,0.09045677786527623,0.25263570808664315,0.08830193578603837,0.07202163362993265,-0.024381500576821372,-0.011178767947552444,0.0044964028776978415,9
0.003255116423900244,0.005062431061612275,0.02,white,CORR_L10_f0.15,0.018104254377807355,0.042556208726132305,0.0037024125372878552,-0.033559971416479976,-0.018072977337743764,F6b,0.06234458021049806,0.25906306538005686,0.09618860646755906,0.25906306538005686,0.11022148047540635,0.07640373383833718,-0.047277825338975704,-0.0023163188066126325,0.003147482014388489,9
0.003255116423900244,0.005062431061612275,0.02,white,CORR_L10_f0.3,0.012829458024441937,0.055111562730815467,0.01260052124818456,-0.005914720217250263,-0.009017759107446536,F6b,0.08305833849168565,0.25378826902669144,0.16031162609585667,0.25378826902669144,0.12277683448008951,0.08530184254923388,-0.01963257413974599,0.006738899423684596,0.0049460431654676255,9
0.003255116423900244,0.005062431061612275,0.02,white,CORR_L10_f0.5,-0.007617916712872097,0.07491426174508116,0.04636909950506485,0.00662595406410211,-0.007476338605398822,F6b,0.07491426174508116,0.2333408942893774,0.19901051105944803,0.2333408942893774,0.1425795334943552,0.11907042080611417,-0.007091899858393616,0.00828031992573231,0.006294964028776978,9
0.003255116423900244,0.005062431061612275,0.02,white,CORR_L10_f0.7,-0.0020545830409049726,0.07921553930884069,0.012853701397925035,0.016070055103608906,-0.01835714425905337,F6b,0.07921553930884069,0.23890422796134453,0.21994553747919962,0.23890422796134453,0.14688081105811474,0.08555502269897436,0.002352201181113179,-0.0026004857279222386,0.007194244604316547,9
0.003255116423900244,0.005062431061612275,0.02,white,CORR_L20_f0.0,0.0,0.0,0.0,0.0,0.0,F6b,0.0,0.2409588110022495,0.0,0.2409588110022495,0.06766527174927404,0.07270132130104932,-0.013717853922495726,0.015756658531131132,0.0,9
0.003255116423900244,0.005062431061612275,0.02,white,CORR_L20_f0.15,0.018104254377807355,0.042556208726132305,0.0037024125372878552,-0.033559971416479976,-0.018072977337743764,F6b,0.06234458021049806,0.25906306538005686,0.09618860646755906,0.25906306538005686,0.11022148047540635,0.07640373383833718,-0.047277825338975704,-0.0023163188066126325,0.003147482014388489,9
0.003255116423900244,0.005062431061612275,0.02,white,CORR_L20_f0.3,0.012829458024441937,0.055111562730815467,0.01260052124818456,-0.005914720217250263,-0.009017759107446536,F6b,0.08305833849168565,0.25378826902669144,0.16031162609585667,0.25378826902669144,0.12277683448008951,0.08530184254923388,-0.01963257413974599,0.006738899423684596,0.0049460431654676255,9
0.003255116423900244,0.005062431061612275,0.02,white,CORR_L20_f0.5,-0.007617916712872097,0.07491426174508116,0.04636909950506485,0.00662595406410211,-0.007476338605398822,F6b,0.07491426174508116,0.2333408942893774,0.19901051105944803,0.2333408942893774,0.1425795334943552,0.11907042080611417,-0.007091899858393616,0.00828031992573231,0.006294964028776978,9
0.003255116423900244,0.005062431061612275,0.02,white,CORR_L20_f0.7,-0.0020545830409049726,0.07921553930884069,0.012853701397925035,0.016070055103608906,-0.01835714425905337,F6b,0.07921553930884069,0.23890422796134453,0.21994553747919962,0.23890422796134453,0.14688081105811474,0.08555502269897436,0.002352201181113179,-0.0026004857279222386,0.007194244604316547,9
0.003255116423900244,0.005062431061612275,0.02,white,DITHER_s0.5,-0.014701553743121237,-0.0215933439228935,-0.025960667240037448,0.0009591205007169236,0.0015680484267046012,F6b,0.045141314709442215,0.22625725725912826,0.03002844205535861,0.22625725725912826,0.046071927826380546,0.046740654061011876,-0.012758733421778802,0.017324706957835733,0.017760791366906475,9
0.003255116423900244,0.005062431061612275,0.02,white,DITHER_s1.0,-0.003450683378592667,-0.004740538099092154,0.022812611305136093,0.01094963584780612,-0.007851551522774732,F6b,0.025091183993283403,0.23750812762365683,0.029705626184895736,0.23750812762365683,0.06292473365018189,0.09551393260618542,-0.002768218074689607,0.0079051070083564,0.023156474820143883,9
0.003255116423900244,0.005062431061612275,0.02,white,DITHER_s2.0,-0.026117568764277233,-0.0027553382856326664,-0.011418171478529068,0.00032235676460511294,0.01172581499272848,F6b,0.026117568764277233,0.21484124223797227,0.022060341960037366,0.21484124223797227,0.06490993346364138,0.061283149822520255,-0.013395497157890613,0.027482473523859612,0.024955035971223023,9
0.003255116423900244,0.005062431061612275,0.02,white,DITHER_blind,-0.03450963894338238,0.004328624304317769,-0.007582101705197908,-0.0035566547534459318,0.00027024935630452426,F6b,0.03450963894338238,0.20644917205886712,0.01277204983737322,0.20644917205886712,0.07199389605359181,0.06511921959585142,-0.017274508675941658,0.016026907887435656,0.01618705035971223,9
0.003255116423900244,0.005062431061612275,0.05,white,MEMLESS,-0.05251047140910811,0.029725246286323267,-0.023799037392523995,0.0159696318291267,0.017253985159366242,F6b,0.05251047140910811,0.1884483395931414,0.34966228914760716,0.1884483395931414,0.09739051803559731,0.04890228390852533,0.0022517779066309742,0.033010643690497374,0.02068345323741007,9
0.003255116423900244,0.005062431061612275,0.05,white,CORR_L2_f0.0,0.006553405708527665,0.051590815783742416,-0.006684300324476353,0.03514903395009941,0.0106087207571272,F6b,0.07034690670595625,0.24751221671077717,0.28984414818520554,0.24751221671077717,0.11925608753301646,0.06601702097657297,0.021431180027603688,0.02636537928825833,0.017985611510791366,9
0.003255116423900244,0.005062431061612275,0.05,white,CORR_L2_f0.15,0.0034482014566329378,0.03528466404682645,-0.006292775157664632,0.039207001431857666,0.030749263548589395,F6b,0.0782737729630328,0.24440701245888244,0.3041966409568175,0.24440701245888244,0.1029499357961005,0.06640854614338469,0.02548914750936194,0.04650592207972053,0.01955935251798561,9
0.003255116423900244,0.005062431061612275,0.05,white,CORR_L2_f0.3,-0.003464914147134096,0.033638103141089226,-0.012768294835659229,0.03753874230183816,0.03796362427031695,F6b,0.06540152806638913,0.2374938968551154,0.31114479239815473,0.2374938968551154,0.10130337489036327,0.059933026465390095,0.023820888379342434,0.05372028280144808,0.01866007194244604,9
0.003255116423900244,0.005062431061612275,0.05,white,CORR_L2_f0.5,-0.031750861352906695,0.01957830752314975,-0.027383574599577312,0.03328206343675437,0.03502849130848798,F6b,0.059665101382852075,0.2092079496493428,0.33130991884834304,0.2092079496493428,0.0872435792724238,0.04531774670147201,0.019564209514258645,0.05078514983961911,0.02045863309352518,9
0.003255116423900244,0.005062431061612275,0.05,white,CORR_L2_f0.7,-0.04095183263383176,0.01780896222258921,-0.025035613618806907,0.02119170769638337,0.03403142045975756,F6b,0.05568724452292175,0.20000697836841774,0.3390867414090107,0.20000697836841774,0.08547423397186325,0.04766570768224242,0.0074738537738876475,0.04978807899088869,0.019784172661870502,9
0.003255116423900244,0.005062431061612275,0.05,white,CORR_L4_f0.0,0.024137883533368626,0.021061625591174457,0.011803597989078887,0.05695958540620196,0.008028777929198597,F6b,0.05916866733961248,0.2650966945356181,0.25969274168713036,0.2650966945356181,0.0887268973404485,0.08450491929012821,0.04324173148370623,0.02378543646032973,0.01866007194244604,9
0.003255116423900244,0.005062431061612275,0.05,white,CORR_L4_f0.15,-0.0013009750305381373,0.005877977226062675,-0.0047156329505055605,0.03642604124427656,0.0073051987446512145,F6b,0.06690408921757077,0.23965783597171136,0.2924489248359021,0.23965783597171136,0.07354324897533672,0.06798568835054376,0.02270818732178083,0.023061857275782346,0.020908273381294962,9
0.003255116423900244,0.005062431061612275,0.05,white,CORR_L4_f0.3,-0.01376008189428174,0.038360689404104115,-0.01044082445147717,0.037720861212423594,0.010974851959585467,F6b,0.07414840909858852,0.22719872910796776,0.2968423304880246,0.22719872910796776,0.10602596115337816,0.062260496849572154,0.02400300728992787,0.0267315104907166,0.017985611510791366,9
0.003255116423900244,0.005062431061612275,0.05,white,CORR_L4_f0.5,-0.03456992303728318,0.029922182415897433,-0.025996686302877166,0.04343408481950092,0.031558757762524765,F6b,0.06089639568676755,0.20638888796496632,0.3296994560979941,0.20638888796496632,0.09758745416517148,0.04670463499817216,0.029716230897005196,0.0473154162936559,0.02045863309352518,9
0.003255116423900244,0.005062431061612275,0.05,white,CORR_L4_f0.7,-0.0459521422468091,0.03256741783406342,-0.01589464394184189,0.024968939835867725,0.036560630727926674,F6b,0.056611787632340246,0.1950066687554404,0.33726663198241674,0.1950066687554404,0.10023268958333746,0.056806677359207434,0.011251085913371997,0.052317289259057806,0.01955935251798561,9
0.003255116423900244,0.005062431061612275,0.05,white,CORR_L6_f0.0,0.006072974105047424,0.026813070819961732,0.02326173075750987,0.004328403759249555,-0.017662084511292763,F6b,0.07912409675597323,0.24703178510729693,0.229975475583164,0.24703178510729693,0.09447834256923578,0.09596305205855919,-0.00938945016324617,-0.00190542598016163,0.01821043165467626,9
0.003255116423900244,0.005062431061612275,0.05,white,CORR_L6_f0.15,-0.004475610943832753,0.011153534914951801,-0.0016080387769390886,0.027578780585472848,-0.002837727078749828,F6b,0.0656237675023879,0.23648320005841675,0.29197367760070736,0.23648320005841675,0.07881880666422585,0.07109328252411024,0.013860926662977124,0.012918931452381304,0.022032374100719423,9
0.003255116423900244,0.005062431061612275,0.05,white,CORR_L6_f0.3,-0.015890102906201492,0.04024595280358763,-0.01472604776860699,0.0342387348183893,0.023727926605641325,F6b,0.07869115954106727,0.225068708096048,0.30160861566535624,0.225068708096048,0.10791122455286167,0.057975273532442334,0.020520880895893573,0.03948458513677246,0.018884892086330936,9
0.003255116423900244,0.005062431061612275,0.05,white,CORR_L6_f0.5,-0.03456992303728318,0.029922182415897433,-0.025996686302877166,0.04343408481950092,0.031558757762524765,F6b,0.06089639568676755,0.20638888796496632,0.3296994560979941,0.20638888796496632,0.09758745416517148,0.04670463499817216,0.029716230897005196,0.0473154162936559,0.02045863309352518,9
0.003255116423900244,0.005062431061612275,0.05,white,CORR_L6_f0.7,-0.0459521422468091,0.03256741783406342,-0.01589464394184189,0.024968939835867725,0.036560630727926674,F6b,0.056611787632340246,0.1950066687554404,0.33726663198241674,0.1950066687554404,0.10023268958333746,0.056806677359207434,0.011251085913371997,0.052317289259057806,0.01955935251798561,9
0.003255116423900244,0.005062431061612275,0.05,white,CORR_L10_f0.0,0.030468510837392354,0.013197107167820896,0.0007035202306669847,-0.02823133117608463,-0.020737085561826855,F6b,0.07729460726664503,0.27142732183964186,0.18801702638371323,0.27142732183964186,0.08086237891709494,0.07340484153171631,-0.04194918509858036,-0.004980427030695722,0.01753597122302158,9
0.003255116423900244,0.005062431061612275,0.05,white,CORR_L10_f0.15,-0.002053663527300603,0.0032798347690788376,-0.003561348053844768,0.030239208826800222,-0.001214484576432284,F6b,0.06287133329490699,0.2389051474749489,0.2879334834199435,0.2389051474749489,0.07094510651835288,0.06913997324720456,0.016521354904304498,0.014542173954698848,0.022257194244604317,9
0.003255116423900244,0.005062431061612275,0.05,white,CORR_L10_f0.3,-0.015890102906201492,0.04024595280358763,-0.01472604776860699,0.0342387348183893,0.023727926605641325,F6b,0.07869115954106727,0.225068708096048,0.30160861566535624,0.225068708096048,0.10791122455286167,0.057975273532442334,0.020520880895893573,0.03948458513677246,0.018884892086330936,9
0.003255116423900244,0.005062431061612275,0.05,white,CORR_L10_f0.5,-0.03456992303728318,0.029922182415897433,-0.025996686302877166,0.04343408481950092,0.031558757762524765,F6b,0.06089639568676755,0.20638888796496632,0.3296994560979941,0.20638888796496632,0.09758745416517148,0.04670463499817216,0.029716230897005196,0.0473154162936559,0.02045863309352518,9
0.003255116423900244,0.005062431061612275,0.05,white,CORR_L10_f0.7,-0.0459521422468091,0.03256741783406342,-0.01589464394184189,0.024968939835867725,0.036560630727926674,F6b,0.056611787632340246,0.1950066687554404,0.33726663198241674,0.1950066687554404,0.10023268958333746,0.056806677359207434,0.011251085913371997,0.052317289259057806,0.01955935251798561,9
0.003255116423900244,0.005062431061612275,0.05,white,CORR_L20_f0.0,0.00971789936674225,0.022022691107915077,0.006431809266336852,-0.023672647790285287,-0.018672452169186834,F6b,0.05401538011819289,0.25067671036899175,0.11783702559394099,0.25067671036899175,0.08968796285718912,0.07913313056738618,-0.037390501712781014,-0.0029157936380557006,0.008992805755395683,9
0.003255116423900244,0.005062431061612275,0.05,white,CORR_L20_f0.15,-0.0016752052266088835,0.002115149209298145,-0.0026538876732768724,0.03056283351754803,0.0016198011583490463,F6b,0.06433144954215071,0.23928360577564062,0.2887846372417077,0.23928360577564062,0.06978042095857219,0.07004743362777245,0.016844979595052306,0.017376459689480178,0.022706834532374102,9
0.003255116423900244,0.005062431061612275,0.05,white,CORR_L20_f0.3,-0.015890102906201492,0.04024595280358763,-0.01472604776860699,0.0342387348183893,0.023727926605641325,F6b,0.07869115954106727,0.225068708096048,0.30160861566535624,0.225068708096048,0.10791122455286167,0.057975273532442334,0.020520880895893573,0.03948458513677246,0.018884892086330936,9
0.003255116423900244,0.005062431061612275,0.05,white,CORR_L20_f0.5,-0.03456992303728318,0.029922182415897433,-0.025996686302877166,0.04343408481950092,0.031558757762524765,F6b,0.06089639568676755,0.20638888796496632,0.3296994560979941,0.20638888796496632,0.09758745416517148,0.04670463499817216,0.029716230897005196,0.0473154162936559,0.02045863309352518,9
0.003255116423900244,0.005062431061612275,0.05,white,CORR_L20_f0.7,-0.0459521422468091,0.03256741783406342,-0.01589464394184189,0.024968939835867725,0.036560630727926674,F6b,0.056611787632340246,0.1950066687554404,0.33726663198241674,0.1950066687554404,0.10023268958333746,0.056806677359207434,0.011251085913371997,0.052317289259057806,0.01955935251798561,9
0.003255116423900244,0.005062431061612275,0.05,white,DITHER_s0.5,-0.02905046225329938,-0.01787123339880574,-0.021654193568406616,-0.02357949897842284,0.0009483586588084833,F6b,0.03131379793108621,0.21190834874895012,0.051652240842104145,0.21190834874895012,0.049794038350468306,0.05104712773264271,-0.03729735290091857,0.016705017189939615,0.048785971223021585,9
0.003255116423900244,0.005062431061612275,0.05,white,DITHER_s1.0,-0.05078602638699786,0.007873747304250667,-0.0026598594835098993,0.0050228998523846845,0.01970827652781739,F6b,0.05078602638699786,0.19017278461525164,0.04729146151134032,0.19017278461525164,0.07553901905352471,0.07004146181753942,-0.008694954070111042,0.03546493505894852,0.043839928057553955,9
0.003255116423900244,0.005062431061612275,0.05,white,DITHER_s2.0,-0.06277595814958573,0.013140126989563697,0.014412646915565513,0.009594911089255809,-0.018715273746738176,F6b,0.06277595814958573,0.17818285285266378,0.043381951480381216,0.17818285285266378,0.08080539873883774,0.08711396821661484,-0.004122942833239916,-0.002958615215607044,0.044739208633093525,9
0.003255116423900244,0.005062431061612275,0.05,white,DITHER_blind,-0.04028537867201698,-0.017259169480589233,-0.04274637744077217,-0.018293069545552876,2.708530232680556e-05,F6b,0.04274637744077217,0.20067343233023252,0.03714059538949471,0.20067343233023252,0.05040610226868481,0.029954943860277156,-0.032010923468048604,0.015783743833457937,0.04428956834532374,9
0.003255116423900244,0.005062431061612275,0.1,white,MEMLESS,-0.14240470379438694,-0.05857612370821805,-0.05736901384145296,0.004369852916827576,0.006949907541646885,F6b,0.14240470379438694,0.09855410720786256,0.49902494516178053,0.09855410720786256,0.009089148041055994,0.015332307459596363,-0.00934800100566815,0.022706566072778017,0.053282374100719426,9
0.003255116423900244,0.005062431061612275,0.1,white,CORR_L2_f0.0,-0.034997334096899285,-0.011147170314728921,-0.04080296202487555,0.029584765853545546,0.017719443962991986,F6b,0.06786314991781292,0.20596147690535022,0.4253470938427199,0.20596147690535022,0.05651810143454512,0.03189835927617377,0.01586691193104982,0.03347610249412312,0.049235611510791366,9
0.003255116423900244,0.005062431061612275,0.1,white,CORR_L2_f0.15,-0.03821383854816282,-0.03811876379373197,-0.040046469186243105,0.017651438858077392,0.019209982896872486,F6b,0.06447722960148333,0.20274497245408668,0.4514094811052188,0.20274497245408668,0.02954650795554208,0.03265485211480622,0.003933584935581666,0.03496664142800362,0.053282374100719426,9
0.003255116423900244,0.005062431061612275,0.1,white,CORR_L2_f0.3,-0.046111993922419714,-0.03897850209334362,-0.04804314370704196,0.020985706017283473,0.018265402754142526,F6b,0.06314222482701755,0.1948468170798298,0.46344515154227583,0.1948468170798298,0.02868676965593042,0.024658177594007364,0.007267852094787748,0.03402206128527366,0.051933453237410075,9
0.003255116423900244,0.005062431061612275,0.1,white,CORR_L2_f0.5,-0.06839216315482935,-0.043264935604900134,-0.04974744241627797,0.021689864118192556,0.02112135934369056,F6b,0.06839216315482935,0.17256664784742015,0.4825817593037718,0.17256664784742015,0.024400336144373907,0.022953878884771354,0.007972010195696832,0.03687801787482169,0.053057553956834536,9
0.003255116423900244,0.005062431061612275,0.1,white,CORR_L2_f0.7,-0.08180198862662044,-0.04567548969110084,-0.04975980101043678,0.02054523158403878,0.010099692157829469,F6b,0.08180198862662044,0.15915682237562906,0.49581432209302234,0.15915682237562906,0.021989782058173202,0.022941520290612544,0.0068273776615430555,0.0258563506889606,0.05463129496402878,9
0.003255116423900244,0.005062431061612275,0.1,white,CORR_L4_f0.0,-0.008600650933129894,-0.01420360083510041,-0.011101666674122483,0.03631290454633796,0.013199636838782655,F6b,0.07515840801979244,0.2323581600691196,0.3559022749409147,0.2323581600691196,0.053461670914173635,0.06159965462692684,0.022595050623842237,0.028956295369913787,0.04226618705035971,9
0.003255116423900244,0.005062431061612275,0.1,white,CORR_L4_f0.15,-0.018422326227759633,-0.0027625249141183666,-0.018325378814368465,0.025641789410996554,0.03964636470586327,F6b,0.048933356401147036,0.22253648477448987,0.3992397574081691,0.22253648477448987,0.06490274683515568,0.05437594248668086,0.011923935488500827,0.0554030232369944,0.046987410071942445,9
0.003255116423900244,0.005062431061612275,0.1,white,CORR_L4_f0.3,-0.04931187421007241,-0.00822343746409658,-0.043026515956781114,0.01936050291025907,0.017537370594639605,F6b,0.05869241512454584,0.1916469367921771,0.4371809584546775,0.1916469367921771,0.059441834285177464,0.029674805344268206,0.005642648987763345,0.03329402912577074,0.04946043165467626,9
0.003255116423900244,0.005062431061612275,0.1,white,CORR_L4_f0.5,-0.07162794551062998,-0.026488530097192674,-0.046746079146741955,0.016221236502419654,0.024162298763224316,F6b,0.07162794551062998,0.16933086549161952,0.4750194727435941,0.16933086549161952,0.04117674165208137,0.02595524215430737,0.0025033825799239285,0.03991895729435545,0.05283273381294964,9
0.003255116423900244,0.005062431061612275,0.1,white,CORR_L4_f0.7,-0.08524736639287875,-0.038306356780624454,-0.05340981102638588,0.02467830982991991,0.010312841538758697,F6b,0.08524736639287875,0.15571144460937075,0.4939237392089484,0.15571144460937075,0.02935891496864959,0.019291510274663446,0.010960455907424184,0.02606950006988983,0.05463129496402878,9
0.003255116423900244,0.005062431061612275,0.1,white,CORR_L6_f0.0,-0.0026786867768442413,0.019410381841324528,-0.00768454158962617,0.02112938463057034,0.002225963496874442,F6b,0.07516668648965055,0.23828012422540526,0.3312722227115498,0.23828012422540526,0.08707565359059857,0.06501677971142315,0.007411530708074615,0.017982622028005574,0.03911870503597122,9
0.003255116423900244,0.005062431061612275,0.1,white,CORR_L6_f0.15,-0.02359262613696636,0.001418609146504421,-0.015053767850550265,-0.00022277646706438115,0.014489677841475236,F6b,0.06017473910416122,0.21736618486528314,0.3904835529331939,0.21736618486528314,0.06908388089577847,0.05764755345049906,-0.013940630389560107,0.030246336372606368,0.047661870503597124,9
0.003255116423900244,0.005062431061612275,0.1,white,CORR_L6_f0.3,-0.04127256546222277,-0.002145028023014972,-0.0353822735765736,0.024534627757077817,0.020678968555094462,F6b,0.051125443962065815,0.19968624554002673,0.43115869738617835,0.19968624554002673,0.06552024372625907,0.037319047724475723,0.010816773834582091,0.036435627086225594,0.048785971223021585,9
0.003255116423900244,0.005062431061612275,0.1,white,CORR_L6_f0.5,-0.07295034659307248,-0.029869833823410435,-0.04683263055971588,0.018872641673134738,0.026037574180096258,F6b,0.07295034659307248,0.16800846440917702,0.47548089882372657,0.16800846440917702,0.03779543792586361,0.025868690741333446,0.005154787750639013,0.04179423271122739,0.053057553956834536,9
0.003255116423900244,0.005062431061612275,0.1,white,CORR_L6_f0.7,-0.08524736639287875,-0.038306356780624454,-0.05340981102638588,0.02467830982991991,0.010312841538758697,F6b,0.08524736639287875,0.15571144460937075,0.4939237392089484,0.15571144460937075,0.02935891496864959,0.019291510274663446,0.010960455907424184,0.02606950006988983,0.05463129496402878,9
0.003255116423900244,0.005062431061612275,0.1,white,CORR_L10_f0.0,0.005729738414541691,-0.009554942669912712,0.021469160701809126,-0.000368742249946985,-0.025584090742434208,F6b,0.03107149064217457,0.2466885494167912,0.3174994284835755,0.2466885494167912,0.05811032907936133,0.09417048200285845,-0.014086596172442711,-0.009827432211303075,0.042715827338129495,9
0.003255116423900244,0.005062431061612275,0.1,white,CORR_L10_f0.15,-0.0062222291973411115,-0.011823271587222559,-0.015808176916736354,0.004550963957266504,0.008931276983315861,F6b,0.06761626173401501,0.2347365818049084,0.38499688067457366,0.2347365818049084,0.055842000162051486,0.05689314438431297,-0.009166889965229222,0.024687935514446993,0.046537769784172664,9
0.003255116423900244,0.005062431061612275,0.1,white,CORR_L10_f0.3,-0.04135360089197615,-0.004631284731554719,-0.03557544264461765,0.022000152558565477,0.02048997543913044,F6b,0.04738634822000053,0.19960521011027335,0.4287284160449902,0.19960521011027335,0.06303398701771933,0.037125878656431674,0.008282298636069751,0.03624663397026157,0.048111510791366906,9
0.003255116423900244,0.005062431061612275,0.1,white,CORR_L10_f0.5,-0.07295034659307248,-0.029869833823410435,-0.04683263055971588,0.018872641673134738,0.026037574180096258,F6b,0.07295034659307248,0.16800846440917702,0.47548089882372657,0.16800846440917702,0.03779543792586361,0.025868690741333446,0.005154787750639013,0.04179423271122739,0.053057553956834536,9
0.003255116423900244,0.005062431061612275,0.1,white,CORR_L10_f0.7,-0.08524736639287875,-0.038306356780624454,-0.05340981102638588,0.02467830982991991,0.010312841538758697,F6b,0.08524736639287875,0.15571144460937075,0.4939237392089484,0.15571144460937075,0.02935891496864959,0.019291510274663446,0.010960455907424184,0.02606950006988983,0.05463129496402878,9
0.003255116423900244,0.005062431061612275,0.1,white,CORR_L20_f0.0,0.031776011315700375,0.006994124534015406,0.013078355834961392,-0.03331373267135181,-0.019605302479241988,F6b,0.033604701144542976,0.2727348223179499,0.23848459381730994,0.2727348223179499,0.07465939628328945,0.08577967713601072,-0.04703158659384754,-0.003848643948110855,0.03507194244604316,9
0.003255116423900244,0.005062431061612275,0.1,white,CORR_L20_f0.15,-0.0036156080859094664,-0.01244195493429498,-0.023297547270894482,0.004920745051071346,0.012720439670512774,F6b,0.06283644735008696,0.23734320291634003,0.38004798487682,0.23734320291634003,0.055223316814979065,0.04940377403015484,-0.00879710887142438,0.028477098201643906,0.045638489208633094,9
0.003255116423900244,0.005062431061612275,0.1,white,CORR_L20_f0.3,-0.04135360089197615,-0.004631284731554719,-0.03557544264461765,0.022000152558565477,0.02048997543913044,F6b,0.04738634822000053,0.19960521011027335,0.4287284160449902,0.19960521011027335,0.06303398701771933,0.037125878656431674,0.008282298636069751,0.03624663397026157,0.048111510791366906,9
0.003255116423900244,0.005062431061612275,0.1,white,CORR_L20_f0.5,-0.07295034659307248,-0.029869833823410435,-0.04683263055971588,0.018872641673134738,0.026037574180096258,F6b,0.07295034659307248,0.16800846440917702,0.47548089882372657,0.16800846440917702,0.03779543792586361,0.025868690741333446,0.005154787750639013,0.04179423271122739,0.053057553956834536,9
0.003255116423900244,0.005062431061612275,0.1,white,CORR_L20_f0.7,-0.08524736639287875,-0.038306356780624454,-0.05340981102638588,0.02467830982991991,0.010312841538758697,F6b,0.08524736639287875,0.15571144460937075,0.4939237392089484,0.15571144460937075,0.02935891496864959,0.019291510274663446,0.010960455907424184,0.02606950006988983,0.05463129496402878,9
0.003255116423900244,0.005062431061612275,0.1,white,DITHER_s0.5,-0.09935480803928659,0.00025400464902929076,0.0019401403898706981,0.030279373822086654,-0.023485110351138296,F6b,0.09935480803928659,0.1416040029629629,0.14735397518976126,0.1416040029629629,0.06791927639830334,0.07464146169092002,0.01656151989959093,-0.007728451820007165,0.09667266187050359,9
0.003255116423900244,0.005062431061612275,0.1,white,DITHER_s1.0,-0.10160187103963392,-0.02744974329480611,-0.01376170772572647,-0.019946872183989384,-0.048751365288724535,F6b,0.10160187103963392,0.13935693996261558,0.11389760933133437,0.13935693996261558,0.040215528454467936,0.058939613575322854,-0.03366472610648511,-0.0329947067575934,0.09982014388489209,9
0.003255116423900244,0.005062431061612275,0.1,white,DITHER_s2.0,-0.062040610341326435,-0.03235495055772142,-0.03086887947260853,0.009771332828837737,-0.012910738154460233,F6b,0.062040610341326435,0.17891820066092307,0.08483448840207129,0.17891820066092307,0.03531032119155263,0.04183244182844079,-0.003946521093657989,0.002845920376670899,0.09037769784172661,9
0.003255116423900244,0.005062431061612275,0.1,white,DITHER_blind,-0.11579046838068333,0.04051895968140212,-0.040480195295357194,0.008364947462834352,-0.010730366526593678,F6b,0.11579046838068333,0.12516834262156618,0.10578949488195478,0.12516834262156618,0.10818423143067617,0.03222112600569213,-0.005352906459661373,0.005026292004537454,0.0910521582733813,9
0.003255116423900244,0.005062431061612275,0.2,white,MEMLESS,-0.17067589099106895,-0.10427591274900996,-0.08413911818100403,0.007500450332963363,0.009527259495205994,F6b,0.17067589099106895,0.07028292001118056,0.6654185764184342,0.07028292001118056,-0.036610640999735926,-0.011437796879954703,-0.006217403589532363,0.025283918026337126,0.12027877697841727,9
0.003255116423900244,0.005062431061612275,0.2,white,CORR_L2_f0.0,-0.08216442023842088,-0.10715680222266738,-0.0785182098390129,0.00018711698757945504,0.017426864672852746,F6b,0.10715680222266738,0.15879439076382862,0.5864501562224234,0.15879439076382862,-0.03949153047339333,-0.0058168885379635766,-0.013530736934916271,0.03318352320398388,0.11398381294964029,9
0.003255116423900244,0.005062431061612275,0.2,white,CORR_L2_f0.15,-0.08276685272150833,-0.10576969007517642,-0.09042867790138052,0.010499655504368427,0.024157495929762844,F6b,0.10576969007517642,0.15819195828074117,0.6054647100466967,0.15819195828074117,-0.03810441832590237,-0.017727356600331205,-0.0032181984181272986,0.039914154460893976,0.11578237410071943,9
0.003255116423900244,0.005062431061612275,0.2,white,CORR_L2_f0.3,-0.08401271035790331,-0.10267319107984334,-0.08823079641531725,0.001480023854925563,0.007875476471815409,F6b,0.10267319107984334,0.1569461006443462,0.6193582079458264,0.1569461006443462,-0.03500791933056929,-0.015529475114267928,-0.012237830067570163,0.02363213500294654,0.11510791366906475,9
0.003255116423900244,0.005062431061612275,0.2,white,CORR_L2_f0.5,-0.10062552655916435,-0.11002726803246707,-0.0846094120822421,0.0013741413637936937,-0.0012590781390950257,F6b,0.11002726803246707,0.14033328444308515,0.6420520221502127,0.14033328444308515,-0.042361996283193024,-0.011908090781192768,-0.012343712558702032,0.014497580392036106,0.11848021582733813,9
0.003255116423900244,0.005062431061612275,0.2,white,CORR_L2_f0.7,-0.12517252751777205,-0.09594759779649992,-0.08419650483835474,0.008826293090853948,0.010108108645746738,F6b,0.12517252751777205,0.11578628348447745,0.6567469862568777,0.11578628348447745,-0.02828232604722587,-0.011495183537305415,-0.004891560831641777,0.02586476717687787,0.11982913669064749,9
0.003255116423900244,0.005062431061612275,0.2,white,CORR_L4_f0.0,-0.04980935935504924,-0.049000255097367634,-0.054897899516789445,0.0013772012654050536,0.009660884040341225,F6b,0.054897899516789445,0.19114945164720026,0.5178146727117835,0.19114945164720026,0.018665016651906414,0.01780342178425988,-0.012340652657090672,0.025417542571472357,0.11241007194244604,9
0.003255116423900244,0.005062431061612275,0.2,white,CORR_L4_f0.15,-0.05240731130641099,-0.06341879417691172,-0.0626081624717569,0.013427318411883963,0.03189689203426639,F6b,0.06341879417691172,0.1885514996958385,0.5556671635518418,0.1885514996958385,0.004246477572362322,0.010093158829292416,-0.0002905355106117621,0.04765355056539752,0.11263489208633093,9
0.003255116423900244,0.005062431061612275,0.2,white,CORR_L4_f0.3,-0.0719981064618484,-0.07661259533500551,-0.08390410156518427,0.008635839275445555,0.025547763306184836,F6b,0.08390410156518427,0.1689607045404011,0.598628908185731,0.1689607045404011,-0.008947323585731474,-0.01120278026413495,-0.005082014647050172,0.04130442183731597,0.1164568345323741,9
0.003255116423900244,0.005062431061612275,0.2,white,CORR_L4_f0.5,-0.08562389071849194,-0.09438979292684596,-0.08752628976627046,-0.0024245995710166068,0.01344862386503336,F6b,0.09438979292684596,0.15533492028375756,0.6290878107947903,0.15533492028375756,-0.02672452117757192,-0.014824968465221133,-0.016142453493512333,0.029205282396164493,0.11420863309352518,9
0.003255116423900244,0.005062431061612275,0.2,white,CORR_L4_f0.7,-0.11221092277103947,-0.09327791662738691,-0.0866200914672081,0.016237304409234425,0.011040623725910872,F6b,0.11221092277103947,0.12874788823121003,0.6534004000562976,0.12874788823121003,-0.02561264487811287,-0.013918770166158773,0.002519450486738698,0.026797282257042004,0.11870503597122302,9
0.003255116423900244,0.005062431061612275,0.2,white,CORR_L6_f0.0,-0.02798552215100389,-0.0274590259283009,-0.0399090703672736,-0.014486846211264013,-0.00029463985042484965,F6b,0.04466302968416313,0.2129732888512456,0.4571423931465845,0.2129732888512456,0.040206245820973145,0.032792250933775725,-0.02820470013375974,0.015462018680706282,0.10049460431654676,9
0.003255116423900244,0.005062431061612275,0.2,white,CORR_L6_f0.15,-0.036471593539631864,-0.05219699976054225,-0.06671861838314784,0.007623251681841013,0.02782416663340083,F6b,0.06671861838314784,0.20448721746261764,0.5439041721399112,0.20448721746261764,0.015468271988731793,0.005982702917901484,-0.006094602240654713,0.04358082516453196,0.11398381294964029,9
0.003255116423900244,0.005062431061612275,0.2,white,CORR_L6_f0.3,-0.060808723274904275,-0.06913983966166876,-0.08489322119346324,0.006553437599888933,0.01729424537200193,F6b,0.08489322119346324,0.18015008772734523,0.5925283534314386,0.18015008772734523,-0.001474567912394717,-0.012191899892413914,-0.007164416322606793,0.03305090390313306,0.11623201438848921,9
0.003255116423900244,0.005062431061612275,0.2,white,CORR_L6_f0.5,-0.0839901357568216,-0.09418291594538883,-0.08610987843992565,-0.0007733339263890898,0.011468468148546709,F6b,0.09418291594538883,0.1569686752454279,0.628783514699199,0.1569686752454279,-0.02651764419611478,-0.013408557138876325,-0.014491187848884816,0.02722512667967784,0.11420863309352518,9
0.003255116423900244,0.005062431061612275,0.2,white,CORR_L6_f0.7,-0.11221092277103947,-0.09327791662738691,-0.0866200914672081,0.016237304409234425,0.011040623725910872,F6b,0.11221092277103947,0.12874788823121003,0.6534004000562976,0.12874788823121003,-0.02561264487811287,-0.013918770166158773,0.002519450486738698,0.026797282257042004,0.11870503597122302,9
0.003255116423900244,0.005062431061612275,0.2,white,CORR_L10_f0.0,-0.008425281737634432,-0.016843713709596968,-0.011171062736328619,-0.021593955483057044,-0.01780938349276278,F6b,0.04834623335857271,0.23253352926461507,0.41419171597472626,0.23253352926461507,0.05082155803967708,0.061530258564720705,-0.03531180940555277,-0.002052724961631648,0.09015287769784172,9
0.003255116423900244,0.005062431061612275,0.2,white,CORR_L10_f0.15,-0.03751351617708518,-0.04900716208496336,-0.06754930910106739,0.00901532855211887,0.028813145775974505,F6b,0.06754930910106739,0.20344529482516432,0.539693931270516,0.20344529482516432,0.01865810966431068,0.0051520121999819295,-0.004702525370376857,0.04456980430710564,0.11443345323741007,9
0.003255116423900244,0.005062431061612275,0.2,white,CORR_L10_f0.3,-0.06074573535578867,-0.06898148259355892,-0.08120103155342731,0.013077997614547473,0.01826640794587038,F6b,0.08120103155342731,0.18021307564646083,0.5926747960917069,0.18021307564646083,-0.0013162108442848748,-0.00849971025237799,-0.0006398563079482535,0.03402306647700151,0.11668165467625899,9
0.003255116423900244,0.005062431061612275,0.2,white,CORR_L10_f0.5,-0.0839901357568216,-0.09418291594538883,-0.08610987843992565,-0.0007733339263890898,0.011468468148546709,F6b,0.09418291594538883,0.1569686752454279,0.628783514699199,0.1569686752454279,-0.02651764419611478,-0.013408557138876325,-0.014491187848884816,0.02722512667967784,0.11420863309352518,9
0.003255116423900244,0.005062431061612275,0.2,white,CORR_L10_f0.7,-0.11221092277103947,-0.09327791662738691,-0.0866200914672081,0.016237304409234425,0.011040623725910872,F6b,0.11221092277103947,0.12874788823121003,0.6534004000562976,0.12874788823121003,-0.02561264487811287,-0.013918770166158773,0.002519450486738698,0.026797282257042004,0.11870503597122302,9
0.003255116423900244,0.005062431061612275,0.2,white,CORR_L20_f0.0,0.0028306653165212914,-0.0044465908428783785,-0.003155877006773833,-0.00483169280078872,0.00014805769288723028,F6b,0.03265955235529917,0.2437894763187708,0.3891857360609733,0.2437894763187708,0.06321868090639567,0.06954544429427549,-0.018549546723284446,0.015904716224018362,0.08700539568345324,9
0.003255116423900244,0.005062431061612275,0.2,white,CORR_L20_f0.15,-0.044697456857884066,-0.0508418573474054,-0.07033602648656496,0.0034458424590501826,0.023595830389933174,F6b,0.07033602648656496,0.19626135414436544,0.5309168822018352,0.19626135414436544,0.01682341440186864,0.0023652948144843654,-0.010272011463445543,0.039352488921064306,0.10881294964028777,9
0.003255116423900244,0.005062431061612275,0.2,white,CORR_L20_f0.3,-0.06074573535578867,-0.06898148259355892,-0.08120103155342731,0.013077997614547473,0.01826640794587038,F6b,0.08120103155342731,0.18021307564646083,0.5926747960917069,0.18021307564646083,-0.0013162108442848748,-0.00849971025237799,-0.0006398563079482535,0.03402306647700151,0.11668165467625899,9
0.003255116423900244,0.005062431061612275,0.2,white,CORR_L20_f0.5,-0.0839901357568216,-0.09418291594538883,-0.08610987843992565,-0.0007733339263890898,0.011468468148546709,F6b,0.09418291594538883,0.1569686752454279,0.628783514699199,0.1569686752454279,-0.02651764419611478,-0.013408557138876325,-0.014491187848884816,0.02722512667967784,0.11420863309352518,9
0.003255116423900244,0.005062431061612275,0.2,white,CORR_L20_f0.7,-0.11221092277103947,-0.09327791662738691,-0.0866200914672081,0.016237304409234425,0.011040623725910872,F6b,0.11221092277103947,0.12874788823121003,0.6534004000562976,0.12874788823121003,-0.02561264487811287,-0.013918770166158773,0.002519450486738698,0.026797282257042004,0.11870503597122302,9
0.003255116423900244,0.005062431061612275,0.2,white,DITHER_s0.5,-0.10558499641606783,-0.04875376718587156,-0.02063120727947476,-0.022424650588972132,-0.02872031575199649,F6b,0.10558499641606783,0.13537381458618167,0.23129287230742407,0.13537381458618167,0.01891150456340249,0.05207011402157456,-0.03614250451146786,-0.012963657220865355,0.19199640287769784,9
0.003255116423900244,0.005062431061612275,0.2,white,DITHER_s1.0,-0.141820147792947,-0.03150022513020589,-0.10716552269286286,0.0322429121496462,-0.06872865572769235,F6b,0.141820147792947,0.09913866320930252,0.21675498500443363,0.09913866320930252,0.03616504661906816,-0.03446420139181354,0.018525058227150473,-0.052971997196561225,0.20233812949640287,9
0.003255116423900244,0.005062431061612275,0.2,white,DITHER_s2.0,-0.13347801446118518,-0.026867468195165084,-0.037755564195520314,0.030125933567799017,-0.028176662454824787,F6b,0.13347801446118518,0.10748079654106431,0.2030231292632783,0.10748079654106431,0.04079780355410896,0.03494575710552901,0.01640807964530329,-0.012420003923693655,0.1994154676258993,9
0.003255116423900244,0.005062431061612275,0.2,white,DITHER_blind,-0.16441124180747507,-0.04801778259016967,-0.10353537889144258,0.012580488909207578,-0.016612616073405136,F6b,0.16441124180747507,0.07654756919477443,0.17621281073576064,0.07654756919477443,0.019647489159104373,-0.030834057590393257,-0.001137365013288148,-0.0008559575422740056,0.21717625899280577,9
0.003255116423900244,0.005062431061612275,0.3,white,MEMLESS,-0.16091844551692172,-0.09417782663381688,-0.06456805445102996,0.02066491576855367,0.020751545940626857,F6b,0.16091844551692172,0.08004036548532778,0.787021726694554,0.08004036548532778,-0.02651255488454283,0.00813326685001936,0.006947061846057946,0.03650820447175799,0.20750899280575538,9
0.003255116423900244,0.005062431061612275,0.3,white,CORR_L2_f0.0,-0.09237925790900253,-0.11070915700207712,-0.09350295919872476,0.006095759579149753,0.009623227288942288,F6b,0.11070915700207712,0.14857955309324697,0.6873201886424526,0.14857955309324697,-0.04304388525280307,-0.020801637897675432,-0.007622094343345973,0.02537988582007342,0.17940647482014388,9
0.003255116423900244,0.005062431061612275,0.3,white,CORR_L2_f0.15,-0.09582301933628284,-0.1085503759626871,-0.08242503993979568,0.010770988731544156,0.017668624747116494,F6b,0.1085503759626871,0.14513579166596666,0.7018827081254133,0.14513579166596666,-0.040885104213413064,-0.009723718638746348,-0.002946865190951571,0.033425283278247626,0.18098021582733814,9
0.003255116423900244,0.005062431061612275,0.3,white,CORR_L2_f0.3,-0.10407377009878585,-0.11226637371500846,-0.0743726851141054,0.01859842639138419,0.014292693056176222,F6b,0.11226637371500846,0.13688504090346365,0.7270572334637326,0.13688504090346365,-0.04460110196573441,-0.001671363813056072,0.004880572468888465,0.030049351587307354,0.18817446043165467,9
0.003255116423900244,0.005062431061612275,0.3,white,CORR_L2_f0.5,-0.12014131460936397,-0.11838677270258882,-0.08016561122142687,0.02087921369526463,0.013477002959461925,F6b,0.12014131460936397,0.12081749639288553,0.7513670801850626,0.12081749639288553,-0.05072150095331478,-0.007464289920377545,0.007161359772768905,0.029233661490593057,0.19536870503597123,9
0.003255116423900244,0.005062431061612275,0.3,white,CORR_L2_f0.7,-0.1364808402028393,-0.11294165973744026,-0.07778316444704861,0.007546376288190691,0.013390157377581785,F6b,0.1364808402028393,0.10447797079941021,0.7656016965862982,0.10447797079941021,-0.04527638798816622,-0.005081843145999286,-0.006171477634305035,0.029146815908712917,0.19469424460431656,9
0.003255116423900244,0.005062431061612275,0.3,white,CORR_L4_f0.0,-0.0620069072967952,-0.0826070663429416,-0.08133021264308621,-0.0015806067299699977,0.0005951766774068036,F6b,0.0826070663429416,0.1789519037054543,0.606140279058924,0.1789519037054543,-0.014941794593667554,-0.008628891342036883,-0.015298460652465724,0.016351835208537936,0.17108812949640287,9
0.003255116423900244,0.005062431061612275,0.3,white,CORR_L4_f0.15,-0.06542474917459026,-0.09292651047858347,-0.08562066092212106,-0.02155009667404751,0.010575355898644011,F6b,0.09292651047858347,0.17553406182765924,0.6603179165710744,0.17553406182765924,-0.02526123872930943,-0.012919339621071734,-0.03526795059654324,0.026332014429775143,0.18030575539568344,9
0.003255116423900244,0.005062431061612275,0.3,white,CORR_L4_f0.3,-0.07275821255757278,-0.09683849008808362,-0.08307678310494905,-0.0004680203470314604,0.0054060276394132835,F6b,0.09683849008808362,0.16820059844467672,0.6947300547472186,0.16820059844467672,-0.02917321833880957,-0.010375461803899727,-0.014185874269527186,0.021162686170544415,0.18120503597122303,9
0.003255116423900244,0.005062431061612275,0.3,white,CORR_L4_f0.5,-0.1090621444449047,-0.0969794352359532,-0.05818971697591141,0.02865238964008022,0.009373266777989941,F6b,0.1090621444449047,0.1318966665573448,0.7426627898013365,0.1318966665573448,-0.029314163486679163,0.01451160432513791,0.014934535717584492,0.025129925309121073,0.19401978417266186,9
0.003255116423900244,0.005062431061612275,0.3,white,CORR_L4_f0.7,-0.13200335773735888,-0.10785796455595648,-0.07582528558142877,0.006902371116502008,0.0142045018066684,F6b,0.13200335773735888,0.1089554532648906,0.7643232878941743,0.1089554532648906,-0.040192692806682424,-0.0031239642803794513,-0.006815482805993718,0.029961160337799532,0.19334532374100719,9
0.003255116423900244,0.005062431061612275,0.3,white,CORR_L6_f0.0,-0.04223202565341272,-0.05787631480579061,-0.06959673324021709,-0.03026635433485589,0.0024949977368352964,F6b,0.06959673324021709,0.19872678534883678,0.5695869442396266,0.19872678534883678,0.009788956943483432,0.0031045880608322387,-0.043984208257351616,0.01825165626796643,0.16928956834532374,9
0.003255116423900244,0.005062431061612275,0.3,white,CORR_L6_f0.15,-0.055920155622236706,-0.08335755955423704,-0.07858627809815204,-0.003317677995824766,0.02763979820787052,F6b,0.08335755955423704,0.1850386553800128,0.6477676016448278,0.1850386553800128,-0.015692287804963005,-0.005884956797102713,-0.017035531918320492,0.04339645673900165,0.18142985611510792,9
0.003255116423900244,0.005062431061612275,0.3,white,CORR_L6_f0.3,-0.06531402508219122,-0.08726225815529887,-0.07962768739787933,0.007717206694549083,0.011333291736086607,F6b,0.08726225815529887,0.17564478592005828,0.6893853008766362,0.17564478592005828,-0.019596986406024818,-0.006926366096830008,-0.006000647227946643,0.02708995026721774,0.179181654676259,9
0.003255116423900244,0.005062431061612275,0.3,white,CORR_L6_f0.5,-0.10306103089774107,-0.09115590333102293,-0.06120102781590881,0.03344131887040793,0.016744207453055528,F6b,0.10306103089774107,0.13789778010450843,0.7443127771606302,0.13789778010450843,-0.023490631581748883,0.011500293485140515,0.019723464947912203,0.03250086598418666,0.1960431654676259,9
0.003255116423900244,0.005062431061612275,0.3,white,CORR_L6_f0.7,-0.13200335773735888,-0.10785796455595648,-0.07582528558142877,0.006902371116502008,0.0142045018066684,F6b,0.13200335773735888,0.1089554532648906,0.7643232878941743,0.1089554532648906,-0.040192692806682424,-0.0031239642803794513,-0.006815482805993718,0.029961160337799532,0.19334532374100719,9
0.003255116423900244,0.005062431061612275,0.3,white,CORR_L10_f0.0,-0.02904955350360769,-0.03135535019148336,-0.022618212856390353,-0.019186689094165967,-0.003288969975798986,F6b,0.05251142217419057,0.2119092574986418,0.5463739792751224,0.2119092574986418,0.036309921557790684,0.05008310844465897,-0.032904543016661694,0.012467688555332146,0.1758093525179856,9
0.003255116423900244,0.005062431061612275,0.3,white,CORR_L10_f0.15,-0.05137347916791443,-0.0739652997182777,-0.0705337234455733,0.005784694268814504,0.02908472951300932,F6b,0.0739652997182777,0.18958533183433507,0.6477684379228914,0.18958533183433507,-0.006300027969003657,0.0021675978554760306,-0.007933159653681222,0.04484138804414045,0.1875,9
0.003255116423900244,0.005062431061612275,0.3,white,CORR_L10_f0.3,-0.06456766028596353,-0.08325463057154119,-0.07816831063546228,0.007803356245018099,0.015843479828096883,F6b,0.08325463057154119,0.17639115071628597,0.688785590588653,0.17639115071628597,-0.01558935882226714,-0.0054669893344129585,-0.005914497677477627,0.031600138359228015,0.179181654676259,9
0.003255116423900244,0.005062431061612275,0.3,white,CORR_L10_f0.5,-0.10406727414960626,-0.09075785240359596,-0.06073523426294041,0.03326735353722319,0.016462513819284895,F6b,0.10406727414960626,0.13689153685264324,0.7444143508152864,0.13689153685264324,-0.023092580654321914,0.011966087038108912,0.01954949961472746,0.03221917235041603,0.1962679856115108,9
0.003255116423900244,0.005062431061612275,0.3,white,CORR_L10_f0.7,-0.13200335773735888,-0.10785796455595648,-0.07582528558142877,0.006902371116502008,0.0142045018066684,F6b,0.13200335773735888,0.1089554532648906,0.7643232878941743,0.1089554532648906,-0.040192692806682424,-0.0031239642803794513,-0.006815482805993718,0.029961160337799532,0.19334532374100719,9
0.003255116423900244,0.005062431061612275,0.3,white,CORR_L20_f0.0,-0.006390251183416351,-0.014432260679114468,-0.01965433756372508,-0.015656266321784476,-0.005727082780807092,F6b,0.06376840128779909,0.23456855981883315,0.4695401268988653,0.23456855981883315,0.053233011070159576,0.05304698373732424,-0.029374120244280204,0.01002957575032404,0.14613309352517986,9
0.003255116423900244,0.005062431061612275,0.3,white,CORR_L20_f0.15,-0.04727175988957161,-0.0703038325611512,-0.07570315502557416,0.012714753589019296,0.03387283591163018,F6b,0.07570315502557416,0.1936870511126779,0.6275531733318503,0.1936870511126779,-0.002638560811877162,-0.003001833724524833,-0.0010031003334764299,0.04962949444276131,0.17378597122302158,9
0.003255116423900244,0.005062431061612275,0.3,white,CORR_L20_f0.3,-0.06456766028596353,-0.08325463057154119,-0.07816831063546228,0.007803356245018099,0.015843479828096883,F6b,0.08325463057154119,0.17639115071628597,0.688785590588653,0.17639115071628597,-0.01558935882226714,-0.0054669893344129585,-0.005914497677477627,0.031600138359228015,0.179181654676259,9
0.003255116423900244,0.005062431061612275,0.3,white,CORR_L20_f0.5,-0.10406727414960626,-0.09075785240359596,-0.06073523426294041,0.03326735353722319,0.016462513819284895,F6b,0.10406727414960626,0.13689153685264324,0.7444143508152864,0.13689153685264324,-0.023092580654321914,0.011966087038108912,0.01954949961472746,0.03221917235041603,0.1962679856115108,9
0.003255116423900244,0.005062431061612275,0.3,white,CORR_L20_f0.7,-0.13200335773735888,-0.10785796455595648,-0.07582528558142877,0.006902371116502008,0.0142045018066684,F6b,0.13200335773735888,0.1089554532648906,0.7643232878941743,0.1089554532648906,-0.040192692806682424,-0.0031239642803794513,-0.006815482805993718,0.029961160337799532,0.19334532374100719,9
0.003255116423900244,0.005062431061612275,0.3,white,DITHER_s0.5,-0.10884755806227314,-0.048259801496269156,-0.08670041953815916,0.04172471589563981,-0.03619045371422604,F6b,0.10884755806227314,0.13211125293997636,0.3480635977539182,0.13211125293997636,0.01940547025300489,-0.013999098237109826,0.028006861973144084,-0.02043379518309491,0.27810251798561153,9
0.003255116423900244,0.005062431061612275,0.3,white,DITHER_s1.0,-0.20087644385461545,-0.08522729427819095,-0.057867838609164605,-0.02665080646361996,-0.03591527577755219,F6b,0.20087644385461545,0.04036866038611569,0.3025187978977485,0.04008236714763405,-0.017562022528916903,0.014833482691884716,-0.04036866038611569,-0.02015861724642106,0.29114208633093525,9
0.003255116423900244,0.005062431061612275,0.3,white,DITHER_s2.0,-0.22834711699830154,-0.02701914708703,-0.06107842563420342,0.021579408081944997,-0.029737465670116696,F6b,0.22834711699830154,0.0419500016148851,0.3415061904412415,0.012611694003947958,0.04064612466224404,0.011622895666845908,0.007861554159449271,-0.013980807138985564,0.2956384892086331,9
0.003255116423900244,0.005062431061612275,0.3,white,DITHER_blind,-0.21861581214516795,-0.06981750824560966,-0.0970196864872795,0.02910093844666579,-0.014631437019607108,F6b,0.21861581214516795,0.034606105834569016,0.3167438070465105,0.022342998857081547,-0.002152236496335607,-0.02431836518623018,0.015383084524170065,0.0011252215115240237,0.3136241007194245,9
0.003255116423900244,0.005062431061612275,0.5,white,MEMLESS,-0.1018161466306976,-0.05760677488005486,-0.017833238060993753,0.014682390833017365,-0.0005660352629593118,F6b,0.1018161466306976,0.1391426643715519,0.9299877556673043,0.1391426643715519,0.010058496869219183,0.05486808324005557,0.0009645369105216388,0.01519062326817182,0.4170413669064748,9
0.003255116423900244,0.005062431061612275,0.5,white,CORR_L2_f0.0,-0.08154057430671666,-0.08232640221535323,-0.058846202174723125,0.02951788239486211,0.02020625285056251,F6b,0.08232640221535323,0.15941823669553284,0.8440562223778878,0.15941823669553284,-0.014661130466079189,0.013855119126326199,0.015800028472366383,0.03596291138169364,0.3547661870503597,9
0.003255116423900244,0.005062431061612275,0.5,white,CORR_L2_f0.15,-0.07777702776668399,-0.07575532606879135,-0.04243731995869034,0.024966765636254405,0.013388845649752509,F6b,0.07777702776668399,0.1631817832355655,0.8604110300947153,0.1631817832355655,-0.008090054319517296,0.03026400134235899,0.01124891171375868,0.02914550418088364,0.36106115107913667,9
0.003255116423900244,0.005062431061612275,0.5,white,CORR_L2_f0.3,-0.07772134854127971,-0.07478131678333559,-0.03811295172550835,0.020574555306083195,0.007561671423011125,F6b,0.07772134854127971,0.1632374624609698,0.8784719421937071,0.1632374624609698,-0.007116045034061545,0.03458836957554098,0.006856701383587467,0.023318329954142257,0.3675809352517986,9
0.003255116423900244,0.005062431061612275,0.5,white,CORR_L2_f0.5,-0.06799981012404957,-0.05283076149351738,-0.03283430319042531,0.016784859168115694,0.0015917147010983193,F6b,0.06799981012404957,0.17295900087819993,0.8999564586582017,0.17295900087819993,0.014834510255756668,0.039867018110624014,0.0030670052456199665,0.01734837323222945,0.3817446043165468,9
0.003255116423900244,0.005062431061612275,0.5,white,CORR_L2_f0.7,-0.07669436818671826,-0.0509204991544671,-0.02189531384800133,0.005383529450816762,0.002282442850092152,F6b,0.07669436818671826,0.16426444281553124,0.9186589843054008,0.16426444281553124,0.016744772594806945,0.050806007453047995,-0.008334324471678964,0.018039101381223284,0.4004046762589928,9
0.003255116423900244,0.005062431061612275,0.5,white,CORR_L4_f0.0,-0.06818680357088647,-0.07477589103272683,-0.056201312345521434,-0.002375330216313162,-0.001981672696171397,F6b,0.07477589103272683,0.17277200743136303,0.7505633909359496,0.17277200743136303,-0.007110619283452785,0.016500008955527893,-0.016093184138808888,0.013774985834959735,0.3102517985611511,9
0.003255116423900244,0.005062431061612275,0.5,white,CORR_L4_f0.15,-0.07060583339839888,-0.0681416941090961,-0.05585497766244689,-0.00284490426292411,0.010750444716910414,F6b,0.07060583339839888,0.17035297760385062,0.8104098070128145,0.17035297760385062,-0.000476422359822056,0.016846343638602435,-0.016562758185419836,0.026507103248041546,0.33655575539568344,9
0.003255116423900244,0.005062431061612275,0.5,white,CORR_L4_f0.3,-0.0733358582969875,-0.06401344792918653,-0.0448183584214669,0.012314014614971659,0.015102574877804496,F6b,0.0733358582969875,0.167622952705262,0.8493871189534493,0.167622952705262,0.003651823820087517,0.027882962879582425,-0.0014038393075240679,0.030859233408935628,0.33992805755395683,9
0.003255116423900244,0.005062431061612275,0.5,white,CORR_L4_f0.5,-0.07828244550477592,-0.0571384725201962,-0.02486122841085503,0.009249694972575766,0.0062635508831591045,F6b,0.07828244550477592,0.16267636549747358,0.8912006401760045,0.16267636549747358,0.010526799229077847,0.047840092890194294,-0.004468158949919961,0.022020209414290236,0.37342625899280574,9
0.003255116423900244,0.005062431061612275,0.5,white,CORR_L4_f0.7,-0.07977603331401747,-0.05319721775323648,-0.020964836584742012,0.005098702747166369,0.00012610256325532726,F6b,0.07977603331401747,0.16118277768823203,0.916425387238143,0.16118277768823203,0.014468053996037563,0.05173648471630731,-0.008619151175329357,0.01588276109438646,0.3972571942446043,9
0.003255116423900244,0.005062431061612275,0.5,white,CORR_L6_f0.0,-0.05981884754410183,-0.07377774853264443,-0.06332685174005898,-0.021024922802867697,0.0060553633240074435,F6b,0.07377774853264443,0.18113996345814767,0.7206308625185271,0.18113996345814767,-0.006112476783370388,0.009374469560990351,-0.034742776725363425,0.021812021855138575,0.30710431654676257,9
0.003255116423900244,0.005062431061612275,0.5,white,CORR_L6_f0.15,-0.06544361934807802,-0.06581330858913932,-0.05766908224916835,0.008624389344249105,0.017648547802764293,F6b,0.06581330858913932,0.17551519165417148,0.7870969630159046,0.17551519165417148,0.0018519631601347233,0.015032239051880976,-0.005093464578246621,0.033405206333895425,0.3205935251798561,9
0.003255116423900244,0.005062431061612275,0.5,white,CORR_L6_f0.3,-0.06627478520474667,-0.059791780017299394,-0.04043708011607741,0.00605656116342541,0.025430862331859615,F6b,0.06627478520474667,0.17468402579750283,0.8433876467740293,0.17468402579750283,0.00787349173197465,0.03226424118497191,-0.007661292759070316,0.04118752086299075,0.33655575539568344,9
0.003255116423900244,0.005062431061612275,0.5,white,CORR_L6_f0.5,-0.07802610684704447,-0.05570997132447154,-0.020162395244450376,0.01689333227320456,0.009943298961320707,F6b,0.07802610684704447,0.16293270415520503,0.8899494696561755,0.16293270415520503,0.01195530042480251,0.05253892605659895,0.003175478350708833,0.02569995749245184,0.37140287769784175,9
0.003255116423900244,0.005062431061612275,0.5,white,CORR_L6_f0.7,-0.07977603331401747,-0.05319721775323648,-0.020964836584742012,0.005098702747166369,0.00012610256325532726,F6b,0.07977603331401747,0.16118277768823203,0.916425387238143,0.16118277768823203,0.014468053996037563,0.05173648471630731,-0.008619151175329357,0.01588276109438646,0.3972571942446043,9
0.003255116423900244,0.005062431061612275,0.5,white,CORR_L10_f0.0,-0.04894120829880519,-0.053217498710186384,-0.0559236896436294,-0.0297053620223661,-0.015572914590091497,F6b,0.0559236896436294,0.1920176027034443,0.6871435245273503,0.1920176027034443,0.014447773039087664,0.01677763165741993,-0.04342321594486183,0.00018374394103963442,0.31339928057553956,9
0.003255116423900244,0.005062431061612275,0.5,white,CORR_L10_f0.15,-0.05401823908508541,-0.05842519446501135,-0.051141056206204794,0.001164831627699042,0.010591714415673501,F6b,0.05842519446501135,0.1869405719171641,0.7764156400050504,0.1869405719171641,0.009240077284262698,0.02156026509484453,-0.012553022294796684,0.026348372946804633,0.31160071942446044,9
0.003255116423900244,0.005062431061612275,0.5,white,CORR_L10_f0.3,-0.06531485568418913,-0.05882405510317902,-0.0395410598292974,0.003241198935642689,0.022142357894973465,F6b,0.06531485568418913,0.17564395531806037,0.8401388326260725,0.17564395531806037,0.008841216646095022,0.033160261471751926,-0.010476654986853037,0.0378990164261046,0.3322841726618705,9
0.003255116423900244,0.005062431061612275,0.5,white,CORR_L10_f0.5,-0.07802610684704447,-0.05570997132447154,-0.020162395244450376,0.01689333227320456,0.009943298961320707,F6b,0.07802610684704447,0.16293270415520503,0.8899494696561755,0.16293270415520503,0.01195530042480251,0.05253892605659895,0.003175478350708833,0.02569995749245184,0.37140287769784175,9
0.003255116423900244,0.005062431061612275,0.5,white,CORR_L10_f0.7,-0.07977603331401747,-0.05319721775323648,-0.020964836584742012,0.005098702747166369,0.00012610256325532726,F6b,0.07977603331401747,0.16118277768823203,0.916425387238143,0.16118277768823203,0.014468053996037563,0.05173648471630731,-0.008619151175329357,0.01588276109438646,0.3972571942446043,9
0.003255116423900244,0.005062431061612275,0.5,white,CORR_L20_f0.0,-0.024394649095876797,-0.01995483737889553,-0.03333015335575348,-0.014109293883129754,-0.0051699345926075856,F6b,0.03333015335575348,0.2165641619063727,0.6217249268883056,0.2165641619063727,0.047710434370378516,0.03937116794529585,-0.02782714780562548,0.010586723938523546,0.2839478417266187,9
0.003255116423900244,0.005062431061612275,0.5,white,CORR_L20_f0.15,-0.053916754221193575,-0.05841995369520406,-0.04999714702707426,0.006684804938208614,0.017689402051570782,F6b,0.05841995369520406,0.18704205678105593,0.7762962944974547,0.18704205678105593,0.009245318054069989,0.022704174273975065,-0.007033048984287112,0.033446060582701914,0.3120503597122302,9
0.003255116423900244,0.005062431061612275,0.5,white,CORR_L20_f0.3,-0.06478615402023058,-0.06025353015695996,-0.03920379112975754,0.001406826552153139,0.02155593315827225,F6b,0.06478615402023058,0.17617265698201892,0.8398515100331226,0.17617265698201892,0.007411741592314089,0.033497530171291784,-0.012311027370342587,0.03731259168940338,0.3318345323741007,9
0.003255116423900244,0.005062431061612275,0.5,white,CORR_L20_f0.5,-0.07802610684704447,-0.05570997132447154,-0.020162395244450376,0.01689333227320456,0.009943298961320707,F6b,0.07802610684704447,0.16293270415520503,0.8899494696561755,0.16293270415520503,0.01195530042480251,0.05253892605659895,0.003175478350708833,0.02569995749245184,0.37140287769784175,9
0.003255116423900244,0.005062431061612275,0.5,white,CORR_L20_f0.7,-0.07977603331401747,-0.05319721775323648,-0.020964836584742012,0.005098702747166369,0.00012610256325532726,F6b,0.07977603331401747,0.16118277768823203,0.916425387238143,0.16118277768823203,0.014468053996037563,0.05173648471630731,-0.008619151175329357,0.01588276109438646,0.3972571942446043,9
0.003255116423900244,0.005062431061612275,0.5,white,DITHER_s0.5,-0.274909711834424,-0.09604808289411962,-0.0913323319173828,0.019252747069066628,-0.003963677293099592,F6b,0.274909711834424,0.05415849887568704,0.5625285387123871,-0.03395090083217446,-0.028382811144845574,-0.018631010616333467,0.0055348931465709,0.01179298123803154,0.4880845323741007,9
0.003255116423900244,0.005062431061612275,0.5,white,DITHER_s1.0,-0.2656505947701714,-0.043634609121748935,-0.09044818812068474,-0.002467052234705702,0.0038395103176374935,F6b,0.2656505947701714,0.0409363629312254,0.51119103277762,-0.02469178376792188,0.024030662627525106,-0.01774686681963542,-0.016184906157201428,0.019596168848768625,0.512589928057554,9
0.003255116423900244,0.005062431061612275,0.5,white,DITHER_s2.0,-0.27383909473170986,-0.08471241777717042,-0.10621112867923282,-0.014171944100665064,-0.01489607642052802,F6b,0.27383909473170986,0.04259646001076699,0.5392446641248488,-0.032880283729460356,-0.017047146027896375,-0.033509807378183494,-0.02788979802316079,0.0008605821106031124,0.49640287769784175,9
0.003255116423900244,0.005062431061612275,0.5,white,DITHER_blind,-0.2900150838871488,-0.05186341236798808,-0.1137060603671523,0.036323621804684514,0.0030084874422991736,F6b,0.2900150838871488,0.049461946423127054,0.49237629586366277,-0.04905627288489929,0.015801859381285966,-0.04100473906610298,0.022605767882188786,0.018765145973430306,0.5085431654676259,9
0.0006810344185204161,0.0070869475837173155,0.0,white,NOATTACK,0.0,0.0,0.0,0.0,0.0,F6b,0.0,0.09246682040768162,0.0,-0.09246682040768162,-0.012959879825491427,-0.01645699738213775,0.05124764418279894,0.0034771394732359415,0.0,10
0.0006810344185204161,0.0070869475837173155,0.02,white,MEMLESS,0.04161219979643256,-0.02142822506009228,0.0414963925357796,-0.024314648510437426,0.0008494077057604275,F6b,0.0536703544707284,0.050854620611249055,0.37791007736047366,-0.050854620611249055,-0.034388104885583706,0.02503939515364185,0.02693299567236151,0.004326547178996369,0.019340974212034383,10
0.0006810344185204161,0.0070869475837173155,0.02,white,CORR_L2_f0.0,-0.005848969514000435,0.01717487285791526,0.016963650551013912,-0.00910864920534308,-0.03867902979969014,F6b,0.05117480019151046,0.09831578992168205,0.3175251335456726,-0.09831578992168205,0.004214993032423834,0.0005066531688761625,0.04213899497745586,-0.0352018903264542,0.012655205348615091,10
0.0006810344185204161,0.0070869475837173155,0.02,white,CORR_L2_f0.15,-0.0033906067701132137,0.018426693265297715,0.019969447225465974,-0.014727007171145036,-0.033204132117559855,F6b,0.050927826460947054,0.09585742717779483,0.32012730184408444,-0.09585742717779483,0.005466813439806289,0.0035124498433282236,0.0365206370116539,-0.02972699264432391,0.012177650429799427,10
0.0006810344185204161,0.0070869475837173155,0.02,white,CORR_L2_f0.3,-0.00424669726347221,0.014275341752728713,0.020584197394210864,-0.01367556669142838,-0.028436734188151673,F6b,0.04368170787735838,0.09671351767115383,0.3250230389859873,-0.09671351767115383,0.0013154619272372865,0.004127200012073115,0.03757207749137056,-0.024959594714915732,0.012416427889207259,10
0.0006810344185204161,0.0070869475837173155,0.02,white,CORR_L2_f0.5,-0.010838269421342361,0.0027846902390197374,0.022299749256269236,-0.016667296236814788,-0.026579803493896374,F6b,0.03581210533359043,0.10330508982902398,0.33658094056946714,-0.10330508982902398,-0.01017518958647169,0.005842751874131487,0.03458034794598415,-0.023102664020660434,0.013371537726838587,10
0.0006810344185204161,0.0070869475837173155,0.02,white,CORR_L2_f0.7,0.026134385555357756,-0.006448302176502526,0.018737892746950726,-0.011296551004058734,-0.02198149714047349,F6b,0.02821866891312318,0.06633243485232386,0.3619885982748188,-0.06633243485232386,-0.019408182001993953,0.002280895364812977,0.0399510931787402,-0.01850435766723755,0.016714422158548233,10
0.0006810344185204161,0.0070869475837173155,0.02,white,CORR_L4_f0.0,-0.0029971130594956125,0.012761502912515222,0.013367993621654502,0.02151964534700561,-0.02968254293958566,F6b,0.043095309785013726,0.09546393346717723,0.29498847788257937,-0.09546393346717723,-0.0001983769129762053,-0.003089003760483248,0.07276728952980455,-0.026205403466349718,0.011461318051575931,10
0.0006810344185204161,0.0070869475837173155,0.02,white,CORR_L4_f0.15,0.007636023585723822,-0.0009559100676557117,0.006683144742903843,0.008982627821537296,-0.024591039086055335,F6b,0.032126501908102414,0.0848307968219578,0.3174625217076546,-0.0848307968219578,-0.01391578989314714,-0.009773852639233907,0.060230272004336234,-0.021113899612819394,0.012893982808022923,10
0.0006810344185204161,0.0070869475837173155,0.02,white,CORR_L4_f0.3,0.004859366908179882,0.006066486280798101,0.007576457616868369,0.005444789737907463,-0.027950699888414532,F6b,0.038529636704459025,0.08760745349950173,0.31841600401170983,-0.08760745349950173,-0.006893393544693326,-0.00888053976526938,0.0566924339207064,-0.02447356041517859,0.011938872970391595,10
0.0006810344185204161,0.0070869475837173155,0.02,white,CORR_L4_f0.5,0.011656038127737203,-0.004411540150744917,0.020079631406693194,0.00944893430920371,-0.02732943622518239,F6b,0.033964114474358036,0.08081078227994441,0.33078914544891913,-0.08081078227994441,-0.017371419976236344,0.0036226340245554423,0.06069657849200265,-0.023852296751946448,0.012655205348615091,10
0.0006810344185204161,0.0070869475837173155,0.02,white,CORR_L4_f0.7,0.027872230750694865,-0.018302433047405864,0.020887084342105195,-0.011811455633550412,-0.022595683713462753,F6b,0.03398177481541798,0.06459458965698675,0.36296309465666954,-0.06459458965698675,-0.03126231287289729,0.004430086959967445,0.039436188549248526,-0.019118544240226812,0.016953199617956063,10
0.0006810344185204161,0.0070869475837173155,0.02,white,CORR_L6_f0.0,-0.005100022177113514,0.004196684596238589,0.012246942093206311,-0.003254924152584396,-0.027715098840679266,F6b,0.045974197336503105,0.09756684258479513,0.2898230272269001,-0.09756684258479513,-0.008763195229252839,-0.0042100552889314385,0.04799272003021454,-0.024237959367443326,0.010744985673352435,10
0.0006810344185204161,0.0070869475837173155,0.02,white,CORR_L6_f0.15,0.0042996704806016195,0.009196367369214501,0.009094957564229117,0.010579595047064752,-0.03511179150457615,F6b,0.0383778962874483,0.08816714992708,0.3112647547566137,-0.08816714992708,-0.0037635124562769265,-0.007362039817908632,0.06182723922986369,-0.03163465203134021,0.011700095510983763,10
0.0006810344185204161,0.0070869475837173155,0.02,white,CORR_L6_f0.3,0.004859366908179882,0.006066486280798101,0.007576457616868369,0.005444789737907463,-0.027950699888414532,F6b,0.038529636704459025,0.08760745349950173,0.31841600401170983,-0.08760745349950173,-0.006893393544693326,-0.00888053976526938,0.0566924339207064,-0.02447356041517859,0.011938872970391595,10
0.0006810344185204161,0.0070869475837173155,0.02,white,CORR_L6_f0.5,0.011656038127737203,-0.004411540150744917,0.020079631406693194,0.00944893430920371,-0.02732943622518239,F6b,0.033964114474358036,0.08081078227994441,0.33078914544891913,-0.08081078227994441,-0.017371419976236344,0.0036226340245554423,0.06069657849200265,-0.023852296751946448,0.012655205348615091,10
0.0006810344185204161,0.0070869475837173155,0.02,white,CORR_L6_f0.7,0.027872230750694865,-0.018302433047405864,0.020887084342105195,-0.011811455633550412,-0.022595683713462753,F6b,0.03398177481541798,0.06459458965698675,0.36296309465666954,-0.06459458965698675,-0.03126231287289729,0.004430086959967445,0.039436188549248526,-0.019118544240226812,0.016953199617956063,10
0.0006810344185204161,0.0070869475837173155,0.02,white,CORR_L10_f0.0,-0.004409012440210261,0.011757420711244759,0.010137103912564407,-0.017096569967155445,-0.019868752333822157,F6b,0.06368259161153728,0.09687583284789188,0.2801141359953412,-0.09687583284789188,-0.0012024591142466687,-0.006319893469573343,0.03415107421564349,-0.016391612860586217,0.011222540592168099,10
0.0006810344185204161,0.0070869475837173155,0.02,white,CORR_L10_f0.15,0.010284641078972048,0.006886160145227235,0.004442343384857141,0.011107287789171388,-0.036759214853307166,F6b,0.03934624037892294,0.08218217932870957,0.3083650403474088,-0.08218217932870957,-0.006073719680264192,-0.012014653997280609,0.062354931971970326,-0.033282075380071226,0.011700095510983763,10
0.0006810344185204161,0.0070869475837173155,0.02,white,CORR_L10_f0.3,0.004859366908179882,0.006066486280798101,0.007576457616868369,0.005444789737907463,-0.027950699888414532,F6b,0.038529636704459025,0.08760745349950173,0.31841600401170983,-0.08760745349950173,-0.006893393544693326,-0.00888053976526938,0.0566924339207064,-0.02447356041517859,0.011938872970391595,10
0.0006810344185204161,0.0070869475837173155,0.02,white,CORR_L10_f0.5,0.011656038127737203,-0.004411540150744917,0.020079631406693194,0.00944893430920371,-0.02732943622518239,F6b,0.033964114474358036,0.08081078227994441,0.33078914544891913,-0.08081078227994441,-0.017371419976236344,0.0036226340245554423,0.06069657849200265,-0.023852296751946448,0.012655205348615091,10
0.0006810344185204161,0.0070869475837173155,0.02,white,CORR_L10_f0.7,0.027872230750694865,-0.018302433047405864,0.020887084342105195,-0.011811455633550412,-0.022595683713462753,F6b,0.03398177481541798,0.06459458965698675,0.36296309465666954,-0.06459458965698675,-0.03126231287289729,0.004430086959967445,0.039436188549248526,-0.019118544240226812,0.016953199617956063,10
0.0006810344185204161,0.0070869475837173155,0.02,white,CORR_L20_f0.0,0.014675757342829956,0.01734561015283021,-0.015229208076687036,-0.022028554113114517,-0.015503490701659729,F6b,0.056597185739520446,0.07779106306485166,0.2944229565123479,-0.07779106306485166,0.004385730327338782,-0.031686205458824786,0.02921909006968442,-0.012026351228423788,0.017191977077363897,10
0.0006810344185204161,0.0070869475837173155,0.02,white,CORR_L20_f0.15,0.010284641078972048,0.006886160145227235,0.004442343384857141,0.011107287789171388,-0.036759214853307166,F6b,0.03934624037892294,0.08218217932870957,0.3083650403474088,-0.08218217932870957,-0.006073719680264192,-0.012014653997280609,0.062354931971970326,-0.033282075380071226,0.011700095510983763,10
0.0006810344185204161,0.0070869475837173155,0.02,white,CORR_L20_f0.3,0.004859366908179882,0.006066486280798101,0.007576457616868369,0.005444789737907463,-0.027950699888414532,F6b,0.038529636704459025,0.08760745349950173,0.31841600401170983,-0.08760745349950173,-0.006893393544693326,-0.00888053976526938,0.0566924339207064,-0.02447356041517859,0.011938872970391595,10
0.0006810344185204161,0.0070869475837173155,0.02,white,CORR_L20_f0.5,0.011656038127737203,-0.004411540150744917,0.020079631406693194,0.00944893430920371,-0.02732943622518239,F6b,0.033964114474358036,0.08081078227994441,0.33078914544891913,-0.08081078227994441,-0.017371419976236344,0.0036226340245554423,0.06069657849200265,-0.023852296751946448,0.012655205348615091,10
0.0006810344185204161,0.0070869475837173155,0.02,white,CORR_L20_f0.7,0.027872230750694865,-0.018302433047405864,0.020887084342105195,-0.011811455633550412,-0.022595683713462753,F6b,0.03398177481541798,0.06459458965698675,0.36296309465666954,-0.06459458965698675,-0.03126231287289729,0.004430086959967445,0.039436188549248526,-0.019118544240226812,0.016953199617956063,10
0.0006810344185204161,0.0070869475837173155,0.02,white,DITHER_s0.5,0.017479262054123368,0.021820041246480563,-0.003303816143005407,-0.034077832036688335,0.021040182903295495,F6b,0.05475106447931066,0.07498755835355825,0.04501420440261168,-0.07498755835355825,0.008860161420989134,-0.019760813525143157,0.017169812146110606,0.024517322376531436,0.019579751671442217,10
0.0006810344185204161,0.0070869475837173155,0.02,white,DITHER_s1.0,-0.006408693001971569,-0.002311331938906553,0.013650161456878232,-0.013803697163302459,-0.014465279275769325,F6b,0.014465279275769325,0.09887551340965318,0.019358852798505768,-0.09887551340965318,-0.01527121176439798,-0.0028068359252595176,0.03744394701949648,-0.010988139802533383,0.02387774594078319,10
0.0006810344185204161,0.0070869475837173155,0.02,white,DITHER_s2.0,0.003939013311744316,-0.00639874390941947,6.488770186742487e-05,-0.00021134924450657427,0.008804739013651443,F6b,0.00884336067616822,0.0885278070959373,0.01033340778337441,-0.0885278070959373,-0.019358623734910898,-0.016392109680270325,0.05103629493829236,0.012281878486887386,0.015281757402101241,10
0.0006810344185204161,0.0070869475837173155,0.02,white,DITHER_blind,0.008236539017103556,-0.005769858176347878,0.0022120724704250607,-0.004710017865111944,0.004743974272098513,F6b,0.010130726629899837,0.08423028139057806,0.009214081388517342,-0.08423028139057806,-0.018729738001839306,-0.014244924911712689,0.04653762631768699,0.008221113745334454,0.015520534861509073,10
0.0006810344185204161,0.0070869475837173155,0.05,white,MEMLESS,0.03493969585491361,-0.10488441381211253,0.004687659143192916,-0.012474766354540125,0.00370505756799147,F6b,0.10488441381211253,0.11784429363760396,0.5770714788528057,-0.057527124552768004,-0.11784429363760396,-0.011769338238944833,0.03877287782825881,0.007182197041227412,0.08237822349570201,10
0.0006810344185204161,0.0070869475837173155,0.05,white,CORR_L2_f0.0,0.010609686961483886,-0.05646539393878051,0.018813610265145244,-0.029279965088538695,-0.023844462441560865,F6b,0.05646539393878051,0.08185713344619773,0.4890994698267612,-0.08185713344619773,-0.06942527376427193,0.002356612883007495,0.021967679094260242,-0.020367322968324924,0.07115568290353391,10
0.0006810344185204161,0.0070869475837173155,0.05,white,CORR_L2_f0.15,0.008144479279733441,-0.06960668886444316,0.027818325481386498,-0.027208201054730194,-0.027055047595389306,F6b,0.06960668886444316,0.08432234112794817,0.49888988145571983,-0.08432234112794817,-0.08256656868993459,0.011361328099248747,0.024039443128068744,-0.023577908122153365,0.06900668576886342,10
0.0006810344185204161,0.0070869475837173155,0.05,white,CORR_L2_f0.3,0.019110326241419104,-0.07960494060487017,0.020731326934248808,-0.03605669348458296,-0.010743238771517208,F6b,0.07960494060487017,0.0925648204303616,0.5316101852616619,-0.07335649416626251,-0.0925648204303616,0.004274329552111059,0.015190950698215976,-0.007266099298281267,0.07712511938872971,10
0.0006810344185204161,0.0070869475837173155,0.05,white,CORR_L2_f0.5,0.010307361656053476,-0.09171142236009207,0.01731880283583441,-0.02852015564965623,-0.009929111302309595,F6b,0.09171142236009207,0.1046713021855835,0.5472107550948253,-0.08215945875162814,-0.1046713021855835,0.0008618054536966607,0.022727488533142708,-0.0064519718290736525,0.07712511938872971,10
0.0006810344185204161,0.0070869475837173155,0.05,white,CORR_L2_f0.7,0.01788975872282937,-0.09545063603163713,0.012804086793343257,-0.030865331361501668,-0.018136170633146972,F6b,0.09545063603163713,0.10841051585712856,0.5657322423768494,-0.07457706168485224,-0.10841051585712856,-0.0036529105887944933,0.02038231282129727,-0.01465903115991103,0.08022922636103152,10
0.0006810344185204161,0.0070869475837173155,0.05,white,CORR_L4_f0.0,0.012056289635092546,-0.03967880605523718,-0.004747687129254219,0.0006006793936760221,0.0015159398393846711,F6b,0.04604031967199089,0.08041053077258907,0.4625414785787746,-0.08041053077258907,-0.052638685880728606,-0.02120468451139197,0.05184832357647496,0.004993079312620613,0.07760267430754537,10
0.0006810344185204161,0.0070869475837173155,0.05,white,CORR_L4_f0.15,0.010922050562644461,-0.022595342164483938,-0.005730809830552231,-0.016355499130568177,-0.003112460536826168,F6b,0.051610875955005346,0.08154476984503715,0.4883940031899967,-0.08154476984503715,-0.035555221989975364,-0.02218780721268998,0.03489214505223076,0.0003646789364097733,0.07497612225405921,10
0.0006810344185204161,0.0070869475837173155,0.05,white,CORR_L4_f0.3,0.005574922773453339,-0.026484244890560234,0.013573737416335286,-0.017943708695431874,-0.013066996339807745,F6b,0.05617180292405617,0.08689189763422828,0.5123005654266372,-0.08689189763422828,-0.03944412471605166,-0.0028832599658024636,0.03330393548736706,-0.009589856866571805,0.07545367717287488,10
0.0006810344185204161,0.0070869475837173155,0.05,white,CORR_L4_f0.5,0.01241766715427095,-0.05329290982283023,0.006632910617985325,-0.02728162691250323,-0.011564942777210794,F6b,0.05516077849657786,0.08004915325341067,0.5382623951801809,-0.08004915325341067,-0.06625278964832165,-0.009824086764152425,0.02396601727029571,-0.008087803303974853,0.07545367717287488,10
0.0006810344185204161,0.0070869475837173155,0.05,white,CORR_L4_f0.7,0.011978818122692358,-0.08397691905870977,0.009355683578651434,-0.03397633161834873,-0.01875021156719568,F6b,0.08397691905870977,0.0969367988842012,0.5726677117301817,-0.08048800228498926,-0.0969367988842012,-0.007101313803486315,0.01727131256445021,-0.015273072093959736,0.08404966571155682,10
0.0006810344185204161,0.0070869475837173155,0.05,white,CORR_L6_f0.0,0.013017266154638454,-0.030697280082011662,0.004880979588331939,-0.015116370112576827,0.005734905830763948,F6b,0.033200560840549766,0.07944955425304316,0.43092591181494144,-0.07944955425304316,-0.04365715990750309,-0.01157601779380581,0.03613127407022211,0.00921204530399989,0.07139446036294174,10
0.0006810344185204161,0.0070869475837173155,0.05,white,CORR_L6_f0.15,0.014066194997813891,-0.024698966242671185,-0.005542819693799102,-0.00883575814152484,-0.016283048314440753,F6b,0.04843591467636267,0.07840062540986772,0.4818336816780628,-0.07840062540986772,-0.03765884606816261,-0.021999817075936852,0.0424118860412741,-0.01280590884120481,0.07593123209169055,10
0.0006810344185204161,0.0070869475837173155,0.05,white,CORR_L6_f0.3,0.005400371295905412,-0.029016747013348887,0.007489737754948761,-0.01974018789055245,-0.014031994026221642,F6b,0.05992077445843938,0.0870664491117762,0.5083271146837511,-0.0870664491117762,-0.04197662683884031,-0.008967259627188988,0.03150745629224649,-0.0105548545529857,0.07497612225405921,10
0.0006810344185204161,0.0070869475837173155,0.05,white,CORR_L6_f0.5,0.01241766715427095,-0.05329290982283023,0.006632910617985325,-0.02728162691250323,-0.011564942777210794,F6b,0.05516077849657786,0.08004915325341067,0.5382623951801809,-0.08004915325341067,-0.06625278964832165,-0.009824086764152425,0.02396601727029571,-0.008087803303974853,0.07545367717287488,10
0.0006810344185204161,0.0070869475837173155,0.05,white,CORR_L6_f0.7,0.011978818122692358,-0.08397691905870977,0.009355683578651434,-0.03397633161834873,-0.01875021156719568,F6b,0.08397691905870977,0.0969367988842012,0.5726677117301817,-0.08048800228498926,-0.0969367988842012,-0.007101313803486315,0.01727131256445021,-0.015273072093959736,0.08404966571155682,10
0.0006810344185204161,0.0070869475837173155,0.05,white,CORR_L10_f0.0,0.010985155227391338,-0.017000416987663698,0.0042960418180111575,-0.00823109294936341,-0.013325673392010701,F6b,0.03727602921105398,0.08148166518029028,0.3956216296921148,-0.08148166518029028,-0.029960296813155127,-0.012160955564126592,0.04301655123343553,-0.00984853391877476,0.0613658070678128,10
0.0006810344185204161,0.0070869475837173155,0.05,white,CORR_L10_f0.15,0.01393984031572898,-0.02593040744220599,-0.003945557263116507,-0.00836272403713581,-0.010600035942588936,F6b,0.04992954677737168,0.07852698009195264,0.48124536668709905,-0.07852698009195264,-0.038890287267697415,-0.020402554645254256,0.04288492014566313,-0.007122896469352995,0.07831900668576887,10
0.0006810344185204161,0.0070869475837173155,0.05,white,CORR_L10_f0.3,0.004600421689912787,-0.028068240179538427,0.007717994656117014,-0.018624665171407505,-0.014718965705360746,F6b,0.06084342290835347,0.08786639871776883,0.5085806355325667,-0.08786639871776883,-0.04102812000502985,-0.008739002726020736,0.03262297901139143,-0.011241826232124805,0.07521489971346705,10
0.0006810344185204161,0.0070869475837173155,0.05,white,CORR_L10_f0.5,0.01241766715427095,-0.05329290982283023,0.006632910617985325,-0.02728162691250323,-0.011564942777210794,F6b,0.05516077849657786,0.08004915325341067,0.5382623951801809,-0.08004915325341067,-0.06625278964832165,-0.009824086764152425,0.02396601727029571,-0.008087803303974853,0.07545367717287488,10
0.0006810344185204161,0.0070869475837173155,0.05,white,CORR_L10_f0.7,0.011978818122692358,-0.08397691905870977,0.009355683578651434,-0.03397633161834873,-0.01875021156719568,F6b,0.08397691905870977,0.0969367988842012,0.5726677117301817,-0.08048800228498926,-0.0969367988842012,-0.007101313803486315,0.01727131256445021,-0.015273072093959736,0.08404966571155682,10
0.0006810344185204161,0.0070869475837173155,0.05,white,CORR_L20_f0.0,0.0032593826397410153,-0.0038555582893799924,0.013004803955702245,-0.001521694744031285,-0.02692563678872226,F6b,0.03358381246170663,0.0892074377679406,0.34503467948182354,-0.0892074377679406,-0.01681543811487142,-0.0034521934264355033,0.04972594943876765,-0.02344849731548632,0.042263610315186245,10
0.0006810344185204161,0.0070869475837173155,0.05,white,CORR_L20_f0.15,0.01393984031572898,-0.02593040744220599,-0.003945557263116507,-0.00836272403713581,-0.010600035942588936,F6b,0.04992954677737168,0.07852698009195264,0.48124536668709905,-0.07852698009195264,-0.038890287267697415,-0.020402554645254256,0.04288492014566313,-0.007122896469352995,0.07831900668576887,10
0.0006810344185204161,0.0070869475837173155,0.05,white,CORR_L20_f0.3,0.004600421689912787,-0.028068240179538427,0.007717994656117014,-0.018624665171407505,-0.014718965705360746,F6b,0.06084342290835347,0.08786639871776883,0.5085806355325667,-0.08786639871776883,-0.04102812000502985,-0.008739002726020736,0.03262297901139143,-0.011241826232124805,0.07521489971346705,10
0.0006810344185204161,0.0070869475837173155,0.05,white,CORR_L20_f0.5,0.01241766715427095,-0.05329290982283023,0.006632910617985325,-0.02728162691250323,-0.011564942777210794,F6b,0.05516077849657786,0.08004915325341067,0.5382623951801809,-0.08004915325341067,-0.06625278964832165,-0.009824086764152425,0.02396601727029571,-0.008087803303974853,0.07545367717287488,10
0.0006810344185204161,0.0070869475837173155,0.05,white,CORR_L20_f0.7,0.011978818122692358,-0.08397691905870977,0.009355683578651434,-0.03397633161834873,-0.01875021156719568,F6b,0.08397691905870977,0.0969367988842012,0.5726677117301817,-0.08048800228498926,-0.0969367988842012,-0.007101313803486315,0.01727131256445021,-0.015273072093959736,0.08404966571155682,10
0.0006810344185204161,0.0070869475837173155,0.05,white,DITHER_s0.5,-0.02364074459377409,-0.01684698358848509,0.008297319526170108,-0.00023698686742190667,-0.012674670693052701,F6b,0.02410100002656971,0.1161075650014557,0.039314717306065526,-0.1161075650014557,-0.02980686341397652,-0.008159677855967641,0.05101065731537703,-0.009197531219816759,0.051098376313276024,10
0.0006810344185204161,0.0070869475837173155,0.05,white,DITHER_s1.0,0.03485414234161254,0.00037396795616655154,0.05020871310087917,-0.03200145797451828,0.01556097730744671,F6b,0.05686728117176486,0.057612678066069074,0.0718218131744465,-0.057612678066069074,-0.012585911869324876,0.03375171571874142,0.01924618620828065,0.01903811678068265,0.04918815663801337,10
0.0006810344185204161,0.0070869475837173155,0.05,white,DITHER_s2.0,0.054286942450673066,0.02711772992855281,-0.0005156757584295381,-0.063641219472978,0.020283959460859976,F6b,0.063641219472978,0.05616719555931773,0.06676043032307426,-0.03817987795700855,0.014157850103061382,-0.016972673140567288,-0.012393575290179067,0.023761098934095917,0.05778414517669532,10
0.0006810344185204161,0.0070869475837173155,0.05,white,DITHER_blind,-0.004088451618042235,-0.021269740098756172,0.008452715570942836,0.01035334707891155,-0.001968544610215459,F6b,0.021269740098756172,0.09655527202572385,0.036993292370805085,-0.09655527202572385,-0.0342296199242476,-0.008004281811194914,0.06160099126171049,0.0015085948630204824,0.048471824259789874,10
0.0006810344185204161,0.0070869475837173155,0.1,white,MEMLESS,0.013791603593854007,-0.10158320623464072,0.01796683863313787,-0.003803519292109016,0.013895064608865481,F6b,0.10158320623464072,0.11454308606013215,0.7174434626832612,-0.07867521681382761,-0.11454308606013215,0.0015098412510001213,0.04744412489068992,0.01737220408210142,0.16189111747851004,10
0.0006810344185204161,0.0070869475837173155,0.1,white,CORR_L2_f0.0,0.00020386760575871743,-0.11417446677975113,0.008698328796069976,-0.026108273389755986,0.0005450970634592019,F6b,0.11417446677975113,0.12713434660524256,0.6501813888091555,-0.0922629528019229,-0.12713434660524256,-0.007758668586067775,0.025139370793042952,0.004022236536695143,0.17239732569245464,10
0.0006810344185204161,0.0070869475837173155,0.1,white,CORR_L2_f0.15,0.0060605349557454335,-0.11682048736594994,0.014463434146069551,-0.023057183690761665,-0.00023847901473386755,F6b,0.11682048736594994,0.12978036719144137,0.669217550821899,-0.08640628545193618,-0.12978036719144137,-0.0019935632360681983,0.028190460492037273,0.003238660458502074,0.1707258834765998,10
0.0006810344185204161,0.0070869475837173155,0.1,white,CORR_L2_f0.3,0.007910170936493863,-0.1190832169651779,0.01617595878481496,-0.0245866182912002,-0.0006825457272876911,F6b,0.1190832169651779,0.13204309679066933,0.6842857453887835,-0.08455664947118775,-0.13204309679066933,-0.0002810385973227902,0.026661025891598737,0.0027945937459482504,0.167621776504298,10
0.0006810344185204161,0.0070869475837173155,0.1,white,CORR_L2_f0.5,0.011318052033745585,-0.12433284300511474,0.016664389659124656,-0.019863508554984116,0.005994443836577581,F6b,0.12433284300511474,0.13729272283060617,0.7089433683463576,-0.08114876837393603,-0.13729272283060617,0.0002073922769869062,0.03138413562781482,0.009471583309813522,0.1714422158548233,10
0.0006810344185204161,0.0070869475837173155,0.1,white,CORR_L2_f0.7,0.0142831056744325,-0.1176050435538753,0.01596821918985085,-0.027268398937713562,0.01935654073237455,F6b,0.1176050435538753,0.13056492337936673,0.7243453819294006,-0.07818371473324912,-0.13056492337936673,-0.0004887781922869014,0.023979245245085375,0.02283368020561049,0.17311365807067813,10
0.0006810344185204161,0.0070869475837173155,0.1,white,CORR_L4_f0.0,0.004333044125470517,-0.03349320951852887,-0.003041332888298009,-0.010172658243141543,0.0010812671321766797,F6b,0.043244966722179826,0.0881337762822111,0.6038284014924373,-0.0881337762822111,-0.046453089344020294,-0.01949833027043576,0.041074985939657395,0.004558406605412621,0.18505253104106972,10
0.0006810344185204161,0.0070869475837173155,0.1,white,CORR_L4_f0.15,-0.0063790415697977665,-0.0526998430337394,0.0047997000036532605,-0.023851749082988077,0.014869583798387195,F6b,0.0526998430337394,0.09884586197747938,0.6423244926730086,-0.09884586197747938,-0.06565972285923083,-0.011657297378484489,0.02739589509981086,0.018346723271623136,0.17765042979942694,10
0.0006810344185204161,0.0070869475837173155,0.1,white,CORR_L4_f0.3,0.0008371524713696593,-0.07221207041139335,0.010997680488528436,-0.02543598122409126,0.014322781059878113,F6b,0.07221207041139335,0.09162966793631196,0.6720231284059887,-0.09162966793631196,-0.08517195023688479,-0.005459316893609315,0.02581166295870768,0.017799920533114053,0.17478510028653296,10
0.0006810344185204161,0.0070869475837173155,0.1,white,CORR_L4_f0.5,0.013461917943508317,-0.09561569623220804,0.013652951619556923,-0.01409584387596461,0.015323584060109283,F6b,0.09561569623220804,0.10857557605769948,0.6957373862367922,-0.0790049024641733,-0.10857557605769948,-0.0028040457625808273,0.03715180030683433,0.018800723533345224,0.16714422158548234,10
0.0006810344185204161,0.0070869475837173155,0.1,white,CORR_L4_f0.7,0.011015467271213858,-0.10456599830184492,0.016581823538512976,-0.025473772282582408,0.014425791992635075,F6b,0.10456599830184492,0.11752587812733635,0.727522983606318,-0.08145135313646776,-0.11752587812733635,0.00012482615637522687,0.02577387190021653,0.017902931465871016,0.17645654250238776,10
0.0006810344185204161,0.0070869475837173155,0.1,white,CORR_L6_f0.0,-0.00042640935308489725,-0.018696036630551048,0.0005657624830838412,0.004240996465504007,-0.005145098980783277,F6b,0.03874229342347566,0.09289322976076651,0.566717762776181,-0.09289322976076651,-0.031655916456042474,-0.01589123489905391,0.055488640648302945,-0.001667959507547336,0.17574021012416427,10
0.0006810344185204161,0.0070869475837173155,0.1,white,CORR_L6_f0.15,-0.006232847035006053,-0.04639105114779851,0.004120119949799911,-0.01916378846342323,0.006439878761856204,F6b,0.04639105114779851,0.09869966744268767,0.6493554377626535,-0.09869966744268767,-0.05935093097328994,-0.012336877432337839,0.032083855719375706,0.009917018235092145,0.1938872970391595,10
0.0006810344185204161,0.0070869475837173155,0.1,white,CORR_L6_f0.3,0.001640061809467977,-0.07406833518305744,0.008420214452540292,-0.022162422593343598,0.018041321156178496,F6b,0.07406833518305744,0.09082675859821364,0.6689244590479722,-0.09082675859821364,-0.08702821500854888,-0.008036782929597457,0.02908522158945534,0.021518460629414437,0.1759789875835721,10
0.0006810344185204161,0.0070869475837173155,0.1,white,CORR_L6_f0.5,0.015437601572348927,-0.09281328788236304,0.01023737805244902,-0.01892009313398508,0.014217701423942422,F6b,0.09281328788236304,0.10577316770785447,0.6941048612281513,-0.07702921883533269,-0.10577316770785447,-0.0062196193296887295,0.03232755104881386,0.017694840897178363,0.16571155682903535,10
0.0006810344185204161,0.0070869475837173155,0.1,white,CORR_L6_f0.7,0.011015467271213858,-0.10456599830184492,0.016581823538512976,-0.025473772282582408,0.014425791992635075,F6b,0.10456599830184492,0.11752587812733635,0.727522983606318,-0.08145135313646776,-0.11752587812733635,0.00012482615637522687,0.02577387190021653,0.017902931465871016,0.17645654250238776,10
0.0006810344185204161,0.0070869475837173155,0.1,white,CORR_L10_f0.0,0.00443060731494542,-0.01052332350592214,0.004541542156290228,-0.007832295213336345,-0.009842470460247856,F6b,0.051674308043289964,0.0880362130927362,0.5600606802031269,-0.0880362130927362,-0.023483203331413568,-0.011915455225847521,0.04341534896946259,-0.006365330987011915,0.1924546322827125,10
0.0006810344185204161,0.0070869475837173155,0.1,white,CORR_L10_f0.15,0.0012099901351734083,-0.03360814379768701,0.008135579667116305,-0.013185857461482944,0.013246580202306166,F6b,0.056702980546543685,0.09125683027250821,0.6296054114786381,-0.09125683027250821,-0.04656802362317843,-0.008321417715021444,0.03806178672131599,0.016723719675542106,0.18433619866284623,10
0.0006810344185204161,0.0070869475837173155,0.1,white,CORR_L10_f0.3,0.0007764065527023217,-0.0719643724899549,0.009046691754427107,-0.01759199686207201,0.019902756526764744,F6b,0.0719643724899549,0.0916904138549793,0.6715805447219102,-0.0916904138549793,-0.08492425231544633,-0.007410305627710644,0.03365564732072693,0.023379896000000684,0.18003820439350526,10
0.0006810344185204161,0.0070869475837173155,0.1,white,CORR_L10_f0.5,0.015437601572348927,-0.09281328788236304,0.01023737805244902,-0.01892009313398508,0.014217701423942422,F6b,0.09281328788236304,0.10577316770785447,0.6941048612281513,-0.07702921883533269,-0.10577316770785447,-0.0062196193296887295,0.03232755104881386,0.017694840897178363,0.16571155682903535,10
0.0006810344185204161,0.0070869475837173155,0.1,white,CORR_L10_f0.7,0.011015467271213858,-0.10456599830184492,0.016581823538512976,-0.025473772282582408,0.014425791992635075,F6b,0.10456599830184492,0.11752587812733635,0.727522983606318,-0.08145135313646776,-0.11752587812733635,0.00012482615637522687,0.02577387190021653,0.017902931465871016,0.17645654250238776,10
0.0006810344185204161,0.0070869475837173155,0.1,white,CORR_L20_f0.0,0.016973181232217763,-0.009607838786511736,0.004622774562089305,-0.006512378837236599,-0.02249935914096124,F6b,0.02974465616819453,0.07549363917546385,0.525561735395166,-0.07549363917546385,-0.022567718612003164,-0.011834222820048444,0.04473526534556234,-0.0190222196677253,0.19006685768863418,10
0.0006810344185204161,0.0070869475837173155,0.1,white,CORR_L20_f0.15,-8.385740349226012e-05,-0.03269560822903159,0.005944444126105775,-0.01148468556295,0.007893451782444137,F6b,0.050998407888673686,0.09255067781117388,0.6201980868868157,-0.09255067781117388,-0.04565548805452302,-0.010512553256031974,0.03976295861984894,0.011370591255680077,0.17717287488061126,10
0.0006810344185204161,0.0070869475837173155,0.1,white,CORR_L20_f0.3,0.0009709990781253675,-0.07187158308095126,0.009278021376310749,-0.01796862978218656,0.01989003602050901,F6b,0.07187158308095126,0.09149582132955625,0.6716792948844602,-0.09149582132955625,-0.0848314629064427,-0.0071789760058270004,0.03327901440061238,0.02336717549374495,0.18027698185291308,10
0.0006810344185204161,0.0070869475837173155,0.1,white,CORR_L20_f0.5,0.015437601572348927,-0.09281328788236304,0.01023737805244902,-0.01892009313398508,0.014217701423942422,F6b,0.09281328788236304,0.10577316770785447,0.6941048612281513,-0.07702921883533269,-0.10577316770785447,-0.0062196193296887295,0.03232755104881386,0.017694840897178363,0.16571155682903535,10
0.0006810344185204161,0.0070869475837173155,0.1,white,CORR_L20_f0.7,0.011015467271213858,-0.10456599830184492,0.016581823538512976,-0.025473772282582408,0.014425791992635075,F6b,0.10456599830184492,0.11752587812733635,0.727522983606318,-0.08145135313646776,-0.11752587812733635,0.00012482615637522687,0.02577387190021653,0.017902931465871016,0.17645654250238776,10
0.0006810344185204161,0.0070869475837173155,0.1,white,DITHER_s0.5,0.07250367935246366,0.025742393910018955,0.017491858209513208,-0.08078495571263913,-0.03606976524490897,F6b,0.08078495571263913,0.057927159758016614,0.0999879474094705,-0.019963141055217952,0.012782514084527527,0.0010348608273754569,-0.02953731152984019,-0.03259262577167303,0.09694364851957975,10
0.0006810344185204161,0.0070869475837173155,0.1,white,DITHER_s1.0,0.06223597635182822,0.08337912970126712,0.01632071860397317,-0.038098492767462085,0.05658952355820658,F6b,0.08337912970126712,0.07041924987577569,0.13257785246639794,-0.030230844055853395,0.07041924987577569,-0.00013627877816457673,0.013149151415336851,0.06006666303144252,0.09001910219675263,10
0.0006810344185204161,0.0070869475837173155,0.1,white,DITHER_s2.0,0.07169202300885118,0.008156135615899606,-0.032650514514364404,0.04001104100199411,0.019430887278899186,F6b,0.07169202300885118,0.09125868518479305,0.13119687149048562,-0.020774797398830435,-0.004803744209591822,-0.04910751189650215,0.09125868518479305,0.022908026752135126,0.1048233046800382,10
0.0006810344185204161,0.0070869475837173155,0.1,white,DITHER_blind,0.0724269639154434,-0.0443266564155424,0.0590137816343779,-0.04590940000830173,-0.007307673949439205,F6b,0.08976510734709572,0.06528352541905753,0.1116131043682221,-0.02003985649223822,-0.057286536241033824,0.042556784252240146,0.005338244174497205,-0.0038305344762032635,0.10076408787010506,10
0.0006810344185204161,0.0070869475837173155,0.2,white,MEMLESS,0.00467367246536253,-0.07594092458289316,0.017252687322977293,-0.006208730795915732,0.010802535393113193,F6b,0.07594092458289316,0.08890080440838459,0.8447459283700132,-0.08779314794231909,-0.08890080440838459,0.0007956899408395433,0.045038913386883206,0.014279674866349136,0.28414517669531997,10
0.0006810344185204161,0.0070869475837173155,0.2,white,CORR_L2_f0.0,-0.004889791754325218,-0.10332295654303268,0.019699969356972782,-0.0009235655384394123,0.011244065824271194,F6b,0.10332295654303268,0.11628283636852411,0.795532323620923,-0.09735661216200683,-0.11628283636852411,0.003242971974835032,0.050324078644359525,0.014721205297507135,0.3233046800382044,10
0.0006810344185204161,0.0070869475837173155,0.2,white,CORR_L2_f0.15,-0.000883092711935457,-0.09628049040408715,0.02017339956523984,0.00438060115053663,0.005530831767833908,F6b,0.09628049040408715,0.10924037022957858,0.8121525327270128,-0.09334991311961707,-0.10924037022957858,0.0037164021831020896,0.05562824533333557,0.00900797124106985,0.3202005730659026,10
0.0006810344185204161,0.0070869475837173155,0.2,white,CORR_L2_f0.3,-0.001930722385944758,-0.08540093514990499,0.010142742499321074,0.007681453349786788,0.009182210675253877,F6b,0.08540093514990499,0.09836081497539642,0.8276528948805196,-0.09439754279362637,-0.09836081497539642,-0.006314254882816677,0.058929097532585725,0.01265935014848982,0.3144699140401146,10
0.0006810344185204161,0.0070869475837173155,0.2,white,CORR_L2_f0.5,0.0031219544304119384,-0.07657385543019753,0.01857341363520796,0.002440920691065558,0.005551035502732779,F6b,0.07657385543019753,0.08953373525568896,0.8396432905463986,-0.08934486597726968,-0.08953373525568896,0.002116416253070211,0.053688564873864496,0.00902817497596872,0.30396370582617,10
0.0006810344185204161,0.0070869475837173155,0.2,white,CORR_L2_f0.7,0.006485216181008016,-0.07258104488346195,0.01693996271141426,-0.0004804819336054478,0.0060015943245993785,F6b,0.07258104488346195,0.0859816042266736,0.842075622358665,-0.0859816042266736,-0.08554092470895339,0.00048296532927651217,0.05076716224919349,0.00947873379783532,0.2896370582617001,10
0.0006810344185204161,0.0070869475837173155,0.2,white,CORR_L4_f0.0,0.00954722502005001,-0.05371335283842187,0.009267514444256827,0.006211906454932664,0.00983691378703164,F6b,0.05371335283842187,0.0829195953876316,0.7716647697167593,-0.0829195953876316,-0.0666732326639133,-0.007189482937880922,0.0574595506377316,0.013314053260267581,0.38108882521489973,10
0.0006810344185204161,0.0070869475837173155,0.2,white,CORR_L4_f0.15,-0.00014478195459363685,-0.059922698159835676,0.015400192793671101,-0.011571856332260294,0.017795185687669295,F6b,0.059922698159835676,0.09261160236227525,0.801160922227531,-0.09261160236227525,-0.0728825779853271,-0.0010568045884666493,0.039675787850538644,0.021272325160905235,0.3533906399235912,10
0.0006810344185204161,0.0070869475837173155,0.2,white,CORR_L4_f0.3,-0.006128414976281887,-0.06936043710290692,0.025828894930143086,0.0003194553966375871,0.023188357297946605,F6b,0.06936043710290692,0.0985952353839635,0.8230282625243436,-0.0985952353839635,-0.08232031692839835,0.009371897548005336,0.051567099579436525,0.026665496771182545,0.33118433619866283,10
0.0006810344185204161,0.0070869475837173155,0.2,white,CORR_L4_f0.5,0.0025636759563913564,-0.06380969680189631,0.01609640468274689,-0.0017781737102944423,0.015450514883237208,F6b,0.06380969680189631,0.08990314445129026,0.8456350535506273,-0.08990314445129026,-0.07676957662738775,-0.0003605926993908595,0.049469470472504495,0.018927654356473148,0.31900668576886343,10
0.0006810344185204161,0.0070869475837173155,0.2,white,CORR_L4_f0.7,0.007686094920176953,-0.06415621498549727,0.014448979792366637,0.003221417096713787,0.015686205550526387,F6b,0.06415621498549727,0.08478072548750466,0.8449550396578824,-0.08478072548750466,-0.0771160948109887,-0.002008017589771113,0.054469061279512725,0.019163345023762327,0.29441260744985676,10
0.0006810344185204161,0.0070869475837173155,0.2,white,CORR_L6_f0.0,0.004588135815033451,-0.039470443467019556,-0.0049281353511655135,-0.0005729635594130672,0.004268839028338755,F6b,0.039470443467019556,0.08787868459264817,0.7317778541180225,-0.08787868459264817,-0.05243032329251098,-0.021385132733303263,0.05067468062338587,0.007745978501574696,0.36055396370582615,10
0.0006810344185204161,0.0070869475837173155,0.2,white,CORR_L6_f0.15,0.0011019584193227572,-0.05521985217156818,0.012571043682247401,-0.011410566195476632,0.01775059767449041,F6b,0.05521985217156818,0.09136486198835886,0.8033727753545113,-0.09136486198835886,-0.06817973199705961,-0.0038859536998903477,0.039837077987322306,0.021227737147726352,0.3751193887297039,10
0.0006810344185204161,0.0070869475837173155,0.2,white,CORR_L6_f0.3,-0.008118989877334323,-0.0724918035815433,0.0248375200735386,-0.0028227754756606493,0.01823291082143779,F6b,0.0724918035815433,0.10058581028501594,0.8275804306350036,-0.10058581028501594,-0.08545168340703473,0.008380522691400853,0.04842486870713829,0.02171005029467373,0.3431232091690544,10
0.0006810344185204161,0.0070869475837173155,0.2,white,CORR_L6_f0.5,0.0010915179913019435,-0.06333491875365488,0.015060226346336027,0.0009400531523912001,0.020581510516011436,F6b,0.06333491875365488,0.09137530241637967,0.8447523982019646,-0.09137530241637967,-0.07629479857914631,-0.0013967710358017231,0.05218769733519014,0.024058649989247376,0.31829035339063994,10
0.0006810344185204161,0.0070869475837173155,0.2,white,CORR_L6_f0.7,0.008012334190267284,-0.06397465999722632,0.014856309906887164,0.004277357119893813,0.016307337892917936,F6b,0.06397465999722632,0.08445448621741433,0.845082266715802,-0.08445448621741433,-0.07693453982271775,-0.0016006874752505854,0.05552500130269275,0.019784477366153876,0.29465138490926457,10
0.0006810344185204161,0.0070869475837173155,0.2,white,CORR_L10_f0.0,0.004393599369065693,-0.02320509619130346,-0.0038003931911909476,-0.013554890782690406,-0.005078774000840217,F6b,0.030759362100074666,0.08807322103861592,0.7154060786910968,-0.08807322103861592,-0.036164976016794886,-0.020257390573328697,0.03769275340010853,-0.0016016345276042758,0.38156638013371535,10
0.0006810344185204161,0.0070869475837173155,0.2,white,CORR_L10_f0.15,0.0018152170123471312,-0.06076746889189449,0.014681220426898057,-0.007324076992839462,0.014223588294293099,F6b,0.06076746889189449,0.09065160339533448,0.7927208928444378,-0.09065160339533448,-0.07372734871738591,-0.0017757769552396918,0.043923567189959475,0.01770072776752904,0.3734479465138491,10
0.0006810344185204161,0.0070869475837173155,0.2,white,CORR_L10_f0.3,-0.005566351632581706,-0.06865532455672317,0.022403830162213922,0.009070582548114561,0.024577179049226648,F6b,0.06865532455672317,0.09803317204026332,0.8209491076513088,-0.09803317204026332,-0.0816152043822146,0.005946832780076171,0.0603182267309135,0.02805431852246259,0.3342884431709647,10
0.0006810344185204161,0.0070869475837173155,0.2,white,CORR_L10_f0.5,0.0010915179913019435,-0.06333491875365488,0.015060226346336027,0.0009400531523912001,0.020581510516011436,F6b,0.06333491875365488,0.09137530241637967,0.8447523982019646,-0.09137530241637967,-0.07629479857914631,-0.0013967710358017231,0.05218769733519014,0.024058649989247376,0.31829035339063994,10
0.0006810344185204161,0.0070869475837173155,0.2,white,CORR_L10_f0.7,0.008012334190267284,-0.06397465999722632,0.014856309906887164,0.004277357119893813,0.016307337892917936,F6b,0.06397465999722632,0.08445448621741433,0.845082266715802,-0.08445448621741433,-0.07693453982271775,-0.0016006874752505854,0.05552500130269275,0.019784477366153876,0.29465138490926457,10
0.0006810344185204161,0.0070869475837173155,0.2,white,CORR_L20_f0.0,0.0021787518276526613,-0.004149963997612678,0.007738688437416956,0.0030817363313442175,-0.016802325479938568,F6b,0.033064165973137515,0.09028806858002895,0.6685002874206586,-0.09028806858002895,-0.017109843823104105,-0.008718308944720794,0.054329380514143155,-0.013325186006702627,0.36127029608404965,10
0.0006810344185204161,0.0070869475837173155,0.2,white,CORR_L20_f0.15,0.001175245824269297,-0.06171866108944988,0.01522241531217439,-0.004912431178949177,0.014544477521808898,F6b,0.06171866108944988,0.09129157458341232,0.793179408825692,-0.09129157458341232,-0.0746785409149413,-0.00123458206996336,0.04633521300384976,0.01802161699504484,0.3744030563514804,10
0.0006810344185204161,0.0070869475837173155,0.2,white,CORR_L20_f0.3,-0.005346745987987497,-0.07000076330970027,0.021462707677628493,0.008675294593364871,0.02576877848085259,F6b,0.07000076330970027,0.09781356639566911,0.8188832902138705,-0.09781356639566911,-0.0829606431351917,0.005005710295490741,0.05992293877616381,0.02924591795408853,0.33118433619866283,10
0.0006810344185204161,0.0070869475837173155,0.2,white,CORR_L20_f0.5,0.0010915179913019435,-0.06333491875365488,0.015060226346336027,0.0009400531523912001,0.020581510516011436,F6b,0.06333491875365488,0.09137530241637967,0.8447523982019646,-0.09137530241637967,-0.07629479857914631,-0.0013967710358017231,0.05218769733519014,0.024058649989247376,0.31829035339063994,10
0.0006810344185204161,0.0070869475837173155,0.2,white,CORR_L20_f0.7,0.008012334190267284,-0.06397465999722632,0.014856309906887164,0.004277357119893813,0.016307337892917936,F6b,0.06397465999722632,0.08445448621741433,0.845082266715802,-0.08445448621741433,-0.07693453982271775,-0.0016006874752505854,0.05552500130269275,0.019784477366153876,0.29465138490926457,10
0.0006810344185204161,0.0070869475837173155,0.2,white,DITHER_s0.5,0.06533690069761436,0.05516826071888945,0.059038263224379925,-0.08354755665826338,0.01174199550309828,F6b,0.08354755665826338,0.0635707834339943,0.2557359828078672,-0.02712991971006726,0.042208380893398026,0.04258126584224217,-0.03229991247546444,0.01521913497633422,0.19794651384909265,10
0.0006810344185204161,0.0070869475837173155,0.2,white,DITHER_s1.0,0.01437556439919177,0.03118603846395667,0.06559411827549638,-0.04310199377522026,0.00996289920928764,F6b,0.06559411827549638,0.07809125600848985,0.19729862137813953,-0.07809125600848985,0.01822615863846524,0.049137120893358636,0.008145650407578675,0.013440038682523582,0.19627507163323782,10
0.0006810344185204161,0.0070869475837173155,0.2,white,DITHER_s2.0,0.03884466369275308,0.06726807982395197,0.015723952070015854,-0.09215381666571126,0.040447064912011194,F6b,0.09215381666571126,0.05430819999846054,0.24151989549578132,-0.05362215671492854,0.05430819999846054,-0.0007330453121218976,-0.04090617248291232,0.043924204385247134,0.20319961795606495,10
0.0006810344185204161,0.0070869475837173155,0.2,white,DITHER_blind,-0.003490352041478531,-0.03529220118872987,-0.027811633738389397,0.004086860978504775,-0.02781021052619734,F6b,0.04747944946538701,0.09595717244916015,0.15528844174991466,-0.09595717244916015,-0.04825208101422129,-0.04426863112052715,0.05533450516130371,-0.0243330710529614,0.20534861509073543,10
0.0006810344185204161,0.0070869475837173155,0.3,white,MEMLESS,0.011355621384383702,-0.04779501312159411,0.011849964777828962,-0.003969306705210222,0.006909426301943431,F6b,0.04779501312159411,0.08111119902329791,0.9106965494980088,-0.08111119902329791,-0.06075489294708553,-0.004607032604308787,0.047278337477588715,0.010386565775179372,0.38944603629417385,10
0.0006810344185204161,0.0070869475837173155,0.3,white,CORR_L2_f0.0,-0.0001965693314938538,-0.06595836932353186,0.015642919402740044,0.007398114351826003,-0.0008533812509913907,F6b,0.06595836932353186,0.09266338973917547,0.8727259526048794,-0.09266338973917547,-0.07891824914902329,-0.0008140779793977035,0.05864575853462494,0.002623758222244551,0.44269340974212035,10
0.0006810344185204161,0.0070869475837173155,0.3,white,CORR_L2_f0.15,-0.003841211145451176,-0.0615195661171574,0.017042096134320547,0.00624603479261223,-0.00037467364707072107,F6b,0.0615195661171574,0.09630803155313279,0.8835671477126774,-0.09630803155313279,-0.07447944594264883,0.000585098752182798,0.05749367897541117,0.0031024658261652204,0.43314231136580705,10
0.0006810344185204161,0.0070869475837173155,0.3,white,CORR_L2_f0.3,-0.0039300094455310824,-0.06392529412156092,0.01820603825588613,0.005936743328655701,-0.00010172085799030903,F6b,0.06392529412156092,0.0963968298532127,0.8920202153539095,-0.0963968298532127,-0.07688517394705235,0.0017490408737483804,0.05718438751145464,0.0033754186152456325,0.4180993314231137,10
0.0006810344185204161,0.0070869475837173155,0.3,white,CORR_L2_f0.5,0.0004248567929233532,-0.052414717626117276,0.01283556742913533,0.0004412802966305626,0.0017753202149941878,F6b,0.052414717626117276,0.09204196361475826,0.9051360584404569,-0.09204196361475826,-0.0653745974516087,-0.00362142995300242,0.0516889244794295,0.005252459688230129,0.40998089780324737,10
0.0006810344185204161,0.0070869475837173155,0.3,white,CORR_L2_f0.7,0.013552949765310199,-0.04370855606016401,0.013492712075088972,-0.007726218378621634,0.00805368932767448,F6b,0.04370855606016401,0.07891387064237142,0.9144653768341149,-0.07891387064237142,-0.056668435885655434,-0.002964285307048778,0.043521425804177304,0.011530828800910421,0.4085482330468004,10
0.0006810344185204161,0.0070869475837173155,0.3,white,CORR_L4_f0.0,-8.580213783207502e-05,-0.03944179820978567,0.01284453211763462,0.011738421066826168,0.013424303890382221,F6b,0.03944179820978567,0.09255262254551369,0.8520200256592304,-0.09255262254551369,-0.052401678035277094,-0.0036124652645031295,0.0629860652496251,0.016901443363618162,0.5026265520534862,10
0.0006810344185204161,0.0070869475837173155,0.3,white,CORR_L4_f0.15,-0.0012271340840046274,-0.043297037164149815,0.004697729627904419,0.005985848425914521,0.010087909757260736,F6b,0.043297037164149815,0.09369395449168624,0.8743304681140563,-0.09369395449168624,-0.05625691698964124,-0.01175926775423333,0.05723349260871346,0.013565049230496676,0.47254059216809935,10
0.0006810344185204161,0.0070869475837173155,0.3,white,CORR_L4_f0.3,0.0011930953872930222,-0.046077522132287795,0.006933605060578732,0.008552048308797328,-0.0033428865081939316,F6b,0.046077522132287795,0.0912737250203886,0.8933647058679893,-0.0912737250203886,-0.05903740195777922,-0.009523392321559018,0.059799692491596265,0.00013425296504200997,0.4453199617956065,10
0.0006810344185204161,0.0070869475837173155,0.3,white,CORR_L4_f0.5,-0.00941138543460368,-0.04468263345952374,0.011882070267402688,0.005804934054123877,0.0005089497760603981,F6b,0.04468263345952374,0.1018782058422853,0.9020646179716948,-0.1018782058422853,-0.057642513285015164,-0.004574927114735061,0.057052578236922814,0.00398608924929634,0.41212989493791785,10
0.0006810344185204161,0.0070869475837173155,0.3,white,CORR_L4_f0.7,0.00829926992996001,-0.04540747782397498,0.013385379569591856,-0.009256439052123991,0.007058075467758828,F6b,0.04540747782397498,0.0841675504777216,0.9128655676434692,-0.0841675504777216,-0.058367357649466406,-0.003071617812545894,0.04199120513067495,0.01053521494099477,0.4068767908309456,10
0.0006810344185204161,0.0070869475837173155,0.3,white,CORR_L6_f0.0,0.0015043635043785059,-0.035198939697794425,0.0010880395278155906,0.009430805282420324,0.007829975815980175,F6b,0.035198939697794425,0.09096245690330311,0.8489492405990237,-0.09096245690330311,-0.04815881952328585,-0.015368957854322159,0.06067844946521926,0.011307115289216118,0.5468003820439351,10
0.0006810344185204161,0.0070869475837173155,0.3,white,CORR_L6_f0.15,-0.007166063414556473,-0.04027430916428598,0.009644760904718813,0.009091163427872216,0.006748735751706929,F6b,0.04027430916428598,0.09963288382223809,0.8752038241699218,-0.09963288382223809,-0.05323418898977741,-0.006812236477418938,0.060338807610671154,0.01022587522494287,0.49474689589302767,10
0.0006810344185204161,0.0070869475837173155,0.3,white,CORR_L6_f0.3,-0.0008600282336115733,-0.04407782028493832,0.009297225639984544,0.012409139353334403,-0.00045927452200085397,F6b,0.04407782028493832,0.09332684864129319,0.8933853595141688,-0.09332684864129319,-0.057037700110429745,-0.007159771742153206,0.06365678353613334,0.0030178649512350875,0.45152817574021015,10
0.0006810344185204161,0.0070869475837173155,0.3,white,CORR_L6_f0.5,-0.01046406177602617,-0.04592753362393427,0.010748358544104282,0.005081733841372477,-0.0006016894855446942,F6b,0.04592753362393427,0.10293088218370779,0.903568219548005,-0.10293088218370779,-0.0588874134494257,-0.005708638838033468,0.056329378024171414,0.0028754499876912473,0.4157115568290353,10
0.0006810344185204161,0.0070869475837173155,0.3,white,CORR_L6_f0.7,0.008845052577081014,-0.045896487431128175,0.012676884680509795,-0.008285769631856073,0.00732836832492641,F6b,0.045896487431128175,0.0836217678306006,0.9124375464211323,-0.0836217678306006,-0.0588563672566196,-0.0037801127016279545,0.042961874550942865,0.010805507798162351,0.4059216809933142,10
0.0006810344185204161,0.0070869475837173155,0.3,white,CORR_L10_f0.0,0.0012167384122633712,-0.0176366035555685,-0.0018058589977182245,-0.00018198846172161331,0.004973217820833326,F6b,0.03787944971935478,0.09125008199541824,0.8101847029870967,-0.09125008199541824,-0.03059648338105993,-0.018262856379855974,0.051065655721077324,0.008450357294069268,0.5336676217765043,10
0.0006810344185204161,0.0070869475837173155,0.3,white,CORR_L10_f0.15,-0.006190835789056215,-0.03984063150652613,0.011600357174300626,0.007241447854169511,0.008243314303129398,F6b,0.03984063150652613,0.09865765619673783,0.8730001863889447,-0.09865765619673783,-0.052800511332017554,-0.004856640207837123,0.05848909203696845,0.011720453776365339,0.5076408787010506,10
0.0006810344185204161,0.0070869475837173155,0.3,white,CORR_L10_f0.3,-0.0007212614892137953,-0.04318085858233021,0.008631087219775808,0.01664512690923256,-0.002660220340909875,F6b,0.04318085858233021,0.09318808189689541,0.8893339241579779,-0.09318808189689541,-0.05614073840782163,-0.007825910162361942,0.0678927710920315,0.0008169191323260666,0.44484240687679083,10
0.0006810344185204161,0.0070869475837173155,0.3,white,CORR_L10_f0.5,-0.01046406177602617,-0.04592753362393427,0.010748358544104282,0.005081733841372477,-0.0006016894855446942,F6b,0.04592753362393427,0.10293088218370779,0.903568219548005,-0.10293088218370779,-0.0588874134494257,-0.005708638838033468,0.056329378024171414,0.0028754499876912473,0.4157115568290353,10
0.0006810344185204161,0.0070869475837173155,0.3,white,CORR_L10_f0.7,0.008845052577081014,-0.045896487431128175,0.012676884680509795,-0.008285769631856073,0.00732836832492641,F6b,0.045896487431128175,0.0836217678306006,0.9124375464211323,-0.0836217678306006,-0.0588563672566196,-0.0037801127016279545,0.042961874550942865,0.010805507798162351,0.4059216809933142,10
0.0006810344185204161,0.0070869475837173155,0.3,white,CORR_L20_f0.0,0.0011875641086244448,-0.009319933921333892,0.0048163714741587624,-0.00035738856246883555,0.011146671861454554,F6b,0.024761759013081364,0.09127925629905717,0.7930763995808451,-0.09127925629905717,-0.02227981374682532,-0.011640625907978987,0.0508902556203301,0.014623811334690496,0.5463228271251194,10
0.0006810344185204161,0.0070869475837173155,0.3,white,CORR_L20_f0.15,-0.007057184633176797,-0.04031461428545182,0.015108079555261639,0.002867868736217298,0.007550976252653825,F6b,0.04031461428545182,0.09952400504085841,0.8724431151861172,-0.09952400504085841,-0.053274494110943246,-0.00134891782687611,0.054115512919016236,0.011028115725889766,0.5097898758357211,10
0.0006810344185204161,0.0070869475837173155,0.3,white,CORR_L20_f0.3,-0.0007212614892137953,-0.04318085858233021,0.008631087219775808,0.01664512690923256,-0.002660220340909875,F6b,0.04318085858233021,0.09318808189689541,0.8893339241579779,-0.09318808189689541,-0.05614073840782163,-0.007825910162361942,0.0678927710920315,0.0008169191323260666,0.44484240687679083,10
0.0006810344185204161,0.0070869475837173155,0.3,white,CORR_L20_f0.5,-0.01046406177602617,-0.04592753362393427,0.010748358544104282,0.005081733841372477,-0.0006016894855446942,F6b,0.04592753362393427,0.10293088218370779,0.903568219548005,-0.10293088218370779,-0.0588874134494257,-0.005708638838033468,0.056329378024171414,0.0028754499876912473,0.4157115568290353,10
0.0006810344185204161,0.0070869475837173155,0.3,white,CORR_L20_f0.7,0.008845052577081014,-0.045896487431128175,0.012676884680509795,-0.008285769631856073,0.00732836832492641,F6b,0.045896487431128175,0.0836217678306006,0.9124375464211323,-0.0836217678306006,-0.0588563672566196,-0.0037801127016279545,0.042961874550942865,0.010805507798162351,0.4059216809933142,10
0.0006810344185204161,0.0070869475837173155,0.3,white,DITHER_s0.5,0.11983778968782316,-0.0214852679412642,-0.05819974086278712,-0.01377624923197976,-0.004880138049392274,F6b,0.14380057829651055,0.09549876515882563,0.29961216698114007,0.027370969280141547,-0.03444514776675563,-0.07465673824492487,0.03747139495081918,-0.0014029985761563322,0.2956064947468959,10
0.0006810344185204161,0.0070869475837173155,0.3,white,DITHER_s1.0,0.0041966682817684425,0.06121033867921589,0.03631599298635847,-0.09262327441221475,-0.04342305779485878,F6b,0.11150692137384782,0.08827015212591317,0.3288607706762166,-0.08827015212591317,0.04825045885372446,0.019858995604220726,-0.041375630229415816,-0.039945918321622836,0.29751671442215855,10
0.0006810344185204161,0.0070869475837173155,0.3,white,DITHER_s2.0,0.18204001825031124,0.05325830554058838,-0.08485853842709484,-0.07675671903824319,-0.008040798464654664,F6b,0.18204001825031124,0.1013155358092326,0.3243371042425594,0.08957319784262963,0.04029842571509695,-0.1013155358092326,-0.025509074855444253,-0.004563658991418723,0.28605539637058264,10
0.0006810344185204161,0.0070869475837173155,0.3,white,DITHER_blind,0.003796788717833552,-0.006552320663000049,-0.029907786832014272,3.681427053239816e-05,-0.015901191915028284,F6b,0.08477283999634574,0.08867003168984806,0.3222438663968831,-0.08867003168984806,-0.019512200488491477,-0.04636478421415202,0.051284458453331336,-0.012424052441792344,0.29966571155682903,10
0.0006810344185204161,0.0070869475837173155,0.5,white,MEMLESS,0.0058274354855314126,-0.022559475882180317,0.00175402369661983,0.006120919428777252,0.006600337008541628,F6b,0.022559475882180317,0.0866393849221502,0.9733317277033674,-0.0866393849221502,-0.03551935570767174,-0.01470297368551792,0.05736856361157619,0.01007747648177757,0.5768863419293219,10
0.0006810344185204161,0.0070869475837173155,0.5,white,CORR_L2_f0.0,0.0031529772419216645,-0.025707464263547336,0.0064715408125683785,-0.006433460963052223,0.004461164106086257,F6b,0.025707464263547336,0.08931384316575995,0.9501988641529157,-0.08931384316575995,-0.03866734408903876,-0.009985456569569371,0.044814183219746714,0.007938303579322199,0.6337153772683859,10
0.0006810344185204161,0.0070869475837173155,0.5,white,CORR_L2_f0.15,0.0018644133717178046,-0.02364365473585521,0.008281184872684312,-0.007822242837353763,0.005169304504323372,F6b,0.02364365473585521,0.09060240703596381,0.9560421663584068,-0.09060240703596381,-0.036603534561346636,-0.008175812509453437,0.043425401345445175,0.008646443977559313,0.6191499522445081,10
0.0006810344185204161,0.0070869475837173155,0.5,white,CORR_L2_f0.3,0.0024047458846310904,-0.016651795208296766,0.007916590741961103,-0.0043080448862971715,0.0043119395153434735,F6b,0.01880154671501267,0.09006207452305053,0.9637521926448016,-0.09006207452305053,-0.029611675033788195,-0.008540406640176646,0.046939599296501766,0.007789078988579415,0.6072110792741165,10
0.0006810344185204161,0.0070869475837173155,0.5,white,CORR_L2_f0.5,0.007505219041244862,-0.01973603630438126,0.00827000903129807,-0.0008644684376605399,0.005481583156069328,F6b,0.01973603630438126,0.08496160136643675,0.9707630859401674,-0.08496160136643675,-0.03269591612987269,-0.00818698835083968,0.0503831757451384,0.00895872262930527,0.5990926456542502,10
0.0006810344185204161,0.0070869475837173155,0.5,white,CORR_L2_f0.7,0.003974432699002939,-0.015567898752268024,0.004121210065546865,0.0036150726041675185,0.0017234005691263397,F6b,0.015567898752268024,0.08849238770867868,0.9737468410387543,-0.08849238770867868,-0.02852777857775945,-0.012335787316590885,0.054862716786966456,0.005200540042362281,0.5893027698185291,10
0.0006810344185204161,0.0070869475837173155,0.5,white,CORR_L4_f0.0,0.0057631919825872485,-0.018128003939755874,0.005221215243006753,0.01665453026074877,0.003281934127616428,F6b,0.02870187838812835,0.08670362842509437,0.9326046627077873,-0.08670362842509437,-0.031087883765247303,-0.011235782139130996,0.06790217444354771,0.00675907360085237,0.6876790830945558,10
0.0006810344185204161,0.0070869475837173155,0.5,white,CORR_L4_f0.15,0.0020640983529364026,-0.013332313616061313,0.004384604436132769,0.010367729931820745,0.0010210600199669065,F6b,0.02157730850642492,0.09040272205474521,0.9486699273264076,-0.09040272205474521,-0.02629219344155274,-0.01207239294600498,0.06161537411461968,0.004498199493202848,0.6485195797516714,10
0.0006810344185204161,0.0070869475837173155,0.5,white,CORR_L4_f0.3,0.0028173470208314455,-0.01442822918224289,0.00921061431719472,0.0019000102855284487,-0.0030163707452594522,F6b,0.01442822918224289,0.08964947338685017,0.9621433474598475,-0.08964947338685017,-0.027388109007734317,-0.007246383064943028,0.053147654468327386,0.0004607687279764894,0.6241642788920726,10
0.0006810344185204161,0.0070869475837173155,0.5,white,CORR_L4_f0.5,0.0006671451856627986,-0.019026395002897795,0.010207114158826495,-0.002772472064944083,0.0023419837236691287,F6b,0.019026395002897795,0.09179967522201882,0.9695814261055017,-0.09179967522201882,-0.03198627482838922,-0.006249883223311254,0.048475172117854855,0.00581912319690507,0.5983763132760267,10
0.0006810344185204161,0.0070869475837173155,0.5,white,CORR_L4_f0.7,0.0032310873841586013,-0.014969147531749135,0.007140889499523028,0.004558455755279127,0.0028067803370662977,F6b,0.015897531678110963,0.08923573302352301,0.9734245658040038,-0.08923573302352301,-0.027929027357240562,-0.009316107882614721,0.055806099938078065,0.006283919810302239,0.58810888252149,10
0.0006810344185204161,0.0070869475837173155,0.5,white,CORR_L6_f0.0,-0.0036631168291803434,-0.021523168159507743,0.001006965555472781,0.010656414675876948,0.0028037722613453225,F6b,0.02251393495772515,0.09612993723686196,0.9278431796063985,-0.09612993723686196,-0.03448304798499917,-0.015450031826664969,0.061904058858675885,0.006280911734581264,0.7225405921680993,10
0.0006810344185204161,0.0070869475837173155,0.5,white,CORR_L6_f0.15,-0.005160762083672055,-0.01851924555820393,0.004540629669489172,0.011558042100199617,0.0006971026759178267,F6b,0.01851924555820393,0.09762758249135367,0.9428631078481313,-0.09762758249135367,-0.03147912538369536,-0.011916367712648578,0.06280568628299855,0.004174242149153768,0.6480420248328558,10
0.0006810344185204161,0.0070869475837173155,0.5,white,CORR_L6_f0.3,0.003130567046640373,-0.015454634315120478,0.0069700131799280834,0.0007363627678033044,-0.003985373805137608,F6b,0.015454634315120478,0.08933625336104124,0.9621086138345081,-0.08933625336104124,-0.028414514140611906,-0.009486984202209666,0.05198400695060224,-0.0005082343319016664,0.625119388729704,10
0.0006810344185204161,0.0070869475837173155,0.5,white,CORR_L6_f0.5,0.0002283644113892508,-0.019525256801377205,0.00889698302709447,-0.004106285026224933,0.0031197558986989435,F6b,0.019525256801377205,0.09223845599629237,0.9690655734107964,-0.09223845599629237,-0.03248513662686863,-0.007560014355043281,0.047141359156574004,0.006596895371934885,0.5967048710601719,10
0.0006810344185204161,0.0070869475837173155,0.5,white,CORR_L6_f0.7,0.0032310873841586013,-0.014969147531749135,0.007140889499523028,0.004558455755279127,0.0028067803370662977,F6b,0.015897531678110963,0.08923573302352301,0.9734245658040038,-0.08923573302352301,-0.027929027357240562,-0.009316107882614721,0.055806099938078065,0.006283919810302239,0.58810888252149,10
0.0006810344185204161,0.0070869475837173155,0.5,white,CORR_L10_f0.0,-0.0018839671222736915,-0.013083889797050505,-0.0001039122165440963,0.0011592327662299506,-0.007346545451596061,F6b,0.019719640930021,0.09435078752995531,0.9301808147826267,-0.09435078752995531,-0.026043769622541933,-0.016560909598681846,0.05240687694902889,-0.0038694059783601197,0.774116523400191,10
0.0006810344185204161,0.0070869475837173155,0.5,white,CORR_L10_f0.15,-0.0035620190110764866,-0.01673384677383568,0.003235369130643123,0.008184462745371601,0.0022174970206156573,F6b,0.018666065185484665,0.0960288394187581,0.9444344904109558,-0.0960288394187581,-0.029693726599327105,-0.013221628251494626,0.05943210692817054,0.005694636493851599,0.6590257879656161,10
0.0006810344185204161,0.0070869475837173155,0.5,white,CORR_L10_f0.3,0.0007934100070023931,-0.01660652031967237,0.00700609129020081,-0.0017299125249266648,-0.004453711903352309,F6b,0.01660652031967237,0.09167341040067922,0.9610781875677654,-0.09167341040067922,-0.029566400145163797,-0.00945090609193694,0.04951773165787227,-0.0009765724301163676,0.6224928366762178,10
0.0006810344185204161,0.0070869475837173155,0.5,white,CORR_L10_f0.5,0.00028215785899354806,-0.019437284633441618,0.008794190708059892,-0.004366703430314985,0.0036439503225223864,F6b,0.019437284633441618,0.09218466254868807,0.9692963806138409,-0.09218466254868807,-0.032397164458933043,-0.007662806674077858,0.04688094075248395,0.007121089795758328,0.5974212034383954,10
0.0006810344185204161,0.0070869475837173155,0.5,white,CORR_L10_f0.7,0.0032310873841586013,-0.014969147531749135,0.007140889499523028,0.004558455755279127,0.0028067803370662977,F6b,0.015897531678110963,0.08923573302352301,0.9734245658040038,-0.08923573302352301,-0.027929027357240562,-0.009316107882614721,0.055806099938078065,0.006283919810302239,0.58810888252149,10
0.0006810344185204161,0.0070869475837173155,0.5,white,CORR_L20_f0.0,0.0011735816195972137,-0.011156655497611427,-0.0006874583190151808,0.005788921263742017,0.004177032044582044,F6b,0.01923446651724348,0.0912932387880844,0.9180816597501724,-0.0912932387880844,-0.024116535323102855,-0.01714445570115293,0.057036565446540954,0.007654171517817985,0.7824737344794651,10
0.0006810344185204161,0.0070869475837173155,0.5,white,CORR_L20_f0.15,-0.003957238286214873,-0.01568512873419612,0.003426494146905582,0.006794417092314896,0.0013990497458459513,F6b,0.018028290278691284,0.09642405869389649,0.9447991510399626,-0.09642405869389649,-0.028645008559687546,-0.013030503235232168,0.05804206127511383,0.004876189219081893,0.6611747851002865,10
0.0006810344185204161,0.0070869475837173155,0.5,white,CORR_L20_f0.3,0.0007934100070023931,-0.01660652031967237,0.00700609129020081,-0.0017299125249266648,-0.004453711903352309,F6b,0.01660652031967237,0.09167341040067922,0.9610781875677654,-0.09167341040067922,-0.029566400145163797,-0.00945090609193694,0.04951773165787227,-0.0009765724301163676,0.6224928366762178,10
0.0006810344185204161,0.0070869475837173155,0.5,white,CORR_L20_f0.5,0.00028215785899354806,-0.019437284633441618,0.008794190708059892,-0.004366703430314985,0.0036439503225223864,F6b,0.019437284633441618,0.09218466254868807,0.9692963806138409,-0.09218466254868807,-0.032397164458933043,-0.007662806674077858,0.04688094075248395,0.007121089795758328,0.5974212034383954,10
0.0006810344185204161,0.0070869475837173155,0.5,white,CORR_L20_f0.7,0.0032310873841586013,-0.014969147531749135,0.007140889499523028,0.004558455755279127,0.0028067803370662977,F6b,0.015897531678110963,0.08923573302352301,0.9734245658040038,-0.08923573302352301,-0.027929027357240562,-0.009316107882614721,0.055806099938078065,0.006283919810302239,0.58810888252149,10
0.0006810344185204161,0.0070869475837173155,0.5,white,DITHER_s0.5,0.11199288543401796,-0.021650976707465845,-0.009091178965916796,-0.016032624123974652,0.012347964640676931,F6b,0.11199288543401796,0.07207646799914127,0.5517758241832262,0.019526065026336345,-0.03461085653295727,-0.025548176348054546,0.035215020058824285,0.015825104113912872,0.4988061127029608,10
0.0006810344185204161,0.0070869475837173155,0.5,white,DITHER_s1.0,0.13808582210403686,-0.010384264537879,-0.004869343070092895,-0.06824753752239228,-0.03649569641237434,F6b,0.13808582210403686,0.061800674682299134,0.531562700987128,0.04561900169635523,-0.023344144363370428,-0.021326340452230644,-0.016999893339593345,-0.033018556939138397,0.5062082139446036,10
0.0006810344185204161,0.0070869475837173155,0.5,white,DITHER_s2.0,0.09694086306447494,0.11282385331831811,0.01747298698223034,0.022545621140802677,-0.040842019228512744,F6b,0.11282385331831811,0.09986397349282668,0.5373093619285552,0.004474042656793325,0.09986397349282668,0.0010159896000925927,0.07379326532360161,-0.0373648797552768,0.5050143266475645,10
0.0006810344185204161,0.0070869475837173155,0.5,white,DITHER_blind,0.15280578233013314,0.050503631682090516,0.07227649416519459,-0.019270047112000588,0.0270581880530258,F6b,0.15280578233013314,0.06033896192245152,0.46227393920492715,0.06033896192245152,0.03754375185659909,0.055819496783056845,0.03197759707079835,0.03053532752626174,0.4882999044890162,10
0.0008445753069490312,0.008168272931429885,0.0,white,NOATTACK,0.0,0.0,0.0,0.0,0.0,F6b,0.0,0.1233393893984062,0.0,-0.1233393893984062,0.03660299453032855,-0.04265542392442089,-0.01480480442788399,0.004754960454856017,0.0,11
0.0008445753069490312,0.008168272931429885,0.02,white,MEMLESS,0.009545510385231909,0.002143949252580879,0.021661604194597575,-0.04461912827836608,0.012102832621084293,F6b,0.04461912827836608,0.1137938790131743,0.6165637931842732,-0.1137938790131743,0.03874694378290943,-0.020993819729823317,-0.05942393270625007,0.01685779307594031,0.030449391012179756,11
0.0008445753069490312,0.008168272931429885,0.02,white,CORR_L2_f0.0,0.012268408489567437,0.00569555497909368,0.013621067750424279,-0.002796508415045723,0.006982675106146732,F6b,0.03601728472835773,0.11107098090883877,0.5761535365436633,-0.11107098090883877,0.04229854950942223,-0.029034356173996613,-0.017601312842929713,0.01173763556100275,0.026879462410751787,11
0.0008445753069490312,0.008168272931429885,0.02,white,CORR_L2_f0.15,-0.00665900539021945,0.01873772886211869,0.0012123669911480242,-0.010455436046690903,0.008020133608475078,F6b,0.04049656442483054,0.12999839478862565,0.5922605842830633,-0.12999839478862565,0.05534072339244724,-0.04144305693327287,-0.025260240474574893,0.012775094063331096,0.02981940361192776,11
0.0008445753069490312,0.008168272931429885,0.02,white,CORR_L2_f0.3,-0.012615498093145203,0.02730620669508082,-0.001971689511609011,0.005434716812321562,-0.012061133115278275,F6b,0.05053953930146471,0.1359548874915514,0.5965785498027218,-0.1359548874915514,0.06390920122540937,-0.0446271134360299,-0.009370087615562428,-0.007306172660422258,0.030239395212095756,11
0.0008445753069490312,0.008168272931429885,0.02,white,CORR_L2_f0.5,-0.004586579284599171,0.015384997896364445,-0.01803772613665902,0.005204863058018885,-0.008451385932803005,F6b,0.03169079124780572,0.12792596868300538,0.6131376883033398,-0.12792596868300538,0.051987992426693,-0.06069315006107991,-0.009599941369865105,-0.0036964254779469886,0.03212935741285174,11
0.0008445753069490312,0.008168272931429885,0.02,white,CORR_L2_f0.7,0.002947502121747131,0.00956633099115723,-0.009204308382646312,-0.017928663112530774,0.018435056613854105,F6b,0.034130464884800475,0.12039188727665907,0.6177884817881967,-0.12039188727665907,0.04616932552148578,-0.051859732307067204,-0.032733467540414764,0.02319001706871012,0.031919361612767747,11
0.0008445753069490312,0.008168272931429885,0.02,white,CORR_L4_f0.0,0.0219659892028691,0.024974918741540224,-0.009783178585490757,-0.023390685525930738,-0.0006418911567472839,F6b,0.04146171126067084,0.1013734001955371,0.570149025326444,-0.1013734001955371,0.061577913271868776,-0.05243860250991165,-0.03819548995381473,0.0041130692981087335,0.03359932801343973,11
0.0008445753069490312,0.008168272931429885,0.02,white,CORR_L4_f0.15,0.02454967773705742,0.025860838757629012,0.007249365299638287,-0.02734801375252402,0.0035505400626769977,F6b,0.050513702391554276,0.09878971166134878,0.5766252951518421,-0.09878971166134878,0.062463833287957564,-0.035406058624782605,-0.04215281818040801,0.008305500517533015,0.02897942041159177,11
0.0008445753069490312,0.008168272931429885,0.02,white,CORR_L4_f0.3,0.00869358104416422,0.022564142193526593,0.002483936244378017,-0.037193916629715704,-0.019632989672997148,F6b,0.037193916629715704,0.11464580835424198,0.5964827452632331,-0.11464580835424198,0.059167136723855145,-0.040171487680042875,-0.051998721057599694,-0.01487802921814113,0.031919361612767747,11
0.0008445753069490312,0.008168272931429885,0.02,white,CORR_L4_f0.5,0.010984674846208756,0.025486728790848248,-0.0214865767169004,-0.00848278520534574,-0.021280070661428577,F6b,0.033569205936125245,0.11235471455219745,0.6051278016245042,-0.11235471455219745,0.0620897233211768,-0.06414200064132129,-0.02328758963322973,-0.01652511020657256,0.030239395212095756,11
0.0008445753069490312,0.008168272931429885,0.02,white,CORR_L4_f0.7,0.004951006407815886,0.009297223236827856,-0.00989896360726257,-0.01714065504195709,0.009470650760944384,F6b,0.0373063704399396,0.11838838299059032,0.620047259042525,-0.11838838299059032,0.04590021776715641,-0.05255438753168346,-0.03194545946984108,0.014225611215800401,0.03275934481310374,11
0.0008445753069490312,0.008168272931429885,0.02,white,CORR_L6_f0.0,0.007662570226934021,0.06212441549821592,-0.048530579319789845,0.008282161981622318,-0.0063123695701637235,F6b,0.06212441549821592,0.11567681917147218,0.5431614906064529,-0.11567681917147218,0.09872741002854447,-0.09118600324421074,-0.006522642446261672,-0.0015574091153077057,0.030449391012179756,11
0.0008445753069490312,0.008168272931429885,0.02,white,CORR_L6_f0.15,0.017780637129940075,0.01788514537122622,-0.005832890305741405,-0.017039730103563085,-0.018471514436185967,F6b,0.042085447257697764,0.10555875226846613,0.5757250574079177,-0.10555875226846613,0.05448813990155477,-0.0484883142301623,-0.031844534531447075,-0.01371655398132995,0.030449391012179756,11
0.0008445753069490312,0.008168272931429885,0.02,white,CORR_L6_f0.3,0.006424218174840388,0.031557597327256236,-0.000956925798859122,-0.02548091603847999,-0.024806956108144193,F6b,0.03697367849241595,0.11691517122356582,0.5922091685519097,-0.11691517122356582,0.06816059185758479,-0.043612349723280014,-0.04028572046636398,-0.020051995653288177,0.030869382612347753,11
0.0008445753069490312,0.008168272931429885,0.02,white,CORR_L6_f0.5,0.010106565070812312,0.024717000701544332,-0.022441176402014158,-0.006687787234281178,-0.025867345771215987,F6b,0.03416301396244494,0.11323282432759389,0.6054166745360047,-0.11323282432759389,0.061319995231872884,-0.06509660032643505,-0.02149259166216517,-0.02111238531635997,0.030449391012179756,11
0.0008445753069490312,0.008168272931429885,0.02,white,CORR_L6_f0.7,0.004951006407815886,0.009297223236827856,-0.00989896360726257,-0.01714065504195709,0.009470650760944384,F6b,0.0373063704399396,0.11838838299059032,0.620047259042525,-0.11838838299059032,0.04590021776715641,-0.05255438753168346,-0.03194545946984108,0.014225611215800401,0.03275934481310374,11
0.0008445753069490312,0.008168272931429885,0.02,white,CORR_L10_f0.0,0.01066281564252601,0.06515783485353405,-0.054329338515946964,0.00037579441239835726,-0.016616964264644065,F6b,0.06515783485353405,0.1126765737558802,0.5509486705129581,-0.1126765737558802,0.10176082938386259,-0.09698476244036786,-0.014429010015485633,-0.011862003809788047,0.04136917261654767,11
0.0008445753069490312,0.008168272931429885,0.02,white,CORR_L10_f0.15,0.013516897688755344,0.021352971852732057,-0.007202587170216365,-0.021974378961583795,-0.014984654193441561,F6b,0.039102424267564086,0.10982249170965086,0.5789434487888471,-0.10982249170965086,0.05795596638306061,-0.04985801109463726,-0.036779183389467784,-0.010229693738585543,0.03233935321293574,11
0.0008445753069490312,0.008168272931429885,0.02,white,CORR_L10_f0.3,0.0070390128620799325,0.031643535509483546,0.0005575949724049775,-0.028076594009062324,-0.02387680541841257,F6b,0.036711880204130506,0.11630037653632627,0.5932268571723132,-0.11630037653632627,0.0682465300398121,-0.042097828952015914,-0.042881398436946314,-0.019121844963556553,0.031499370012599746,11
0.0008445753069490312,0.008168272931429885,0.02,white,CORR_L10_f0.5,0.010106565070812312,0.024717000701544332,-0.022441176402014158,-0.006687787234281178,-0.025867345771215987,F6b,0.03416301396244494,0.11323282432759389,0.6054166745360047,-0.11323282432759389,0.061319995231872884,-0.06509660032643505,-0.02149259166216517,-0.02111238531635997,0.030449391012179756,11
0.0008445753069490312,0.008168272931429885,0.02,white,CORR_L10_f0.7,0.004951006407815886,0.009297223236827856,-0.00989896360726257,-0.01714065504195709,0.009470650760944384,F6b,0.0373063704399396,0.11838838299059032,0.620047259042525,-0.11838838299059032,0.04590021776715641,-0.05255438753168346,-0.03194545946984108,0.014225611215800401,0.03275934481310374,11
0.0008445753069490312,0.008168272931429885,0.02,white,CORR_L20_f0.0,0.016282535818397836,0.051785883436995604,-0.05089948041454246,0.009021520896998116,-0.004168477453434599,F6b,0.051785883436995604,0.10705685358000837,0.5384593737082277,-0.10705685358000837,0.08838887796732416,-0.09355490433896335,-0.0057832835308858745,0.0005864830014214179,0.051658966820663586,11
0.0008445753069490312,0.008168272931429885,0.02,white,CORR_L20_f0.15,0.014335237550723745,0.021565517253808335,-0.0062280861904488935,-0.02141547881807796,-0.016544863055146363,F6b,0.03878528618505315,0.10900415184768246,0.5797911744680655,-0.10900415184768246,0.058168511784136886,-0.048883510114869785,-0.03622028324596195,-0.011789902600290345,0.032549349013019736,11
0.0008445753069490312,0.008168272931429885,0.02,white,CORR_L20_f0.3,0.0070390128620799325,0.031643535509483546,0.0005575949724049775,-0.028076594009062324,-0.02387680541841257,F6b,0.036711880204130506,0.11630037653632627,0.5932268571723132,-0.11630037653632627,0.0682465300398121,-0.042097828952015914,-0.042881398436946314,-0.019121844963556553,0.031499370012599746,11
0.0008445753069490312,0.008168272931429885,0.02,white,CORR_L20_f0.5,0.010106565070812312,0.024717000701544332,-0.022441176402014158,-0.006687787234281178,-0.025867345771215987,F6b,0.03416301396244494,0.11323282432759389,0.6054166745360047,-0.11323282432759389,0.061319995231872884,-0.06509660032643505,-0.02149259166216517,-0.02111238531635997,0.030449391012179756,11
0.0008445753069490312,0.008168272931429885,0.02,white,CORR_L20_f0.7,0.004951006407815886,0.009297223236827856,-0.00989896360726257,-0.01714065504195709,0.009470650760944384,F6b,0.0373063704399396,0.11838838299059032,0.620047259042525,-0.11838838299059032,0.04590021776715641,-0.05255438753168346,-0.03194545946984108,0.014225611215800401,0.03275934481310374,11
0.0008445753069490312,0.008168272931429885,0.02,white,DITHER_s0.5,0.07168865458188459,-0.07163042881634957,0.04869465439107867,0.03433662803862696,-0.015252941831438133,F6b,0.07168865458188459,0.05165073481652162,0.05307684246546961,-0.05165073481652162,-0.03502743428602102,0.00603923046665778,0.019531823610742963,-0.010497981376582116,0.023519529609407813,11
0.0008445753069490312,0.008168272931429885,0.02,white,DITHER_s1.0,0.020569157719679848,-0.010761502134167149,-0.03389865338207471,0.05183228869099894,-0.0034504695932606557,F6b,0.08049520437862881,0.10277023167872636,0.03491140185506903,-0.10277023167872636,0.025841492396161403,-0.0765540773064956,0.03702748426311495,0.0013044908615953616,0.018059638807223857,11
0.0008445753069490312,0.008168272931429885,0.02,white,DITHER_s2.0,0.07241788266367458,0.12366860684687578,-0.030033776417912668,0.010584933192088319,-0.04538593666292071,F6b,0.12366860684687578,0.16027160137720434,0.07030798228889111,-0.05092150673473163,0.16027160137720434,-0.07268920034233356,-0.004219871235795671,-0.0406309762080647,0.02246955060898782,11
0.0008445753069490312,0.008168272931429885,0.02,white,DITHER_blind,0.01087079169388079,0.00011775350778896881,-0.003897600520090881,0.0036225477457929416,-0.0013727090754577158,F6b,0.01087079169388079,0.11246859770452541,0.010492754819023712,-0.11246859770452541,0.03672074803811752,-0.04655302444451177,-0.011182256682091048,0.0033822513793983016,0.017219655606887863,11
0.0008445753069490312,0.008168272931429885,0.05,white,MEMLESS,-0.03342133211934535,-0.03971286869159541,0.0007624087720232084,-0.020334458200667246,0.04270395690059666,F6b,0.04270395690059666,0.15676072151775156,0.7195565184646493,-0.15676072151775156,-0.0031098741612668604,-0.041893015152397683,-0.035139262628551236,0.04745891735545268,0.07727845443091139,11
0.0008445753069490312,0.008168272931429885,0.05,white,CORR_L2_f0.0,-0.012213681905422505,-0.014886384337156961,-0.007449175519520734,-0.004048297111563341,-0.012756201591640412,F6b,0.04188683537329667,0.1355530713038287,0.6675001039939781,-0.1355530713038287,0.02171661019317159,-0.050104599443941626,-0.01885310153944733,-0.008001241136784394,0.06845863082738345,11
0.0008445753069490312,0.008168272931429885,0.05,white,CORR_L2_f0.15,-0.011535817233567294,-0.020649872170193356,-0.010712244818761513,-0.005550358560046195,-0.0055718982595255335,F6b,0.03904147986362272,0.1348752066319735,0.679159075210511,-0.1348752066319735,0.015953122360135196,-0.053367668743182405,-0.020355162987930185,-0.0008169378046695157,0.06992860142797144,11
0.0008445753069490312,0.008168272931429885,0.05,white,CORR_L2_f0.3,-0.01961076822567774,-0.018203375626524233,-0.017126241638258766,0.0008564472545789688,-0.012088418391908563,F6b,0.03659295143984472,0.14295015762408395,0.6866272511794187,-0.14295015762408395,0.01839961890380432,-0.05978166556267966,-0.013948357173305021,-0.007333457937052546,0.06971860562788744,11
0.0008445753069490312,0.008168272931429885,0.05,white,CORR_L2_f0.5,-0.024485849912079014,-0.01817510928222601,-0.01400473017153843,-0.0015213359331562697,0.017970876366478802,F6b,0.026052349515906247,0.14782523931048522,0.7156877862912783,-0.14782523931048522,0.01842788524810254,-0.05666015409595932,-0.01632614036104026,0.02272583682133482,0.08252834943301134,11
0.0008445753069490312,0.008168272931429885,0.05,white,CORR_L2_f0.7,-0.03260159402399006,-0.0265076076124646,-0.007306858604933977,-0.015822398777815147,0.02767143988606076,F6b,0.04027432626834716,0.15594098342239626,0.7199073785553505,-0.15594098342239626,0.010095386917863953,-0.04996228252935487,-0.030627203205699137,0.032426400340916775,0.08000839983200336,11
0.0008445753069490312,0.008168272931429885,0.05,white,CORR_L4_f0.0,-0.01761830520899392,0.004522944947519696,-0.02400148460988622,0.0091367683008834,-0.01495659165549984,F6b,0.03076911240028368,0.14095769460740012,0.6540086829247798,-0.14095769460740012,0.04112593947784825,-0.06665690853430711,-0.00566803612700059,-0.010201631200643822,0.07748845023099538,11
0.0008445753069490312,0.008168272931429885,0.05,white,CORR_L4_f0.15,-0.015188223835741602,-0.004211864458035237,-0.01645185311658858,0.01006555915949964,-0.021376058684221193,F6b,0.036620650682886585,0.1385276132341478,0.6643750734543835,-0.1385276132341478,0.032391130072293314,-0.05910727704100947,-0.004739245268384351,-0.016621098229365177,0.07223855522889543,11
0.0008445753069490312,0.008168272931429885,0.05,white,CORR_L4_f0.3,-0.01764523138222289,-0.0033080972231029696,-0.010085985711707088,0.009814269279225424,-0.01602064768105585,F6b,0.03211135885404372,0.1409846207806291,0.6806687282020505,-0.1409846207806291,0.03329489730722558,-0.05274140963612798,-0.0049905351486585646,-0.011265687226199833,0.07244855102897942,11
0.0008445753069490312,0.008168272931429885,0.05,white,CORR_L4_f0.5,-0.017577657885476092,-0.016415693147576772,-0.021655513886923126,0.005425018201190198,0.0010076691348216522,F6b,0.03400593480370487,0.1409170472838823,0.7147347118010724,-0.1409170472838823,0.02018730138275178,-0.06431093781134402,-0.009379786226693792,0.0057626295896776696,0.08378832423351533,11
0.0008445753069490312,0.008168272931429885,0.05,white,CORR_L4_f0.7,-0.030199006045239826,-0.021232713961907533,-0.009317766916438139,-0.013389752724116182,0.023140270918988747,F6b,0.03464793843169839,0.15353839544364603,0.7219378368915566,-0.15353839544364603,0.015370280568421019,-0.05197319084085903,-0.02819455715200017,0.027895231373844764,0.08189836203275934,11
0.0008445753069490312,0.008168272931429885,0.05,white,CORR_L6_f0.0,-0.00954721668267712,0.019640492356543228,-0.025962739566619188,0.00046359765372806956,-0.015428880214188586,F6b,0.03897212373618526,0.13288660608108332,0.6315370119279062,-0.13288660608108332,0.05624348688687178,-0.06861816349104008,-0.01434120677415592,-0.010673919759332568,0.07286854262914742,11
0.0008445753069490312,0.008168272931429885,0.05,white,CORR_L6_f0.15,-0.009159702168758596,0.0013537558717812495,-0.01149201898544195,0.01070254449821835,-0.02219512173488544,F6b,0.03357433142804618,0.1324990915671648,0.6637521195723249,-0.1324990915671648,0.0379567504021098,-0.05414744290986284,-0.00410225992966564,-0.017440161280029422,0.0749685006299874,11
0.0008445753069490312,0.008168272931429885,0.05,white,CORR_L6_f0.3,-0.013930991135803386,-0.002028181903026477,-0.00806193192542759,0.015185813795713562,-0.01761262095620415,F6b,0.03556510983499559,0.1372703805342096,0.683011653489102,-0.1372703805342096,0.034574812627302075,-0.05071735584984848,0.00038100936782957276,-0.012857660501348133,0.0749685006299874,11
0.0008445753069490312,0.008168272931429885,0.05,white,CORR_L6_f0.5,-0.017009120630496102,-0.01690060576124424,-0.020605117708049507,0.006411651118173862,0.0017336441946914308,F6b,0.03531272519021453,0.1403485100289023,0.7145957169200636,-0.1403485100289023,0.01970238876908431,-0.0632605416324704,-0.008393153309710128,0.006488604649547448,0.08399832003359933,11
0.0008445753069490312,0.008168272931429885,0.05,white,CORR_L6_f0.7,-0.02991334947441622,-0.02117512695403555,-0.008776696938475832,-0.012676904585469603,0.024006774999529183,F6b,0.03453762657144466,0.15325273887282242,0.722196523439146,-0.15325273887282242,0.015427867576293,-0.051432120862896724,-0.027481709013353593,0.0287617354543852,0.08210835783284334,11
0.0008445753069490312,0.008168272931429885,0.05,white,CORR_L10_f0.0,0.005598635008259745,0.01675402643420186,-0.019229447756220014,-0.005617015343464416,-0.02512278991664987,F6b,0.04170990817202974,0.11774075439014646,0.6168567288522259,-0.11774075439014646,0.05335702096453041,-0.061884871680640906,-0.020421819771348406,-0.020367829461793854,0.07958840823183537,11
0.0008445753069490312,0.008168272931429885,0.05,white,CORR_L10_f0.15,-0.01012318453199225,0.00900131897105786,-0.006019564001692741,0.003870135961688854,-0.016707499042286685,F6b,0.03713973845629528,0.13346257393039845,0.6644307464532228,-0.13346257393039845,0.04560431350138641,-0.04867498792611363,-0.010934668466195136,-0.011952538587430667,0.07769844603107938,11
0.0008445753069490312,0.008168272931429885,0.05,white,CORR_L10_f0.3,-0.013757825938110549,-0.0021624779800846344,-0.0074071805388355935,0.015512946924493775,-0.017135952684445864,F6b,0.03497073107878929,0.13709721533651675,0.681927355772849,-0.13709721533651675,0.03444051655024392,-0.050062604463256485,0.0007081424966097851,-0.012380992229589846,0.0747585048299034,11
0.0008445753069490312,0.008168272931429885,0.05,white,CORR_L10_f0.5,-0.017009120630496102,-0.01690060576124424,-0.020605117708049507,0.006411651118173862,0.0017336441946914308,F6b,0.03531272519021453,0.1403485100289023,0.7145957169200636,-0.1403485100289023,0.01970238876908431,-0.0632605416324704,-0.008393153309710128,0.006488604649547448,0.08399832003359933,11
0.0008445753069490312,0.008168272931429885,0.05,white,CORR_L10_f0.7,-0.02991334947441622,-0.02117512695403555,-0.008776696938475832,-0.012676904585469603,0.024006774999529183,F6b,0.03453762657144466,0.15325273887282242,0.722196523439146,-0.15325273887282242,0.015427867576293,-0.051432120862896724,-0.027481709013353593,0.0287617354543852,0.08210835783284334,11
0.0008445753069490312,0.008168272931429885,0.05,white,CORR_L20_f0.0,0.013674626654437347,0.045427170234886384,-0.053192524791953584,0.007630189138701185,-0.011248027248446365,F6b,0.053192524791953584,0.10966476274396886,0.5851459529974758,-0.10966476274396886,0.08203016476521494,-0.09584794871637448,-0.007174615289182805,-0.006493066793590348,0.07769844603107938,11
0.0008445753069490312,0.008168272931429885,0.05,white,CORR_L20_f0.15,-0.010689901380043623,0.008213384388723606,-0.004574927263801584,0.003563975042457446,-0.015937726799075125,F6b,0.03915707500561788,0.13402929077844983,0.6621888223526082,-0.13402929077844983,0.04481637891905216,-0.047230351188222476,-0.011240829385426544,-0.011182766344219107,0.0762284754304914,11
0.0008445753069490312,0.008168272931429885,0.05,white,CORR_L20_f0.3,-0.013757825938110549,-0.0021624779800846344,-0.0074071805388355935,0.015512946924493775,-0.017135952684445864,F6b,0.03497073107878929,0.13709721533651675,0.681927355772849,-0.13709721533651675,0.03444051655024392,-0.050062604463256485,0.0007081424966097851,-0.012380992229589846,0.0747585048299034,11
0.0008445753069490312,0.008168272931429885,0.05,white,CORR_L20_f0.5,-0.017009120630496102,-0.01690060576124424,-0.020605117708049507,0.006411651118173862,0.0017336441946914308,F6b,0.03531272519021453,0.1403485100289023,0.7145957169200636,-0.1403485100289023,0.01970238876908431,-0.0632605416324704,-0.008393153309710128,0.006488604649547448,0.08399832003359933,11
0.0008445753069490312,0.008168272931429885,0.05,white,CORR_L20_f0.7,-0.02991334947441622,-0.02117512695403555,-0.008776696938475832,-0.012676904585469603,0.024006774999529183,F6b,0.03453762657144466,0.15325273887282242,0.722196523439146,-0.15325273887282242,0.015427867576293,-0.051432120862896724,-0.027481709013353593,0.0287617354543852,0.08210835783284334,11
0.0008445753069490312,0.008168272931429885,0.05,white,DITHER_s0.5,0.11963989337471069,0.11696221167312157,0.03388332452043624,-0.017138940656209065,-0.05392326525272385,F6b,0.11963989337471069,0.15356520620345013,0.13107749860737863,-0.00369949602369551,0.15356520620345013,-0.008772099403984652,-0.031943745084093055,-0.04916830479786783,0.051658966820663586,11
0.0008445753069490312,0.008168272931429885,0.05,white,DITHER_s1.0,0.05355750316232448,-0.025866432896242943,0.02978123160399348,-0.01708437955851167,0.010399105134931662,F6b,0.05355750316232448,0.06978188623608172,0.05894190049430463,-0.06978188623608172,0.01073656163408561,-0.012874192320427415,-0.03188918398639566,0.015154065589787678,0.04325913481730365,11
0.0008445753069490312,0.008168272931429885,0.05,white,DITHER_s2.0,0.044945738874107535,-0.041367855106655214,0.0600313632750754,-0.0005612924515517124,0.006741490657304305,F6b,0.06562071092820004,0.07839365052429867,0.0603418899773137,-0.07839365052429867,-0.00476486057632666,0.017375939350654505,-0.015366096879435702,0.011496451112160322,0.05879882402351953,11
0.0008445753069490312,0.008168272931429885,0.05,white,DITHER_blind,-0.004696488407388857,-0.009628495842164273,0.004537103256601449,-0.003464486499400919,0.010927981018016855,F6b,0.019238824937534066,0.12803587780579506,0.027453891653223865,-0.12803587780579506,0.02697449868816428,-0.03811832066781944,-0.01826929092728491,0.01568294147287287,0.0497690046199076,11
0.0008445753069490312,0.008168272931429885,0.1,white,MEMLESS,-0.05729286524900261,-0.038049998746186524,-0.009604194548117909,-0.0003064223285169712,0.006960282594200615,F6b,0.05729286524900261,0.1806322546474088,0.8005303515885646,-0.1806322546474088,-0.0014470042158579721,-0.0522596184725388,-0.015111226756400961,0.011715243049056632,0.14153716925661486,11
0.0008445753069490312,0.008168272931429885,0.1,white,CORR_L2_f0.0,-0.02021500420881127,-0.0311491725394527,-0.01296078699558087,-0.001666572608831303,0.0139274854635907,F6b,0.03372306644230992,0.14355439360721747,0.7627856129344446,-0.14355439360721747,0.005453821990875851,-0.05561621092000176,-0.016471377036715293,0.018682445918446717,0.15098698026039478,11
0.0008445753069490312,0.008168272931429885,0.1,white,CORR_L2_f0.15,-0.026539765007824442,-0.03243662870523673,-0.013299192087552578,0.0008088504442600643,0.0036582996012869727,F6b,0.036354297659457226,0.14987915440623065,0.7728467973008553,-0.14987915440623065,0.004166365825091817,-0.05595461601197347,-0.013995953983623926,0.00841326005614299,0.1499370012599748,11
0.0008445753069490312,0.008168272931429885,0.1,white,CORR_L2_f0.3,-0.030241852865565813,-0.030732908237571303,-0.020568912291878468,0.004770990597469145,0.00696353577056047,F6b,0.03858771463096231,0.15358124226397202,0.7831791521507071,-0.15358124226397202,0.005870086292757248,-0.06322433621629936,-0.010033813830414845,0.011718496225416488,0.14846703065938682,11
0.0008445753069490312,0.008168272931429885,0.1,white,CORR_L2_f0.5,-0.038915447341637835,-0.03211161737450248,-0.020137408808868155,0.0070205892810126565,0.0069250166423761176,F6b,0.038915447341637835,0.16225483674004404,0.788373539608274,-0.16225483674004404,0.00449137715582607,-0.06279283273328905,-0.007784215146871333,0.011679977097232135,0.14300713985720287,11
0.0008445753069490312,0.008168272931429885,0.1,white,CORR_L2_f0.7,-0.04124344447526877,-0.02812522118169641,-0.012597378975698424,0.011544646666390452,0.0031343768642737415,F6b,0.04124344447526877,0.16458283387367498,0.8014310198069411,-0.16458283387367498,0.008477773348632141,-0.055252802900119316,-0.003260157761493537,0.007889337319129759,0.14720705585888283,11
0.0008445753069490312,0.008168272931429885,0.1,white,CORR_L4_f0.0,-0.0165076827229141,-0.010769891025926726,-0.028143060943726338,0.016403584384685515,-0.00026536377802226837,F6b,0.029901630485892557,0.1398470721213203,0.7175855968863573,-0.1398470721213203,0.025833103504401825,-0.07079848486814723,0.001598779956801526,0.004489596676833749,0.14006719865602688,11
0.0008445753069490312,0.008168272931429885,0.1,white,CORR_L4_f0.15,-0.021778405207205462,-0.01864787324531069,-0.025514207069481883,0.015075678594325582,0.01235676193462655,F6b,0.03929424291433305,0.14511779460561167,0.7545518241904995,-0.14511779460561167,0.01795512128501786,-0.06816963099390277,0.0002708741664415927,0.017111722389482567,0.15602687946241076,11
0.0008445753069490312,0.008168272931429885,0.1,white,CORR_L4_f0.3,-0.021951218932381347,-0.01823441582062568,-0.01808000580250338,0.010363230954041926,0.014091212752316024,F6b,0.03735372277438685,0.14529060833078755,0.7770611082776545,-0.14529060833078755,0.018368578709702873,-0.06073542972692427,-0.004441573473842064,0.01884617320717204,0.15329693406131878,11
0.0008445753069490312,0.008168272931429885,0.1,white,CORR_L4_f0.5,-0.03787731104386667,-0.024636079863370894,-0.019108263986097017,0.019335769949880982,0.009247142905494943,F6b,0.0408551347860097,0.16121670044227288,0.786758371689619,-0.16121670044227288,0.01196691466695766,-0.06176368791051791,0.004530965521996992,0.01400210336035096,0.14426711465770684,11
0.0008445753069490312,0.008168272931429885,0.1,white,CORR_L4_f0.7,-0.041564881772797366,-0.030256600853623368,-0.009448740135312626,0.010460107604927691,0.0076775260855258395,F6b,0.041564881772797366,0.16490427117120357,0.7990273227956386,-0.16490427117120357,0.006346393676705182,-0.05210416405973352,-0.004344696822956298,0.012432486540381857,0.14489710205795883,11
0.0008445753069490312,0.008168272931429885,0.1,white,CORR_L6_f0.0,-0.009493718494400713,-0.006411518514364476,-0.026657401598022663,0.010910157813532596,-0.0051204294615595945,F6b,0.03707650044036043,0.13283310789280692,0.7071742035364597,-0.13283310789280692,0.030191476015964076,-0.06931282552244356,-0.0038946466143513934,-0.0003654690067035773,0.14657706845863083,11
0.0008445753069490312,0.008168272931429885,0.1,white,CORR_L6_f0.15,-0.020626868185820282,-0.014997669816206965,-0.02059904042083361,0.008400904013780576,0.009495229784969968,F6b,0.033037259397693225,0.1439662575842265,0.7504479537234362,-0.1439662575842265,0.021605324714121587,-0.0632544643452545,-0.006403900414103414,0.014250190239825987,0.15875682486350273,11
0.0008445753069490312,0.008168272931429885,0.1,white,CORR_L6_f0.3,-0.020001659068945174,-0.019699980778275103,-0.018301053153125774,0.0070825527395262005,0.012138596954574744,F6b,0.03620003897987217,0.14334104846735138,0.7716971823184069,-0.14334104846735138,0.01690301375205345,-0.060956477077546665,-0.0077222516883577895,0.01689355740943076,0.1501469970600588,11
0.0008445753069490312,0.008168272931429885,0.1,white,CORR_L6_f0.5,-0.03693904361978469,-0.023463719398655665,-0.01861712491229648,0.021114720353233384,0.009646908744810535,F6b,0.04039806288738758,0.1602784330181909,0.7867200773148688,-0.1602784330181909,0.013139275131672887,-0.06127254883671737,0.0063099159253493945,0.014401869199666552,0.14447711045779085,11
0.0008445753069490312,0.008168272931429885,0.1,white,CORR_L6_f0.7,-0.041564881772797366,-0.030256600853623368,-0.009448740135312626,0.010460107604927691,0.0076775260855258395,F6b,0.041564881772797366,0.16490427117120357,0.7990273227956386,-0.16490427117120357,0.006346393676705182,-0.05210416405973352,-0.004344696822956298,0.012432486540381857,0.14489710205795883,11
0.0008445753069490312,0.008168272931429885,0.1,white,CORR_L10_f0.0,-0.0039805195169122926,0.004501626715527923,-0.02206818456336495,0.0023509023303990347,-0.008978309257691833,F6b,0.0359402460551895,0.1273199089153185,0.7043776249053395,-0.1273199089153185,0.041104621245856475,-0.06472360848778584,-0.012453902097484955,-0.004223348802835817,0.15833683326333473,11
0.0008445753069490312,0.008168272931429885,0.1,white,CORR_L10_f0.15,-0.010779676778940525,-0.010012863697377097,-0.02351836864815391,0.01519265164471266,0.00435002234213007,F6b,0.033130246759674346,0.13411906617734673,0.7439579742066165,-0.13411906617734673,0.026590130832951454,-0.0661737925725748,0.0003878472168286693,0.009104982796986088,0.15371692566148676,11
0.0008445753069490312,0.008168272931429885,0.1,white,CORR_L10_f0.3,-0.02049941695329184,-0.019503282571299345,-0.01839765881127365,0.0076460575815296755,0.010954996748585792,F6b,0.032066468553496534,0.14383880635169805,0.7708730040156525,-0.14383880635169805,0.017099711959029207,-0.06105308273569454,-0.0071587468463543144,0.01570995720344181,0.1505669886602268,11
0.0008445753069490312,0.008168272931429885,0.1,white,CORR_L10_f0.5,-0.03693904361978469,-0.023463719398655665,-0.01861712491229648,0.021114720353233384,0.009646908744810535,F6b,0.04039806288738758,0.1602784330181909,0.7867200773148688,-0.1602784330181909,0.013139275131672887,-0.06127254883671737,0.0063099159253493945,0.014401869199666552,0.14447711045779085,11
0.0008445753069490312,0.008168272931429885,0.1,white,CORR_L10_f0.7,-0.041564881772797366,-0.030256600853623368,-0.009448740135312626,0.010460107604927691,0.0076775260855258395,F6b,0.041564881772797366,0.16490427117120357,0.7990273227956386,-0.16490427117120357,0.006346393676705182,-0.05210416405973352,-0.004344696822956298,0.012432486540381857,0.14489710205795883,11
0.0008445753069490312,0.008168272931429885,0.1,white,CORR_L20_f0.0,-0.003163988981494739,0.013373053932848322,-0.031047050926786578,-0.0066862700574221515,-0.021664830982589266,F6b,0.031047050926786578,0.12650337837990094,0.6846919538627375,-0.12650337837990094,0.049976048463176874,-0.07370247485120747,-0.02149107448530614,-0.01690987052773325,0.1749265014699706,11
0.0008445753069490312,0.008168272931429885,0.1,white,CORR_L20_f0.15,-0.010978312364899726,-0.009331816285790929,-0.018848912035712942,0.009920153980096401,0.0041476813320369356,F6b,0.03524057324108261,0.13431770176330593,0.7440957687425473,-0.13431770176330593,0.027271178244537623,-0.061504335960133834,-0.004884650447787589,0.008902641786892953,0.15476690466190676,11
0.0008445753069490312,0.008168272931429885,0.1,white,CORR_L20_f0.3,-0.019639709362701277,-0.019225971169017912,-0.017984853542548633,0.008383266316120951,0.011527965996096467,F6b,0.032044711956054475,0.14297909876110748,0.7699265825083645,-0.14297909876110748,0.01737702336131064,-0.060640277466969525,-0.006421538111763039,0.016282926450952483,0.1499370012599748,11
0.0008445753069490312,0.008168272931429885,0.1,white,CORR_L20_f0.5,-0.03693904361978469,-0.023463719398655665,-0.01861712491229648,0.021114720353233384,0.009646908744810535,F6b,0.04039806288738758,0.1602784330181909,0.7867200773148688,-0.1602784330181909,0.013139275131672887,-0.06127254883671737,0.0063099159253493945,0.014401869199666552,0.14447711045779085,11
0.0008445753069490312,0.008168272931429885,0.1,white,CORR_L20_f0.7,-0.041564881772797366,-0.030256600853623368,-0.009448740135312626,0.010460107604927691,0.0076775260855258395,F6b,0.041564881772797366,0.16490427117120357,0.7990273227956386,-0.16490427117120357,0.006346393676705182,-0.05210416405973352,-0.004344696822956298,0.012432486540381857,0.14489710205795883,11
0.0008445753069490312,0.008168272931429885,0.1,white,DITHER_s0.5,0.04680167083451087,-0.055608704044639135,0.04047126733964034,0.01078618686502365,-0.029879303604673495,F6b,0.06243399499300501,0.07653771856389534,0.18547677207095437,-0.07653771856389534,-0.01900570951431058,-0.0021841565847805487,-0.0040186175628603394,-0.025124343149817478,0.10877782444351113,11
0.0008445753069490312,0.008168272931429885,0.1,white,DITHER_s1.0,0.13232248109353825,0.06376567511584441,0.02158353843010319,-0.027255995378873715,-0.05414514753311852,F6b,0.13232248109353825,0.10036866964617297,0.176313986483043,0.008983091695132039,0.10036866964617297,-0.021071885494317703,-0.042060799806757705,-0.0493901870782625,0.10394792104157917,11
0.0008445753069490312,0.008168272931429885,0.1,white,DITHER_s2.0,0.002944027777827457,-0.052060922109712,-0.00724068335423135,-0.005304493656930365,-0.002796509320356826,F6b,0.052060922109712,0.12039536162057875,0.05830738400001188,-0.12039536162057875,-0.015457927579383447,-0.04989610727865224,-0.020109298084814355,0.0019584511344991912,0.10100797984040319,11
0.0008445753069490312,0.008168272931429885,0.1,white,DITHER_blind,0.03225625088769386,-0.04924847991410593,0.06932869239042255,-0.0043182806518613885,0.058059728595457924,F6b,0.0908208052260869,0.09108313851071234,0.12097177052156624,-0.09108313851071234,-0.012645485383777374,0.026673268466001654,-0.01912308507974538,0.06281468905031394,0.10247795044099119,11
0.0008445753069490312,0.008168272931429885,0.2,white,MEMLESS,-0.04241205086428575,-0.03431304098553366,-0.006197043195935371,0.008401886771667092,0.005089695536172699,F6b,0.04241205086428575,0.16575144026269195,0.8911310151425621,-0.16575144026269195,0.0022899535447948936,-0.04885246712035626,-0.006402917656216897,0.009844655991028716,0.26417471650566987,11
0.0008445753069490312,0.008168272931429885,0.2,white,CORR_L2_f0.0,-0.02814127725314365,-0.04633494373911732,-0.017243202669804385,0.016675475446704734,-0.005081233056058928,F6b,0.04633494373911732,0.15148066665154986,0.8520401733091157,-0.15148066665154986,-0.00973194920878877,-0.05989862659422528,0.001870671018820745,-0.00032627260120291065,0.28013439731205375,11
0.0008445753069490312,0.008168272931429885,0.2,white,CORR_L2_f0.15,-0.030047783187095736,-0.04059494200813818,-0.01565851924168083,0.0179635391044315,-0.004959660559675782,F6b,0.04059494200813818,0.15338717258550194,0.8601041984212323,-0.15338717258550194,-0.003991947477809626,-0.05831394316610172,0.003158734676547509,-0.00020470010481976467,0.27236455270894583,11
0.0008445753069490312,0.008168272931429885,0.2,white,CORR_L2_f0.3,-0.02775998144530538,-0.042234650741000045,-0.011741362688544511,0.018970669947293427,-0.006411422496987741,F6b,0.042234650741000045,0.15109937084371158,0.8662348594987469,-0.15109937084371158,-0.00563165621067149,-0.0543967866129654,0.004165865519409438,-0.001656462042131723,0.2614447711045779,11
0.0008445753069490312,0.008168272931429885,0.2,white,CORR_L2_f0.5,-0.03337427131167557,-0.033429474501533704,-0.02005174428925522,0.024080209235401426,-0.004063442116934867,F6b,0.03837985981526556,0.15671366071008178,0.8773454746298693,-0.15671366071008178,0.0031735200287948454,-0.06270716821367611,0.009275404807517436,0.000691518337921151,0.2603947921041579,11
0.0008445753069490312,0.008168272931429885,0.2,white,CORR_L2_f0.7,-0.04159123654023193,-0.03277058737735814,-0.018811351173137994,0.018749665202492084,0.003259585051421051,F6b,0.04159123654023193,0.16493062593863814,0.8842404339136901,-0.16493062593863814,0.003832407152970407,-0.061466775097558886,0.0039448607746080935,0.008014545506277069,0.25955480890382193,11
0.0008445753069490312,0.008168272931429885,0.2,white,CORR_L4_f0.0,-0.03298757032626835,-0.017813071619205992,-0.02963080641595641,0.02159524772891628,0.004968019647913499,F6b,0.03298757032626835,0.15632695972467456,0.814295530518119,-0.15632695972467456,0.01878992291112256,-0.0722862303403773,0.006790443301032288,0.009722980102769516,0.28538429231415374,11
0.0008445753069490312,0.008168272931429885,0.2,white,CORR_L4_f0.15,-0.033202942801730376,-0.022249722110488618,-0.022173177595902434,0.02095157360369209,-0.0018912634668244214,F6b,0.033380775461381566,0.15654233220013658,0.8392033349409722,-0.15654233220013658,0.014353272419839936,-0.06482860152032333,0.006146769175808101,0.002863696988031596,0.2780344393112138,11
0.0008445753069490312,0.008168272931429885,0.2,white,CORR_L4_f0.3,-0.03752450500162992,-0.02704356319565316,-0.018031651424785106,0.02624004287819582,-0.0017600433945205549,F6b,0.03752450500162992,0.16086389440003612,0.8551935492693973,-0.16086389440003612,0.009559431334675392,-0.060687075349206,0.011435238450311828,0.0029949170603354625,0.2616547669046619,11
0.0008445753069490312,0.008168272931429885,0.2,white,CORR_L4_f0.5,-0.03208519012645293,-0.02831460953550325,-0.02096780757312435,0.028535142401505273,-0.0029743847505927477,F6b,0.033458728337705704,0.15542457952485914,0.8699556940753792,-0.15542457952485914,0.0082883849948253,-0.06362323149754524,0.013730337973621283,0.0017805757042632698,0.252834943301134,11
0.0008445753069490312,0.008168272931429885,0.2,white,CORR_L4_f0.7,-0.039403345149833,-0.031150758317429993,-0.02142397407635121,0.0215480403786455,0.005109730368171426,F6b,0.039403345149833,0.1627427345482392,0.8801151171125575,-0.1627427345482392,0.005452236212898558,-0.0640793980007721,0.006743235950761511,0.009864690823027444,0.253464930701386,11
0.0008445753069490312,0.008168272931429885,0.2,white,CORR_L6_f0.0,-0.021863558605634034,-0.013860043792331137,-0.017559636242559164,0.010528760341173948,0.005320647393681827,F6b,0.024676110561497586,0.14520294800404024,0.7966454203598605,-0.14520294800404024,0.022742950737997415,-0.060215060166980056,-0.004276044086710041,0.010075607848537844,0.2855942881142377,11
0.0008445753069490312,0.008168272931429885,0.2,white,CORR_L6_f0.15,-0.02939509549106749,-0.0171104309512351,-0.02083921828630004,0.01618608199148079,-0.0019576511963787123,F6b,0.03308913519442816,0.1527344848894737,0.8321884986115792,-0.1527344848894737,0.01949256357909345,-0.06349464221072093,0.001381277563596803,0.002797309258477305,0.28055438891222173,11
0.0008445753069490312,0.008168272931429885,0.2,white,CORR_L6_f0.3,-0.03377627782609825,-0.02167639105506974,-0.019407792900944257,0.013891794109974279,-0.0013008732551344371,F6b,0.03623036304291889,0.15711566722450446,0.8499958154874127,-0.15711566722450446,0.014926603475258812,-0.06206321682536515,-0.0009130103179097115,0.00345408719972158,0.25598488030239397,11
0.0008445753069490312,0.008168272931429885,0.2,white,CORR_L6_f0.5,-0.030578076649006067,-0.02950541582134337,-0.019695347294232696,0.02851594045381819,-0.003592771781408414,F6b,0.0332983743696708,0.15391746604741227,0.8704801247396049,-0.15391746604741227,0.007097578708985184,-0.06235077121865359,0.013711136025934201,0.0011621886734476034,0.254094918101638,11
0.0008445753069490312,0.008168272931429885,0.2,white,CORR_L6_f0.7,-0.03943230846548694,-0.03130010216106509,-0.02146656300841985,0.021121778523225533,0.005297457764807654,F6b,0.03943230846548694,0.16277169786389314,0.8800549074132646,-0.16277169786389314,0.00530289236926346,-0.06412198693284074,0.006316974095341543,0.010052418219663671,0.253464930701386,11
0.0008445753069490312,0.008168272931429885,0.2,white,CORR_L10_f0.0,-0.01196275743597279,-0.011513755193368697,-0.030246471304395235,0.003395598059203798,-0.005756834531000498,F6b,0.030246471304395235,0.135302146834379,0.7934816148193606,-0.135302146834379,0.025089239336959855,-0.07290189522881613,-0.011409206368680192,-0.0010018740761444803,0.30260394792104156,11
0.0008445753069490312,0.008168272931429885,0.2,white,CORR_L10_f0.15,-0.029609563444687056,-0.01296956252043642,-0.02121266591962464,0.012560346788330387,-0.005303079274869387,F6b,0.03418603337247521,0.15294895284309326,0.8302370019444878,-0.15294895284309326,0.02363343200989213,-0.06386808984404553,-0.0022444576395536024,-0.00054811882001337,0.2843343133137337,11
0.0008445753069490312,0.008168272931429885,0.2,white,CORR_L10_f0.3,-0.03424827842958546,-0.021798131148762254,-0.020601951715279863,0.012870684994950974,-0.0018421977567939082,F6b,0.03661412921807605,0.15758766782799166,0.8490120673814144,-0.15758766782799166,0.014804863381566297,-0.06325737563970076,-0.0019341194329330158,0.002912762698062109,0.25535489290214197,11
0.0008445753069490312,0.008168272931429885,0.2,white,CORR_L10_f0.5,-0.030501404907922483,-0.029325952661982926,-0.019522744843072537,0.028893562625870523,-0.0035369638140255602,F6b,0.03326899884285833,0.1538407943063287,0.8706711444436848,-0.1538407943063287,0.007277041868345627,-0.06217816876749343,0.014088758197986533,0.0012179966408304571,0.25451490970180596,11
0.0008445753069490312,0.008168272931429885,0.2,white,CORR_L10_f0.7,-0.03943230846548694,-0.03130010216106509,-0.02146656300841985,0.021121778523225533,0.005297457764807654,F6b,0.03943230846548694,0.16277169786389314,0.8800549074132646,-0.16277169786389314,0.00530289236926346,-0.06412198693284074,0.006316974095341543,0.010052418219663671,0.253464930701386,11
0.0008445753069490312,0.008168272931429885,0.2,white,CORR_L20_f0.0,-0.008504290909174081,-0.0048420175673883625,-0.011197579761502575,0.007329504582283267,-0.004257666533914648,F6b,0.012921059042261348,0.13184368030758029,0.7762982350558104,-0.13184368030758029,0.03176097696294019,-0.05385300368592347,-0.007475299845600723,0.0004972939209413691,0.31688366232675347,11
0.0008445753069490312,0.008168272931429885,0.2,white,CORR_L20_f0.15,-0.02878638947138483,-0.011346895514962704,-0.02128991262570732,0.011369865095937747,-0.0026838527188006076,F6b,0.033228192357889416,0.15212577886979103,0.8309513945925942,-0.15212577886979103,0.025256099015365848,-0.06394533655012821,-0.0034349393319462436,0.0020711077360554097,0.2874842503149937,11
0.0008445753069490312,0.008168272931429885,0.2,white,CORR_L20_f0.3,-0.03424827842958546,-0.021798131148762254,-0.020601951715279863,0.012870684994950974,-0.0018421977567939082,F6b,0.03661412921807605,0.15758766782799166,0.8490120673814144,-0.15758766782799166,0.014804863381566297,-0.06325737563970076,-0.0019341194329330158,0.002912762698062109,0.25535489290214197,11
0.0008445753069490312,0.008168272931429885,0.2,white,CORR_L20_f0.5,-0.030501404907922483,-0.029325952661982926,-0.019522744843072537,0.028893562625870523,-0.0035369638140255602,F6b,0.03326899884285833,0.1538407943063287,0.8706711444436848,-0.1538407943063287,0.007277041868345627,-0.06217816876749343,0.014088758197986533,0.0012179966408304571,0.25451490970180596,11
0.0008445753069490312,0.008168272931429885,0.2,white,CORR_L20_f0.7,-0.03943230846548694,-0.03130010216106509,-0.02146656300841985,0.021121778523225533,0.005297457764807654,F6b,0.03943230846548694,0.16277169786389314,0.8800549074132646,-0.16277169786389314,0.00530289236926346,-0.06412198693284074,0.006316974095341543,0.010052418219663671,0.253464930701386,11
0.0008445753069490312,0.008168272931429885,0.2,white,DITHER_s0.5,0.17148213877847795,0.0023047575805822465,-0.01300975770025227,0.06190501904470147,-0.03744883710855113,F6b,0.17148213877847795,0.06228688514093069,0.46171227750626237,0.04814274938007176,0.0389077521109108,-0.05566518162467316,0.04710021461681748,-0.032693876653695116,0.2150356992860143,11
0.0008445753069490312,0.008168272931429885,0.2,white,DITHER_s1.0,0.1405578381775481,-0.05503470709817433,0.08421750269640836,-0.009690009278221896,0.011965203651857437,F6b,0.1405578381775481,0.06776346942680204,0.23032579421834004,0.017218448779141905,-0.01843171256784578,0.04156207877198747,-0.024494813706105886,0.016720164106713453,0.1881562368752625,11
0.0008445753069490312,0.008168272931429885,0.2,white,DITHER_s2.0,0.015887416024246676,-0.025842076313380022,0.015787895695180146,-0.03958080153366858,0.06277690645509823,F6b,0.06277690645509823,0.10745197337415953,0.20382691004252998,-0.10745197337415953,0.01076091821694853,-0.026867528229240746,-0.05438560596155257,0.06753186690995425,0.20684586308273833,11
0.0008445753069490312,0.008168272931429885,0.2,white,DITHER_blind,0.04267586643450773,-0.030688900479943843,-0.04362244258703168,0.03826576327204691,0.007506977088703571,F6b,0.058323480774154925,0.08627786651145257,0.14917517415125833,-0.08066352296389848,0.005914094050384709,-0.08627786651145257,0.023460958844162914,0.012261937543559588,0.1999160016799664,11
0.0008445753069490312,0.008168272931429885,0.3,white,MEMLESS,-0.045959972631850324,-0.02625438201876707,-0.010066123699425153,0.005741321907821841,0.0023176535421740715,F6b,0.045959972631850324,0.16929936203025653,0.9361410211257166,-0.16929936203025653,0.010348612511561479,-0.052721547623846045,-0.009063482520062149,0.007072613997030089,0.36560268794624107,11
0.0008445753069490312,0.008168272931429885,0.3,white,CORR_L2_f0.0,-0.024799268361879553,-0.032939320566229294,-0.010222250970348054,0.01262256183513326,-0.0003531486997887757,F6b,0.032939320566229294,0.14813865776028576,0.9023168664553798,-0.14813865776028576,0.003663673964099259,-0.052877674894768946,-0.00218224259275073,0.004401811755067242,0.3876522469550609,11
0.0008445753069490312,0.008168272931429885,0.3,white,CORR_L2_f0.15,-0.02282434404365248,-0.0313480676496749,-0.005800088592571917,0.0073506441512305315,-0.002600863923700445,F6b,0.033458475488460884,0.14616373344205869,0.9119545550860899,-0.14616373344205869,0.005254926880653652,-0.04845551251699281,-0.007454160276653458,0.0021540965311555725,0.3884922301553969,11
0.0008445753069490312,0.008168272931429885,0.3,white,CORR_L2_f0.3,-0.02160188726286498,-0.0285861299228074,-0.001266261269866363,0.007997060652160055,-0.00498415038818705,F6b,0.0285861299228074,0.14494127666127118,0.9225831972003439,-0.14494127666127118,0.008016864607521152,-0.043921685194287255,-0.006807743775723934,-0.00022918993333103288,0.3891222175556489,11
0.0008445753069490312,0.008168272931429885,0.3,white,CORR_L2_f0.5,-0.0255854169730685,-0.017568979154616086,-0.006937015059802862,0.009938545181600898,-0.0037097965817487677,F6b,0.0255854169730685,0.1489248063714747,0.9321668096973805,-0.1489248063714747,0.019034015375712466,-0.049592438984223754,-0.004866259246283093,0.00104516387310725,0.38282234355312894,11
0.0008445753069490312,0.008168272931429885,0.3,white,CORR_L2_f0.7,-0.033972066564070605,-0.019399817252295715,-0.005805491187759422,0.012278695911418832,0.0022722726550671373,F6b,0.033972066564070605,0.1573114559624768,0.9357504414041767,-0.1573114559624768,0.017203177278032836,-0.048460915112180314,-0.002526108516465157,0.007027233109923155,0.374002519949601,11
0.0008445753069490312,0.008168272931429885,0.3,white,CORR_L4_f0.0,-0.026948409955659544,-0.014927954465321178,-0.02157337116623439,0.012874985042744534,-0.004260351611401319,F6b,0.029527267309233905,0.15028779935406575,0.8689462275622869,-0.15028779935406575,0.021675040065007374,-0.06422879509065528,-0.0019298193851394563,0.0004946088434546983,0.3989920201595968,11
0.0008445753069490312,0.008168272931429885,0.3,white,CORR_L4_f0.15,-0.02223208885456572,-0.02057561509805905,-0.018378182624189686,0.02334133114227426,-0.009540685245149009,F6b,0.02505050727990757,0.14557147825297193,0.8920235824033205,-0.14557147825297193,0.016027379432269503,-0.06103360654861058,0.008536526714390272,-0.004785724790292991,0.39122217555648886,11
0.0008445753069490312,0.008168272931429885,0.3,white,CORR_L4_f0.3,-0.020037757903594924,-0.02053412296219605,-0.012405083277639638,0.015692511756586477,-0.0007246890148295227,F6b,0.027677548949208135,0.14337714730200113,0.9086765380691654,-0.14337714730200113,0.0160688715681325,-0.05506050720206053,0.0008877073287024856,0.004030271440026495,0.379882402351953,11
0.0008445753069490312,0.008168272931429885,0.3,white,CORR_L4_f0.5,-0.021259322318894977,-0.02055138951187349,-0.011233348943418806,0.008176748908336098,-0.0043247634433598945,F6b,0.021259322318894977,0.14459871171730118,0.9287742042190548,-0.14459871171730118,0.01605160501845506,-0.0538887728678397,-0.006628055519547891,0.00043019701149612263,0.37946241075178494,11
0.0008445753069490312,0.008168272931429885,0.3,white,CORR_L4_f0.7,-0.0330399823684628,-0.019240672946743077,-0.008773605179346805,0.011563122943124934,0.0030311768698174715,F6b,0.0330399823684628,0.156379371766869,0.9350456420174751,-0.156379371766869,0.017362321583585475,-0.0514290291037677,-0.003241681484759055,0.007786137324673489,0.37253254934901303,11
0.0008445753069490312,0.008168272931429885,0.3,white,CORR_L6_f0.0,-0.02648494177604717,-0.01578836408666367,-0.02332435868057698,0.01912831472643559,0.002754533885558859,F6b,0.02888455664959044,0.14982433117445337,0.8519130018747105,-0.14982433117445337,0.020814630443664883,-0.06597978260499787,0.004323510298551599,0.007509494340414876,0.40487190256194877,11
0.0008445753069490312,0.008168272931429885,0.3,white,CORR_L6_f0.15,-0.021946395476985556,-0.014391975657994962,-0.018945879034534152,0.02263688839494206,-0.007492380636279532,F6b,0.025974370475094353,0.14528578487539176,0.8898504368631218,-0.14528578487539176,0.02221101887233359,-0.061601302958955044,0.00783208396705807,-0.002737420181423515,0.3983620327593448,11
0.0008445753069490312,0.008168272931429885,0.3,white,CORR_L6_f0.3,-0.018620256053078946,-0.019623068211907565,-0.014305793828238801,0.014187992280370244,-0.0029239294680286493,F6b,0.027761934164612347,0.14195964545148515,0.9051296293371763,-0.14195964545148515,0.016979926318420987,-0.05696121775265969,-0.0006168121475137459,0.001831030986827368,0.375052498950021,11
0.0008445753069490312,0.008168272931429885,0.3,white,CORR_L6_f0.5,-0.020453250869489056,-0.02063829534167364,-0.00901937497283617,0.008897516889671761,-0.002619245039128204,F6b,0.021675752377183645,0.14379264026789526,0.9276663255396221,-0.14379264026789526,0.01596469918865491,-0.05167479889725706,-0.005907287538212229,0.0021357154157278136,0.377572448551029,11
0.0008445753069490312,0.008168272931429885,0.3,white,CORR_L6_f0.7,-0.033082022863663504,-0.01904753565026655,-0.008516622850141188,0.011836643623375028,0.0034742030068705037,F6b,0.033082022863663504,0.1564214122620697,0.9351112595897658,-0.1564214122620697,0.017555458880062002,-0.05117204677456208,-0.002968160804508962,0.008229163461726521,0.372742545149097,11
0.0008445753069490312,0.008168272931429885,0.3,white,CORR_L10_f0.0,-0.01838780267530972,-0.013975889902348049,-0.01842264980676759,0.003643762680968124,-0.010235158354828806,F6b,0.01977438759176908,0.14172719207371592,0.8387851007876413,-0.14172719207371592,0.022627104627980503,-0.06107807373118848,-0.011161041746915866,-0.00548019789997279,0.40592188156236875,11
0.0008445753069490312,0.008168272931429885,0.3,white,CORR_L10_f0.15,-0.022137122830380704,-0.015730487504943,-0.016357742318030527,0.021811260446698573,-0.012258662126371323,F6b,0.026513977881082697,0.1454765122287869,0.8894124691092159,-0.1454765122287869,0.020872507025385553,-0.05901316624245142,0.007006456018814583,-0.007503701671515306,0.40802183956320875,11
0.0008445753069490312,0.008168272931429885,0.3,white,CORR_L10_f0.3,-0.020869125311140505,-0.020661767897000267,-0.01376505139762163,0.01526616882766531,-0.002354207634772903,F6b,0.025756007126662064,0.1442085147095467,0.905062950815756,-0.1442085147095467,0.015941226633328285,-0.05642047532204252,0.0004613643997813199,0.002400752820083114,0.37715245695086097,11
0.0008445753069490312,0.008168272931429885,0.3,white,CORR_L10_f0.5,-0.020453250869489056,-0.02063829534167364,-0.00901937497283617,0.008897516889671761,-0.002619245039128204,F6b,0.021675752377183645,0.14379264026789526,0.9276663255396221,-0.14379264026789526,0.01596469918865491,-0.05167479889725706,-0.005907287538212229,0.0021357154157278136,0.377572448551029,11
0.0008445753069490312,0.008168272931429885,0.3,white,CORR_L10_f0.7,-0.033082022863663504,-0.01904753565026655,-0.008516622850141188,0.011836643623375028,0.0034742030068705037,F6b,0.033082022863663504,0.1564214122620697,0.9351112595897658,-0.1564214122620697,0.017555458880062002,-0.05117204677456208,-0.002968160804508962,0.008229163461726521,0.372742545149097,11
0.0008445753069490312,0.008168272931429885,0.3,white,CORR_L20_f0.0,-0.00955181389425773,-0.007178451123019344,-0.00850338539004103,0.004817529850390327,0.002961897883997284,F6b,0.012085379777444241,0.13289120329266393,0.830990736842933,-0.13289120329266393,0.029424543407309208,-0.05115880931446192,-0.009987274577493663,0.007716858338853301,0.4273414531709366,11
0.0008445753069490312,0.008168272931429885,0.3,white,CORR_L20_f0.15,-0.02351814450030308,-0.011989278973984031,-0.015705971284939058,0.01764863076797735,-0.006556670754808881,F6b,0.02351814450030308,0.14685753389870929,0.8896786152627091,-0.14685753389870929,0.02461371555634452,-0.05836139520935995,0.0028438263400933613,-0.0018017102999528637,0.4124317513649727,11
0.0008445753069490312,0.008168272931429885,0.3,white,CORR_L20_f0.3,-0.020710449823294355,-0.02038254015766156,-0.013560576040933657,0.015113198996336947,-0.002438603298331686,F6b,0.025721949343240038,0.14404983922170056,0.9051074047896568,-0.14404983922170056,0.016220454372666993,-0.05621599996535455,0.00030839456845295623,0.0023163571565243315,0.377362452750945,11
0.0008445753069490312,0.008168272931429885,0.3,white,CORR_L20_f0.5,-0.020453250869489056,-0.02063829534167364,-0.00901937497283617,0.008897516889671761,-0.002619245039128204,F6b,0.021675752377183645,0.14379264026789526,0.9276663255396221,-0.14379264026789526,0.01596469918865491,-0.05167479889725706,-0.005907287538212229,0.0021357154157278136,0.377572448551029,11
0.0008445753069490312,0.008168272931429885,0.3,white,CORR_L20_f0.7,-0.033082022863663504,-0.01904753565026655,-0.008516622850141188,0.011836643623375028,0.0034742030068705037,F6b,0.033082022863663504,0.1564214122620697,0.9351112595897658,-0.1564214122620697,0.017555458880062002,-0.05117204677456208,-0.002968160804508962,0.008229163461726521,0.372742545149097,11
0.0008445753069490312,0.008168272931429885,0.3,white,DITHER_s0.5,0.06469736940231666,0.009230384665506242,0.13334443005293362,0.02176531792413543,-0.003964746364798441,F6b,0.13334443005293362,0.09068900612851272,0.415579789756791,-0.058642019996089555,0.04583337919583479,0.09068900612851272,0.006960513496251441,0.0007902140900575756,0.28853422931541367,11
0.0008445753069490312,0.008168272931429885,0.3,white,DITHER_s1.0,0.13564401849567076,-0.01844773540249197,0.07355007120579801,0.05915624261553859,-0.025205559462679838,F6b,0.13564401849567076,0.06007776395577104,0.4154574688070093,0.012304629097264546,0.01815525912783658,0.03089464728137712,0.0443514381876546,-0.02045059900782382,0.30533389332213356,11
0.0008445753069490312,0.008168272931429885,0.3,white,DITHER_s2.0,0.17655893950141494,-0.007850813486708148,0.01803146831565608,-0.041343964962540426,0.03664634662865362,F6b,0.17655893950141494,0.08310901327729699,0.3374514891347049,0.05321955010300872,0.028752181043620404,-0.024623955608764812,-0.056148769390424416,0.041401307083509635,0.2939941201175976,11
0.0008445753069490312,0.008168272931429885,0.3,white,DITHER_blind,0.2323771033189556,-0.05924184258476364,-0.03189642241537053,0.024992655667086215,0.0495638876665073,F6b,0.2323771033189556,0.10903771392054941,0.35001967853317795,0.10903771392054941,-0.022638848054435088,-0.07455184633979142,0.010187851239202225,0.05431884812136332,0.28916421671566567,11
0.0008445753069490312,0.008168272931429885,0.5,white,MEMLESS,-0.02200200771490564,-0.0016694282035365077,-0.005010901738192491,0.0051164976082822,-0.004186406820095814,F6b,0.02200200771490564,0.14534139711331184,0.979243398672612,-0.14534139711331184,0.034933566326792044,-0.04766632566261338,-0.00968830681960179,0.0005685536347602033,0.5503989920201596,11
0.0008445753069490312,0.008168272931429885,0.5,white,CORR_L2_f0.0,-0.016605789403455987,-0.01611986808620661,0.0015565590856070066,0.001983399297589037,-0.005129984979281242,F6b,0.016605789403455987,0.1399451788018622,0.9609080873659266,-0.1399451788018622,0.02048312644412194,-0.041098864838813885,-0.012821405130294953,-0.00037502452442522455,0.5888282234355313,11
0.0008445753069490312,0.008168272931429885,0.5,white,CORR_L2_f0.15,-0.014949617442567328,-0.012181406983023384,0.002176150653520219,0.004995594161683797,-0.0047410064415736525,F6b,0.015096148844951945,0.13828900684097353,0.9672045576803829,-0.13828900684097353,0.024421587547305168,-0.04047927327090067,-0.009809210266200193,1.3954013282364973e-05,0.5884082318353633,11
0.0008445753069490312,0.008168272931429885,0.5,white,CORR_L2_f0.3,-0.012064294571909676,-0.009158928348518072,-0.0005105784748640763,0.006012760856290711,-0.0024926274473420157,F6b,0.013066531531425264,0.13540368397031588,0.9720937609205129,-0.13540368397031588,0.02744406618181048,-0.04316600239928497,-0.008792043571593279,0.0022623330075140016,0.5791684166316674,11
0.0008445753069490312,0.008168272931429885,0.5,white,CORR_L2_f0.5,-0.011734142884052515,-0.009253604078771321,-0.0009270881075509121,0.003309763707561836,-0.0036101931424172592,F6b,0.016449775688005527,0.13507353228245872,0.9760943684610451,-0.13507353228245872,0.02734939045155723,-0.043582512031971804,-0.011495040720322154,0.0011447673124387581,0.5671986560268795,11
0.0008445753069490312,0.008168272931429885,0.5,white,CORR_L2_f0.7,-0.019133823656112256,-0.0012414613776183664,-0.005671821008914085,0.001542015778991804,-0.0034916452694669546,F6b,0.019133823656112256,0.14247321305451846,0.9793395189815426,-0.14247321305451846,0.035361533152710185,-0.04832724493333498,-0.013262788648892186,0.001263315185389063,0.5627887442251155,11
0.0008445753069490312,0.008168272931429885,0.5,white,CORR_L4_f0.0,-0.01678578739590543,-0.009891416440057619,-0.008103574678811155,0.012917767094915359,-0.005724573736041878,F6b,0.018123308240878863,0.14012517679431163,0.9422251048535955,-0.14012517679431163,0.026711578090270933,-0.05075899860323205,-0.0018870373329686314,-0.0009696132811858602,0.6165476690466191,11
0.0008445753069490312,0.008168272931429885,0.5,white,CORR_L4_f0.15,-0.01245827857817454,-0.009353021259350426,-0.0014331189307588699,0.006737374648710813,0.0011634734361019496,F6b,0.01245827857817454,0.13579766797658074,0.9621554284807117,-0.13579766797658074,0.027249973270978126,-0.04408854285517976,-0.008067429779173177,0.005918433890957967,0.6163376732465351,11
0.0008445753069490312,0.008168272931429885,0.5,white,CORR_L4_f0.3,-0.015277511033044325,-0.013022901199203081,-0.004989577922377447,-0.000783195038376653,-0.0029061230110279954,F6b,0.015277511033044325,0.13861690043145053,0.9696019176876485,-0.13861690043145053,0.02358009333112547,-0.04764500184679834,-0.015587999466260643,0.0018488374438280217,0.5900881982360353,11
0.0008445753069490312,0.008168272931429885,0.5,white,CORR_L4_f0.5,-0.013360192811767771,-0.008564946131914282,-0.004600084262398038,0.006857902940010378,-0.0027011435555214145,F6b,0.015300324941954775,0.13669958221017398,0.9767860498152733,-0.13669958221017398,0.02803804839841427,-0.04725550818681893,-0.007946901487873612,0.002053816899334603,0.5766484670306594,11
0.0008445753069490312,0.008168272931429885,0.5,white,CORR_L4_f0.7,-0.019546542266943787,-0.004746633041077461,-0.009284811410743943,0.004316910390176482,-0.0059110218963519465,F6b,0.020293723331652205,0.14288593166535,0.9778284817915679,-0.14288593166535,0.03185636148925109,-0.051940235335164835,-0.010487894037707508,-0.001156061441495929,0.5535489290214196,11
0.0008445753069490312,0.008168272931429885,0.5,white,CORR_L6_f0.0,-0.015878867618847062,-0.014735756825099651,-0.012045747470370648,0.018151309074356498,-0.00797716901505245,F6b,0.018151309074356498,0.13921825701725327,0.9280549483288328,-0.13921825701725327,0.0218672377052289,-0.05470117139479154,0.003346504646472507,-0.003222208560196433,0.6213775724485511,11
0.0008445753069490312,0.008168272931429885,0.5,white,CORR_L6_f0.15,-0.009970128560983796,-0.006901757496089518,0.0021515853077788485,0.006960097281318764,-0.003835540998636059,F6b,0.017214553822699884,0.13330951795939,0.9595632614146321,-0.13330951795939,0.029701237034239034,-0.04050383861664204,-0.007844707146565226,0.0009194194562199583,0.6270474590508189,11
0.0008445753069490312,0.008168272931429885,0.5,white,CORR_L6_f0.3,-0.01306640729007659,-0.011833521239864812,-0.004788597945447025,0.0017759818276998334,-0.004103339725236877,F6b,0.01306640729007659,0.1364057966884828,0.9686491904728162,-0.1364057966884828,0.02476947329046374,-0.04744402186986792,-0.013028822600184157,0.000651620729619141,0.5890382192356153,11
0.0008445753069490312,0.008168272931429885,0.5,white,CORR_L6_f0.5,-0.015028019919171229,-0.008840110370831263,-0.005713678375504218,0.005871367659284773,-0.002158474082268631,F6b,0.01626752138807014,0.13836740931757743,0.9765408024429273,-0.13836740931757743,0.02776288415949729,-0.04836910229992511,-0.008933436768599217,0.002596486372587386,0.5758084838303233,11
0.0008445753069490312,0.008168272931429885,0.5,white,CORR_L6_f0.7,-0.019661590818580252,-0.004676525323821415,-0.0093967481833453,0.004221353622436891,-0.006041649026865615,F6b,0.02021238063244373,0.14300098021698646,0.977849200190846,-0.14300098021698646,0.03192646920650714,-0.05205217210776619,-0.010583450805447099,-0.0012866885720095981,0.5537589248215036,11
0.0008445753069490312,0.008168272931429885,0.5,white,CORR_L10_f0.0,-0.014241855492978808,-0.006751064891677747,-0.017329332776197713,0.015520735351244031,-0.007086370435092805,F6b,0.019801730523197867,0.137581244891385,0.912147541781352,-0.137581244891385,0.029851929638650805,-0.059984756700618605,0.0007159309233600405,-0.002331409980236788,0.6110877782444352,11
0.0008445753069490312,0.008168272931429885,0.5,white,CORR_L10_f0.15,-0.010989001690910036,-0.00768766678427385,0.0003968321499418295,0.005062055856063782,-0.002283844634244997,F6b,0.018190800110462608,0.13432839108931624,0.9536971112258134,-0.13432839108931624,0.028915327746054702,-0.04225859177447906,-0.009742748571820208,0.0024711158206110204,0.6104577908441832,11
0.0008445753069490312,0.008168272931429885,0.5,white,CORR_L10_f0.3,-0.01277476942279919,-0.012466042420375915,-0.004427553869967439,0.001395071291202159,-0.0038051466709148217,F6b,0.01277476942279919,0.1361141588212054,0.9684570968069072,-0.1361141588212054,0.024136952109952637,-0.04708297779438833,-0.01340973313668183,0.0009498137839411956,0.5892482150356992,11
0.0008445753069490312,0.008168272931429885,0.5,white,CORR_L10_f0.5,-0.015116085551538247,-0.00881002618326944,-0.005826761977855727,0.005850313837106132,-0.0020714150760916383,F6b,0.0161505110676141,0.13845547494994445,0.9765673661922513,-0.13845547494994445,0.027792968347059112,-0.04848218590227662,-0.008954490590777858,0.002683545378764379,0.5760184796304074,11
0.0008445753069490312,0.008168272931429885,0.5,white,CORR_L10_f0.7,-0.019661590818580252,-0.004676525323821415,-0.0093967481833453,0.004221353622436891,-0.006041649026865615,F6b,0.02021238063244373,0.14300098021698646,0.977849200190846,-0.14300098021698646,0.03192646920650714,-0.05205217210776619,-0.010583450805447099,-0.0012866885720095981,0.5537589248215036,11
0.0008445753069490312,0.008168272931429885,0.5,white,CORR_L20_f0.0,-0.00542529751353045,-0.010393495706939104,-0.00615586629841839,0.007145897739722437,0.00015393442302708612,F6b,0.010393495706939104,0.12876468691193665,0.9052612281934242,-0.12876468691193665,0.026209498823389448,-0.04881129022283928,-0.007658906688161553,0.0049088948778831035,0.624947501049979,11
0.0008445753069490312,0.008168272931429885,0.5,white,CORR_L20_f0.15,-0.010576202799287351,-0.008390539758287841,0.0003596379847559464,0.003959218522814657,-0.0006863374954700274,F6b,0.017777216460616835,0.13391559219769356,0.9536172035449428,-0.13391559219769356,0.02821245477204071,-0.042295785939664945,-0.010845585905069333,0.00406862295938599,0.6133977320453591,11
0.0008445753069490312,0.008168272931429885,0.5,white,CORR_L20_f0.3,-0.012552629539719098,-0.012237207229355,-0.004355700586805136,0.001568208461634352,-0.003764796475659928,F6b,0.012578358962359815,0.1358920189381253,0.968502355738761,-0.1358920189381253,0.02436578730097355,-0.04701112451122603,-0.013236595966249638,0.000990163979196089,0.5896682066358673,11
0.0008445753069490312,0.008168272931429885,0.5,white,CORR_L20_f0.5,-0.015116085551538247,-0.00881002618326944,-0.005826761977855727,0.005850313837106132,-0.0020714150760916383,F6b,0.0161505110676141,0.13845547494994445,0.9765673661922513,-0.13845547494994445,0.027792968347059112,-0.04848218590227662,-0.008954490590777858,0.002683545378764379,0.5760184796304074,11
0.0008445753069490312,0.008168272931429885,0.5,white,CORR_L20_f0.7,-0.019661590818580252,-0.004676525323821415,-0.0093967481833453,0.004221353622436891,-0.006041649026865615,F6b,0.02021238063244373,0.14300098021698646,0.977849200190846,-0.14300098021698646,0.03192646920650714,-0.05205217210776619,-0.010583450805447099,-0.0012866885720095981,0.5537589248215036,11
0.0008445753069490312,0.008168272931429885,0.5,white,DITHER_s0.5,0.06535216568496614,-0.10898216067643099,0.038873391065218504,0.040063371461388955,-0.0683342847759354,F6b,0.10898216067643099,0.07237916614610243,0.6337525998843927,-0.05798722371344006,-0.07237916614610243,-0.003782032859202389,0.02525856703350497,-0.06357932432107938,0.5264594708105838,11
0.0008445753069490312,0.008168272931429885,0.5,white,DITHER_s1.0,0.08605855972869898,-0.1805038801720837,0.0664132423501822,0.04971569176404198,0.048542420977287254,F6b,0.1805038801720837,0.14390088564175516,0.562400334338335,-0.03728082966970722,-0.14390088564175516,0.023757818425761305,0.03491088733615799,0.05329738143214327,0.49349013019739607,11
0.0008445753069490312,0.008168272931429885,0.5,white,DITHER_s2.0,0.10980425232756647,-0.17327775034542908,0.013374505789397209,0.0006254619517583691,0.03961968494084858,F6b,0.17327775034542908,0.13667475581510052,0.545141432379408,-0.013535137070839743,-0.13667475581510052,-0.029280918135023683,-0.01417934247612562,0.0443746453957046,0.49391012179756405,11
0.0008445753069490312,0.008168272931429885,0.5,white,DITHER_blind,0.14749710698724855,-0.05615337700323784,0.06282536827633407,-0.015594812615070435,-0.07954844343518273,F6b,0.14749710698724855,0.0803910356111167,0.4681586168724609,0.024157717588842345,-0.019550382472909286,0.020169944351913185,-0.030399617042954425,-0.07479348298032672,0.5096598068038639,11
0.0025973932045506303,0.0069220101339892565,0.0,white,NOATTACK,0.0,0.0,0.0,0.0,0.0,F6b,0.0,0.08964619039083399,0.0,-0.006071137828074306,0.08964619039083399,-0.01684131607712096,-0.05507284689788454,0.00027954885299971276,0.0,12
0.0025973932045506303,0.0069220101339892565,0.02,white,MEMLESS,0.03707003442959247,0.04436244813149312,0.04308598444761799,-0.011942316903104488,0.03159942358543926,F6b,0.07228123798947567,0.1340086385223271,0.4246498452422383,0.030998896601518163,0.1340086385223271,0.026244668370497035,-0.06701516380098903,0.03187897243843897,0.013691128148959474,12
0.0025973932045506303,0.0069220101339892565,0.02,white,CORR_L2_f0.0,-0.03997188248516414,0.08271922046209532,0.03388989112313118,-0.018089777708057544,0.014948984020527184,F6b,0.08271922046209532,0.1723654108529293,0.381860304659804,-0.046043020313238446,0.1723654108529293,0.01704857504601022,-0.07316262460594208,0.015228532873526898,0.014786418400876232,12
0.0025973932045506303,0.0069220101339892565,0.02,white,CORR_L2_f0.15,-0.03152395849415698,0.07649092295224394,0.03501857132381101,-0.019745749136954663,0.014057087173151116,F6b,0.07969934838876012,0.16613711334307793,0.3815643083333905,-0.037595096322231285,0.16613711334307793,0.01817725524669005,-0.0748185960348392,0.01433663602615083,0.012595837897042717,12
0.0025973932045506303,0.0069220101339892565,0.02,white,CORR_L2_f0.3,-0.03836069668762455,0.08688205666728346,0.03586387227521753,-0.020759791579041356,0.01532365043402256,F6b,0.08688205666728346,0.17652824705811745,0.38092759454537783,-0.044431834515698855,0.17652824705811745,0.019022556198096566,-0.0758326384769259,0.015603199287022274,0.012048192771084338,12
0.0025973932045506303,0.0069220101339892565,0.02,white,CORR_L2_f0.5,-0.019580556744596668,0.0731715486666967,0.03845496377517415,-0.03189099284263598,0.0493508445152672,F6b,0.0731715486666967,0.1628177390575307,0.385059699078293,-0.025651694572670972,0.1628177390575307,0.021613647698053188,-0.08696383974052052,0.04963039336826691,0.01095290251916758,12
0.0025973932045506303,0.0069220101339892565,0.02,white,CORR_L2_f0.7,0.02133501836817321,0.06615875448076908,0.04303690638314922,-0.025398348608102084,0.054110115760590445,F6b,0.06615875448076908,0.15580494487160307,0.3806864533523033,0.015263880540098905,0.15580494487160307,0.026195590306028256,-0.08047119550598662,0.054389664613590155,0.009857612267250822,12
0.0025973932045506303,0.0069220101339892565,0.02,white,CORR_L4_f0.0,0.00858010262928483,0.012629952841965442,0.009253281820154582,0.05195188875676616,0.024305376956627902,F6b,0.06698581558873026,0.10227614323279943,0.3058599650076751,0.0025089648012105235,0.10227614323279943,-0.007588034256966379,-0.003120958141118381,0.024584925809627615,0.011500547645125958,12
0.0025973932045506303,0.0069220101339892565,0.02,white,CORR_L4_f0.15,-0.030187503339600942,0.011541708505772422,0.07373013851192955,-0.020209297977026724,0.005890862038856441,F6b,0.07778991226785842,0.10118789889660641,0.3815293118700375,-0.03625864116767525,0.10118789889660641,0.05688882243480859,-0.07528214487491126,0.0061704108918561535,0.014786418400876232,12
0.0025973932045506303,0.0069220101339892565,0.02,white,CORR_L4_f0.3,-0.03329889135661302,0.007251199206055187,0.07235473074001463,-0.024915470389336405,0.027258263157952295,F6b,0.07834398129271093,0.09689738959688918,0.37323178350422864,-0.03937002918468733,0.09689738959688918,0.05551341466289367,-0.07998831728722094,0.02753781201095201,0.012048192771084338,12
0.0025973932045506303,0.0069220101339892565,0.02,white,CORR_L4_f0.5,-0.018845257558986583,0.06343333690447805,0.040176465327882424,-0.037699595337676806,0.058014645734433795,F6b,0.06550277521500328,0.15307952729531205,0.3884562948512737,-0.02491639538706089,0.15307952729531205,0.023335149250761463,-0.09277244223556134,0.058294194587433505,0.011500547645125958,12
0.0025973932045506303,0.0069220101339892565,0.02,white,CORR_L4_f0.7,0.02133501836817321,0.06615875448076908,0.04303690638314922,-0.025398348608102084,0.054110115760590445,F6b,0.06615875448076908,0.15580494487160307,0.3806864533523033,0.015263880540098905,0.15580494487160307,0.026195590306028256,-0.08047119550598662,0.054389664613590155,0.009857612267250822,12
0.0025973932045506303,0.0069220101339892565,0.02,white,CORR_L6_f0.0,0.0017142469308694293,0.03238256074103428,0.009881359899575684,0.008422363555223224,0.008432932615135343,F6b,0.05640889149076477,0.12202875113186827,0.30372607494205317,-0.004356890897204877,0.12202875113186827,-0.006959956177545278,-0.046650483342661316,0.008712481468135056,0.012595837897042717,12
0.0025973932045506303,0.0069220101339892565,0.02,white,CORR_L6_f0.15,0.023718779307808635,0.013441539170784708,0.05381268401507408,0.02351407453518433,-0.02317482156720505,F6b,0.06148567014723257,0.1030877295616187,0.3176094371330405,0.017647641479734327,0.1030877295616187,0.036971367937953116,-0.03155877236270021,-0.022895272714205335,0.008214676889375685,12
0.0025973932045506303,0.0069220101339892565,0.02,white,CORR_L6_f0.3,0.030491175421407613,-0.006521753922473422,0.06160954327729756,0.0099818560671871,0.0020982744956560113,F6b,0.06160954327729756,0.08312443646836057,0.309842976021269,0.024420037593333305,0.08312443646836057,0.0447682272001766,-0.04509099083069744,0.002377823348655724,0.006024096385542169,12
0.0025973932045506303,0.0069220101339892565,0.02,white,CORR_L6_f0.5,-0.018845257558986583,0.06343333690447805,0.040176465327882424,-0.037699595337676806,0.058014645734433795,F6b,0.06550277521500328,0.15307952729531205,0.3884562948512737,-0.02491639538706089,0.15307952729531205,0.023335149250761463,-0.09277244223556134,0.058294194587433505,0.011500547645125958,12
0.0025973932045506303,0.0069220101339892565,0.02,white,CORR_L6_f0.7,0.02133501836817321,0.06615875448076908,0.04303690638314922,-0.025398348608102084,0.054110115760590445,F6b,0.06615875448076908,0.15580494487160307,0.3806864533523033,0.015263880540098905,0.15580494487160307,0.026195590306028256,-0.08047119550598662,0.054389664613590155,0.009857612267250822,12
0.0025973932045506303,0.0069220101339892565,0.02,white,CORR_L10_f0.0,0.005525716754268537,0.035423049578618804,0.0021283055053612308,0.007578292422516737,-0.0014779844547625712,F6b,0.05683111779226903,0.1250692399694528,0.3108463602544991,-0.0005454210738057686,0.1250692399694528,-0.01471301057175973,-0.0474945544753678,-0.0011984356017628586,0.017524644030668127,12
0.0025973932045506303,0.0069220101339892565,0.02,white,CORR_L10_f0.15,0.023718779307808635,0.013441539170784708,0.05381268401507408,0.02351407453518433,-0.02317482156720505,F6b,0.06148567014723257,0.1030877295616187,0.3176094371330405,0.017647641479734327,0.1030877295616187,0.036971367937953116,-0.03155877236270021,-0.022895272714205335,0.008214676889375685,12
0.0025973932045506303,0.0069220101339892565,0.02,white,CORR_L10_f0.3,0.030491175421407613,-0.006521753922473422,0.06160954327729756,0.0099818560671871,0.0020982744956560113,F6b,0.06160954327729756,0.08312443646836057,0.309842976021269,0.024420037593333305,0.08312443646836057,0.0447682272001766,-0.04509099083069744,0.002377823348655724,0.006024096385542169,12
0.0025973932045506303,0.0069220101339892565,0.02,white,CORR_L10_f0.5,-0.018845257558986583,0.06343333690447805,0.040176465327882424,-0.037699595337676806,0.058014645734433795,F6b,0.06550277521500328,0.15307952729531205,0.3884562948512737,-0.02491639538706089,0.15307952729531205,0.023335149250761463,-0.09277244223556134,0.058294194587433505,0.011500547645125958,12
0.0025973932045506303,0.0069220101339892565,0.02,white,CORR_L10_f0.7,0.02133501836817321,0.06615875448076908,0.04303690638314922,-0.025398348608102084,0.054110115760590445,F6b,0.06615875448076908,0.15580494487160307,0.3806864533523033,0.015263880540098905,0.15580494487160307,0.026195590306028256,-0.08047119550598662,0.054389664613590155,0.009857612267250822,12
0.0025973932045506303,0.0069220101339892565,0.02,white,CORR_L20_f0.0,-0.002913894289313129,0.0119736469501497,-0.015035124999485113,0.0076904926275306665,-0.0021712388081569192,F6b,0.027553523783818472,0.10161983734098369,0.17119522694607991,-0.008985032117387435,0.10161983734098369,-0.031876441076606074,-0.04738235427035387,-0.0018916899551572064,0.011500547645125958,12
0.0025973932045506303,0.0069220101339892565,0.02,white,CORR_L20_f0.15,0.023718779307808635,0.013441539170784708,0.05381268401507408,0.02351407453518433,-0.02317482156720505,F6b,0.06148567014723257,0.1030877295616187,0.3176094371330405,0.017647641479734327,0.1030877295616187,0.036971367937953116,-0.03155877236270021,-0.022895272714205335,0.008214676889375685,12
0.0025973932045506303,0.0069220101339892565,0.02,white,CORR_L20_f0.3,0.030491175421407613,-0.006521753922473422,0.06160954327729756,0.0099818560671871,0.0020982744956560113,F6b,0.06160954327729756,0.08312443646836057,0.309842976021269,0.024420037593333305,0.08312443646836057,0.0447682272001766,-0.04509099083069744,0.002377823348655724,0.006024096385542169,12
0.0025973932045506303,0.0069220101339892565,0.02,white,CORR_L20_f0.5,-0.018845257558986583,0.06343333690447805,0.040176465327882424,-0.037699595337676806,0.058014645734433795,F6b,0.06550277521500328,0.15307952729531205,0.3884562948512737,-0.02491639538706089,0.15307952729531205,0.023335149250761463,-0.09277244223556134,0.058294194587433505,0.011500547645125958,12
0.0025973932045506303,0.0069220101339892565,0.02,white,CORR_L20_f0.7,0.02133501836817321,0.06615875448076908,0.04303690638314922,-0.025398348608102084,0.054110115760590445,F6b,0.06615875448076908,0.15580494487160307,0.3806864533523033,0.015263880540098905,0.15580494487160307,0.026195590306028256,-0.08047119550598662,0.054389664613590155,0.009857612267250822,12
0.0025973932045506303,0.0069220101339892565,0.02,white,DITHER_s0.5,0.009046300358364767,0.008384437603095082,-0.017369381283820134,-0.009397691860546217,-0.007585529911407532,F6b,0.0251101057940264,0.09803062799392907,0.01782469198828671,0.0029751625302904604,0.09803062799392907,-0.034210697360941095,-0.06447053875843076,-0.007305981058407819,0.014238773274917854,12
0.0025973932045506303,0.0069220101339892565,0.02,white,DITHER_s1.0,-0.03541177545497877,-0.00019624833773618233,0.005724746939866153,0.012685116861628112,-0.03642738641396407,F6b,0.03642738641396407,0.08944994205309781,0.022318626510365428,-0.04148291328305308,0.08944994205309781,-0.011116569137254808,-0.04238773003625643,-0.03614783756096436,0.020262869660460023,12
0.0025973932045506303,0.0069220101339892565,0.02,white,DITHER_s2.0,0.05208777375972779,-0.006358546327310935,0.01725948745153261,0.016988609094460663,0.01379321386439803,F6b,0.05208777375972779,0.08328764406352306,0.04480911983023211,0.046016635931653484,0.08328764406352306,0.00041817137441164845,-0.038084237803423876,0.014072762717397743,0.023548740416210297,12
0.0025973932045506303,0.0069220101339892565,0.02,white,DITHER_blind,-0.011401294532524938,-0.01761493805349787,-0.01370331732133544,0.008533423411788109,0.014943212443077865,F6b,0.020056991544034793,0.07203125233733612,0.02220459269959963,-0.017472432360599244,0.07203125233733612,-0.0305446333984564,-0.04653942348609643,0.015222761296077579,0.013691128148959474,12
0.0025973932045506303,0.0069220101339892565,0.05,white,MEMLESS,-0.04838735510159085,0.004852632614529895,0.018594993554530866,0.0017476543545742879,0.035892128089248736,F6b,0.0913508385250841,0.09449882300536389,0.5844463184377899,-0.054458492929665155,0.09449882300536389,0.0017536774774099052,-0.05332519254331025,0.036171676942248446,0.04819277108433735,12
0.0025973932045506303,0.0069220101339892565,0.05,white,CORR_L2_f0.0,-0.03954097218852936,0.04859357602364861,0.034652767013915814,0.010848057937703423,0.02024207979829924,F6b,0.08415255488807005,0.1382397664144826,0.5383256864393051,-0.04561211001660367,0.1382397664144826,0.01781145093679485,-0.044224788960181116,0.020521628651298952,0.047097480832420595,12
0.0025973932045506303,0.0069220101339892565,0.05,white,CORR_L2_f0.15,-0.02198790046876454,0.027709351495750725,0.015028304802241708,0.002019284339307932,0.024767528537977007,F6b,0.09086789088810451,0.11735554188658472,0.5560501451825742,-0.028059038296838847,0.11735554188658472,-0.0018130112748792528,-0.05305356255857661,0.02504707739097672,0.049835706462212484,12
0.0025973932045506303,0.0069220101339892565,0.05,white,CORR_L2_f0.3,-0.022568045566175456,-0.0025255766210583175,0.00894470252583894,0.004347656605037879,0.0031996649471741517,F6b,0.08117954636651148,0.08712061376977567,0.5836343430500037,-0.02863918339424976,0.08712061376977567,-0.00789661355128202,-0.05072519029284666,0.0034792138001738643,0.054764512595837894,12
0.0025973932045506303,0.0069220101339892565,0.05,white,CORR_L2_f0.5,-0.02818784158136369,0.0016706490874129343,0.0064605586533111395,0.0023780884643014727,-0.00042375420024911843,F6b,0.08105168165079274,0.09131683947824693,0.5808832235507825,-0.034258979409438,0.09131683947824693,-0.010380757423809821,-0.05269475843358307,-0.00014420534724940564,0.050383351588170866,12
0.0025973932045506303,0.0069220101339892565,0.05,white,CORR_L2_f0.7,-0.02958543150093823,0.003313519750479596,0.017996416084253286,-0.0019094199253816627,0.008237980191689342,F6b,0.08650877072716126,0.09295971014131359,0.584931991628924,-0.03565656932901254,0.09295971014131359,0.0011551000071323243,-0.0569822668232662,0.008517529044689056,0.05093099671412924,12
0.0025973932045506303,0.0069220101339892565,0.05,white,CORR_L4_f0.0,-0.009152505588170275,0.03835271249452177,0.004874830031993816,0.0006393295098388527,0.027346609519880546,F6b,0.06101984173095858,0.12799890288535576,0.48576516477299325,-0.01522364341624458,0.12799890288535576,-0.011966486045127145,-0.05443351738804569,0.02762615837288026,0.04216867469879518,12
0.0025973932045506303,0.0069220101339892565,0.05,white,CORR_L4_f0.15,-0.025086850366784805,0.03550204517316147,0.04697529693358185,-0.0018021012586175583,-0.015665420172221223,F6b,0.07631473958884494,0.12514823556399546,0.5143312852680623,-0.03115798819485911,0.12514823556399546,0.03013398085646089,-0.0568749481565021,-0.01538587131922151,0.04381161007667032,12
0.0025973932045506303,0.0069220101339892565,0.05,white,CORR_L4_f0.3,0.008425717731003693,0.014733237666618548,-0.009212365739950396,0.02031571583525405,0.012692696842244134,F6b,0.10056999525343832,0.10437942805745254,0.5715268076959369,0.002354579902929387,0.10437942805745254,-0.026053681817071357,-0.03475713106263049,0.012972245695243847,0.05421686746987952,12
0.0025973932045506303,0.0069220101339892565,0.05,white,CORR_L4_f0.5,-0.004715722715037408,0.0066047121980217505,-0.010438923880903762,0.012402982213639745,-0.00020201953779214491,F6b,0.09491608829237463,0.09625090258885574,0.5954107719372705,-0.010786860543111714,0.09625090258885574,-0.027280239958024723,-0.042669864684244795,7.752931520756785e-05,0.05805038335158817,12
0.0025973932045506303,0.0069220101339892565,0.05,white,CORR_L4_f0.7,-0.0036139969924694985,0.01190172485674798,-0.01474223875811385,-0.00939897780408952,0.004250262308312237,F6b,0.08449734338485501,0.10154791524758197,0.5902979007064798,-0.009685134820543805,0.10154791524758197,-0.03158355483523481,-0.06447182470197406,0.00452981116131195,0.05312157721796276,12
0.0025973932045506303,0.0069220101339892565,0.05,white,CORR_L6_f0.0,-0.002167332889613351,0.07906135420388394,0.013049522728697159,0.0006769872767806509,-0.012649463493971334,F6b,0.07906135420388394,0.16870754459471793,0.4360630053575655,-0.008238470717687657,0.16870754459471793,-0.0037917933484238023,-0.05439585962110389,-0.01236991464097162,0.03614457831325301,12
0.0025973932045506303,0.0069220101339892565,0.05,white,CORR_L6_f0.15,0.002061921188305932,0.017390425354067235,0.025252359565178576,-0.025530001314598122,-0.0005048301255429211,F6b,0.08081107282678493,0.10703661574490123,0.5115115745279866,-0.004009216639768374,0.10703661574490123,0.008411043488057615,-0.08060284821248266,-0.00022528127254320824,0.045454545454545456,12
0.0025973932045506303,0.0069220101339892565,0.05,white,CORR_L6_f0.3,0.007238230794532128,0.016869688860685586,-0.004428659882670664,0.012656600436926568,0.009524711620110414,F6b,0.09611747185454396,0.10651587925151958,0.5612442430801756,0.001167092966457821,0.10651587925151958,-0.021269975959791625,-0.04241624646095797,0.009804260473110128,0.04928806133625411,12
0.0025973932045506303,0.0069220101339892565,0.05,white,CORR_L6_f0.5,-0.004715722715037408,0.0066047121980217505,-0.010438923880903762,0.012402982213639745,-0.00020201953779214491,F6b,0.09491608829237463,0.09625090258885574,0.5954107719372705,-0.010786860543111714,0.09625090258885574,-0.027280239958024723,-0.042669864684244795,7.752931520756785e-05,0.05805038335158817,12
0.0025973932045506303,0.0069220101339892565,0.05,white,CORR_L6_f0.7,-0.0036139969924694985,0.01190172485674798,-0.01474223875811385,-0.00939897780408952,0.004250262308312237,F6b,0.08449734338485501,0.10154791524758197,0.5902979007064798,-0.009685134820543805,0.10154791524758197,-0.03158355483523481,-0.06447182470197406,0.00452981116131195,0.05312157721796276,12
0.0025973932045506303,0.0069220101339892565,0.05,white,CORR_L10_f0.0,0.02362527543275035,0.02838675560958842,0.02817931123791232,0.01035959739644237,-0.02674278132353127,F6b,0.0629305622128296,0.11803294600042241,0.351451446465433,0.017554137604676043,0.11803294600042241,0.011337995160791358,-0.04471324950144217,-0.026463232470531558,0.030120481927710843,12
0.0025973932045506303,0.0069220101339892565,0.05,white,CORR_L10_f0.15,0.006926020635637946,0.02148235048468676,0.03793100755849508,-0.027964167123910755,0.006670496137396932,F6b,0.06769492443035942,0.11112854087552075,0.49556907053186044,0.0008548828075636398,0.11112854087552075,0.02108969148137412,-0.0830370140217953,0.006950044990396645,0.039978094194961664,12
0.0025973932045506303,0.0069220101339892565,0.05,white,CORR_L10_f0.3,0.007238230794532128,0.016869688860685586,-0.004428659882670664,0.012656600436926568,0.009524711620110414,F6b,0.09611747185454396,0.10651587925151958,0.5612442430801756,0.001167092966457821,0.10651587925151958,-0.021269975959791625,-0.04241624646095797,0.009804260473110128,0.04928806133625411,12
0.0025973932045506303,0.0069220101339892565,0.05,white,CORR_L10_f0.5,-0.004715722715037408,0.0066047121980217505,-0.010438923880903762,0.012402982213639745,-0.00020201953779214491,F6b,0.09491608829237463,0.09625090258885574,0.5954107719372705,-0.010786860543111714,0.09625090258885574,-0.027280239958024723,-0.042669864684244795,7.752931520756785e-05,0.05805038335158817,12
0.0025973932045506303,0.0069220101339892565,0.05,white,CORR_L10_f0.7,-0.0036139969924694985,0.01190172485674798,-0.01474223875811385,-0.00939897780408952,0.004250262308312237,F6b,0.08449734338485501,0.10154791524758197,0.5902979007064798,-0.009685134820543805,0.10154791524758197,-0.03158355483523481,-0.06447182470197406,0.00452981116131195,0.05312157721796276,12
0.0025973932045506303,0.0069220101339892565,0.05,white,CORR_L20_f0.0,-0.001600190063040065,0.026717323949326688,-0.0007252975684602023,-0.0028716800483873928,0.0029702531776519816,F6b,0.03506033443679493,0.11636351434016068,0.3343375268454669,-0.007671327891114371,0.11636351434016068,-0.017566613645581163,-0.05794452694627193,0.0032498020306516943,0.035596933187294635,12
0.0025973932045506303,0.0069220101339892565,0.05,white,CORR_L20_f0.15,0.006926020635637946,0.02148235048468676,0.03793100755849508,-0.027964167123910755,0.006670496137396932,F6b,0.06769492443035942,0.11112854087552075,0.49556907053186044,0.0008548828075636398,0.11112854087552075,0.02108969148137412,-0.0830370140217953,0.006950044990396645,0.039978094194961664,12
0.0025973932045506303,0.0069220101339892565,0.05,white,CORR_L20_f0.3,0.007238230794532128,0.016869688860685586,-0.004428659882670664,0.012656600436926568,0.009524711620110414,F6b,0.09611747185454396,0.10651587925151958,0.5612442430801756,0.001167092966457821,0.10651587925151958,-0.021269975959791625,-0.04241624646095797,0.009804260473110128,0.04928806133625411,12
0.0025973932045506303,0.0069220101339892565,0.05,white,CORR_L20_f0.5,-0.004715722715037408,0.0066047121980217505,-0.010438923880903762,0.012402982213639745,-0.00020201953779214491,F6b,0.09491608829237463,0.09625090258885574,0.5954107719372705,-0.010786860543111714,0.09625090258885574,-0.027280239958024723,-0.042669864684244795,7.752931520756785e-05,0.05805038335158817,12
0.0025973932045506303,0.0069220101339892565,0.05,white,CORR_L20_f0.7,-0.0036139969924694985,0.01190172485674798,-0.01474223875811385,-0.00939897780408952,0.004250262308312237,F6b,0.08449734338485501,0.10154791524758197,0.5902979007064798,-0.009685134820543805,0.10154791524758197,-0.03158355483523481,-0.06447182470197406,0.00452981116131195,0.05312157721796276,12
0.0025973932045506303,0.0069220101339892565,0.05,white,DITHER_s0.5,0.16991749636115505,-0.05839666125879276,0.05521506712116994,0.10023268126648693,0.04704054611351917,F6b,0.16991749636115505,0.16384635853308074,0.20648171772494775,0.16384635853308074,0.03124952913204123,0.03837375104404898,0.045159834368602395,0.04732009496651888,0.054764512595837894,12
0.0025973932045506303,0.0069220101339892565,0.05,white,DITHER_s1.0,0.09910919460844254,-0.001145788592179342,0.01407732329326878,0.07964910442891567,0.006010149113186151,F6b,0.09910919460844254,0.09303805678036824,0.14912003775739646,0.09303805678036824,0.08850040179865465,-0.00276399278385218,0.02457625753103113,0.006289697966185863,0.060240963855421686,12
0.0025973932045506303,0.0069220101339892565,0.05,white,DITHER_s2.0,-0.02344156764903753,0.024409489289106592,-0.017465315873442282,0.008844573451319546,0.0033148013132535004,F6b,0.04093614025477562,0.11405567967994058,0.03292285041020629,-0.029512705477111833,0.11405567967994058,-0.03430663195056324,-0.046228273446564994,0.003594350166253213,0.04819277108433735,12
0.0025973932045506303,0.0069220101339892565,0.05,white,DITHER_blind,-0.0026293896948408856,-0.034771509000083564,-0.014856609197959853,0.013545771984072315,0.007798412046118441,F6b,0.034771509000083564,0.061849420145991575,0.03518526696984029,-0.008700527522915192,0.05487468139075043,-0.031697925275080814,-0.041527074913812224,0.008077960899118154,0.04654983570646221,12
0.0025973932045506303,0.0069220101339892565,0.1,white,MEMLESS,-0.07360962104738442,-0.06497707936919708,-0.05943476942066174,0.05200278265868371,0.005708419607322678,F6b,0.07360962104738442,0.07968075887545872,0.7664846506428689,-0.07968075887545872,0.0246691110216369,-0.0762760854977827,-0.0030700642392008292,0.005987968460322391,0.14731653888280394,12
0.0025973932045506303,0.0069220101339892565,0.1,white,CORR_L2_f0.0,-0.025407637395836236,-0.05540046547741052,-0.04693656925201059,0.02958346658355059,0.0399484669845435,F6b,0.05621797154635655,0.06377788532913155,0.7014391778782201,-0.03147877522391054,0.034245724913423474,-0.06377788532913155,-0.02548938031433395,0.04022801583754321,0.14184008762322015,12
0.0025973932045506303,0.0069220101339892565,0.1,white,CORR_L2_f0.15,-0.02900614440937003,-0.06188540408972468,-0.04125637045024877,0.02919590896758171,0.032525600530097856,F6b,0.06188540408972468,0.058097686527369734,0.7110299958661747,-0.035077282237444336,0.027760786301109314,-0.058097686527369734,-0.02587693793030283,0.032805149383097566,0.1380065717415115,12
0.0025973932045506303,0.0069220101339892565,0.1,white,CORR_L2_f0.3,-0.03155073025710436,-0.07958263996738328,-0.047584793873381215,0.036819267589997096,0.01946292854225994,F6b,0.07958263996738328,0.06442610995050217,0.7524241528312503,-0.037621868085178665,0.01006355042345071,-0.06442610995050217,-0.018253579307887447,0.019742477395259653,0.16374589266155531,12
0.0025973932045506303,0.0069220101339892565,0.1,white,CORR_L2_f0.5,-0.028940458530420446,-0.07764900869954043,-0.05402858992649853,0.036663385358502165,0.01787928974359783,F6b,0.07764900869954043,0.07086990600361949,0.7623609528977929,-0.035011596358494754,0.011997181691293556,-0.07086990600361949,-0.01840946153938237,0.018158838596597542,0.15443592552026286,12
0.0025973932045506303,0.0069220101339892565,0.1,white,CORR_L2_f0.7,-0.045464267628943435,-0.07524017719980511,-0.06627002145728186,0.04255365372722623,0.017310705665106667,F6b,0.07524017719980511,0.08311133753440282,0.7661118146701613,-0.05153540545701774,0.014406013191028882,-0.08311133753440282,-0.012519193170658312,0.01759025451810638,0.15060240963855423,12
0.0025973932045506303,0.0069220101339892565,0.1,white,CORR_L4_f0.0,-0.04033391674609954,0.01618072567579054,-0.027904744745680502,0.00020410357744838487,0.014530083211984249,F6b,0.09222262252344321,0.10582691606662453,0.6397356854252254,-0.04640505457417385,0.10582691606662453,-0.04474606082280146,-0.054868743320436154,0.014809632064983962,0.1171960569550931,12
0.0025973932045506303,0.0069220101339892565,0.1,white,CORR_L4_f0.15,-0.025093258739398536,-0.01935129140680132,-0.03384049326009475,0.025513149082779553,0.004642886811230325,F6b,0.06624692403012332,0.07029489898403267,0.6899482889341438,-0.031164396567472843,0.07029489898403267,-0.050681809337215715,-0.029559697815104986,0.0049224356642300375,0.14129244249726178,12
0.0025973932045506303,0.0069220101339892565,0.1,white,CORR_L4_f0.3,-0.010553069069119922,-0.043488620558199756,-0.04327031947506435,0.0342154086759362,0.029301998196135454,F6b,0.06528394709559317,0.060111635552185315,0.7140441918564366,-0.016624206897194228,0.046157569832634235,-0.060111635552185315,-0.020857438221948344,0.029581547049135168,0.13855421686746988,12
0.0025973932045506303,0.0069220101339892565,0.1,white,CORR_L4_f0.5,-0.02380325177855542,-0.06301801596360251,-0.05138308165679559,0.03708518385388353,0.007108277084630298,F6b,0.06301801596360251,0.06822439773391654,0.7628535249427039,-0.029874389606629723,0.02662817442723147,-0.06822439773391654,-0.017987663044001016,0.007387825937630011,0.15991237677984665,12
0.0025973932045506303,0.0069220101339892565,0.1,white,CORR_L4_f0.7,-0.04514065580238195,-0.07671007454900922,-0.06887120791067203,0.04529393640782982,0.015796944414375895,F6b,0.07671007454900922,0.08571252398779299,0.7681714420295244,-0.051211793630456255,0.012936115841824768,-0.08571252398779299,-0.009778910490054717,0.01607649326737561,0.15279299014238773,12
0.0025973932045506303,0.0069220101339892565,0.1,white,CORR_L6_f0.0,-0.010865361404920943,0.022683737161990014,-0.017349824598881226,-0.004470927713674355,0.019278235154606797,F6b,0.07392823629286839,0.112329927552824,0.6362837743493243,-0.01693649923299525,0.112329927552824,-0.03419114067600219,-0.059543774611558895,0.01955778400760651,0.12979189485213583,12
0.0025973932045506303,0.0069220101339892565,0.1,white,CORR_L6_f0.15,-0.019346532421907252,-0.006642650701841654,-0.03440117709392157,0.014132915774536355,0.02260812901756581,F6b,0.0799101920254088,0.08300353968899234,0.6847766785605465,-0.02541767024998156,0.08300353968899234,-0.05124249317104253,-0.040939931123348185,0.022887677870565525,0.14238773274917854,12
0.0025973932045506303,0.0069220101339892565,0.1,white,CORR_L6_f0.3,-0.010171057157926109,-0.04549668503719835,-0.042262434446906486,0.03101959476255151,0.026853928454220053,F6b,0.06641336286545148,0.05910375052402745,0.7161864565147773,-0.016242194986000415,0.04414950535363564,-0.05910375052402745,-0.02405325213533303,0.027133477307219767,0.14129244249726178,12
0.0025973932045506303,0.0069220101339892565,0.1,white,CORR_L6_f0.5,-0.023339244578007762,-0.06408080009343609,-0.049592119454355335,0.03485626386301842,0.0061564846053985866,F6b,0.06408080009343609,0.06643343553147629,0.7648469681997182,-0.029410382406082066,0.025565390297397902,-0.06643343553147629,-0.02021658303486612,0.006436033458398299,0.16210295728368018,12
0.0025973932045506303,0.0069220101339892565,0.1,white,CORR_L6_f0.7,-0.04514065580238195,-0.07671007454900922,-0.06887120791067203,0.04529393640782982,0.015796944414375895,F6b,0.07671007454900922,0.08571252398779299,0.7681714420295244,-0.051211793630456255,0.012936115841824768,-0.08571252398779299,-0.009778910490054717,0.01607649326737561,0.15279299014238773,12
0.0025973932045506303,0.0069220101339892565,0.1,white,CORR_L10_f0.0,-0.013486065347468311,0.042908327680057395,-0.0010903676608611107,-0.012191463535396074,0.024288841830251356,F6b,0.06639659993833691,0.1325545180708914,0.6086268141363395,-0.019557203175542617,0.1325545180708914,-0.01793168373798207,-0.06726431043328061,0.02456839068325107,0.12979189485213583,12
0.0025973932045506303,0.0069220101339892565,0.1,white,CORR_L10_f0.15,-0.023017987195866146,-0.009524883904677192,-0.03044859394426738,0.014548147783806586,0.0205229665821053,F6b,0.0616338688859509,0.0801213064861568,0.6926655776637388,-0.02908912502394045,0.0801213064861568,-0.04728991002138834,-0.04052469911407795,0.020802515435105015,0.15169769989047097,12
0.0025973932045506303,0.0069220101339892565,0.1,white,CORR_L10_f0.3,-0.00985846465425152,-0.04585398351142031,-0.04157083652097546,0.03172664077235085,0.026005982867018187,F6b,0.06720941835172811,0.05841215259809642,0.7163131152603466,-0.015929602482325826,0.04379220687941368,-0.05841215259809642,-0.02334620612553369,0.0262855317200179,0.14184008762322015,12
0.0025973932045506303,0.0069220101339892565,0.1,white,CORR_L10_f0.5,-0.023339244578007762,-0.06408080009343609,-0.049592119454355335,0.03485626386301842,0.0061564846053985866,F6b,0.06408080009343609,0.06643343553147629,0.7648469681997182,-0.029410382406082066,0.025565390297397902,-0.06643343553147629,-0.02021658303486612,0.006436033458398299,0.16210295728368018,12
0.0025973932045506303,0.0069220101339892565,0.1,white,CORR_L10_f0.7,-0.04514065580238195,-0.07671007454900922,-0.06887120791067203,0.04529393640782982,0.015796944414375895,F6b,0.07671007454900922,0.08571252398779299,0.7681714420295244,-0.051211793630456255,0.012936115841824768,-0.08571252398779299,-0.009778910490054717,0.01607649326737561,0.15279299014238773,12
0.0025973932045506303,0.0069220101339892565,0.1,white,CORR_L20_f0.0,-0.022716827374351226,0.06876758216211201,-0.011968882327089852,-0.012275736821226901,-0.02315085524580095,F6b,0.06876758216211201,0.158413772552946,0.5010237950609001,-0.028787965202425533,0.158413772552946,-0.028810198404210813,-0.06734858371911144,-0.022871306392801237,0.08652792990142388,12
0.0025973932045506303,0.0069220101339892565,0.1,white,CORR_L20_f0.15,-0.023017987195866146,-0.009524883904677192,-0.03044859394426738,0.014548147783806586,0.0205229665821053,F6b,0.0616338688859509,0.0801213064861568,0.6926655776637388,-0.02908912502394045,0.0801213064861568,-0.04728991002138834,-0.04052469911407795,0.020802515435105015,0.15169769989047097,12
0.0025973932045506303,0.0069220101339892565,0.1,white,CORR_L20_f0.3,-0.00985846465425152,-0.04585398351142031,-0.04157083652097546,0.03172664077235085,0.026005982867018187,F6b,0.06720941835172811,0.05841215259809642,0.7163131152603466,-0.015929602482325826,0.04379220687941368,-0.05841215259809642,-0.02334620612553369,0.0262855317200179,0.14184008762322015,12
0.0025973932045506303,0.0069220101339892565,0.1,white,CORR_L20_f0.5,-0.023339244578007762,-0.06408080009343609,-0.049592119454355335,0.03485626386301842,0.0061564846053985866,F6b,0.06408080009343609,0.06643343553147629,0.7648469681997182,-0.029410382406082066,0.025565390297397902,-0.06643343553147629,-0.02021658303486612,0.006436033458398299,0.16210295728368018,12
0.0025973932045506303,0.0069220101339892565,0.1,white,CORR_L20_f0.7,-0.04514065580238195,-0.07671007454900922,-0.06887120791067203,0.04529393640782982,0.015796944414375895,F6b,0.07671007454900922,0.08571252398779299,0.7681714420295244,-0.051211793630456255,0.012936115841824768,-0.08571252398779299,-0.009778910490054717,0.01607649326737561,0.15279299014238773,12
0.0025973932045506303,0.0069220101339892565,0.1,white,DITHER_s0.5,0.05169230998241256,-0.02173608275522035,-0.002679461360643065,0.029461169414615806,0.043053056092482125,F6b,0.06558492698501557,0.06791010763561364,0.15158273161591537,0.04562117215433825,0.06791010763561364,-0.019520777437764026,-0.025611677483268733,0.043332604945481835,0.08543263964950712,12
0.0025973932045506303,0.0069220101339892565,0.1,white,DITHER_s1.0,0.1641396653193533,-0.007216656515143111,0.06008103963138223,-0.025877709617634498,-0.057837731771695974,F6b,0.1641396653193533,0.158068527491279,0.1551721417045354,0.158068527491279,0.08242953387569088,0.04323972355426127,-0.08095055651551904,-0.057558182918696264,0.0991237677984666,12
0.0025973932045506303,0.0069220101339892565,0.1,white,DITHER_s2.0,-0.06863592355831157,-0.02194661386416634,0.010630610123847764,0.07104605941085203,-0.03890278030494125,F6b,0.07104605941085203,0.07470706138638587,0.08426116288899621,-0.07470706138638587,0.06769957652666765,-0.006210705953273197,0.01597321251296749,-0.03862323145194154,0.11226725082146768,12
0.0025973932045506303,0.0069220101339892565,0.1,white,DITHER_blind,0.07571235802177695,-0.03502754919356011,-0.01553843668867513,0.009517510409369434,-0.04164851049038919,F6b,0.07571235802177695,0.0702765473687703,0.09600514864386359,0.06964122019370264,0.05461864119727388,-0.03237975276579609,-0.045555336488515105,-0.04136896163738948,0.09967141292442497,12
0.0025973932045506303,0.0069220101339892565,0.2,white,MEMLESS,-0.10118316730499083,-0.08464317283172348,-0.05296225602625698,0.031461823369801634,0.0067013092874611555,F6b,0.10118316730499083,0.10725430513306514,0.8752830579355587,-0.10725430513306514,0.005003017559110512,-0.06980357210337794,-0.02361102352808291,0.006980858140460868,0.2683461117196057,12
0.0025973932045506303,0.0069220101339892565,0.2,white,CORR_L2_f0.0,-0.05549199661653684,-0.10210802015088595,-0.031646902169336286,0.04625269362127284,0.01345085839683989,F6b,0.10210802015088595,0.061563134444611145,0.8345775774469569,-0.061563134444611145,-0.01246182976005196,-0.04848821824645725,-0.008820153276611698,0.013730407249839604,0.29572836801752467,12
0.0025973932045506303,0.0069220101339892565,0.2,white,CORR_L2_f0.15,-0.049165926227585616,-0.10466980746289975,-0.022058833292426753,0.04763455412762478,0.011776886987363316,F6b,0.10466980746289975,0.055237064055659924,0.8505329124549224,-0.055237064055659924,-0.015023617072065754,-0.038900149369547714,-0.007438292770259754,0.01205643584036303,0.29901423877327493,12
0.0025973932045506303,0.0069220101339892565,0.2,white,CORR_L2_f0.3,-0.04610280665832257,-0.09612437391524849,-0.022273075939067005,0.04964478211733747,0.010592874078270701,F6b,0.09612437391524849,0.05217394448639688,0.8591903761758758,-0.05217394448639688,-0.006478183524414491,-0.039114392016187965,-0.00542806478054707,0.010872422931270415,0.2913472070098576,12
0.0025973932045506303,0.0069220101339892565,0.2,white,CORR_L2_f0.5,-0.054095795933632194,-0.08997671359263285,-0.03411232452765825,0.050100163554992784,0.01686510206070825,F6b,0.08997671359263285,0.0601669337617065,0.8681123644393509,-0.0601669337617065,-0.00033052320179885794,-0.05095364060477921,-0.004972683342891756,0.017144650913707964,0.2809419496166484,12
0.0025973932045506303,0.0069220101339892565,0.2,white,CORR_L2_f0.7,-0.06326327940286262,-0.08189585128776425,-0.03255551185878647,0.04053304132814718,0.013680517220049732,F6b,0.08189585128776425,0.06933441723093693,0.8770678580278657,-0.06933441723093693,0.0077503391030697465,-0.04939682793590743,-0.014539805569737359,0.013960066073049445,0.2787513691128149,12
0.0025973932045506303,0.0069220101339892565,0.2,white,CORR_L4_f0.0,-0.0323726507948275,-0.042407063234775416,-0.04123965712551983,0.03669825831439451,0.01697166149291143,F6b,0.042407063234775416,0.058080973202640794,0.8099468219363422,-0.038443788622901806,0.047239127156058575,-0.058080973202640794,-0.018374588583490035,0.017251210345911143,0.332420591456736,12
0.0025973932045506303,0.0069220101339892565,0.2,white,CORR_L4_f0.15,-0.03536641646968066,-0.053607928730198616,-0.03844124477899495,0.04238470965522576,0.009641325454379823,F6b,0.053607928730198616,0.05528256085611591,0.8348489899567705,-0.04143755429775497,0.036038261660635375,-0.05528256085611591,-0.012688137242658777,0.009920874307379536,0.31653888280394304,12
0.0025973932045506303,0.0069220101339892565,0.2,white,CORR_L4_f0.3,-0.025124618570789584,-0.07334769304566738,-0.03885154015282849,0.034985038136590436,-0.008663676512278205,F6b,0.07334769304566738,0.05569285622994945,0.8509657981598298,-0.031195756398863888,0.016298497345166616,-0.05569285622994945,-0.020087808761294103,-0.008384127659278491,0.30065717415115006,12
0.0025973932045506303,0.0069220101339892565,0.2,white,CORR_L4_f0.5,-0.04131034297952149,-0.08309814009245997,-0.028794783504178755,0.038147369198134586,-0.002288256509452828,F6b,0.08309814009245997,0.050518607708920714,0.8694066970148325,-0.0473814808075958,0.006548050298374023,-0.045636099581299716,-0.016925477699749954,-0.002008707656453115,0.28313253012048195,12
0.0025973932045506303,0.0069220101339892565,0.2,white,CORR_L4_f0.7,-0.05328463499048132,-0.06949517936108977,-0.03949385661691411,0.03200351325107033,0.00892500255768212,F6b,0.06949517936108977,0.05935577281855563,0.876262904647987,-0.05935577281855563,0.02015101102974422,-0.056335172694035075,-0.023069333646814207,0.009204551410681834,0.2782037239868565,12
0.0025973932045506303,0.0069220101339892565,0.2,white,CORR_L6_f0.0,-0.023497412559643008,-0.01788159932975411,-0.030196964758337174,0.009640717686104312,-0.001505353711662731,F6b,0.04163550152442859,0.07176459106107988,0.8084793507700037,-0.029568550387717312,0.07176459106107988,-0.047038280835458135,-0.04543212921178023,-0.0012258048586630183,0.3614457831325301,12
0.0025973932045506303,0.0069220101339892565,0.2,white,CORR_L6_f0.15,-0.029150027347064046,-0.05038801881375742,-0.03612602104405448,0.03913587298780706,0.00424151176046514,F6b,0.05038801881375742,0.052967337121175434,0.8328864694058332,-0.035221165175138354,0.03925817157707657,-0.052967337121175434,-0.015936973910077482,0.004521060613464853,0.32420591456736036,12
0.0025973932045506303,0.0069220101339892565,0.2,white,CORR_L6_f0.3,-0.023326411090441354,-0.07571529890137972,-0.04217356588493254,0.03342834952545447,-0.0061466454516824216,F6b,0.07571529890137972,0.059014881962053505,0.8539723873099756,-0.02939754891851566,0.013930891489454273,-0.059014881962053505,-0.02164449737243007,-0.005867096598682709,0.3066812705366922,12
0.0025973932045506303,0.0069220101339892565,0.2,white,CORR_L6_f0.5,-0.04131034297952149,-0.08309814009245997,-0.028794783504178755,0.038147369198134586,-0.002288256509452828,F6b,0.08309814009245997,0.050518607708920714,0.8694066970148325,-0.0473814808075958,0.006548050298374023,-0.045636099581299716,-0.016925477699749954,-0.002008707656453115,0.28313253012048195,12
0.0025973932045506303,0.0069220101339892565,0.2,white,CORR_L6_f0.7,-0.05328463499048132,-0.06949517936108977,-0.03949385661691411,0.03200351325107033,0.00892500255768212,F6b,0.06949517936108977,0.05935577281855563,0.876262904647987,-0.05935577281855563,0.02015101102974422,-0.056335172694035075,-0.023069333646814207,0.009204551410681834,0.2782037239868565,12
0.0025973932045506303,0.0069220101339892565,0.2,white,CORR_L10_f0.0,-0.026695032404715505,-0.010789519623607219,-0.014703464600920178,0.024494381845470675,0.007041387475256943,F6b,0.04424671614239848,0.07885667076722677,0.7615234295654203,-0.03276617023278981,0.07885667076722677,-0.03154478067804114,-0.030578465052413864,0.0073209363282566555,0.32858707557502737,12
0.0025973932045506303,0.0069220101339892565,0.2,white,CORR_L10_f0.15,-0.02249303010364239,-0.047557987158196376,-0.02926464038795611,0.03693945883969171,0.0011677610532011395,F6b,0.047557987158196376,0.04610595646507707,0.827667715812157,-0.0285641679317167,0.042088203232637615,-0.04610595646507707,-0.018133388058192822,0.0014473099062008521,0.32365826944140197,12
0.0025973932045506303,0.0069220101339892565,0.2,white,CORR_L10_f0.3,-0.02382903225111164,-0.07516232975188604,-0.04145723218746254,0.03351683964437173,-0.004207474987863119,F6b,0.07516232975188604,0.058298548264583507,0.8536967745356483,-0.029900170079185943,0.014483860638947946,-0.058298548264583507,-0.021556007253512813,-0.003927926134863406,0.3066812705366922,12
0.0025973932045506303,0.0069220101339892565,0.2,white,CORR_L10_f0.5,-0.04131034297952149,-0.08309814009245997,-0.028794783504178755,0.038147369198134586,-0.002288256509452828,F6b,0.08309814009245997,0.050518607708920714,0.8694066970148325,-0.0473814808075958,0.006548050298374023,-0.045636099581299716,-0.016925477699749954,-0.002008707656453115,0.28313253012048195,12
0.0025973932045506303,0.0069220101339892565,0.2,white,CORR_L10_f0.7,-0.05328463499048132,-0.06949517936108977,-0.03949385661691411,0.03200351325107033,0.00892500255768212,F6b,0.06949517936108977,0.05935577281855563,0.876262904647987,-0.05935577281855563,0.02015101102974422,-0.056335172694035075,-0.023069333646814207,0.009204551410681834,0.2782037239868565,12
0.0025973932045506303,0.0069220101339892565,0.2,white,CORR_L20_f0.0,-0.013766641736416558,0.028091885347189968,0.0017929349700325035,-0.021146391905610976,0.004811007838985853,F6b,0.05987461206324497,0.11773807573802396,0.7256477580126072,-0.019837779564490864,0.11773807573802396,-0.015048381107088457,-0.07621923880349551,0.005090556691985566,0.30558598028477546,12
0.0025973932045506303,0.0069220101339892565,0.2,white,CORR_L20_f0.15,-0.02329314722226236,-0.0444346564112511,-0.029805025991682912,0.03712316146983553,0.0007394962767723737,F6b,0.0444346564112511,0.04664634206880387,0.8305334427429371,-0.029364285050336666,0.04521153397958289,-0.04664634206880387,-0.017949685428049006,0.0010190451297720864,0.3329682365826944,12
0.0025973932045506303,0.0069220101339892565,0.2,white,CORR_L20_f0.3,-0.02382903225111164,-0.07516232975188604,-0.04145723218746254,0.03351683964437173,-0.004207474987863119,F6b,0.07516232975188604,0.058298548264583507,0.8536967745356483,-0.029900170079185943,0.014483860638947946,-0.058298548264583507,-0.021556007253512813,-0.003927926134863406,0.3066812705366922,12
0.0025973932045506303,0.0069220101339892565,0.2,white,CORR_L20_f0.5,-0.04131034297952149,-0.08309814009245997,-0.028794783504178755,0.038147369198134586,-0.002288256509452828,F6b,0.08309814009245997,0.050518607708920714,0.8694066970148325,-0.0473814808075958,0.006548050298374023,-0.045636099581299716,-0.016925477699749954,-0.002008707656453115,0.28313253012048195,12
0.0025973932045506303,0.0069220101339892565,0.2,white,CORR_L20_f0.7,-0.05328463499048132,-0.06949517936108977,-0.03949385661691411,0.03200351325107033,0.00892500255768212,F6b,0.06949517936108977,0.05935577281855563,0.876262904647987,-0.05935577281855563,0.02015101102974422,-0.056335172694035075,-0.023069333646814207,0.009204551410681834,0.2782037239868565,12
0.0025973932045506303,0.0069220101339892565,0.2,white,DITHER_s0.5,0.08370763822166293,-0.06833765294570163,0.011999453784853682,0.045527254379933484,-0.025535233887671926,F6b,0.08370763822166293,0.07763650039358862,0.27876049055002955,0.07763650039358862,0.021308537445132367,-0.0048418622922672796,-0.009545592517951056,-0.025255685034672213,0.20646221248630886,12
0.0025973932045506303,0.0069220101339892565,0.2,white,DITHER_s1.0,-0.04533366862382492,-0.07269523285645851,-0.02368864739413271,0.06566680027751229,-0.013385241761672847,F6b,0.10063160950088196,0.054476767693322284,0.26107760817337183,-0.05140480645189923,0.01695095753437548,-0.04052996347125367,0.010593953379627747,-0.013105692908673134,0.20646221248630886,12
0.0025973932045506303,0.0069220101339892565,0.2,white,DITHER_s2.0,0.11709973203577993,-0.051838631200792566,0.0441227069718127,-0.011329415953249086,-0.028218955213455337,F6b,0.11709973203577993,0.11102859420770562,0.22494935437936273,0.11102859420770562,0.037807559190041425,0.02728139089469174,-0.06640226285113363,-0.027939406360455624,0.19386637458926614,12
0.0025973932045506303,0.0069220101339892565,0.2,white,DITHER_blind,0.07579986229387584,-0.021683288130367573,0.0038661962454044664,0.009755827231731573,-0.02221463303763448,F6b,0.07579986229387584,0.06972872446580153,0.19166190988410922,0.06972872446580153,0.06796290226046642,-0.012975119831716495,-0.045317019666152966,-0.021935084184634766,0.20372398685651696,12
0.0025973932045506303,0.0069220101339892565,0.3,white,MEMLESS,-0.05620253816252085,-0.06802529123223142,-0.029076599832824592,0.022629016773653678,0.005495126192220935,F6b,0.06802529123223142,0.062273675990595155,0.9292429737272351,-0.062273675990595155,0.02162089915860257,-0.04591791590994555,-0.03244383012423086,0.0057746750452206475,0.3729463307776561,12
0.0025973932045506303,0.0069220101339892565,0.3,white,CORR_L2_f0.0,-0.047603839368083906,-0.07489554514901146,-0.018187548823126138,0.04400120090237188,0.018590104945853603,F6b,0.07489554514901146,0.05367497719615821,0.8964666145277728,-0.05367497719615821,0.014750645241822532,-0.0350288649002471,-0.011071645995512655,0.018869653798853317,0.4112814895947426,12
0.0025973932045506303,0.0069220101339892565,0.3,white,CORR_L2_f0.15,-0.045586766880718624,-0.07135245841249908,-0.02092158668526437,0.03390525499258671,0.011300440662431084,F6b,0.07135245841249908,0.05165790470879293,0.9038360364149244,-0.05165790470879293,0.018293731978334903,-0.03776290276238533,-0.02116759190529783,0.011579989515430798,0.40416210295728366,12
0.0025973932045506303,0.0069220101339892565,0.3,white,CORR_L2_f0.3,-0.038240830735787955,-0.0702208361600779,-0.021854562234231257,0.032076210703470595,0.011921037888086182,F6b,0.0702208361600779,0.04431196856386226,0.9096410867052683,-0.04431196856386226,0.01942535423075608,-0.03869587831135222,-0.022996636194413944,0.012200586741085895,0.3893756845564075,12
0.0025973932045506303,0.0069220101339892565,0.3,white,CORR_L2_f0.5,-0.044919615132866,-0.07718855265170882,-0.017377433047957264,0.024138245741239916,0.004717661392598287,F6b,0.07718855265170882,0.05099075296094031,0.9181648641614975,-0.05099075296094031,0.012457637739125168,-0.034218749125078225,-0.030934601156644623,0.004997210245598,0.38061336254107336,12
0.0025973932045506303,0.0069220101339892565,0.3,white,CORR_L2_f0.7,-0.053023462236848236,-0.07258311838875121,-0.024441035460643194,0.02314176645960788,-0.0043095067787756085,F6b,0.07258311838875121,0.059094600064922544,0.9275681028580064,-0.059094600064922544,0.017063072002082777,-0.041282351537764155,-0.03193108043827666,-0.004029957925775896,0.3773274917853231,12
0.0025973932045506303,0.0069220101339892565,0.3,white,CORR_L4_f0.0,-0.04107430823762848,-0.040415735860379845,-0.03458458590260244,0.04443586284994272,0.008932325267096823,F6b,0.04443586284994272,0.0514259019797234,0.8718696094931161,-0.04714544606570279,0.049230454530454146,-0.0514259019797234,-0.010636984047941818,0.009211874120096537,0.46166484118291345,12
0.0025973932045506303,0.0069220101339892565,0.3,white,CORR_L4_f0.15,-0.030577240204306855,-0.03898698995947349,-0.027218914992535568,0.04541604733275185,0.02252187732805357,F6b,0.04541604733275185,0.0506592004313605,0.8995021757837202,-0.03664837803238116,0.0506592004313605,-0.04406023106965653,-0.00965679956513269,0.022801426181053283,0.43428258488499455,12
0.0025973932045506303,0.0069220101339892565,0.3,white,CORR_L4_f0.3,-0.03108317484419499,-0.049811605441480944,-0.0295797519054791,0.05164510690279613,0.0059582013754529975,F6b,0.05164510690279613,0.04642106798260006,0.909266105308201,-0.0371543126722693,0.03983458494935305,-0.04642106798260006,-0.003427739995088408,0.00623775022845271,0.4063526834611172,12
0.0025973932045506303,0.0069220101339892565,0.3,white,CORR_L4_f0.5,-0.04131053086004847,-0.05995654804510919,-0.03616245871229519,0.022491835001674676,0.005882084578529165,F6b,0.05995654804510919,0.053003774789416154,0.9129627293522496,-0.047381668688122776,0.029689642345724795,-0.053003774789416154,-0.03258101189620986,0.006161633431528877,0.36856516976998904,12
0.0025973932045506303,0.0069220101339892565,0.3,white,CORR_L4_f0.7,-0.055998726673302066,-0.06910911901669416,-0.022550796710134432,0.023843163014603007,-0.003741513698144922,F6b,0.06910911901669416,0.06206986450137637,0.925600386888918,-0.06206986450137637,0.020537071374139834,-0.03939211278725539,-0.031229683883281532,-0.0034619648451452096,0.3718510405257393,12
0.0025973932045506303,0.0069220101339892565,0.3,white,CORR_L6_f0.0,-0.03320648341511619,-0.03326721532759009,-0.02541439216981969,0.033627153597450415,-0.00863141807246325,F6b,0.034802344318599875,0.061943131534783626,0.861203001783209,-0.0392776212431905,0.0563789750632439,-0.04225570824694065,-0.02144569330043412,-0.008351869219463537,0.47261774370208104,12
0.0025973932045506303,0.0069220101339892565,0.3,white,CORR_L6_f0.15,-0.02241392240711107,-0.04586531027070477,-0.032177686592733415,0.03009096473019965,0.0022933211767296366,F6b,0.04586531027070477,0.049350987678863624,0.8896047126687463,-0.028485060235185378,0.04378088012012922,-0.04901900266985437,-0.02498188216768489,0.0025728700297293493,0.4293537787513691,12
0.0025973932045506303,0.0069220101339892565,0.3,white,CORR_L6_f0.3,-0.03077779104387241,-0.04973107416221242,-0.036606724127745724,0.04066243151270338,0.005720478040328784,F6b,0.04973107416221242,0.05344804020486669,0.9065656617989439,-0.03684892887194672,0.039915116228621574,-0.05344804020486669,-0.014410415385181162,0.0060000268933284966,0.4036144578313253,12
0.0025973932045506303,0.0069220101339892565,0.3,white,CORR_L6_f0.5,-0.041880572672812054,-0.06168526464185431,-0.035475336442291866,0.02282824320585907,0.0068362095545036455,F6b,0.06168526464185431,0.05231665251941282,0.9121892831562383,-0.04795171050088636,0.02796092574897968,-0.05231665251941282,-0.03224460369202547,0.007115758407503358,0.3669222343921139,12
0.0025973932045506303,0.0069220101339892565,0.3,white,CORR_L6_f0.7,-0.055998726673302066,-0.06910911901669416,-0.022550796710134432,0.023843163014603007,-0.003741513698144922,F6b,0.06910911901669416,0.06206986450137637,0.925600386888918,-0.06206986450137637,0.020537071374139834,-0.03939211278725539,-0.031229683883281532,-0.0034619648451452096,0.3718510405257393,12
0.0025973932045506303,0.0069220101339892565,0.3,white,CORR_L10_f0.0,-0.016313013604607338,-0.012014615200352421,-0.024336929844928166,0.02211780657705259,-0.003176912948892642,F6b,0.04138594618519944,0.07763157519048157,0.8545355826032983,-0.022384151432681642,0.07763157519048157,-0.04117824592204913,-0.03295504032083195,-0.0028973640958929294,0.5109529025191676,12
0.0025973932045506303,0.0069220101339892565,0.3,white,CORR_L10_f0.15,-0.021778393116904868,-0.04405471931326822,-0.026972004975304834,0.04361090791490242,-0.002198500295172017,F6b,0.04664074539866125,0.04559147107756577,0.8910050593021412,-0.027849530944979172,0.04559147107756577,-0.043813321052425795,-0.01146193898298212,-0.0019189514421723043,0.44359255202628695,12
0.0025973932045506303,0.0069220101339892565,0.3,white,CORR_L10_f0.3,-0.0286727310074624,-0.04720315367989835,-0.03456263563331996,0.04130962906271606,0.00634253893552166,F6b,0.04720315367989835,0.05140395171044092,0.9065465835888622,-0.034743868835536706,0.04244303671093564,-0.05140395171044092,-0.013763217835168479,0.006622087788521373,0.4063526834611172,12
0.0025973932045506303,0.0069220101339892565,0.3,white,CORR_L10_f0.5,-0.041880572672812054,-0.06168526464185431,-0.035475336442291866,0.02282824320585907,0.0068362095545036455,F6b,0.06168526464185431,0.05231665251941282,0.9121892831562383,-0.04795171050088636,0.02796092574897968,-0.05231665251941282,-0.03224460369202547,0.007115758407503358,0.3669222343921139,12
0.0025973932045506303,0.0069220101339892565,0.3,white,CORR_L10_f0.7,-0.055998726673302066,-0.06910911901669416,-0.022550796710134432,0.023843163014603007,-0.003741513698144922,F6b,0.06910911901669416,0.06206986450137637,0.925600386888918,-0.06206986450137637,0.020537071374139834,-0.03939211278725539,-0.031229683883281532,-0.0034619648451452096,0.3718510405257393,12
0.0025973932045506303,0.0069220101339892565,0.3,white,CORR_L20_f0.0,-0.01802893173792197,-0.008628882972027768,0.00886043419473762,0.021359653096428954,0.013682171864722408,F6b,0.04477994390717106,0.08101730741880622,0.8176696294944115,-0.024100069565996276,0.08101730741880622,-0.00798088188238334,-0.033713193801455585,0.013961720717722122,0.484118291347207,12
0.0025973932045506303,0.0069220101339892565,0.3,white,CORR_L20_f0.15,-0.022550511912145174,-0.043071270992025,-0.028013040993202818,0.04177153541124938,-0.0034655297870665636,F6b,0.04638615921923606,0.04657491939880899,0.8926733329098664,-0.028621649740219482,0.04657491939880899,-0.04485435707032378,-0.013301311486635157,-0.003185980934066851,0.45016429353778753,12
0.0025973932045506303,0.0069220101339892565,0.3,white,CORR_L20_f0.3,-0.02902840245950191,-0.047146175885047374,-0.03460756732093423,0.041758492631008996,0.006493784760746686,F6b,0.047146175885047374,0.051448883398055194,0.9066946502233242,-0.03509954028757622,0.04250001450578662,-0.051448883398055194,-0.013314354266875545,0.006773333613746399,0.40744797371303393,12
0.0025973932045506303,0.0069220101339892565,0.3,white,CORR_L20_f0.5,-0.041880572672812054,-0.06168526464185431,-0.035475336442291866,0.02282824320585907,0.0068362095545036455,F6b,0.06168526464185431,0.05231665251941282,0.9121892831562383,-0.04795171050088636,0.02796092574897968,-0.05231665251941282,-0.03224460369202547,0.007115758407503358,0.3669222343921139,12
0.0025973932045506303,0.0069220101339892565,0.3,white,CORR_L20_f0.7,-0.055998726673302066,-0.06910911901669416,-0.022550796710134432,0.023843163014603007,-0.003741513698144922,F6b,0.06910911901669416,0.06206986450137637,0.925600386888918,-0.06206986450137637,0.020537071374139834,-0.03939211278725539,-0.031229683883281532,-0.0034619648451452096,0.3718510405257393,12
0.0025973932045506303,0.0069220101339892565,0.3,white,DITHER_s0.5,-0.030082258431818304,-0.05021910761804985,-0.007493425506426635,0.06828162736502785,0.059270606873111635,F6b,0.07105020456231045,0.059550155726111345,0.5065417483695781,-0.03615339625989261,0.03942708277278414,-0.024334741583547596,0.013208780467143312,0.059550155726111345,0.3198247535596933,12
0.0025973932045506303,0.0069220101339892565,0.3,white,DITHER_s1.0,0.13810715776148902,-0.09752944480742501,-0.03551295781659196,0.007984726449725726,0.040862869696694934,F6b,0.13810715776148902,0.1320360199334147,0.35827002662202734,0.1320360199334147,-0.007883254416591021,-0.052354273893712916,-0.04708812044815881,0.041142418549694644,0.29244249726177435,12
0.0025973932045506303,0.0069220101339892565,0.3,white,DITHER_s2.0,0.04933078215349447,-0.11201402843733292,-0.035609328884750574,0.034321480427844345,-0.026233044086782484,F6b,0.11201402843733292,0.056426224208210966,0.348931227021483,0.04325964432542016,-0.022367838046498927,-0.05245064496187153,-0.020751366470040198,-0.02595349523378277,0.29956188389923327,12
0.0025973932045506303,0.0069220101339892565,0.3,white,DITHER_blind,-0.12403574505340947,-0.09126777318252044,0.04942046211170724,0.058788158769924215,-0.003266729766005402,F6b,0.12403574505340947,0.13010688288148378,0.184974488680042,-0.13010688288148378,-0.0016215827916864494,0.03257914603458628,0.003715311872039672,-0.002987180913005689,0.2853231106243154,12
0.0025973932045506303,0.0069220101339892565,0.5,white,MEMLESS,-0.029374592232703396,-0.02779449414953978,-0.014117091288948759,0.010767079284532924,0.002410893146707833,F6b,0.029374592232703396,0.06185169624129421,0.9764855778626377,-0.035445730060777704,0.06185169624129421,-0.03095840736606972,-0.044305767613351615,0.0026904419997075455,0.552026286966046,12
0.0025973932045506303,0.0069220101339892565,0.5,white,CORR_L2_f0.0,-0.026600822136103895,-0.054379438220651534,-0.001273651991781713,0.02413271477259909,-0.004029057485414041,F6b,0.054379438220651534,0.05721004068935325,0.9577433962602158,-0.0326719599641782,0.03526675217018246,-0.018114968068902674,-0.03094013212528545,-0.0037495086324143287,0.5936473165388828,12
0.0025973932045506303,0.0069220101339892565,0.5,white,CORR_L2_f0.15,-0.02495375538200826,-0.05444909544026439,-0.001445197309735264,0.018409123371962217,-0.007263108748121754,F6b,0.05444909544026439,0.06099836858764268,0.9632160727844761,-0.031024893210082564,0.0351970949505696,-0.018286513386856225,-0.03666372352592232,-0.006983559895122041,0.5821467688937568,12
0.0025973932045506303,0.0069220101339892565,0.5,white,CORR_L2_f0.3,-0.013571256355650827,-0.050717736759979155,-0.0003547969215073471,0.019110023759129534,-0.01118330508414187,F6b,0.050717736759979155,0.058378242533521904,0.9689419736957632,-0.019642394183725133,0.038928453630854835,-0.017196112998628308,-0.035962823138755005,-0.010903756231142156,0.5788608981380066,12
0.0025973932045506303,0.0069220101339892565,0.5,white,CORR_L2_f0.5,-0.0067216450139193275,-0.03656761880489924,-0.0064892998350063215,0.016701057890006032,-0.0010161787053703617,F6b,0.03656761880489924,0.05307857158593475,0.9739410951074207,-0.012792782841993634,0.05307857158593475,-0.023330615912127282,-0.03837178900787851,-0.0007366298523706489,0.5700985761226726,12
0.0025973932045506303,0.0069220101339892565,0.5,white,CORR_L2_f0.7,-0.009180596090391017,-0.032980826707874486,-0.015198784092022532,0.011263232985699714,-0.007699109425731827,F6b,0.032980826707874486,0.056665363682959505,0.9762741788138225,-0.015251733918465323,0.056665363682959505,-0.03204010016914349,-0.043809613912184825,-0.007419560572732115,0.5624315443592552,12
0.0025973932045506303,0.0069220101339892565,0.5,white,CORR_L4_f0.0,-0.02541135946574722,-0.018800060107117045,-0.030894661312055042,0.03002093963786498,0.008672307947583589,F6b,0.043513907667451876,0.07084613028371695,0.9373062510358913,-0.03148249729382153,0.07084613028371695,-0.047735977389176,-0.02505190726001956,0.008951856800583302,0.6314348302300109,12
0.0025973932045506303,0.0069220101339892565,0.5,white,CORR_L4_f0.15,-0.018220055134709333,-0.03078422598997877,-0.01728083563406819,0.02509020119943462,-0.0029513466541966123,F6b,0.03078422598997877,0.05886196440085522,0.9539900766593534,-0.024291192962783637,0.05886196440085522,-0.03412215171118915,-0.029982645698449918,-0.0026717978011968997,0.6035049288061336,12
0.0025973932045506303,0.0069220101339892565,0.5,white,CORR_L4_f0.3,-0.008828558888128316,-0.036755865434628,-0.012891453149688942,0.022893672791305213,-0.004508267041826174,F6b,0.036755865434628,0.05289032495620599,0.9652865305596314,-0.014899696716202622,0.05289032495620599,-0.029732769226809903,-0.03217917410657933,-0.004228718188826462,0.5821467688937568,12
0.0025973932045506303,0.0069220101339892565,0.5,white,CORR_L4_f0.5,-0.0026398963152721357,-0.034418264231935836,-0.007971458203880483,0.017725382452245933,-0.006736595146808439,F6b,0.034418264231935836,0.055227926158898155,0.9745744399358744,-0.008711034143346442,0.055227926158898155,-0.024812774281001444,-0.037347464445638606,-0.006457046293808727,0.5799561883899234,12
0.0025973932045506303,0.0069220101339892565,0.5,white,CORR_L4_f0.7,-0.00841555510488898,-0.02852129362136919,-0.012225839250492629,0.013120834267422658,-0.00664585521039365,F6b,0.02852129362136919,0.0611248967694648,0.9767098260504733,-0.014486692932963285,0.0611248967694648,-0.02906715532761359,-0.04195201263046188,-0.006366306357393938,0.5651697699890471,12
0.0025973932045506303,0.0069220101339892565,0.5,white,CORR_L6_f0.0,-0.02177268280328276,-0.016817670133892987,-0.0318146525810311,0.017088732448326267,-0.004510094364512538,F6b,0.0318146525810311,0.072828520256941,0.9365784927399803,-0.027843820631357066,0.072828520256941,-0.04865596865815206,-0.03798411444955827,-0.004230545511512826,0.6790799561883899,12
0.0025973932045506303,0.0069220101339892565,0.5,white,CORR_L6_f0.15,-0.023596391713711473,-0.018386081082437555,-0.03463308721802577,0.023632103018990595,-0.005365273420936542,F6b,0.03463308721802577,0.07126010930839644,0.9479746767437268,-0.02966752954178578,0.07126010930839644,-0.051474403295146735,-0.031440743878893944,-0.005085724567936829,0.5865279299014239,12
0.0025973932045506303,0.0069220101339892565,0.5,white,CORR_L6_f0.3,-0.007269549816947017,-0.037292758138485795,-0.017611738075468456,0.020299430320227525,-0.001334086313422158,F6b,0.037292758138485795,0.05251403984243545,0.9652983713521652,-0.013340687645021323,0.052353432252348196,-0.03445305415258942,-0.034773416577657014,-0.0010545374604224453,0.583789704271632,12
0.0025973932045506303,0.0069220101339892565,0.5,white,CORR_L6_f0.5,-0.0007304951452843066,-0.03425986613922064,-0.008383261816015428,0.016665507208798815,-0.00648026498742582,F6b,0.03425986613922064,0.05538632425161335,0.9746756235052049,-0.006801632973358613,0.05538632425161335,-0.02522457789313639,-0.038407339689085725,-0.006200716134426108,0.5799561883899234,12
0.0025973932045506303,0.0069220101339892565,0.5,white,CORR_L6_f0.7,-0.008690507914044054,-0.029255668987768317,-0.011678955549981239,0.01383811941333015,-0.005930239415885759,F6b,0.029255668987768317,0.060390521403065674,0.9763046096252525,-0.01476164574211836,0.060390521403065674,-0.0285202716271022,-0.04123472748455439,-0.005650690562886047,0.5629791894852135,12
0.0025973932045506303,0.0069220101339892565,0.5,white,CORR_L10_f0.0,-0.021967992891740402,-0.022787507634759424,-0.02372185266393571,0.03201438496979819,0.0007634083617285883,F6b,0.03201438496979819,0.06970863661433746,0.9326366926885697,-0.02803913071981471,0.06685868275607457,-0.04056316874105667,-0.023058461928086343,0.001042957214728301,0.7256297918948521,12
0.0025973932045506303,0.0069220101339892565,0.5,white,CORR_L10_f0.15,-0.019697755118319324,-0.01553950609728938,-0.02499794878256099,0.031101617236486648,0.004154487928784867,F6b,0.032507556775633994,0.07410668429354461,0.9451983081453985,-0.025768892946393628,0.07410668429354461,-0.04183926485968195,-0.02397122966139789,0.0044340367817845795,0.5876232201533407,12
0.0025973932045506303,0.0069220101339892565,0.5,white,CORR_L10_f0.3,-0.008537871129688988,-0.036752900584436345,-0.018006258816353437,0.019032081404164958,-0.0019832573395853303,F6b,0.036752900584436345,0.052893289806397646,0.9660589789781658,-0.014609008957763294,0.052893289806397646,-0.0348475748934744,-0.03604076549371958,-0.0017037084865856177,0.5892661555312158,12
0.0025973932045506303,0.0069220101339892565,0.5,white,CORR_L10_f0.5,-0.0007304951452843066,-0.03425986613922064,-0.008383261816015428,0.016665507208798815,-0.00648026498742582,F6b,0.03425986613922064,0.05538632425161335,0.9746756235052049,-0.006801632973358613,0.05538632425161335,-0.02522457789313639,-0.038407339689085725,-0.006200716134426108,0.5799561883899234,12
0.0025973932045506303,0.0069220101339892565,0.5,white,CORR_L10_f0.7,-0.008690507914044054,-0.029255668987768317,-0.011678955549981239,0.01383811941333015,-0.005930239415885759,F6b,0.029255668987768317,0.060390521403065674,0.9763046096252525,-0.01476164574211836,0.060390521403065674,-0.0285202716271022,-0.04123472748455439,-0.005650690562886047,0.5629791894852135,12
0.0025973932045506303,0.0069220101339892565,0.5,white,CORR_L20_f0.0,-0.02021140772197917,-0.02026012821815197,-0.00129827303773224,0.01501361401145862,0.010295466605837153,F6b,0.023493538701409408,0.06938606217268202,0.9258869585507032,-0.02628254555005348,0.06938606217268202,-0.0181395891148532,-0.04005923288642592,0.010575015458836866,0.7426067907995619,12
0.0025973932045506303,0.0069220101339892565,0.5,white,CORR_L20_f0.15,-0.021188667134550962,-0.014730581329820927,-0.027284072338393212,0.030688692120046702,0.003970418140405855,F6b,0.03266213432617056,0.07491560906101306,0.945780251113345,-0.02725980496262527,0.07491560906101306,-0.04412538841551417,-0.024384154777837837,0.004249966993405568,0.5920043811610076,12
0.0025973932045506303,0.0069220101339892565,0.5,white,CORR_L20_f0.3,-0.008537871129688988,-0.036752900584436345,-0.018006258816353437,0.019032081404164958,-0.0019832573395853303,F6b,0.036752900584436345,0.052893289806397646,0.9660589789781658,-0.014609008957763294,0.052893289806397646,-0.0348475748934744,-0.03604076549371958,-0.0017037084865856177,0.5892661555312158,12
0.0025973932045506303,0.0069220101339892565,0.5,white,CORR_L20_f0.5,-0.0007304951452843066,-0.03425986613922064,-0.008383261816015428,0.016665507208798815,-0.00648026498742582,F6b,0.03425986613922064,0.05538632425161335,0.9746756235052049,-0.006801632973358613,0.05538632425161335,-0.02522457789313639,-0.038407339689085725,-0.006200716134426108,0.5799561883899234,12
0.0025973932045506303,0.0069220101339892565,0.5,white,CORR_L20_f0.7,-0.008690507914044054,-0.029255668987768317,-0.011678955549981239,0.01383811941333015,-0.005930239415885759,F6b,0.029255668987768317,0.060390521403065674,0.9763046096252525,-0.01476164574211836,0.060390521403065674,-0.0285202716271022,-0.04123472748455439,-0.005650690562886047,0.5629791894852135,12
0.0025973932045506303,0.0069220101339892565,0.5,white,DITHER_s0.5,-0.01136461886549532,-0.061709916964827916,0.038360109782480306,0.03828255523039042,-0.03491260266496293,F6b,0.08601625418744,0.04633443203034655,0.6310130075025326,-0.017435756693569626,0.027936273426006072,0.02151879370535935,-0.01679029166749412,-0.03463305381196322,0.4769989047097481,12
0.0025973932045506303,0.0069220101339892565,0.5,white,DITHER_s1.0,-0.10562340665852243,-0.10841627795484618,0.002072967967032477,-0.010591860837150205,0.022698575803447505,F6b,0.11023321008404383,0.11169454448659674,0.5650524460982289,-0.11169454448659674,-0.018770087564012182,-0.014768348110088484,-0.06566470773503474,0.02297812465644722,0.5021905805038335,12
0.0025973932045506303,0.0069220101339892565,0.5,white,DITHER_s2.0,0.03507535134356996,-0.10559842757400638,-0.03768406957290718,0.07523123647809234,0.00010446882919778187,F6b,0.10559842757400638,0.05452538565002814,0.5978410946622261,0.029004213515495654,-0.015952237183172385,-0.05452538565002814,0.020158389580207797,0.00038401768219749463,0.5213581599123768,12
0.0025973932045506303,0.0069220101339892565,0.5,white,DITHER_blind,0.06265548875201227,-0.09107671559652655,-0.06522372485410964,0.08425441971635421,0.02709480380294299,F6b,0.09107671559652655,0.0820650409312306,0.5345719142057538,0.05658435092393796,-0.0014305252056925572,-0.0820650409312306,0.02918157281846967,0.027374352655942704,0.5498357064622125,12
0.0007852325067591075,0.006758554232957104,0.0,white,NOATTACK,0.0,0.0,0.0,0.0,0.0,F6b,0.0,0.09035899109022964,0.0,-0.09035899109022964,0.0005672494403617859,-0.024853881539488424,0.02044951263287193,-0.006581838687212257,0.0,13
0.0007852325067591075,0.006758554232957104,0.02,white,MEMLESS,-0.04090045236294125,0.05008292937236369,0.033344855980924105,-0.028760758343148722,0.04460555202497058,F6b,0.05008292937236369,0.1312594434531709,0.6024938185509574,-0.1312594434531709,0.050650178812725474,0.00849097444143568,-0.00831124571027679,0.03802371333775832,0.0345821325648415,13
0.0007852325067591075,0.006758554232957104,0.02,white,CORR_L2_f0.0,-0.009801601915215008,0.02027785550387228,0.023158009458924607,-0.027619536906781005,0.03930960127088637,F6b,0.05974746900899302,0.10016059300544465,0.5998132814918508,-0.10016059300544465,0.02084510494423407,-0.0016958720805638186,-0.007170024273909071,0.03272776258367411,0.04707012487992315,13
0.0007852325067591075,0.006758554232957104,0.02,white,CORR_L2_f0.15,-0.011727175967091705,0.02748007124049918,0.022500272335820023,-0.02904640397500009,0.04384708665985026,F6b,0.05575845654688149,0.10208616705732135,0.6027063744260326,-0.10208616705732135,0.02804732068086097,-0.0023536092036684025,-0.008596891342128158,0.037265247972638,0.04386807556836375,13
0.0007852325067591075,0.006758554232957104,0.02,white,CORR_L2_f0.3,-0.010017581287438085,0.021251984237848544,0.026877801681497285,-0.03098831177844521,0.04129149693511994,F6b,0.05591487270717599,0.10037657237766773,0.6033432619887599,-0.10037657237766773,0.021819233678210332,0.0020239201420088615,-0.010538799145573279,0.03470965824790768,0.040345821325648415,13
0.0007852325067591075,0.006758554232957104,0.02,white,CORR_L2_f0.5,-0.010717219574737938,0.02359485229710951,0.03209418053866381,-0.025517370899720858,0.046965676901739986,F6b,0.055876121271903174,0.10107621066496758,0.6087816621576381,-0.10107621066496758,0.024162101737471298,0.007240298999175383,-0.005067858266848927,0.04038383821452773,0.04002561639449247,13
0.0007852325067591075,0.006758554232957104,0.02,white,CORR_L2_f0.7,-0.02418078019631717,0.033908600794763835,0.03466086962363749,-0.024268751933515555,0.043611569232216686,F6b,0.05335884698954314,0.11453977128654681,0.6036146242834096,-0.11453977128654681,0.03447585023512562,0.009806988084149069,-0.0038192393006436236,0.03702973054500443,0.036183157220621195,13
0.0007852325067591075,0.006758554232957104,0.02,white,CORR_L4_f0.0,0.0018644449864967105,0.03230957039087864,-0.0024465796707973837,-0.01307859717317453,0.007766103403859087,F6b,0.041255526952030164,0.08849454610373293,0.6008963506418137,-0.08849454610373293,0.032876819831240425,-0.027300461210285808,0.007370915459697402,0.0011842647166468297,0.058277297470381045,13
0.0007852325067591075,0.006758554232957104,0.02,white,CORR_L4_f0.15,0.00152640260039405,0.03524624308818158,0.005116763767838473,-0.008878902686486561,0.010120556117768763,F6b,0.039086068477113066,0.08883258848983559,0.6030350550199851,-0.08883258848983559,0.035813492528543364,-0.01973711777164995,0.01157060994638537,0.0035387174305565048,0.04963176432917067,13
0.0007852325067591075,0.006758554232957104,0.02,white,CORR_L4_f0.3,-0.002614586977883568,0.037529780651457824,0.013413586809773037,-0.024355920463711263,0.02160976840490217,F6b,0.039507788898927226,0.09297357806811321,0.6116785215348945,-0.09297357806811321,0.03809703009181961,-0.011440294729715387,-0.003906407830839333,0.015027929717689912,0.04642971501761127,13
0.0007852325067591075,0.006758554232957104,0.02,white,CORR_L4_f0.5,-0.006968136396590691,0.036087850417539494,0.022540196936679392,-0.022151002587784387,0.035583042316500016,F6b,0.05006624034613434,0.09732712748682033,0.6114324297579382,-0.09732712748682033,0.03665509985790128,-0.0023136846028090304,-0.0017014899549124547,0.029001203629287757,0.041946845981428116,13
0.0007852325067591075,0.006758554232957104,0.02,white,CORR_L4_f0.7,-0.025676528066652965,0.03867731653375878,0.030765487624218886,-0.027344209756590812,0.036908188189557746,F6b,0.04878331007983745,0.11603551915688261,0.6044295970024582,-0.11603551915688261,0.039244565974120564,0.005911606084730463,-0.006894697123718879,0.030326349502345487,0.03650336215177714,13
0.0007852325067591075,0.006758554232957104,0.02,white,CORR_L6_f0.0,0.006093738824608383,0.05399152690275015,-0.012006818194491762,-0.0336857254319361,-0.01631420882270474,F6b,0.05399152690275015,0.08426525226562126,0.569604668873374,-0.08426525226562126,0.05455877634311194,-0.036860699733980186,-0.013236212799064163,-0.022896047509917,0.055395453089977585,13
0.0007852325067591075,0.006758554232957104,0.02,white,CORR_L6_f0.15,0.002652712365455598,0.03898151968367434,0.02141898483409648,-0.00036608526812003175,0.019105422072220123,F6b,0.04139379474687997,0.08770627872477404,0.6026312076102889,-0.08770627872477404,0.039548769124036126,-0.003434896705391942,0.0200834273647519,0.012523583385007867,0.05059237912263849,13
0.0007852325067591075,0.006758554232957104,0.02,white,CORR_L6_f0.3,-0.0033271039758659138,0.03495198401464217,0.015456031061465073,-0.011429610518644374,0.018755231803227437,F6b,0.04228272146532966,0.09368609506609556,0.614313896853894,-0.09368609506609556,0.035519233455003955,-0.009397850478023351,0.009019902114227558,0.01217339311601518,0.04835094460454691,13
0.0007852325067591075,0.006758554232957104,0.02,white,CORR_L6_f0.5,-0.007938596450476884,0.0328129138184801,0.02043718064750688,-0.016151494131011697,0.03759007365974163,F6b,0.049796848780313326,0.09829758754070653,0.6120625158441205,-0.09829758754070653,0.03338016325884189,-0.004416700891981543,0.0042980185018602355,0.031008234972529372,0.04226705091258405,13
0.0007852325067591075,0.006758554232957104,0.02,white,CORR_L6_f0.7,-0.025676528066652965,0.03867731653375878,0.030765487624218886,-0.027344209756590812,0.036908188189557746,F6b,0.04878331007983745,0.11603551915688261,0.6044295970024582,-0.11603551915688261,0.039244565974120564,0.005911606084730463,-0.006894697123718879,0.030326349502345487,0.03650336215177714,13
0.0007852325067591075,0.006758554232957104,0.02,white,CORR_L10_f0.0,-0.014964954438230343,0.07749505741758708,-0.043482959285628606,-0.016373640946240053,-0.01409042875544104,F6b,0.07749505741758708,0.10532394552845999,0.5590247784580686,-0.10532394552845999,0.07806230685794886,-0.06833684082511703,0.00407587168663188,-0.020672267442653297,0.06692283061159142,13
0.0007852325067591075,0.006758554232957104,0.02,white,CORR_L10_f0.15,0.0019109589619348971,0.06063657232929527,0.0054609368209648165,-0.009043555189729581,0.017587104996392426,F6b,0.06063657232929527,0.08844803212829475,0.580151859689606,-0.08844803212829475,0.06120382176965706,-0.019392944718523607,0.01140595744314235,0.011005266309180167,0.04354787063720781,13
0.0007852325067591075,0.006758554232957104,0.02,white,CORR_L10_f0.3,-0.0033271039758659138,0.03495198401464217,0.015456031061465073,-0.011429610518644374,0.018755231803227437,F6b,0.04228272146532966,0.09368609506609556,0.614313896853894,-0.09368609506609556,0.035519233455003955,-0.009397850478023351,0.009019902114227558,0.01217339311601518,0.04835094460454691,13
0.0007852325067591075,0.006758554232957104,0.02,white,CORR_L10_f0.5,-0.007938596450476884,0.0328129138184801,0.02043718064750688,-0.016151494131011697,0.03759007365974163,F6b,0.049796848780313326,0.09829758754070653,0.6120625158441205,-0.09829758754070653,0.03338016325884189,-0.004416700891981543,0.0042980185018602355,0.031008234972529372,0.04226705091258405,13
0.0007852325067591075,0.006758554232957104,0.02,white,CORR_L10_f0.7,-0.025676528066652965,0.03867731653375878,0.030765487624218886,-0.027344209756590812,0.036908188189557746,F6b,0.04878331007983745,0.11603551915688261,0.6044295970024582,-0.11603551915688261,0.039244565974120564,0.005911606084730463,-0.006894697123718879,0.030326349502345487,0.03650336215177714,13
0.0007852325067591075,0.006758554232957104,0.02,white,CORR_L20_f0.0,0.016967088603562566,0.07399332494283045,-0.04357497378277922,-0.0036063629965100465,0.004873390429549102,F6b,0.07399332494283045,0.07456057438319223,0.5314376127227253,-0.07339190248666708,0.07456057438319223,-0.06842885532226764,0.016843149636361885,-0.0017084482576631551,0.08293307716938841,13
0.0007852325067591075,0.006758554232957104,0.02,white,CORR_L20_f0.15,-0.001248712117430037,0.050714232578566304,0.007038251201516164,-0.010459595546800895,0.009758269895051748,F6b,0.050714232578566304,0.09160770320765968,0.5670997344658346,-0.09160770320765968,0.05128148201892809,-0.01781563033797226,0.009989917086071037,0.0031764312078394917,0.03970541146333654,13
0.0007852325067591075,0.006758554232957104,0.02,white,CORR_L20_f0.3,-0.0033271039758659138,0.03495198401464217,0.015456031061465073,-0.011429610518644374,0.018755231803227437,F6b,0.04228272146532966,0.09368609506609556,0.614313896853894,-0.09368609506609556,0.035519233455003955,-0.009397850478023351,0.009019902114227558,0.01217339311601518,0.04835094460454691,13
0.0007852325067591075,0.006758554232957104,0.02,white,CORR_L20_f0.5,-0.007938596450476884,0.0328129138184801,0.02043718064750688,-0.016151494131011697,0.03759007365974163,F6b,0.049796848780313326,0.09829758754070653,0.6120625158441205,-0.09829758754070653,0.03338016325884189,-0.004416700891981543,0.0042980185018602355,0.031008234972529372,0.04226705091258405,13
0.0007852325067591075,0.006758554232957104,0.02,white,CORR_L20_f0.7,-0.025676528066652965,0.03867731653375878,0.030765487624218886,-0.027344209756590812,0.036908188189557746,F6b,0.04878331007983745,0.11603551915688261,0.6044295970024582,-0.11603551915688261,0.039244565974120564,0.005911606084730463,-0.006894697123718879,0.030326349502345487,0.03650336215177714,13
0.0007852325067591075,0.006758554232957104,0.02,white,DITHER_s0.5,0.013150139509364556,0.007742938531904671,-0.0003742590482646718,-0.011926191354539031,-0.018617273566170586,F6b,0.018617273566170586,0.07720885158086509,0.01456560552539073,-0.07720885158086509,0.008310187972266457,-0.025228140587753096,0.0085233212783329,-0.02519911225338284,0.020493115593980146,13
0.0007852325067591075,0.006758554232957104,0.02,white,DITHER_s1.0,0.07762793091177055,-0.036068746562267835,-0.03508175118710233,-0.005781452845859444,0.00900769540395029,F6b,0.07762793091177055,0.059935632726590755,0.027175312714817417,-0.0127310601784591,-0.03550149712190605,-0.059935632726590755,0.014668059787012487,0.002425856716738033,0.01857188600704451,13
0.0007852325067591075,0.006758554232957104,0.02,white,DITHER_s2.0,0.012166880791272816,0.00374724978018395,-0.0015032915024966592,0.00020332317716684548,-0.00021151229259759857,F6b,0.016171160172644514,0.07819211029895683,0.02551498559074113,-0.07819211029895683,0.004314499220545736,-0.026357173041985083,0.020652835810038777,-0.006793350979809856,0.018892090938200448,13
0.0007852325067591075,0.006758554232957104,0.02,white,DITHER_blind,-0.0037651068078741884,-0.0032892039386850378,-0.010961053778115046,-0.002396025461966749,-0.005860553153635938,F6b,0.017876651440153556,0.09412409789810383,0.010386003832469327,-0.09412409789810383,-0.002721954498323252,-0.03581493531760347,0.018053487170905182,-0.012442391840848195,0.01985270573166827,13
0.0007852325067591075,0.006758554232957104,0.05,white,MEMLESS,-0.036995453439598605,0.002075130963283958,0.008080442008914394,-0.03740909999939608,-0.012343338554070741,F6b,0.05592334245886092,0.12735444452982825,0.6888785870767988,-0.12735444452982825,0.0026423804036457437,-0.01677343953057403,-0.016959587366524146,-0.018925177241283,0.06948447006083894,13
0.0007852325067591075,0.006758554232957104,0.05,white,CORR_L2_f0.0,-0.006219374295819716,0.005297618387313035,0.011812697277109464,-0.03338480570990242,-0.0014014486252262783,F6b,0.0615060331380497,0.09657836538604936,0.6581963322098398,-0.09657836538604936,0.005864867827674821,-0.01304118426237896,-0.012935293077030483,-0.007983287312438535,0.07524815882164586,13
0.0007852325067591075,0.006758554232957104,0.05,white,CORR_L2_f0.15,-0.007074802934631405,0.00909896425875758,0.009662747138370488,-0.037275313268935115,-0.0029942028546441606,F6b,0.05389098040781132,0.09743379402486105,0.665613385715737,-0.09743379402486105,0.009666213699119366,-0.015191134401117936,-0.01682580063606318,-0.009576041541856418,0.07524815882164586,13
0.0007852325067591075,0.006758554232957104,0.05,white,CORR_L2_f0.3,-0.010665657639227874,0.006620451235511754,0.011137404207213807,-0.0374982605489422,-0.0036985150095674765,F6b,0.05337455308476332,0.10102464872945752,0.6720473173917167,-0.10102464872945752,0.007187700675873539,-0.013716477332274617,-0.01704874791607027,-0.010280353696779734,0.07364713416586616,13
0.0007852325067591075,0.006758554232957104,0.05,white,CORR_L2_f0.5,-0.010665865443802464,-0.00015601970137394847,0.014108302241772156,-0.043857038840988294,-0.0060813430325326896,F6b,0.043857038840988294,0.1010248565340321,0.678616415233492,-0.1010248565340321,0.00041122973898783744,-0.010745579297716268,-0.023407526208116362,-0.012663181719744947,0.06948447006083894,13
0.0007852325067591075,0.006758554232957104,0.05,white,CORR_L2_f0.7,-0.02289732652525331,-0.00795194874608211,0.006831807121240985,-0.032421177745993304,-0.006732595128681473,F6b,0.041062239548044416,0.11325631761548295,0.684423336864747,-0.11325631761548295,-0.007384699305720324,-0.01802207441824744,-0.011971665113121371,-0.01331443381589373,0.06884406019852705,13
0.0007852325067591075,0.006758554232957104,0.05,white,CORR_L4_f0.0,-0.002759180082029161,0.023528340357387788,-0.013117363329244017,-0.02108187678412035,0.002041129408314822,F6b,0.046923719501760844,0.0931181711722588,0.6389412722717718,-0.0931181711722588,0.024095589797749575,-0.03797124486873244,-0.0006323641512484209,-0.004540709278897435,0.08325328210054435,13
0.0007852325067591075,0.006758554232957104,0.05,white,CORR_L4_f0.15,0.012750989321594755,0.02067643672728336,0.019594585733906,-0.03569558523581032,0.02082135967963336,F6b,0.05475288561121933,0.07760800176863489,0.6397384701596124,-0.07760800176863489,0.02124368616764515,-0.0052592958055824235,-0.015246072602938384,0.014239520992421104,0.06980467499199487,13
0.0007852325067591075,0.006758554232957104,0.05,white,CORR_L4_f0.3,0.009449309984150112,0.01354941121336678,0.018339555126800095,-0.048232146163739664,-0.002771298309521473,F6b,0.06377993726691956,0.08090968110607953,0.6637009446734488,-0.08090968110607953,0.014116660653728566,-0.00651432641268833,-0.02778263353086773,-0.00935313699673373,0.07108549471661864,13
0.0007852325067591075,0.006758554232957104,0.05,white,CORR_L4_f0.5,-0.006006413585960435,0.003601742473769754,0.003468060457094368,-0.04300630152934061,-0.007319415541664117,F6b,0.04322769650472208,0.09636540467619008,0.673520919314257,-0.09636540467619008,0.00416899191413154,-0.021385821082394056,-0.02255678889646868,-0.013901254228876374,0.06852385526737112,13
0.0007852325067591075,0.006758554232957104,0.05,white,CORR_L4_f0.7,-0.02096515536356504,-0.00694418139162509,0.004953250987737235,-0.03187729909795827,-0.005931717392877777,F6b,0.041305371138961,0.11132414645379468,0.6848467828438277,-0.11132414645379468,-0.006376931951263304,-0.01990063055175119,-0.011427786465086338,-0.012513556080090034,0.069164265129683,13
0.0007852325067591075,0.006758554232957104,0.05,white,CORR_L6_f0.0,-0.001622520457757251,0.024571031525473554,-0.02133034058814547,-0.021374729935302168,-0.019405730338302778,F6b,0.0421115796653339,0.0919815115479869,0.6449838007319642,-0.0919815115479869,0.02513828096583534,-0.046184222127633894,-0.0009252173024302354,-0.025987569025515033,0.10086455331412104,13
0.0007852325067591075,0.006758554232957104,0.05,white,CORR_L6_f0.15,0.003614927198345011,0.02857211248320452,0.01793478452877345,-0.022377820014057012,-0.00268439914057033,F6b,0.05296179688370848,0.08674406389188463,0.6363811508788473,-0.08674406389188463,0.029139361923566306,-0.006919097010714975,-0.001928307381185082,-0.009266237827782587,0.07012487992315082,13
0.0007852325067591075,0.006758554232957104,0.05,white,CORR_L6_f0.3,0.001385057942744447,0.02041535837333824,0.018099640052772904,-0.03193782619195539,0.002845286239830452,F6b,0.06130568994353293,0.0889739331474852,0.6545036451703208,-0.0889739331474852,0.020982607813700028,-0.006754241486715521,-0.01148831355908346,-0.003736552447381805,0.06692283061159142,13
0.0007852325067591075,0.006758554232957104,0.05,white,CORR_L6_f0.5,-0.006971581309009767,0.00033183067314697173,0.002985787308328696,-0.04010834708505122,-0.005307008970646463,F6b,0.04241142957581989,0.09733057239923941,0.6741510054004395,-0.09733057239923941,0.0008990801135087576,-0.021868094231159728,-0.01965883445217929,-0.01188884765785872,0.06884406019852705,13
0.0007852325067591075,0.006758554232957104,0.05,white,CORR_L6_f0.7,-0.021923038139390116,-0.01020768389868208,0.0028617191167459206,-0.02897279681971244,-0.003912676416453617,F6b,0.04073261678345599,0.11228202922961976,0.6854768689300099,-0.11228202922961976,-0.009640434458320295,-0.021992162422742503,-0.008523284186840506,-0.010494515103665874,0.06948447006083894,13
0.0007852325067591075,0.006758554232957104,0.05,white,CORR_L10_f0.0,0.006560348905331637,0.027642997419550674,-0.02387238671453117,-0.02359386169870247,-0.018164168843455307,F6b,0.034416667140106015,0.083798642184898,0.644036949880509,-0.083798642184898,0.028210246859912462,-0.04872626825401959,-0.0031443490658305388,-0.024746007530667566,0.11463336535382646,13
0.0007852325067591075,0.006758554232957104,0.05,white,CORR_L10_f0.15,0.002098143061026958,0.02591544125317305,0.0130481065548544,-0.01973330862142404,0.004446101528474902,F6b,0.03930195661002932,0.08826084802920268,0.6294264716767998,-0.08826084802920268,0.026482690693534837,-0.011805774984634023,0.0007162040114478935,-0.0021357371587373553,0.06692283061159142,13
0.0007852325067591075,0.006758554232957104,0.05,white,CORR_L10_f0.3,0.001385057942744447,0.02041535837333824,0.018099640052772904,-0.03193782619195539,0.002845286239830452,F6b,0.06130568994353293,0.0889739331474852,0.6545036451703208,-0.0889739331474852,0.020982607813700028,-0.006754241486715521,-0.01148831355908346,-0.003736552447381805,0.06692283061159142,13
0.0007852325067591075,0.006758554232957104,0.05,white,CORR_L10_f0.5,-0.006971581309009767,0.00033183067314697173,0.002985787308328696,-0.04010834708505122,-0.005307008970646463,F6b,0.04241142957581989,0.09733057239923941,0.6741510054004395,-0.09733057239923941,0.0008990801135087576,-0.021868094231159728,-0.01965883445217929,-0.01188884765785872,0.06884406019852705,13
0.0007852325067591075,0.006758554232957104,0.05,white,CORR_L10_f0.7,-0.021923038139390116,-0.01020768389868208,0.0028617191167459206,-0.02897279681971244,-0.003912676416453617,F6b,0.04073261678345599,0.11228202922961976,0.6854768689300099,-0.11228202922961976,-0.009640434458320295,-0.021992162422742503,-0.008523284186840506,-0.010494515103665874,0.06948447006083894,13
0.0007852325067591075,0.006758554232957104,0.05,white,CORR_L20_f0.0,0.010187187030136782,0.03460815023945752,-0.019753085482840955,-0.02484266237833663,-0.0019937371321612912,F6b,0.03883092415587612,0.08017180406009286,0.6137660102533204,-0.08017180406009286,0.03517539967981931,-0.04460696702232938,-0.0043931497454646985,-0.008575575819373548,0.12199807877041306,13
0.0007852325067591075,0.006758554232957104,0.05,white,CORR_L20_f0.15,0.002562528211177792,0.0260073843551104,0.013630007870546381,-0.019737660432629107,0.0033285875132770815,F6b,0.03837271375590806,0.08779646287905185,0.6311873622967099,-0.08779646287905185,0.02657463379547219,-0.011223873668942043,0.0007118522002428257,-0.0032532511739351757,0.07012487992315082,13
0.0007852325067591075,0.006758554232957104,0.05,white,CORR_L20_f0.3,0.001385057942744447,0.02041535837333824,0.018099640052772904,-0.03193782619195539,0.002845286239830452,F6b,0.06130568994353293,0.0889739331474852,0.6545036451703208,-0.0889739331474852,0.020982607813700028,-0.006754241486715521,-0.01148831355908346,-0.003736552447381805,0.06692283061159142,13
0.0007852325067591075,0.006758554232957104,0.05,white,CORR_L20_f0.5,-0.006971581309009767,0.00033183067314697173,0.002985787308328696,-0.04010834708505122,-0.005307008970646463,F6b,0.04241142957581989,0.09733057239923941,0.6741510054004395,-0.09733057239923941,0.0008990801135087576,-0.021868094231159728,-0.01965883445217929,-0.01188884765785872,0.06884406019852705,13
0.0007852325067591075,0.006758554232957104,0.05,white,CORR_L20_f0.7,-0.021923038139390116,-0.01020768389868208,0.0028617191167459206,-0.02897279681971244,-0.003912676416453617,F6b,0.04073261678345599,0.11228202922961976,0.6854768689300099,-0.11228202922961976,-0.009640434458320295,-0.021992162422742503,-0.008523284186840506,-0.010494515103665874,0.06948447006083894,13
0.0007852325067591075,0.006758554232957104,0.05,white,DITHER_s0.5,0.14340748033049888,0.024702487894238023,-0.011956081294085538,-0.03186297044915171,-0.006591356757715822,F6b,0.14340748033049888,0.05304848924026923,0.15214923046625284,0.05304848924026923,0.02526973733459981,-0.03680996283357396,-0.011413457816279783,-0.01317319544492808,0.051232788984950366,13
0.0007852325067591075,0.006758554232957104,0.05,white,DITHER_s1.0,0.019043868634341474,-0.011609229723098743,0.003706055136664499,-0.0018038505805003692,0.004106295004530314,F6b,0.021450753108977906,0.07131512245588817,0.036383122013018535,-0.07131512245588817,-0.011041980282736957,-0.021147826402823925,0.018645662052371562,-0.0024755436826819433,0.05027217419148255,13
0.0007852325067591075,0.006758554232957104,0.05,white,DITHER_s2.0,-0.004146305136865952,-0.007856556800074152,-0.00530883660005662,-0.016669981278417484,0.01801450462003853,F6b,0.024202198867649356,0.0945052962270956,0.03519566367781899,-0.0945052962270956,-0.007289307359712366,-0.030162718139545044,0.0037795313544544463,0.011432665932826274,0.04963176432917067,13
0.0007852325067591075,0.006758554232957104,0.05,white,DITHER_blind,0.12494267108829582,-0.05315569613218248,-0.010152508194811383,-0.002169985179991816,0.01835754603974899,F6b,0.12494267108829582,0.052588446691820695,0.09412230586138254,0.03458367999806618,-0.052588446691820695,-0.03500638973429981,0.018279527452880116,0.011775707352536734,0.04739032981107909,13
0.0007852325067591075,0.006758554232957104,0.1,white,MEMLESS,-0.05181950866322861,-0.03765026172877896,-0.008510704010034138,-0.046282470631997544,-0.000987037552676328,F6b,0.05181950866322861,0.14217849975345825,0.7707200125657271,-0.14217849975345825,-0.03708301228841717,-0.03336458554952256,-0.025832957999125612,-0.007568876239888585,0.12263848863272495,13
0.0007852325067591075,0.006758554232957104,0.1,white,CORR_L2_f0.0,-0.01891902099586444,-0.02140429973414717,-0.01939365948257594,-0.023320447016088305,-0.023174594801153234,F6b,0.05663433776602384,0.10927801208609408,0.7250953403365638,-0.10927801208609408,-0.02083705029378538,-0.044247541022064366,-0.0028709343832163748,-0.029756433488365493,0.12904258725584375,13
0.0007852325067591075,0.006758554232957104,0.1,white,CORR_L2_f0.15,-0.020713194805344254,-0.021475148045595062,-0.016633826993972842,-0.026608141584224247,-0.022046296394288276,F6b,0.06440088079641437,0.1110721858955739,0.7333566760674344,-0.1110721858955739,-0.020907898605233274,-0.041487708533461266,-0.006158628951352314,-0.028628135081500534,0.12263848863272495,13
0.0007852325067591075,0.006758554232957104,0.1,white,CORR_L2_f0.3,-0.019649671701842827,-0.016629070898716472,-0.00887654836324037,-0.02829271102360063,-0.0248875426540587,F6b,0.06861544321047582,0.11000866279207247,0.7374462311336425,-0.11000866279207247,-0.016061821458354684,-0.033730429902728794,-0.007843198390728699,-0.03146938134127096,0.11719500480307397,13
0.0007852325067591075,0.006758554232957104,0.1,white,CORR_L2_f0.5,-0.02178575852990236,-0.02310903776179616,-0.003264898908375207,-0.044856472655909224,-0.017179783975333825,F6b,0.044856472655909224,0.112144749620132,0.7485313395440387,-0.112144749620132,-0.022541788321434372,-0.02811878044786363,-0.02440696002303729,-0.02376162266254608,0.11367275056035862,13
0.0007852325067591075,0.006758554232957104,0.1,white,CORR_L2_f0.7,-0.031678804035337724,-0.03069651065083804,-0.0114701770967385,-0.04901248903536049,-0.006898386830379834,F6b,0.04901248903536049,0.12203779512556737,0.7563137579853546,-0.12203779512556737,-0.030129261210476252,-0.036324058636226925,-0.02856297640248856,-0.013480225517592091,0.11463336535382646,13
0.0007852325067591075,0.006758554232957104,0.1,white,CORR_L4_f0.0,0.0017544811551519213,-0.005727139209174798,0.0018279983105608869,-0.030971434540534325,-0.023788986520058397,F6b,0.063508495790376,0.08860450993507772,0.6986792116477749,-0.08860450993507772,-0.005159889768813012,-0.023025883228927537,-0.010521921907662391,-0.030370825207270653,0.13480627601665066,13
0.0007852325067591075,0.006758554232957104,0.1,white,CORR_L4_f0.15,-0.004592646092583599,0.0014765326171593323,-0.003242532046825588,-0.024697526737471085,-0.01899804479580741,F6b,0.05738466657007438,0.09495163718281324,0.7108929188191505,-0.09495163718281324,0.002043782057521118,-0.028096413586314012,-0.0042480141045991545,-0.02557988348301967,0.12167787383925713,13
0.0007852325067591075,0.006758554232957104,0.1,white,CORR_L4_f0.3,-0.00814630744790712,-0.0009820847493539073,-0.011291820639735366,-0.026285920340130196,-0.01753021206118857,F6b,0.050857702766670225,0.09850529853813676,0.7269518482751748,-0.09850529853813676,-0.00041483530899212145,-0.03614570217922379,-0.005836407707258263,-0.02411205074840083,0.11591418507845021,13
0.0007852325067591075,0.006758554232957104,0.1,white,CORR_L4_f0.5,-0.018640224301912034,-0.015749606468267115,-0.002602376785118883,-0.048885333090097016,-0.017429244623797968,F6b,0.048885333090097016,0.10899921539214168,0.7405425446201174,-0.10899921539214168,-0.015182357027905328,-0.027456258324607307,-0.02843582045722508,-0.024011083311010224,0.10918988152417547,13
0.0007852325067591075,0.006758554232957104,0.1,white,CORR_L4_f0.7,-0.02916754105829425,-0.027224974265317073,-0.007271290865409962,-0.05057314264415165,-0.013507964647827534,F6b,0.05057314264415165,0.11952653214852389,0.755756998954618,-0.11952653214852389,-0.026657724824955285,-0.032125172404898386,-0.030123630011279715,-0.02008980333503979,0.11463336535382646,13
0.0007852325067591075,0.006758554232957104,0.1,white,CORR_L6_f0.0,0.000989094780562333,0.013360462554125855,-0.0016500398498354718,-0.027439889160004914,-0.03461307174810455,F6b,0.05892329034592347,0.08936989630966731,0.6774238174860188,-0.08936989630966731,0.01392771199448764,-0.026503921389323896,-0.006990376527132984,-0.04119491043531681,0.13320525136087097,13
0.0007852325067591075,0.006758554232957104,0.1,white,CORR_L6_f0.15,0.0010362744013659164,0.004466725167670944,0.0037779870249612657,-0.028798413265127706,-0.0036805425258654677,F6b,0.05695760587783193,0.08932271668886373,0.7006525016856237,-0.08932271668886373,0.00503397460803273,-0.021075894514527158,-0.008348900632255773,-0.010262381213077725,0.11815561959654179,13
0.0007852325067591075,0.006758554232957104,0.1,white,CORR_L6_f0.3,-0.002850704359565248,-0.000743869851649146,-0.00232950443537815,-0.020069899385781166,-0.011800388500829337,F6b,0.05592999420511512,0.09320969544979489,0.7201436104293187,-0.09320969544979489,-0.00017662041128736015,-0.027183385974866574,0.00037961324709076625,-0.018382227188041594,0.11207172590457894,13
0.0007852325067591075,0.006758554232957104,0.1,white,CORR_L6_f0.5,-0.017636102580855115,-0.0176572315347179,-0.008540215880107543,-0.04224491107659204,-0.02421304240145091,F6b,0.05238822132667532,0.10799509367108476,0.7389767189662997,-0.10799509367108476,-0.017089982094356113,-0.03339409741959597,-0.02179539844372011,-0.030794881088663167,0.10822926673070765,13
0.0007852325067591075,0.006758554232957104,0.1,white,CORR_L6_f0.7,-0.02916754105829425,-0.027224974265317073,-0.007271290865409962,-0.05057314264415165,-0.013507964647827534,F6b,0.05057314264415165,0.11952653214852389,0.755756998954618,-0.11952653214852389,-0.026657724824955285,-0.032125172404898386,-0.030123630011279715,-0.02008980333503979,0.11463336535382646,13
0.0007852325067591075,0.006758554232957104,0.1,white,CORR_L10_f0.0,-0.004369853970497689,0.0195151464671478,-0.026608484707653177,-0.02661198216874397,-0.02116316428421266,F6b,0.03646842887973667,0.09472884506072733,0.6693189130697265,-0.09472884506072733,0.020082395907509588,-0.0514623662471416,-0.006162469535872039,-0.027745002971424917,0.14345180915786104,13
0.0007852325067591075,0.006758554232957104,0.1,white,CORR_L10_f0.15,-0.00047258913153126747,0.007832174415700582,0.0035551490645584875,-0.029253054460623082,-0.002739063298522453,F6b,0.061503192942585536,0.09083158022176091,0.7053311924400761,-0.09083158022176091,0.008399423856062368,-0.021298732474929936,-0.008803541827751152,-0.00932090198573471,0.12776176753121998,13
0.0007852325067591075,0.006758554232957104,0.1,white,CORR_L10_f0.3,-0.004765855409261083,-0.00010416687720744692,0.0018240802894506566,-0.018226406219764162,-0.009865152757839677,F6b,0.05611235872247447,0.09512484649949073,0.7192801305711956,-0.09512484649949073,0.000463082563154339,-0.023029801250037767,0.002223106413107768,-0.016446991445051934,0.1111111111111111,13
0.0007852325067591075,0.006758554232957104,0.1,white,CORR_L10_f0.5,-0.017636102580855115,-0.0176572315347179,-0.008540215880107543,-0.04224491107659204,-0.02421304240145091,F6b,0.05238822132667532,0.10799509367108476,0.7389767189662997,-0.10799509367108476,-0.017089982094356113,-0.03339409741959597,-0.02179539844372011,-0.030794881088663167,0.10822926673070765,13
0.0007852325067591075,0.006758554232957104,0.1,white,CORR_L10_f0.7,-0.02916754105829425,-0.027224974265317073,-0.007271290865409962,-0.05057314264415165,-0.013507964647827534,F6b,0.05057314264415165,0.11952653214852389,0.755756998954618,-0.11952653214852389,-0.026657724824955285,-0.032125172404898386,-0.030123630011279715,-0.02008980333503979,0.11463336535382646,13
0.0007852325067591075,0.006758554232957104,0.1,white,CORR_L20_f0.0,0.0031711699092285273,0.023881081857391084,-0.02260008149841088,-0.022841010960050034,-0.012212751253940292,F6b,0.03671313365532569,0.08718782118100112,0.6827559639281953,-0.08718782118100112,0.02444833129775287,-0.047453963037899304,-0.002391498327178104,-0.01879458994115255,0.1962856227985911,13
0.0007852325067591075,0.006758554232957104,0.1,white,CORR_L20_f0.15,0.003002395395610022,0.008548473650573322,0.003624649160470162,-0.02968709486096074,-0.002799058438496503,F6b,0.06175401314369511,0.08735659569461962,0.7081317923515424,-0.08735659569461962,0.009115723090935108,-0.021229232379018262,-0.00923758222808881,-0.00938089712570876,0.1319244316362472,13
0.0007852325067591075,0.006758554232957104,0.1,white,CORR_L20_f0.3,-0.004765855409261083,-0.00010416687720744692,0.0018240802894506566,-0.018226406219764162,-0.009865152757839677,F6b,0.05611235872247447,0.09512484649949073,0.7192801305711956,-0.09512484649949073,0.000463082563154339,-0.023029801250037767,0.002223106413107768,-0.016446991445051934,0.1111111111111111,13
0.0007852325067591075,0.006758554232957104,0.1,white,CORR_L20_f0.5,-0.017636102580855115,-0.0176572315347179,-0.008540215880107543,-0.04224491107659204,-0.02421304240145091,F6b,0.05238822132667532,0.10799509367108476,0.7389767189662997,-0.10799509367108476,-0.017089982094356113,-0.03339409741959597,-0.02179539844372011,-0.030794881088663167,0.10822926673070765,13
0.0007852325067591075,0.006758554232957104,0.1,white,CORR_L20_f0.7,-0.02916754105829425,-0.027224974265317073,-0.007271290865409962,-0.05057314264415165,-0.013507964647827534,F6b,0.05057314264415165,0.11952653214852389,0.755756998954618,-0.11952653214852389,-0.026657724824955285,-0.032125172404898386,-0.030123630011279715,-0.02008980333503979,0.11463336535382646,13
0.0007852325067591075,0.006758554232957104,0.1,white,DITHER_s0.5,0.26923611228004307,0.10562890880153998,0.09681120453559348,-0.033534610429540396,-0.007937508965446195,F6b,0.26923611228004307,0.17887712118981344,0.2867254509350973,0.17887712118981344,0.10619615824190176,0.07195732299610506,-0.013085097796668462,-0.014519347652658452,0.09349983989753442,13
0.0007852325067591075,0.006758554232957104,0.1,white,DITHER_s1.0,0.037590245829676676,-0.026246706852192537,0.024652125601717347,-0.04141964792489813,0.0017390394685162947,F6b,0.04141964792489813,0.05276874526055297,0.0787373875894161,-0.05276874526055297,-0.02567945741183075,-0.00020175593777107737,-0.020970135292026196,-0.0048427992186959624,0.09990393852065321,13
0.0007852325067591075,0.006758554232957104,0.1,white,DITHER_s2.0,0.055040528571919496,0.024198890568840847,0.013337916066056546,-0.034596722506355815,0.020913167839349357,F6b,0.055040528571919496,0.047815890639240514,0.14383849267574728,-0.03531846251831015,0.024766140009202634,-0.011515965473431878,-0.014147209873483887,0.014331329152137098,0.10951008645533142,13
0.0007852325067591075,0.006758554232957104,0.1,white,DITHER_blind,-0.05424429215155045,0.047975009071209516,0.014633214867705906,0.0007078574548740994,0.0070689039146823816,F6b,0.05424429215155045,0.1446032832417801,0.06790044342300448,-0.1446032832417801,0.048542258511571304,-0.010220666671782518,0.02115737008774603,0.0004870652274701247,0.09798270893371758,13
0.0007852325067591075,0.006758554232957104,0.2,white,MEMLESS,-0.056958837820430055,-0.0374443643004869,-0.011656250617950076,-0.03225458182204549,0.0018175075133837464,F6b,0.056958837820430055,0.1473178289106597,0.8666191013910913,-0.1473178289106597,-0.03687711486012511,-0.0365101321574385,-0.011805069189173557,-0.004764331173828511,0.2254242715337816,13
0.0007852325067591075,0.006758554232957104,0.2,white,CORR_L2_f0.0,-0.022812065923909594,-0.03912975938233993,-0.01234033032721275,-0.015282776883619687,-0.006864188356972015,F6b,0.03912975938233993,0.11317105701413924,0.816347695436053,-0.11317105701413924,-0.03856250994197814,-0.037194211866701174,0.005166735749252244,-0.013446027044184272,0.23631123919308358,13
0.0007852325067591075,0.006758554232957104,0.2,white,CORR_L2_f0.15,-0.02890652247081217,-0.0367184055551743,-0.008478369367375779,-0.014894063005281432,-0.009702786911734882,F6b,0.0367184055551743,0.11926551356104181,0.8298070408079016,-0.11926551356104181,-0.03615115611481251,-0.0333322509068642,0.005555449627590499,-0.01628462559894714,0.234069804674992,13
0.0007852325067591075,0.006758554232957104,0.2,white,CORR_L2_f0.3,-0.02897747930661425,-0.0408554756909527,-0.009520465320229082,-0.022013741922737078,-0.016775927777066428,F6b,0.0408554756909527,0.11933647039684389,0.8409346379089442,-0.11933647039684389,-0.04028822625059091,-0.034374346859717506,-0.001564229289865147,-0.023357766464278687,0.23118796029458855,13
0.0007852325067591075,0.006758554232957104,0.2,white,CORR_L2_f0.5,-0.0298526526448704,-0.041914200481691095,-0.01040786661670626,-0.035293736919506026,-0.0034407478911322124,F6b,0.04982890748795563,0.12021164373510004,0.8494015467827426,-0.12021164373510004,-0.04134695104132931,-0.035261748156194685,-0.014844224286634096,-0.01002258657834447,0.21998078770413065,13
0.0007852325067591075,0.006758554232957104,0.2,white,CORR_L2_f0.7,-0.04205938238101571,-0.03659746814134769,-0.009867553148337354,-0.033143450922427584,0.0006898228889089929,F6b,0.0436798442407703,0.13241837347124535,0.8588743591891007,-0.13241837347124535,-0.036030218700985904,-0.03472143468782578,-0.012693938289555656,-0.005892015798303264,0.22030099263528657,13
0.0007852325067591075,0.006758554232957104,0.2,white,CORR_L4_f0.0,-0.00223986165076262,-0.013513702622108511,-0.007988633313741379,-0.02922427849225903,-0.033210795010610784,F6b,0.04722973926309894,0.09259885274099226,0.7703206298645353,-0.09259885274099226,-0.012946453181746725,-0.0328425148532298,-0.008774765859387098,-0.03979263369782304,0.22894652577649696,13
0.0007852325067591075,0.006758554232957104,0.2,white,CORR_L4_f0.15,-0.013398044878407428,-0.01609897022071674,-0.008714132914063064,-0.0337449786364591,-0.010234660517014148,F6b,0.05341125280618368,0.10375703596863707,0.7882092222283696,-0.10375703596863707,-0.015531720780354953,-0.03356801445355149,-0.013295466003587168,-0.016816499204226405,0.2100544348382965,13
0.0007852325067591075,0.006758554232957104,0.2,white,CORR_L4_f0.3,-0.01141961670458945,-0.02829358926645836,-0.011512146700061333,-0.03960347325341396,0.003789073524087845,F6b,0.03960347325341396,0.10177860779481909,0.8217827237478832,-0.10177860779481909,-0.027726339826096572,-0.03636602823954976,-0.01915396062054203,-0.002792765163124412,0.22414345180915787,13
0.0007852325067591075,0.006758554232957104,0.2,white,CORR_L4_f0.5,-0.025851674978636704,-0.03112535587701216,-0.009624156224639722,-0.036783572864750355,-0.010029974752718345,F6b,0.036783572864750355,0.11621066606886635,0.841162846437512,-0.11621066606886635,-0.030558106436650374,-0.034478037764128146,-0.01633406023187842,-0.016611813439930602,0.21101504963176432,13
0.0007852325067591075,0.006758554232957104,0.2,white,CORR_L4_f0.7,-0.04034019368886867,-0.040080805078781104,-0.015709511047400895,-0.03593290065072269,0.0004705774760928377,F6b,0.04034019368886867,0.1306991847790983,0.852367720266916,-0.1306991847790983,-0.039513555638419316,-0.04056339258688932,-0.015483388017850753,-0.0061112612111194195,0.21165545949407621,13
0.0007852325067591075,0.006758554232957104,0.2,white,CORR_L6_f0.0,-0.003900906505856949,-0.005848986276783437,-0.0025013121802099393,-0.013263262274314416,-0.02957105018802677,F6b,0.04233890659995869,0.09425989759608659,0.7550876514463614,-0.09425989759608659,-0.005281736836421651,-0.027355193719698363,0.007186250358557516,-0.03615288887523903,0.2334293948126801,13
0.0007852325067591075,0.006758554232957104,0.2,white,CORR_L6_f0.15,-0.008585747814225858,-0.005086345910878314,-0.009588782190524222,-0.02906081845634758,-0.015665484927619752,F6b,0.062339092924724324,0.0989447389044555,0.7777687962350346,-0.0989447389044555,-0.004519096470516528,-0.034442663730012646,-0.008611305823475648,-0.02224732361483201,0.20300992635286583,13
0.0007852325067591075,0.006758554232957104,0.2,white,CORR_L6_f0.3,-0.015285559006443572,-0.02168223524070428,-0.006469295880061326,-0.04193247223004448,-0.00311220930703242,F6b,0.04193247223004448,0.10564455009667321,0.8092946798635747,-0.10564455009667321,-0.021114985800342493,-0.03132317741954975,-0.021482959597172554,-0.009694047994244677,0.20941402497598463,13
0.0007852325067591075,0.006758554232957104,0.2,white,CORR_L6_f0.5,-0.025812705400422464,-0.030948592835283888,-0.010197372372266946,-0.036536800190614914,-0.009960235763532837,F6b,0.036536800190614914,0.11617169649065211,0.8408499551412574,-0.11617169649065211,-0.0303813433949221,-0.03505125391175537,-0.016087287557742982,-0.016542074450745094,0.2106948447006084,13
0.0007852325067591075,0.006758554232957104,0.2,white,CORR_L6_f0.7,-0.04034019368886867,-0.040080805078781104,-0.015709511047400895,-0.03593290065072269,0.0004705774760928377,F6b,0.04034019368886867,0.1306991847790983,0.852367720266916,-0.1306991847790983,-0.039513555638419316,-0.04056339258688932,-0.015483388017850753,-0.0061112612111194195,0.21165545949407621,13
0.0007852325067591075,0.006758554232957104,0.2,white,CORR_L10_f0.0,-0.0028190680894408238,-0.001472077442532597,-0.008157944935229946,-0.020973779324426272,-0.02331131733380632,F6b,0.029131223056538404,0.09317805917967047,0.7357415350811608,-0.09317805917967047,-0.0009048280021708109,-0.03301182647471837,-0.0005242666915543417,-0.02989315602101858,0.23471021453730387,13
0.0007852325067591075,0.006758554232957104,0.2,white,CORR_L10_f0.15,-0.005852470360466752,0.002445719936634735,-0.011600152148140645,-0.025178286331824954,-0.01767801160157083,F6b,0.05818246106252812,0.0962114614506964,0.7764690141504385,-0.0962114614506964,0.0030129693769965207,-0.03645403368762907,-0.0047287736989530225,-0.024259850288783087,0.2084534101825168,13
0.0007852325067591075,0.006758554232957104,0.2,white,CORR_L10_f0.3,-0.012916634588779077,-0.02079143535529284,-0.005592771500829784,-0.04084055204080311,-0.003744708823541415,F6b,0.04084055204080311,0.10327562567900872,0.8053005355984932,-0.10327562567900872,-0.020224185914931053,-0.030446653040318208,-0.020391039407931185,-0.010326547510753672,0.20236951649055396,13
0.0007852325067591075,0.006758554232957104,0.2,white,CORR_L10_f0.5,-0.025812705400422464,-0.030948592835283888,-0.010197372372266946,-0.036536800190614914,-0.009960235763532837,F6b,0.036536800190614914,0.11617169649065211,0.8408499551412574,-0.11617169649065211,-0.0303813433949221,-0.03505125391175537,-0.016087287557742982,-0.016542074450745094,0.2106948447006084,13
0.0007852325067591075,0.006758554232957104,0.2,white,CORR_L10_f0.7,-0.04034019368886867,-0.040080805078781104,-0.015709511047400895,-0.03593290065072269,0.0004705774760928377,F6b,0.04034019368886867,0.1306991847790983,0.852367720266916,-0.1306991847790983,-0.039513555638419316,-0.04056339258688932,-0.015483388017850753,-0.0061112612111194195,0.21165545949407621,13
0.0007852325067591075,0.006758554232957104,0.2,white,CORR_L20_f0.0,-0.002455429025941619,0.016824145896221405,-0.029321006273152605,-0.02600927355585557,-0.018861201962515485,F6b,0.03347092170650444,0.09281442011617126,0.7154902621515905,-0.09281442011617126,0.017391395336583192,-0.05417488781264103,-0.005559760922983639,-0.02544304064972774,0.24687800192122958,13
0.0007852325067591075,0.006758554232957104,0.2,white,CORR_L20_f0.15,-0.0058680549437000185,0.0020291767514427216,-0.01030223173979251,-0.023637836568335374,-0.01735006452776451,F6b,0.05897697464238672,0.09622704603392966,0.7788728259257967,-0.09622704603392966,0.0025964261918045074,-0.035156113279280934,-0.003188323935463442,-0.023931903214976766,0.21517771373679154,13
0.0007852325067591075,0.006758554232957104,0.2,white,CORR_L20_f0.3,-0.011910614832342056,-0.020607997585624805,-0.005425270301413616,-0.04090000089639048,-0.005055008409993194,F6b,0.04090000089639048,0.1022696059225717,0.8059794944289518,-0.1022696059225717,-0.020040748145263017,-0.03027915184090204,-0.020450488263518554,-0.01163684709720545,0.20397054114633364,13
0.0007852325067591075,0.006758554232957104,0.2,white,CORR_L20_f0.5,-0.025812705400422464,-0.030948592835283888,-0.010197372372266946,-0.036536800190614914,-0.009960235763532837,F6b,0.036536800190614914,0.11617169649065211,0.8408499551412574,-0.11617169649065211,-0.0303813433949221,-0.03505125391175537,-0.016087287557742982,-0.016542074450745094,0.2106948447006084,13
0.0007852325067591075,0.006758554232957104,0.2,white,CORR_L20_f0.7,-0.04034019368886867,-0.040080805078781104,-0.015709511047400895,-0.03593290065072269,0.0004705774760928377,F6b,0.04034019368886867,0.1306991847790983,0.852367720266916,-0.1306991847790983,-0.039513555638419316,-0.04056339258688932,-0.015483388017850753,-0.0061112612111194195,0.21165545949407621,13
0.0007852325067591075,0.006758554232957104,0.2,white,DITHER_s0.5,0.06061020476167348,0.041428590512998936,0.038096027890353386,-0.004407026988876461,0.015320795804281705,F6b,0.06061020476167348,0.041995839953360724,0.26908789540165823,-0.02974878632855616,0.041995839953360724,0.013242146350864964,0.01604248564399547,0.008738957117069448,0.19724623759205892,13
0.0007852325067591075,0.006758554232957104,0.2,white,DITHER_s1.0,-0.03494448270491472,0.0978014389488569,0.015722727008844386,-0.015218623443679476,-0.013240997632640627,F6b,0.0978014389488569,0.12530347379514437,0.2998201957663304,-0.12530347379514437,0.09836868838921868,-0.009131154530644038,0.005230889189192457,-0.019822836319852884,0.19084213896894012,13
0.0007852325067591075,0.006758554232957104,0.2,white,DITHER_s2.0,0.2347074867811596,-0.015446552884026288,0.010636859104454053,-0.043819175081496,-0.0275031159716655,F6b,0.2347074867811596,0.14434849569092995,0.2921932683537956,0.14434849569092995,-0.014879303443664503,-0.01421702243503437,-0.023369662448624068,-0.03408495465887776,0.1985270573166827,13
0.0007852325067591075,0.006758554232957104,0.2,white,DITHER_blind,0.17319823499875825,-0.0650253746598761,0.0010092847122845153,0.032926985015726,0.024060645324938984,F6b,0.17319823499875825,0.08283924390852862,0.24708896647848544,0.08283924390852862,-0.06445812521951431,-0.02384459682720391,0.053376497648597934,0.017478806637726725,0.1898815241754723,13
0.0007852325067591075,0.006758554232957104,0.3,white,MEMLESS,-0.03646694472188193,-0.03419147451979669,-0.012619623305327416,-0.030431779373739212,-0.017122944429237265,F6b,0.03646694472188193,0.12682593581211157,0.9120221325997375,-0.12682593581211157,-0.033624225079434904,-0.03747350484481584,-0.009982266740867283,-0.02370478311644952,0.308677553634326,13
0.0007852325067591075,0.006758554232957104,0.3,white,CORR_L2_f0.0,-0.028721355653900285,-0.038156636428873916,-0.011299179481749414,-0.017126287408791137,-0.00621433205586479,F6b,0.04120156393282498,0.11908034674412993,0.8788520051118741,-0.11908034674412993,-0.03758938698851213,-0.03615306102123784,0.0033232252240807942,-0.012796170743077047,0.3461415305795709,13
0.0007852325067591075,0.006758554232957104,0.3,white,CORR_L2_f0.15,-0.028530280369951866,-0.03536290731624444,-0.007816996902754763,-0.01740324072115217,-0.0025185582953558584,F6b,0.040112354209099865,0.11888927146018151,0.8844687021027514,-0.11888927146018151,-0.03479565787588265,-0.03267087844224319,0.003046271911719762,-0.009100396982568116,0.3323727185398655,13
0.0007852325067591075,0.006758554232957104,0.3,white,CORR_L2_f0.3,-0.025021949393423892,-0.03962007313486854,-0.010513520229041052,-0.011237123139250422,-2.7265606922968755e-05,F6b,0.03962007313486854,0.11538094048365354,0.8946886604307683,-0.11538094048365354,-0.03905282369450675,-0.035367401768529476,0.00921238949362151,-0.006609104294135226,0.3272494396413705,13
0.0007852325067591075,0.006758554232957104,0.3,white,CORR_L2_f0.5,-0.023745052643295045,-0.03335662835184789,-0.008011213255144266,-0.015385746220192932,-0.00231755437045642,F6b,0.03615805309345665,0.11410404373352469,0.9019831533011754,-0.11410404373352469,-0.0327893789114861,-0.03286509479463269,0.005063766412679,-0.008899393057668677,0.3154018571886007,13
0.0007852325067591075,0.006758554232957104,0.3,white,CORR_L2_f0.7,-0.03562363879103371,-0.03470916349482548,-0.006438266031959423,-0.024858836025731433,-0.011131490263361092,F6b,0.03562363879103371,0.12598262988126335,0.9093004034723078,-0.12598262988126335,-0.03414191405446369,-0.03129214757144785,-0.004409323392859501,-0.01771332895057335,0.3115593980147294,13
0.0007852325067591075,0.006758554232957104,0.3,white,CORR_L4_f0.0,-0.015095616956319682,-0.02259666671105191,-0.01431776311595984,-0.029792581653471217,-0.008663045342835629,F6b,0.029792581653471217,0.10545460804654933,0.8418186641541997,-0.10545460804654933,-0.022029417270690122,-0.039171644655448264,-0.009343069020599285,-0.015244884030047886,0.351264809478066,13
0.0007852325067591075,0.006758554232957104,0.3,white,CORR_L4_f0.15,-0.019770258998029575,-0.01762238206693687,-0.004084612286750857,-0.024033989129622135,0.004199482482224629,F6b,0.024165065002858685,0.11012925008825922,0.8629465434102354,-0.11012925008825922,-0.017055132626575084,-0.02893849382623928,-0.003584476496750202,-0.002382356204987628,0.3336535382644893,13
0.0007852325067591075,0.006758554232957104,0.3,white,CORR_L4_f0.3,-0.02199275710155839,-0.030210286148835846,-0.008647323005623254,-0.02820527511211057,0.01343720786780567,F6b,0.04059999388968834,0.11235174819178803,0.8784839615485225,-0.11235174819178803,-0.02964303670847406,-0.03350120454511168,-0.007755762479238638,0.0068553691805934135,0.3202049311559398,13
0.0007852325067591075,0.006758554232957104,0.3,white,CORR_L4_f0.5,-0.025122071721934258,-0.03454060303813663,-0.009791959771322047,-0.017428904478968242,0.0003833599811970626,F6b,0.03454060303813663,0.1154810628121639,0.8980098704193908,-0.1154810628121639,-0.03397335359777484,-0.03464584131081047,0.0030206081539036903,-0.0061984787060151945,0.3115593980147294,13
0.0007852325067591075,0.006758554232957104,0.3,white,CORR_L4_f0.7,-0.03080021218194555,-0.028270009652667523,-0.008262275674995153,-0.024408573403407477,-0.0066816812135746875,F6b,0.03080021218194555,0.12115920327217519,0.908789597157927,-0.12115920327217519,-0.027702760212305735,-0.03311615721448358,-0.0039590607705355454,-0.013263519900786945,0.3115593980147294,13
0.0007852325067591075,0.006758554232957104,0.3,white,CORR_L6_f0.0,-0.01479104602744409,-0.013036377605413766,-0.015404632943109623,-0.029294554424289874,-0.02675546116483652,F6b,0.03704047003392486,0.10515003711767373,0.8171219480384874,-0.10515003711767373,-0.01246912816505198,-0.04025851448259805,-0.008845041791417945,-0.03333729985204878,0.34133845661223183,13
0.0007852325067591075,0.006758554232957104,0.3,white,CORR_L6_f0.15,-0.017514850082986685,-0.0067019492994564245,-0.009188846221095056,-0.023373505186279658,-0.009977721592958148,F6b,0.02537631854580518,0.10787384117321633,0.8576480353340058,-0.10787384117321633,-0.006134699859094639,-0.03404272776058348,-0.0029239925534077253,-0.016559560280170405,0.3400576368876081,13
0.0007852325067591075,0.006758554232957104,0.3,white,CORR_L6_f0.3,-0.02034001839281835,-0.027630877278064302,-0.008353170093198827,-0.03107502381785231,0.01384172438202445,F6b,0.04050519085369013,0.11069900948304799,0.8739765077790718,-0.11069900948304799,-0.027063627837702515,-0.03320705163268725,-0.010625511184980379,0.007259885694812193,0.31348062760166506,13
0.0007852325067591075,0.006758554232957104,0.3,white,CORR_L6_f0.5,-0.02535161724435689,-0.032587023274452454,-0.008967156253533438,-0.016565259485654602,0.00025067596172447925,F6b,0.03285384745388682,0.11571060833458653,0.8985594378443224,-0.11571060833458653,-0.032019773834090666,-0.03382103779302186,0.0038842531472173293,-0.006331162725487778,0.31412103746397696,13
0.0007852325067591075,0.006758554232957104,0.3,white,CORR_L6_f0.7,-0.030558249941376542,-0.028618587821201535,-0.007600105104164933,-0.024278866206838664,-0.006835285493496714,F6b,0.030558249941376542,0.12091724103160618,0.9089764811749698,-0.12091724103160618,-0.028051338380839747,-0.03245398664365336,-0.003829353573966732,-0.013417124180708971,0.3121998078770413,13
0.0007852325067591075,0.006758554232957104,0.3,white,CORR_L10_f0.0,-0.0021665711512479785,-0.007484206464912251,-0.0128633203150955,-0.016001697336115128,-0.022880365000146424,F6b,0.026428738049977515,0.09252556224147762,0.7944201814140786,-0.09252556224147762,-0.0069169570245504654,-0.03771720185458392,0.004447815296756805,-0.029462203687358683,0.3448607108549472,13
0.0007852325067591075,0.006758554232957104,0.3,white,CORR_L10_f0.15,-0.012817036311853797,-0.0030369941854811095,-0.013015638672982065,-0.030847376711243754,-0.006768344144693031,F6b,0.030847376711243754,0.10317602740208344,0.8499850931244917,-0.10317602740208344,-0.0024697447451193237,-0.03786952021247049,-0.010397864078371824,-0.013350182831905288,0.3323727185398655,13
0.0007852325067591075,0.006758554232957104,0.3,white,CORR_L10_f0.3,-0.021761500412094903,-0.02975293677027004,-0.009777785066083292,-0.03398486192766693,0.011513578193361282,F6b,0.04237756210682774,0.11212049150232455,0.8720014101487351,-0.11212049150232455,-0.029185687329908252,-0.034631666605571716,-0.013535349294794994,0.004931739506149025,0.3102785782901057,13
0.0007852325067591075,0.006758554232957104,0.3,white,CORR_L10_f0.5,-0.02448641414434166,-0.03318420171901103,-0.009612161723354006,-0.01674368951266987,-0.00019633522075790128,F6b,0.03427070995811887,0.1148454052345713,0.8992460482964004,-0.1148454052345713,-0.03261695227864924,-0.03446604326284243,0.0037058231202020606,-0.0067781739079701584,0.3160422670509126,13
0.0007852325067591075,0.006758554232957104,0.3,white,CORR_L10_f0.7,-0.030558249941376542,-0.028618587821201535,-0.007600105104164933,-0.024278866206838664,-0.006835285493496714,F6b,0.030558249941376542,0.12091724103160618,0.9089764811749698,-0.12091724103160618,-0.028051338380839747,-0.03245398664365336,-0.003829353573966732,-0.013417124180708971,0.3121998078770413,13
0.0007852325067591075,0.006758554232957104,0.3,white,CORR_L20_f0.0,-0.004129246351720864,-0.004552276549157432,-0.010371078800876187,-0.014405780358937989,-0.020473998087165615,F6b,0.027887021875447896,0.0944882374419505,0.7700726055585845,-0.0944882374419505,-0.0039850271087956465,-0.03522496034036461,0.006043732273933943,-0.027055836774377874,0.35350624399615754,13
0.0007852325067591075,0.006758554232957104,0.3,white,CORR_L20_f0.15,-0.013878038000506146,-0.0025650744329343235,-0.0135437307516354,-0.028827389596694758,-0.006453201789585571,F6b,0.03289600717334308,0.10423702909073579,0.8384569271472048,-0.10423702909073579,-0.0019978249925725377,-0.038397612291123824,-0.008377876963822825,-0.013035040476797828,0.31412103746397696,13
0.0007852325067591075,0.006758554232957104,0.3,white,CORR_L20_f0.3,-0.020753916609160525,-0.029568049800035235,-0.009608752669815378,-0.03404264008438374,0.010205070003411781,F6b,0.04339915236073191,0.11111290769939017,0.8726803689791939,-0.11111290769939017,-0.029000800359673447,-0.0344626342093038,-0.01359312745151181,0.0036232313161995247,0.31187960294588535,13
0.0007852325067591075,0.006758554232957104,0.3,white,CORR_L20_f0.5,-0.02444789813576155,-0.03322441220206315,-0.0095584068056855,-0.017392879027176303,-0.0011426670333714159,F6b,0.034102291126963793,0.1148068892259912,0.8993928160387766,-0.1148068892259912,-0.032657162761701365,-0.03441228834517392,0.003056633605695629,-0.007724505720583673,0.3163624719820685,13
0.0007852325067591075,0.006758554232957104,0.3,white,CORR_L20_f0.7,-0.030558249941376542,-0.028618587821201535,-0.007600105104164933,-0.024278866206838664,-0.006835285493496714,F6b,0.030558249941376542,0.12091724103160618,0.9089764811749698,-0.12091724103160618,-0.028051338380839747,-0.03245398664365336,-0.003829353573966732,-0.013417124180708971,0.3121998078770413,13
0.0007852325067591075,0.006758554232957104,0.3,white,DITHER_s0.5,0.09346530409216526,-0.09001590642963675,-0.003172147433396555,0.05478997389520874,0.03471628175634674,F6b,0.09346530409216526,0.08944865698927497,0.43321653739096194,0.003106313001935618,-0.08944865698927497,-0.02802602897288498,0.07523948652808067,0.028134443069134478,0.2917066922830612,13
0.0007852325067591075,0.006758554232957104,0.3,white,DITHER_s1.0,0.13363217477733616,-0.03668160767236292,-0.012521571202370966,-0.011304773246188999,-0.0044231540946557575,F6b,0.13363217477733616,0.044848679648579165,0.39922316671080554,0.04327318368710651,-0.03611435823200113,-0.03737545274185939,0.009144739386682933,-0.011004992781868015,0.29394812680115273,13
0.0007852325067591075,0.006758554232957104,0.3,white,DITHER_s2.0,0.07502955480960198,0.03673184769258172,-0.024615602316390626,0.006888617553364788,-0.03221588721430219,F6b,0.07502955480960198,0.04946948385587905,0.24499650405092385,-0.01532943628062766,0.03729909713294351,-0.04946948385587905,0.02733813018623672,-0.03879772590151445,0.29618956131924434,13
0.0007852325067591075,0.006758554232957104,0.3,white,DITHER_blind,-0.02670349611416975,0.04755403087831733,0.0482907817186837,-0.018482702192504856,0.0014023570945326004,F6b,0.0482907817186837,0.11706248720439939,0.3225894138463879,-0.11706248720439939,0.04812128031867912,0.02343690017919528,0.0019668104403670755,-0.005179481592679657,0.29586935638808837,13
0.0007852325067591075,0.006758554232957104,0.5,white,MEMLESS,-0.006559878028387561,-0.017763131589713266,-0.005850401513044341,-0.01892619531944977,-0.009718176764971725,F6b,0.01892619531944977,0.0969188691186172,0.9732526395428167,-0.0969188691186172,-0.017195882149351478,-0.030704283052532765,0.0015233173134221632,-0.016300015452183982,0.5174511687479987,13
0.0007852325067591075,0.006758554232957104,0.5,white,CORR_L2_f0.0,-0.01585089113229604,-0.018342961370540208,-0.007223806206324356,-0.010816150903367822,-0.01140086787297996,F6b,0.023152790772762756,0.10620988222252568,0.9430480768150306,-0.10620988222252568,-0.01777571193017842,-0.03207768774581278,0.00963336172950411,-0.017982706560192217,0.5244956772334294,13
0.0007852325067591075,0.006758554232957104,0.5,white,CORR_L2_f0.15,-0.013067152585940017,-0.017978879015991964,-0.006992112098625377,-0.0038048491402723553,-0.005696696304775744,F6b,0.02002667344204622,0.10342614367616966,0.9523081260897656,-0.10342614367616966,-0.017411629575630177,-0.0318459936381138,0.016644663492599576,-0.012278534991988001,0.5257764969580532,13
0.0007852325067591075,0.006758554232957104,0.5,white,CORR_L2_f0.3,-0.012880393414207617,-0.019714309210916676,-0.0053666614670100435,-0.007022625247048329,-0.004569412307069455,F6b,0.021642120755914283,0.10323938450443726,0.9598109508905399,-0.10323938450443726,-0.019147059770554888,-0.030220543006498467,0.013426887385823602,-0.011151250994281712,0.5225744476464937,13
0.0007852325067591075,0.006758554232957104,0.5,white,CORR_L2_f0.5,-0.010587604295949474,-0.020792945835706383,-0.003419651550879834,-0.01283323226575264,-0.008895334560804064,F6b,0.020792945835706383,0.10094659538617912,0.9651198122771499,-0.10094659538617912,-0.020225696395344595,-0.028273533090368258,0.007616280367119291,-0.015477173248016321,0.5123278898495037,13
0.0007852325067591075,0.006758554232957104,0.5,white,CORR_L2_f0.7,-0.00412227046547152,-0.013243026358637201,-0.002464166349287665,-0.018420329672525108,-0.005271814290264406,F6b,0.018420329672525108,0.09448126155570116,0.9715613379141274,-0.09448126155570116,-0.012675776918275415,-0.02731804788877609,0.0020291829603468247,-0.011853652977476663,0.5196926032660903,13
0.0007852325067591075,0.006758554232957104,0.5,white,CORR_L4_f0.0,-0.022612647353984827,-0.020410027389766806,-0.00709667697028819,-0.014364024676982522,-0.005450266184544384,F6b,0.03104091961129102,0.11297163844421447,0.9228226237039204,-0.11297163844421447,-0.01984277794940502,-0.031950558509776614,0.00608548795588941,-0.012032104871756641,0.5622798591098302,13
0.0007852325067591075,0.006758554232957104,0.5,white,CORR_L4_f0.15,-0.013116472155054834,-0.014263998785428982,-0.004117001717887189,-0.013839639517585975,-0.0018535082666159622,F6b,0.023727170779612596,0.10347546324528448,0.9361263819751926,-0.10347546324528448,-0.013696749345067196,-0.028970883257375613,0.0066098731152859575,-0.00843534695382822,0.5334614153057957,13
0.0007852325067591075,0.006758554232957104,0.5,white,CORR_L4_f0.3,-0.011782270948066123,-0.014710308469899593,-0.006875338530751413,-0.006965050656877516,-0.015186523630411662,F6b,0.01846074627484518,0.10214126203829577,0.9493103423695459,-0.10214126203829577,-0.014143059029537807,-0.03172922007023984,0.013484461975994415,-0.02176836231762392,0.5081652257444764,13
0.0007852325067591075,0.006758554232957104,0.5,white,CORR_L4_f0.5,-0.007945184249938841,-0.018030930724475314,-0.007784837155331407,-0.011938215015217146,-0.004975123799565356,F6b,0.018030930724475314,0.09830417534016848,0.965455147554376,-0.09830417534016848,-0.017463681284113526,-0.03263871869481983,0.008511297617654786,-0.011556962486777613,0.5200128081972463,13
0.0007852325067591075,0.006758554232957104,0.5,white,CORR_L4_f0.7,-0.0029858551958146656,-0.013995528867127129,0.00043773695517841313,-0.019973192222946676,-0.007417756165314492,F6b,0.019973192222946676,0.09334484628604431,0.9709031151869834,-0.09334484628604431,-0.013428279426765343,-0.02441614458431001,0.0004763204099252574,-0.01399959485252675,0.5174511687479987,13
0.0007852325067591075,0.006758554232957104,0.5,white,CORR_L6_f0.0,-0.02455175314374243,-0.00908839551746566,-0.00800617142625613,-0.02337798186507689,-0.01303040405477481,F6b,0.02455175314374243,0.11491074423397207,0.9124974391127975,-0.11491074423397207,-0.008521146077103874,-0.032860052965744554,-0.0029284692322049605,-0.019612242741987067,0.5770092859430035,13
0.0007852325067591075,0.006758554232957104,0.5,white,CORR_L6_f0.15,-0.02178385568036431,-0.006916670661861852,-0.010608902602574268,-0.022262743405958133,-0.010833830193542652,F6b,0.022262743405958133,0.11214284677059395,0.9313934888614964,-0.11214284677059395,-0.006349421221500067,-0.03546278414206269,-0.001813230773086201,-0.01741566888075491,0.5331412103746398,13
0.0007852325067591075,0.006758554232957104,0.5,white,CORR_L6_f0.3,-0.015300742244819934,-0.013453354860274925,-0.005896161194502363,-0.007219872908284828,-0.013421597031809911,F6b,0.02068414978502171,0.10565973333504958,0.9474347861676059,-0.10565973333504958,-0.012886105419913139,-0.030750042733990787,0.013229639724587103,-0.020003435719022168,0.5062439961575408,13
0.0007852325067591075,0.006758554232957104,0.5,white,CORR_L6_f0.5,-0.008476275552071186,-0.018332777008396972,-0.007534405798702574,-0.01160430111510507,-0.0060489700705226405,F6b,0.018332777008396972,0.09883526664230083,0.9653887597720779,-0.09883526664230083,-0.017765527568035185,-0.032388287338191,0.008845211517766861,-0.012630808757734898,0.5196926032660903,13
0.0007852325067591075,0.006758554232957104,0.5,white,CORR_L6_f0.7,-0.0029858551958146656,-0.013995528867127129,0.00043773695517841313,-0.019973192222946676,-0.007417756165314492,F6b,0.019973192222946676,0.09334484628604431,0.9709031151869834,-0.09334484628604431,-0.013428279426765343,-0.02441614458431001,0.0004763204099252574,-0.01399959485252675,0.5174511687479987,13
0.0007852325067591075,0.006758554232957104,0.5,white,CORR_L10_f0.0,-0.015591113069502102,-0.015401175759010418,-0.01664104418711847,-0.016275368005012142,-0.010188780893077882,F6b,0.020617024969091707,0.10595010415973175,0.8922342234659654,-0.10595010415973175,-0.014833926318648633,-0.041494925726606895,0.004174144627859788,-0.01677061958029014,0.5718860070445085,13
0.0007852325067591075,0.006758554232957104,0.5,white,CORR_L10_f0.15,-0.018251390920595467,-0.006170411305981554,-0.005494562210137603,-0.01837810807011828,-0.0056066701033347845,F6b,0.030497393934805668,0.10861038201082511,0.9275328353042849,-0.10861038201082511,-0.005603161865619768,-0.030348443749626027,0.0020714045627536516,-0.012188508790547042,0.5251360870957412,13
0.0007852325067591075,0.006758554232957104,0.5,white,CORR_L10_f0.3,-0.0146031921585901,-0.013182976039514637,-0.00531202415437914,-0.007150405286146742,-0.013971984840102673,F6b,0.02058666833022846,0.10496218324881974,0.9474943896870597,-0.10496218324881974,-0.012615726599152851,-0.030165905693867564,0.01329910734672519,-0.02055382352731493,0.5078450208133205,13
0.0007852325067591075,0.006758554232957104,0.5,white,CORR_L10_f0.5,-0.008476275552071186,-0.018332777008396972,-0.007534405798702574,-0.01160430111510507,-0.0060489700705226405,F6b,0.018332777008396972,0.09883526664230083,0.9653887597720779,-0.09883526664230083,-0.017765527568035185,-0.032388287338191,0.008845211517766861,-0.012630808757734898,0.5196926032660903,13
0.0007852325067591075,0.006758554232957104,0.5,white,CORR_L10_f0.7,-0.0029858551958146656,-0.013995528867127129,0.00043773695517841313,-0.019973192222946676,-0.007417756165314492,F6b,0.019973192222946676,0.09334484628604431,0.9709031151869834,-0.09334484628604431,-0.013428279426765343,-0.02441614458431001,0.0004763204099252574,-0.01399959485252675,0.5174511687479987,13
0.0007852325067591075,0.006758554232957104,0.5,white,CORR_L20_f0.0,-0.004596170424292362,-0.003652952952806014,-0.009582007127061611,-0.00944620815782503,-0.01754672613905655,F6b,0.026582508902380623,0.094955161514522,0.8566589231058858,-0.094955161514522,-0.003085703512444228,-0.034435888666550035,0.011003304475046901,-0.02412856482626881,0.5449887928274095,13
0.0007852325067591075,0.006758554232957104,0.5,white,CORR_L20_f0.15,-0.01937237565398045,-0.005568442544683319,-0.007560966959796005,-0.017600768891937495,-0.0015518806698216238,F6b,0.0312516587496353,0.1097313667442101,0.9246967278073615,-0.1097313667442101,-0.005001193104321533,-0.03241484849928443,0.0028487437409344366,-0.008133719357033881,0.5171309638168428,13
0.0007852325067591075,0.006758554232957104,0.5,white,CORR_L20_f0.3,-0.0146031921585901,-0.013182976039514637,-0.00531202415437914,-0.007150405286146742,-0.013971984840102673,F6b,0.02058666833022846,0.10496218324881974,0.9474943896870597,-0.10496218324881974,-0.012615726599152851,-0.030165905693867564,0.01329910734672519,-0.02055382352731493,0.5078450208133205,13
0.0007852325067591075,0.006758554232957104,0.5,white,CORR_L20_f0.5,-0.008476275552071186,-0.018332777008396972,-0.007534405798702574,-0.01160430111510507,-0.0060489700705226405,F6b,0.018332777008396972,0.09883526664230083,0.9653887597720779,-0.09883526664230083,-0.017765527568035185,-0.032388287338191,0.008845211517766861,-0.012630808757734898,0.5196926032660903,13
0.0007852325067591075,0.006758554232957104,0.5,white,CORR_L20_f0.7,-0.0029858551958146656,-0.013995528867127129,0.00043773695517841313,-0.019973192222946676,-0.007417756165314492,F6b,0.019973192222946676,0.09334484628604431,0.9709031151869834,-0.09334484628604431,-0.013428279426765343,-0.02441614458431001,0.0004763204099252574,-0.01399959485252675,0.5174511687479987,13
0.0007852325067591075,0.006758554232957104,0.5,white,DITHER_s0.5,0.14852815634434316,-0.004528909950709588,0.04622976825283817,0.02831933191577775,0.0036537694103610896,F6b,0.14852815634434316,0.05816916525411352,0.5853955529576083,0.05816916525411352,-0.003961660510347802,0.02137588671334975,0.04876884454864968,-0.0029280692768511676,0.5177713736791547,13
0.0007852325067591075,0.006758554232957104,0.5,white,DITHER_s1.0,0.16748935429055095,-0.08767597966374108,-0.01542059219018568,-0.03928678030229269,-0.05482346589812906,F6b,0.16748935429055095,0.0871087302233793,0.5236453951244873,0.0771303632003213,-0.0871087302233793,-0.040274473729674104,-0.01883726766942076,-0.06140530458534132,0.49919948767211014,13
0.0007852325067591075,0.006758554232957104,0.5,white,DITHER_s2.0,0.016749355674228292,-0.010600098467142117,-0.0027728151239818574,0.010936644385424368,-0.006575811989526288,F6b,0.046999079053955777,0.07360963541600135,0.415127160215774,-0.07360963541600135,-0.010032849026780331,-0.02762669666347028,0.0313861570182963,-0.013157650676738545,0.5148895292987512,13
0.0007852325067591075,0.006758554232957104,0.5,white,DITHER_blind,0.09642469944607922,0.10663697561894267,-0.007521223492163307,-0.048191677127188415,0.006440633535204556,F6b,0.10663697561894267,0.10720422505930445,0.55861729166849,0.006065708355849579,0.10720422505930445,-0.03237510503165173,-0.02774216449431648,-0.0001412051520077009,0.5036823567082933,13
