exp,regime,calibrator,L,f_cont,budget,N_cal,n_cal_draws,alpha_mean,conf_pred_start_rate,rate_mean,rate_std,rate_bias,rate_rel_bias,viol_rate_frac,start_rate_mean,start_rate_std,start_bias_vs_alpha,start_bias_vs_confpred,viol_start_frac,viol_Lbound_frac,mean_run_len,N_eff,N_eff_over_N,eff_exceedances,eff_exceedances_start,rate_std_iid,rate_std_neff,psi,tr_D
F7,N1,BISECT,1,0.3,0.02,5000,200,0.019999999999999997,0.019996000799839986,0.020486486486486485,0.002223158096359973,0.0004864864864864843,0.024324324324324215,0.53,0.020486486486486485,0.002223158096359973,0.00048648648648648776,0.0004904856866464989,0.53,0.0,1.021356831820203,4934.492597135324,0.9868985194270649,98.68985194270648,98.68985194270647,0.001979898987322333,0.0019929976416568434,0.15099258774887586,0.053993904345010134
F7,N1,CONF_NAIVE,1,0.3,0.02,5000,200,0.019999999999999997,0.019996000799839986,0.02027167167167167,0.002200519431691694,0.0002716716716716708,0.013583583583583539,0.49,0.02027167167167167,0.002200519431691694,0.00027167167167167425,0.0002756708718316854,0.49,0.0,1.0211929919801583,4890.721215469732,0.9781442430939463,97.81442430939464,97.81442430939462,0.001979898987322333,0.002001896323121417,0.15002390155448145,0.05365102214758501
F7,N1,CONF_START,1,0.3,0.02,5000,200,0.019999999999999997,0.019996000799839986,0.02027167167167167,0.002200519431691694,0.0002716716716716708,0.013583583583583539,0.49,0.02027167167167167,0.002200519431691694,0.00027167167167167425,0.0002756708718316854,0.49,0.0,1.0211929919801583,4890.721215469732,0.9781442430939463,97.81442430939464,97.81442430939462,0.001979898987322333,0.002001896323121417,0.15002390155448145,0.05365102214758501
F7,N1,BISECT,1,0.3,0.05,5000,200,0.05,0.04999000199960014,0.05057807807807808,0.0032890391437621885,0.0005780780780780745,0.01156156156156149,0.57,0.05057807807807808,0.0032890391437621885,0.0005780780780780745,0.0005880760784779393,0.57,0.0,1.053453219516876,4908.073058168686,0.9816146116337372,245.4036529084343,245.4036529084343,0.0030822070014844883,0.0031109375674362896,0.28455284569304357,0.10159905421182584
F7,N1,CONF_NAIVE,1,0.3,0.05,5000,200,0.05,0.04999000199960014,0.0503966966966967,0.0032909585679835097,0.00039669669669669533,0.007933933933933907,0.56,0.0503966966966967,0.0032909585679835097,0.00039669669669669533,0.00040669469709656014,0.56,0.0,1.0532528612170822,4908.75781969639,0.9817515639392779,245.4378909848195,245.4378909848195,0.0030822070014844883,0.0031107205752015864,0.2838833194068625,0.10136973874211339
F7,N1,CONF_START,1,0.3,0.05,5000,200,0.05,0.04999000199960014,0.0503966966966967,0.0032909585679835097,0.00039669669669669533,0.007933933933933907,0.56,0.0503966966966967,0.0032909585679835097,0.00039669669669669533,0.00040669469709656014,0.56,0.0,1.0532528612170822,4908.75781969639,0.9817515639392779,245.4378909848195,245.4378909848195,0.0030822070014844883,0.0031107205752015864,0.2838833194068625,0.10136973874211339
F7,N1,BISECT,1,0.3,0.1,5000,200,0.1,0.09998000399920015,0.10055605605605607,0.00445493420614979,0.0005560560560560618,0.005560560560560618,0.54,0.10055605605605607,0.00445493420614979,0.0005560560560560618,0.0005760520568559163,0.54,0.0,1.1117117804164116,4903.435472625475,0.9806870945250951,490.34354726254753,490.34354726254753,0.004242640687119285,0.00428421268199149,0.4464306807307096,0.15914491998319555
F7,N1,CONF_NAIVE,1,0.3,0.1,5000,200,0.1,0.09998000399920015,0.10037377377377378,0.004462966352018558,0.0003737737737737751,0.0037377377377377508,0.525,0.10037377377377378,0.004462966352018558,0.0003737737737737751,0.0003937697745736296,0.525,0.0,1.1114483510259743,4895.734111349605,0.979146822269921,489.5734111349605,489.5734111349605,0.004242640687119285,0.004287581053666692,0.4459351005178219,0.1590198009994444
F7,N1,CONF_START,1,0.3,0.1,5000,200,0.1,0.09998000399920015,0.10037377377377378,0.004462966352018558,0.0003737737737737751,0.0037377377377377508,0.525,0.10037377377377378,0.004462966352018558,0.0003737737737737751,0.0003937697745736296,0.525,0.0,1.1114483510259743,4895.734111349605,0.979146822269921,489.5734111349605,489.5734111349605,0.004242640687119285,0.004287581053666692,0.4459351005178219,0.1590198009994444
F7,N1,BISECT,1,0.3,0.2,5000,200,0.2,0.1999600079984003,0.20018988988988987,0.005434678816816137,0.0001898898898898549,0.0009494494494492745,0.485,0.20018988988988987,0.005434678816816137,0.0001898898898898549,0.00022988189148956395,0.485,0.0,1.250478082474962,4906.277589987534,0.9812555179975069,981.2555179975069,981.2555179975069,0.005656854249492381,0.005710628825328,0.654209669906613,0.23224631172606208
F7,N1,CONF_NAIVE,1,0.3,0.2,5000,200,0.2,0.1999600079984003,0.19998908908908908,0.005429854172937095,-1.091091091093288e-05,-5.45545545546644e-05,0.465,0.19998908908908908,0.005429854172937095,-1.091091091093288e-05,2.908109068877618e-05,0.465,0.0,1.2501891996028582,4910.917482961919,0.9821834965923838,982.1834965923838,982.1834965923838,0.005656854249492381,0.005707930452954939,0.6539524071149717,0.23218067630867273
F7,N1,CONF_START,1,0.3,0.2,5000,200,0.2,0.1999600079984003,0.19998908908908908,0.005429854172937095,-1.091091091093288e-05,-5.45545545546644e-05,0.465,0.19998908908908908,0.005429854172937095,-1.091091091093288e-05,2.908109068877618e-05,0.465,0.0,1.2501891996028582,4910.917482961919,0.9821834965923838,982.1834965923838,982.1834965923838,0.005656854249492381,0.005707930452954939,0.6539524071149717,0.23218067630867273
F7,N1,BISECT,1,0.3,0.3,5000,200,0.29999999999999993,0.2999400119976005,0.29982262262262266,0.005909778354127136,-0.00017737737737733017,-0.0005912579245911006,0.455,0.29982262262262266,0.005909778354127136,-0.00017737737737727466,-0.00011738937497784985,0.455,0.0,1.4284601136680413,4906.4318672702775,0.9812863734540554,1471.9295601810832,1471.929560181083,0.00648074069840786,0.0065422443552480445,0.7851626089845258,0.2785451838758316
F7,N1,CONF_NAIVE,1,0.3,0.3,5000,200,0.29999999999999993,0.2999400119976005,0.29962572572572577,0.005913049478409096,-0.0003742742742742222,-0.0012475809142474075,0.445,0.29962572572572577,0.005913049478409096,-0.0003742742742741667,-0.0003142862718747419,0.445,0.0,1.4280604701524624,4905.402845031751,0.9810805690063502,1471.6208535095252,1471.620853509525,0.00648074069840786,0.006542930513156653,0.7849248863911634,0.2784645630026382
F7,N1,CONF_START,1,0.3,0.3,5000,200,0.29999999999999993,0.2999400119976005,0.29962572572572577,0.005913049478409096,-0.0003742742742742222,-0.0012475809142474075,0.445,0.29962572572572577,0.005913049478409096,-0.0003742742742741667,-0.0003142862718747419,0.445,0.0,1.4280604701524624,4905.402845031751,0.9810805690063502,1471.6208535095252,1471.620853509525,0.00648074069840786,0.006542930513156653,0.7849248863911634,0.2784645630026382
F7,N1,BISECT,1,0.3,0.5,5000,200,0.5,0.4999000199960007,0.4993914914914914,0.006903961275086537,-0.0006085085085085762,-0.0012170170170171524,0.48,0.4993914914914914,0.006903961275086537,-0.0006085085085085762,-0.0005085285045092758,0.48,0.0,1.9975831097362597,4909.684985995735,0.981936997199147,2454.8424929978673,2454.8424929978673,0.007071067811865475,0.0071358085622305585,0.9283232294134167,0.32897133517568383
F7,N1,CONF_NAIVE,1,0.3,0.5,5000,200,0.5,0.4999000199960007,0.49914524524524523,0.006869197723085305,-0.0008547547547547718,-0.0017095095095095436,0.455,0.49914524524524523,0.006869197723085305,-0.0008547547547547718,-0.0007547747507554714,0.455,0.0,1.9966183266234347,4907.002323798702,0.9814004647597403,2453.501161899351,2453.501161899351,0.007071067811865475,0.00713775887190626,0.9282309269444173,0.32896627611316237
F7,N1,CONF_START,1,0.3,0.5,5000,200,0.5,0.4999000199960007,0.49914524524524523,0.006869197723085305,-0.0008547547547547718,-0.0017095095095095436,0.455,0.49914524524524523,0.006869197723085305,-0.0008547547547547718,-0.0007547747507554714,0.455,0.0,1.9966183266234347,4907.002323798702,0.9814004647597403,2453.501161899351,2453.501161899351,0.007071067811865475,0.00713775887190626,0.9282309269444173,0.32896627611316237
F7,N1,BISECT,2,0.3,0.02,5000,200,0.019999999999999997,0.019996000799839986,0.020353253253253253,0.002668297602288144,0.000353253253253253,0.01766266266266265,0.51,0.014049549549549551,0.0017857627104314493,-0.0059504504504504455,-0.005946451250290434,0.0,0.0,1.478467129405531,3043.265067203078,0.6086530134406156,60.865301344061564,60.86530134406156,0.001979898987322333,0.002537804395417623,0.12720615536380758,0.04574825791583481
F7,N1,CONF_NAIVE,2,0.3,0.02,5000,200,0.019999999999999997,0.019996000799839986,0.02974204204204204,0.003348227703858418,0.00974204204204204,0.487102102102102,1.0,0.02027167167167167,0.002200519431691694,0.00027167167167167425,0.0002756708718316854,0.49,0.0,1.5121775895219645,3007.1015721050803,0.6014203144210161,60.142031442101604,60.1420314421016,0.001979898987322333,0.0025530186468356066,0.166310261554184,0.05979596337938827
F7,N1,CONF_START,2,0.3,0.02,5000,200,0.014130173965198072,0.01393021395720856,0.020340940940940938,0.0026671174622801374,0.00034094094094093766,0.017047047047046883,0.51,0.014041041041041043,0.0017852905470573934,-8.913292415702913e-05,0.00011082708383248346,0.455,0.0,1.478436231254379,3039.915266084523,0.6079830532169046,60.798305321690464,42.954531549235696,0.001979898987322333,0.0025392022632220864,0.12720615536380758,0.04574825791583481
F7,N1,BISECT,2,0.3,0.05,5000,200,0.05,0.04999000199960014,0.05065755755755756,0.004109434072880389,0.0006575575575575587,0.013151151151151175,0.55,0.03396896896896897,0.002698890092511212,-0.016031031031031033,-0.016021033030631168,0.0,0.0,1.5708842483111343,2958.798282865755,0.591759656573151,147.93991414328775,147.93991414328775,0.0030822070014844883,0.004006721217362912,0.24400924397322443,0.08698831344338698
F7,N1,CONF_NAIVE,2,0.3,0.05,5000,200,0.05,0.04999000199960014,0.07598068068068069,0.005067082087003524,0.025980680680680684,0.5196136136136137,1.0,0.0503966966966967,0.0032909585679835097,0.00039669669669669533,0.00040669469709656014,0.56,0.0,1.6321682105395947,2929.083898356024,0.5858167796712047,146.4541949178012,146.4541949178012,0.0030822070014844883,0.004026993226268079,0.3182054976105679,0.11342987382946071
F7,N1,CONF_START,2,0.3,0.05,5000,200,0.033816236752626974,0.033616276744651064,0.05064124124124124,0.004109302555009758,0.000641241241241236,0.012824824824824721,0.55,0.03395865865865866,0.002698901399358293,0.00014242190603168392,0.00034238191400759455,0.49,0.0,1.5708325070952605,2959.064822330789,0.5918129644661578,147.95324111653946,100.06443659830803,0.0030822070014844883,0.0040065407594405515,0.24400884211131119,0.0869880860625443
F7,N1,BISECT,2,0.3,0.1,5000,200,0.1,0.09998000399920015,0.1006089089089089,0.00608251939555909,0.0006089089089088978,0.006089089089088978,0.49,0.06638308308308308,0.0039170010929570715,-0.03361691691691693,-0.03359692091611707,0.0,0.0,1.6855693863778043,2920.86701058203,0.584173402116406,292.086701058203,292.086701058203,0.004242640687119285,0.005550925043338818,0.38631757790056026,0.13797938731668716
F7,N1,CONF_NAIVE,2,0.3,0.1,5000,200,0.1,0.09998000399920015,0.1527072072072072,0.006826049153730967,0.0527072072072072,0.527072072072072,1.0,0.10037377377377378,0.004462966352018558,0.0003737737737737751,0.0003937697745736296,0.525,0.0,1.7957934461841685,2908.7855753677654,0.5817571150735531,290.87855753677655,290.87855753677655,0.004242640687119285,0.005562440785611563,0.4997537672424885,0.17757695541111526
F7,N1,CONF_START,2,0.3,0.1,5000,200,0.06625274945006115,0.06605278944211157,0.10060160160160159,0.00608821901339788,0.0006016016016015813,0.006016016016015813,0.49,0.06637847847847848,0.003920185190268448,0.00012572902841732903,0.0003256890363669135,0.48,0.0,1.6855615463685936,2920.995934126786,0.5841991868253572,292.0995934126786,193.52401176834928,0.004242640687119285,0.005550802541828006,0.38623384610090106,0.13796894838637877
F7,N1,BISECT,2,0.3,0.2,5000,200,0.2,0.1999600079984003,0.2004108108108108,0.007897614456016302,0.00041081081081079107,0.0020540540540539554,0.485,0.13193233233233234,0.005197314786493003,-0.06806766766766767,-0.06802767566606796,0.0,0.0,1.9004925980232041,2907.876432588186,0.5815752865176372,581.5752865176372,581.5752865176372,0.005656854249492381,0.00741774701551208,0.5876637703000511,0.20973132406720132
F7,N1,CONF_NAIVE,2,0.3,0.2,5000,200,0.2,0.1999600079984003,0.30009189189189184,0.00785364645279174,0.10009189189189183,0.5004594594594591,1.0,0.19998908908908908,0.005429854172937095,-1.091091091093288e-05,2.908109068877618e-05,0.465,0.0,2.143792061238533,2948.7964164530476,0.5897592832906096,589.7592832906096,589.7592832906096,0.005656854249492381,0.007366099760297087,0.7212547954615084,0.25704776277290226
F7,N1,CONF_START,2,0.3,0.2,5000,200,0.13189362127565288,0.13169366126774645,0.200396996996997,0.00790889569735701,0.00039699699699699553,0.0019849849849849777,0.485,0.13192252252252254,0.005204475928738257,2.8901246869661446e-05,0.000228861254776086,0.52,0.0,1.900475884801605,2907.854599843307,0.5815709199686614,581.5709199686614,383.52747331639824,0.005656854249492381,0.0074177748624123675,0.5876449420107721,0.2097348898134693
F7,N1,BISECT,2,0.3,0.3,5000,200,0.29999999999999993,0.2999400119976005,0.3001335335335335,0.008412518922342042,0.00013353353353351416,0.00044511177844504723,0.465,0.20003163163163165,0.005857673583196212,-0.09996836836836828,-0.09990838036596886,0.0,0.0,2.1440264099264024,2944.286009584462,0.5888572019168924,883.2858028753386,883.2858028753384,0.00648074069840786,0.008445388833874976,0.7210163058665127,0.2569363939207209
F7,N1,CONF_NAIVE,2,0.3,0.3,5000,200,0.29999999999999993,0.2999400119976005,0.4362039039039039,0.007800294806193417,0.1362039039039039,0.45401301301301306,1.0,0.29962572572572577,0.005913049478409096,-0.0003742742742741667,-0.0003142862718747419,0.445,0.0,2.5828208926250555,3024.714404548146,0.6049428809096292,907.4143213644437,907.4143213644436,0.00648074069840786,0.008332349154000988,0.8473803609897622,0.30113811058761875
F7,N1,CONF_START,2,0.3,0.3,5000,200,0.20017496500686197,0.1999750049990002,0.3000972972972973,0.008411407549402618,9.729729729729408e-05,0.00032432432432431363,0.455,0.2000066066066066,0.005855391479067553,-0.00016835840025536397,3.160160760640185e-05,0.45,0.0,2.143922150215529,2944.2787205089235,0.5888557441017847,883.283616152677,589.3708898483221,0.00648074069840786,0.008445399287885092,0.7209822560494256,0.2569280245177188
F7,N1,BISECT,2,0.3,0.5,5000,200,0.5,0.4999000199960007,0.4995622622622622,0.008146022570540534,-0.0004377377377378089,-0.0008754754754756178,0.47,0.3494334334334334,0.006526557539060544,-0.15056656656656658,-0.15046658656256728,0.0,0.0,2.856530065452938,3071.00828333957,0.614201656667914,1535.504141669785,1535.504141669785,0.007071067811865475,0.009022554424154665,0.8890986030149277,0.31636967379396724
F7,N1,CONF_NAIVE,2,0.3,0.5,5000,200,0.5,0.4999000199960007,0.6689467467467469,0.007120536815932455,0.16894674674674692,0.33789349349349385,1.0,0.49914524524524523,0.006869197723085305,-0.0008547547547547718,-0.0007547747507554714,0.455,0.0,4.048326431632363,3264.043440734858,0.6528086881469716,1632.021720367429,1632.021720367429,0.007071067811865475,0.00875169228701954,0.9628491582092069,0.34112637131196866
F7,N1,CONF_START,2,0.3,0.5,5000,200,0.35020495900798865,0.35000499900019993,0.4995380380380381,0.008138084686602263,-0.00046196196196190975,-0.0009239239239238195,0.47,0.3494139139139139,0.006519180829495116,-0.0007910450940747382,-0.0005910850862860251,0.44,0.0,2.8564172274128343,3071.0254441022535,0.6142050888204507,1535.5127220511267,1075.4883397643198,0.007071067811865475,0.00902252921528968,0.8890877053959466,0.31637259649091537
F7,N1,BISECT,2,0.15,0.02,5000,200,0.019999999999999997,0.019996000799839986,0.0204967967967968,0.0029062471348019737,0.0004967967967967994,0.02483983983983997,0.555,0.012095295295295294,0.0016830663540073607,-0.007904704704704703,-0.007900705504544692,0.0,0.0,1.730538430057963,2709.5442731927164,0.5419088546385433,54.19088546385433,54.19088546385432,0.001979898987322333,0.0026895517799591898,0.11502982567387843,0.041305118527517184
F7,N1,CONF_NAIVE,2,0.15,0.02,5000,200,0.019999999999999997,0.019996000799839986,0.0345994994994995,0.003800391229072941,0.014599499499499503,0.7299749749749751,1.0,0.02027167167167167,0.002200519431691694,0.00027167167167167425,0.0002756708718316854,0.49,0.0,1.7686091420164323,2687.816866141735,0.537563373228347,53.756337322834696,53.75633732283469,0.001979898987322333,0.0027004006152605304,0.16768565889124198,0.060323226120555296
F7,N1,CONF_START,2,0.15,0.02,5000,200,0.012152569486094158,0.01195260947810437,0.02049329329329329,0.0029027455274727287,0.0004932932932932912,0.024664664664664562,0.555,0.012093093093093093,0.0016810365677164963,-5.9476393001065e-05,0.00014048361498872342,0.46,0.0,1.7305280785406303,2709.344142073223,0.5418688284146446,54.18688284146446,32.925492948287,0.001979898987322333,0.002689651112683427,0.11502289502088985,0.04129697244236709
F7,N1,BISECT,2,0.15,0.05,5000,200,0.05,0.04999000199960014,0.05081391391391392,0.004431425483532403,0.0008139139139139162,0.016278278278278324,0.555,0.029642842842842843,0.002578986904917902,-0.02035715715715716,-0.020347159156757295,0.0,0.0,1.8059997618028805,2685.947595173161,0.5371895190346322,134.29737975865805,134.29737975865805,0.0030822070014844883,0.004205310207227217,0.224487462986977,0.08008533686711747
F7,N1,CONF_NAIVE,2,0.15,0.05,5000,200,0.05,0.04999000199960014,0.08659339339339339,0.005644579741631684,0.03659339339339339,0.7318678678678677,1.0,0.0503966966966967,0.0032909585679835097,0.00039669669669669533,0.00040669469709656014,0.56,0.0,1.882173131749615,2669.007224783437,0.5338014449566874,133.45036123917185,133.45036123917185,0.0030822070014844883,0.004218634792613672,0.32031628106618926,0.11424574170764852
F7,N1,CONF_START,2,0.15,0.05,5000,200,0.029497100579859267,0.02929714057188563,0.05081391391391392,0.004431425483532403,0.0008139139139139162,0.016278278278278324,0.555,0.029642842842842843,0.002578986904917902,0.00014574226298357668,0.0003457022709572148,0.52,0.0,1.8059997618028805,2685.947595173161,0.5371895190346322,134.29737975865805,79.22766636705386,0.0030822070014844883,0.004205310207227217,0.224487462986977,0.08008533686711747
F7,N1,BISECT,2,0.15,0.1,5000,200,0.1,0.09998000399920015,0.10082752752752754,0.005900987170594888,0.0008275275275275301,0.008275275275275301,0.515,0.05871021021021022,0.0034517408456046597,-0.04128978978978978,-0.04126979378898993,0.0,0.0,1.9113460589175446,2666.519851563815,0.533303970312763,266.6519851563815,266.6519851563815,0.004242640687119285,0.005809634948165987,0.3564442507137304,0.127156041104934
F7,N1,CONF_NAIVE,2,0.15,0.1,5000,200,0.1,0.09998000399920015,0.17107857857857858,0.007517972136166462,0.07107857857857858,0.7107857857857858,1.0,0.10037377377377378,0.004462966352018558,0.0003737737737737751,0.0003937697745736296,0.525,0.0,2.056194728088015,2680.8337029222203,0.536166740584444,268.083370292222,268.083370292222,0.004242640687119285,0.005794104415511722,0.5023231603990761,0.17850014519772966
F7,N1,CONF_START,2,0.15,0.1,5000,200,0.05855928814232241,0.058359328134373126,0.1008113113113113,0.005902612181933525,0.0008113113113112913,0.008113113113112913,0.515,0.0587013013013013,0.0034527914585075993,0.00014201315897888894,0.00034197316692817503,0.52,0.0,1.9113077709599702,2666.3716511446087,0.5332743302289218,266.63716511446086,156.14082581389712,0.004242640687119285,0.005809796399472105,0.3563628019501694,0.1271738007602095
F7,N1,BISECT,2,0.15,0.2,5000,200,0.2,0.1999600079984003,0.20079509509509508,0.007746242576490463,0.0007950950950950664,0.003975475475475332,0.52,0.11839549549549551,0.0046893739513802594,-0.0816045045045045,-0.08156451250290479,0.0,0.0,2.1230430893930388,2677.7124155037177,0.5355424831007436,535.5424831007435,535.5424831007435,0.005656854249492381,0.007729973858423606,0.5552565001122542,0.19762497270478097
F7,N1,CONF_NAIVE,2,0.15,0.2,5000,200,0.2,0.1999600079984003,0.3295057057057057,0.008322034415777066,0.1295057057057057,0.6475285285285284,1.0,0.19998908908908908,0.005429854172937095,-1.091091091093288e-05,2.908109068877618e-05,0.465,0.0,2.457858059982407,2754.9803857261704,0.5509960771452341,550.9960771452342,550.9960771452342,0.005656854249492381,0.007620803010384278,0.7237499910682559,0.257861705613498
F7,N1,CONF_START,2,0.15,0.2,5000,200,0.11828134373117288,0.11808138372325536,0.2007857857857858,0.00775359137692343,0.0007857857857857808,0.003928928928928904,0.52,0.1183902902902903,0.004693303373532918,0.00010894655911741769,0.00030890656703494446,0.525,0.0,2.1230334916300264,2677.7483019208757,0.5355496603841752,535.5496603841751,316.7276673250676,0.005656854249492381,0.007729922060800259,0.5552565001122542,0.19762497270478097
F7,N1,BISECT,2,0.15,0.3,5000,200,0.29999999999999993,0.2999400119976005,0.3003002002002002,0.008196048880361885,0.000300200200200218,0.0010006673340007266,0.515,0.18089869869869868,0.005243976185413139,-0.11910130130130125,-0.11904131329890183,0.0,0.0,2.373270213200903,2746.498315931209,0.5492996631862418,823.9494947793627,823.9494947793626,0.00648074069840786,0.008744197915412207,0.6904755702094381,0.2463850338134616
F7,N1,CONF_NAIVE,2,0.15,0.3,5000,200,0.29999999999999993,0.2999400119976005,0.4724154154154154,0.008102789379977542,0.17241541541541539,0.574718051384718,1.0,0.29962572572572577,0.005913049478409096,-0.0003742742742741667,-0.0003142862718747419,0.445,0.0,2.989360127228937,2833.108040962262,0.5666216081924523,849.9324122886785,849.9324122886784,0.00648074069840786,0.008609502946675396,0.8494093642071381,0.3018463210185854
F7,N1,CONF_START,2,0.15,0.3,5000,200,0.1811997600478537,0.180999800039992,0.30028248248248246,0.008201622835002725,0.0002824824824824712,0.0009416082749415707,0.515,0.1808880880880881,0.005247245734860932,-0.0003116719597656137,-0.00011171195190390337,0.49,0.0,2.3732103435593292,2746.422629555024,0.5492845259110047,823.9267888665071,497.65112146536575,0.00648074069840786,0.008744318401619645,0.6904755702094381,0.2463850338134616
F7,N1,BISECT,2,0.15,0.5,5000,200,0.5,0.4999000199960007,0.4995985985985986,0.008397469587527632,-0.00040140140140138003,-0.0008028028028027601,0.445,0.3199541541541542,0.006286822018958788,-0.18004584584584582,-0.17994586584184652,0.0,0.0,3.1208875158617957,2857.590210364015,0.571518042072803,1428.7951051820075,1428.7951051820075,0.007071067811865475,0.009353411246831556,0.8670017982380088,0.30872983112144947
F7,N1,CONF_NAIVE,2,0.15,0.5,5000,200,0.5,0.4999000199960007,0.7088006006006006,0.007038778019487421,0.20880060060060057,0.41760120120120114,1.0,0.49914524524524523,0.006869197723085305,-0.0008547547547547718,-0.0007547747507554714,0.455,0.0,4.877231119698681,3081.4426440373045,0.6162885288074609,1540.7213220186522,1540.7213220186522,0.007071067811865475,0.009007265413238602,0.9638066937310708,0.3414093611089165
F7,N1,CONF_START,2,0.15,0.5,5000,200,0.32058988202336886,0.32038992201559685,0.499583983983984,0.008401429765235101,-0.00041601601601598537,-0.0008320320320319707,0.445,0.31994404404404403,0.0062890863287997055,-0.0006458379793248259,-0.0004458779715528216,0.43,0.0,3.1208291454213657,2857.5778712065,0.5715155742413,1428.78893560325,916.1105526026813,0.007071067811865475,0.009353431441047652,0.8669919959844347,0.3087347234000307
F7,N1,BISECT,2,0.0,0.02,5000,200,0.019999999999999997,0.019996000799839986,0.020517617617617615,0.0031078115961785334,0.0005176176176176148,0.02588088088088074,0.57,0.010317117117117119,0.0015711716813652785,-0.009682882882882878,-0.009678883682722867,0.0,0.0,2.032162544339542,2464.568991608318,0.4929137983216636,49.291379832166356,49.29137983216635,0.001979898987322333,0.0028200547866526113,0.10047019078514015,0.03621270966705458
F7,N1,CONF_NAIVE,2,0.0,0.02,5000,200,0.019999999999999997,0.019996000799839986,0.04011761761761761,0.004309398450956142,0.02011761761761761,1.0058808808808806,1.0,0.02027167167167167,0.002200519431691694,0.00027167167167167425,0.0002756708718316854,0.49,0.0,2.0629364532524654,2460.6992649563435,0.4921398529912687,49.213985299126875,49.21398529912686,0.001979898987322333,0.0028222713423844917,0.1679116397593062,0.06046886792659105
F7,N1,CONF_START,2,0.0,0.02,5000,200,0.010413917216549506,0.010213957208558298,0.020517617617617615,0.0031078115961785334,0.0005176176176176148,0.02588088088088074,0.57,0.010317117117117119,0.0015711716813652785,-9.680009943238699e-05,0.00010315990855882043,0.48,0.0,2.032162544339542,2464.568991608318,0.4929137983216636,49.291379832166356,25.665817453083918,0.001979898987322333,0.0028200547866526113,0.10047019078514015,0.03621270966705458
F7,N1,BISECT,2,0.0,0.05,5000,200,0.05,0.04999000199960014,0.05099809809809809,0.004775945990119756,0.000998098098098088,0.01996196196196176,0.545,0.025839139139139138,0.002445750297422074,-0.024160860860860865,-0.024150862860461,0.0,0.0,2.08033475844667,2476.597881689568,0.4953195763379136,123.82989408447841,123.82989408447841,0.0030822070014844883,0.004379444795283631,0.20268333348566184,0.07222373938081941
F7,N1,CONF_NAIVE,2,0.0,0.05,5000,200,0.05,0.04999000199960014,0.09823653653653654,0.006274073935928971,0.048236536536536534,0.9647307307307307,1.0,0.0503966966966967,0.0032909585679835097,0.00039669669669669533,0.00040669469709656014,0.56,0.0,2.162649612888052,2488.8536749701284,0.4977707349940257,124.44268374850643,124.44268374850643,0.0030822070014844883,0.004368648698742449,0.3206494974731557,0.11445803470538166
F7,N1,CONF_START,2,0.0,0.05,5000,200,0.02564787042588116,0.02544791041791643,0.05099809809809809,0.004775945990119756,0.000998098098098088,0.01996196196196176,0.545,0.025839139139139138,0.002445750297422074,0.00019126871325797837,0.00039122872122270697,0.5,0.0,2.08033475844667,2476.597881689568,0.4953195763379136,123.82989408447841,63.519461566585804,0.0030822070014844883,0.004379444795283631,0.20268333348566184,0.07222373938081941
F7,N1,BISECT,2,0.0,0.1,5000,200,0.1,0.09998000399920015,0.10101861861861863,0.006431281025572133,0.0010186186186186275,0.010186186186186275,0.55,0.05186446446446446,0.0033754925189579876,-0.04813553553553555,-0.04811553953473569,0.0,0.0,2.167744642830476,2490.497492923894,0.49809949858477875,249.04974929238938,249.04974929238938,0.004242640687119285,0.006011435618952097,0.32676091418330444,0.1166070247219639
F7,N1,CONF_NAIVE,2,0.0,0.1,5000,200,0.1,0.09998000399920015,0.19066816816816817,0.008140322055760438,0.09066816816816817,0.9066816816816816,1.0,0.10037377377377378,0.004462966352018558,0.0003737737737737751,0.0003937697745736296,0.525,0.0,2.346763322398528,2521.1929910722024,0.5042385982144405,252.11929910722026,252.11929910722026,0.004242640687119285,0.005974728968313555,0.5027227004173793,0.1786465986131408
F7,N1,CONF_START,2,0.0,0.1,5000,200,0.051660667866381994,0.051460707858428316,0.10101861861861863,0.006431281025572133,0.0010186186186186275,0.010186186186186275,0.55,0.05186446446446446,0.0033754925189579876,0.00020379659808246464,0.00040375660603614305,0.525,0.0,2.167744642830476,2490.497492923894,0.49809949858477875,249.04974929238938,128.66076380399832,0.004242640687119285,0.006011435618952097,0.32676091418330444,0.1166070247219639
F7,N1,BISECT,2,0.0,0.2,5000,200,0.2,0.1999600079984003,0.20082012012012013,0.008120823795678725,0.0008201201201201158,0.004100600600600579,0.515,0.10604274274274275,0.004486004844479096,-0.09395725725725726,-0.09391726525565755,0.0,0.0,2.3697586172060596,2519.831500661994,0.5039663001323988,503.9663001323988,503.9663001323988,0.005656854249492381,0.007968457138062218,0.5201294863653696,0.18449962833242461
F7,N1,CONF_NAIVE,2,0.0,0.2,5000,200,0.2,0.1999600079984003,0.35993363363363357,0.008777081952907157,0.15993363363363355,0.7996681681681678,1.0,0.19998908908908908,0.005429854172937095,-1.091091091093288e-05,2.908109068877618e-05,0.465,0.0,2.8121376154563906,2607.399032907144,0.5214798065814288,521.4798065814288,521.4798065814288,0.005656854249492381,0.007833507097889344,0.7241235916252272,0.2580216094065077
F7,N1,CONF_START,2,0.0,0.2,5000,200,0.10594381123767761,0.10574385122975404,0.20082012012012013,0.008120823795678725,0.0008201201201201158,0.004100600600600579,0.515,0.10604274274274275,0.004486004844479096,9.893150506513904e-05,0.0002988915129887165,0.5,0.0,2.3697586172060596,2519.831500661994,0.5039663001323988,503.9663001323988,266.9605528568882,0.005656854249492381,0.007968457138062218,0.5201294863653696,0.18449962833242461
F7,N1,BISECT,2,0.0,0.3,5000,200,0.29999999999999993,0.2999400119976005,0.3002018018018018,0.009036711131490257,0.00020180180180179308,0.0006726726726726436,0.51,0.16348148148148148,0.005384311714087166,-0.13651851851851846,-0.13645853051611903,0.0,0.0,2.6235153362002905,2571.164026861282,0.5142328053722564,771.3492080583845,771.3492080583844,0.00648074069840786,0.009037426031266406,0.6576461426626861,0.23468785131260952
F7,N1,CONF_NAIVE,2,0.0,0.3,5000,200,0.29999999999999993,0.2999400119976005,0.5094165165165165,0.008357686017686045,0.20941651651651655,0.6980550550550552,1.0,0.29962572572572577,0.005913049478409096,-0.0003742742742741667,-0.0003142862718747419,0.445,0.0,3.466661923698589,2693.8566862790253,0.5387713372558051,808.1570058837076,808.1570058837074,0.00648074069840786,0.008829221326723443,0.8497052280648582,0.3019048933094961
F7,N1,CONF_START,2,0.0,0.3,5000,200,0.16366026794627753,0.1634603079384123,0.3002018018018018,0.009036711131490257,0.00020180180180179308,0.0006726726726726436,0.51,0.16348148148148148,0.005384311714087166,-0.0001787864647960491,2.1173543069186174e-05,0.465,0.0,2.6235153362002905,2571.164026861282,0.5142328053722564,771.3492080583845,420.7973935699473,0.00648074069840786,0.009037426031266406,0.6576461426626861,0.23468785131260952
F7,N1,BISECT,2,0.0,0.5,5000,200,0.5,0.4999000199960007,0.4993784784784785,0.009247643022632665,-0.0006215215215215064,-0.0012430430430430128,0.45,0.2925148148148148,0.006480931696819682,-0.20748518518518522,-0.20738520518118592,0.0,0.0,3.4111193154229995,2689.007850634317,0.5378015701268634,1344.5039253171585,1344.5039253171585,0.007071067811865475,0.009642151906452824,0.8422071812158196,0.29923736746663254
F7,N1,CONF_NAIVE,2,0.0,0.5,5000,200,0.5,0.4999000199960007,0.7491367367367368,0.00689955987647412,0.24913673673673675,0.4982734734734735,1.0,0.49914524524524523,0.006869197723085305,-0.0008547547547547718,-0.0007547747507554714,0.455,0.0,5.986890198182218,2949.4627298987366,0.5898925459797473,1474.7313649493683,1474.7313649493683,0.007071067811865475,0.00920658459387729,0.963944264885036,0.3414542604416195
F7,N1,CONF_START,2,0.0,0.5,5000,200,0.2930743851227544,0.292874425114977,0.4993784784784785,0.009247643022632665,-0.0006215215215215064,-0.0012430430430430128,0.45,0.2925148148148148,0.006480931696819682,-0.0005595703079396275,-0.0003596103001622386,0.435,0.0,3.4111193154229995,2689.007850634317,0.5378015701268634,1344.5039253171585,788.0793224149119,0.007071067811865475,0.009642151906452824,0.8422071812158196,0.29923736746663254
F7,N1,BISECT,4,0.3,0.02,5000,200,0.019999999999999997,0.019996000799839986,0.02040890890890891,0.0032146183223122045,0.00040890890890890944,0.020445445445445472,0.52,0.011888788788788789,0.001725757192520775,-0.008111211211211208,-0.008107212011051197,0.0,0.0,1.75028666200376,2214.8978113151175,0.4429795622630235,44.29795622630235,44.29795622630234,0.001979898987322333,0.002974754900821092,0.11657578040924883,0.04165153447736981
F7,N1,CONF_NAIVE,4,0.3,0.02,5000,200,0.019999999999999997,0.019996000799839986,0.036185685685685684,0.004221685348499612,0.016185685685685684,0.8092842842842841,1.0,0.02027167167167167,0.002200519431691694,0.00027167167167167425,0.0002756708718316854,0.49,0.0,1.8519996697967664,2110.1900465530834,0.4220380093106167,42.20380093106167,42.203800931061664,0.001979898987322333,0.003047665161606888,0.17750919645530236,0.0634261519841321
F7,N1,CONF_START,4,0.3,0.02,5000,200,0.011965606878615061,0.011765646870625868,0.02037067067067067,0.0032373919816696766,0.00037067067067066833,0.018533533533533417,0.52,0.01186786786786787,0.00173838227207793,-9.77390107471908e-05,0.0001022209972420026,0.465,0.0,1.7499738302978012,2213.031756950438,0.44260635139008764,44.26063513900876,26.480268013559737,0.001979898987322333,0.002976008810681092,0.11631388880481175,0.0415693110226366
F7,N1,BISECT,4,0.3,0.05,5000,200,0.05,0.04999000199960014,0.050899699699699694,0.0052785236877209655,0.0008996996996996909,0.017993993993993818,0.545,0.027875575575575576,0.0027018919018863634,-0.022124424424424426,-0.02211442642402456,0.0,0.0,1.923839590910386,2061.9814646869245,0.4123962929373849,103.09907323434624,103.09907323434624,0.0030822070014844883,0.004799593166016764,0.23041393913423375,0.08151754194985236
F7,N1,CONF_NAIVE,4,0.3,0.05,5000,200,0.05,0.04999000199960014,0.09552022022022022,0.006636199979746858,0.04552022022022022,0.9104044044044043,1.0,0.0503966966966967,0.0032909585679835097,0.00039669669669669533,0.00040669469709656014,0.56,0.0,2.0954537204463857,1974.1266118642163,0.3948253223728433,98.70633059321082,98.70633059321082,0.0030822070014844883,0.004905229182411332,0.3447767756738307,0.12228592585746331
F7,N1,CONF_START,4,0.3,0.05,5000,200,0.027713457308514253,0.02751349730053989,0.050855055055055054,0.00528230403603601,0.0008550550550550512,0.017101101101101024,0.54,0.027853853853853857,0.002702584062943081,0.0001403965453396043,0.00034035655331396755,0.495,0.0,1.9235651569429997,2061.606235420117,0.41232124708402346,103.08031177100587,57.134236392282205,0.0030822070014844883,0.004800029928831688,0.2302126090660181,0.08147293454581639
F7,N1,BISECT,4,0.3,0.1,5000,200,0.1,0.09998000399920015,0.10103983983983983,0.007215781697328536,0.0010398398398398234,0.010398398398398234,0.52,0.053168568568568574,0.0035939012474226774,-0.04683143143143143,-0.04681143543063158,0.0,0.0,2.1146174314796182,1966.327822763655,0.393265564552731,196.6327822763655,196.6327822763655,0.004242640687119285,0.006765397094137486,0.35804033319687545,0.12713485299861443
F7,N1,CONF_NAIVE,4,0.3,0.1,5000,200,0.1,0.09998000399920015,0.19422022022022023,0.008795572228090012,0.09422022022022022,0.9422022022022022,1.0,0.10037377377377378,0.004462966352018558,0.0003737737737737751,0.0003937697745736296,0.525,0.0,2.4007756405440244,1919.0311006338045,0.3838062201267609,191.90311006338047,191.90311006338047,0.004242640687119285,0.00684826012303389,0.5423607796244878,0.19283331363637207
F7,N1,CONF_START,4,0.3,0.1,5000,200,0.05298940211953023,0.052789442111577684,0.1009927927927928,0.007227154076143985,0.000992792792792796,0.00992792792792796,0.52,0.05314414414414415,0.0035990482552389785,0.0001547420246139214,0.00035470203256646876,0.5,0.0,2.1144920629993917,1966.2124015365252,0.3932424803073051,196.62124015365254,104.18841959742618,0.004242640687119285,0.006765595663471762,0.35794162786203204,0.1270953734339012
F7,N1,BISECT,4,0.3,0.2,5000,200,0.2,0.1999600079984003,0.20063613613613615,0.009679054719673435,0.0006361361361361395,0.0031806806806806975,0.51,0.10368748748748749,0.004907312595719505,-0.09631251251251252,-0.09627252051091281,0.0,0.0,2.4203382227727017,1922.1535113225473,0.3844307022645094,384.4307022645095,384.4307022645095,0.005656854249492381,0.009123594120660248,0.5543929038477255,0.19649944949581563
F7,N1,CONF_NAIVE,4,0.3,0.2,5000,200,0.2,0.1999600079984003,0.3752782782782782,0.009247772492381375,0.1752782782782782,0.8763913913913909,1.0,0.19998908908908908,0.005429854172937095,-1.091091091093288e-05,2.908109068877618e-05,0.465,0.0,3.002555552479801,1989.601337665643,0.3979202675331286,397.92026753312865,397.92026753312865,0.005656854249492381,0.00896761509209721,0.7717000309064874,0.2751304153843555
F7,N1,CONF_START,4,0.3,0.2,5000,200,0.10344731053780638,0.10324735052989403,0.2005668668668669,0.009670910702261106,0.000566866866866883,0.002834334334334415,0.51,0.10365215215215215,0.004903472830306017,0.00020484161434576598,0.00040480162225811633,0.52,0.0,2.4201270288643997,1921.8238893941132,0.3843647778788226,384.3647778788227,198.8075126851277,0.005656854249492381,0.009124376504458524,0.554152716340474,0.19645700554283793
F7,N1,BISECT,4,0.3,0.3,5000,200,0.29999999999999993,0.2999400119976005,0.2998152152152152,0.010666401892227936,-0.0001847847847847861,-0.0006159492826159537,0.495,0.1566188188188188,0.005916673576037853,-0.14338118118118112,-0.1433211931787817,0.0,0.0,2.7338397843342834,1949.430235063872,0.3898860470127744,584.8290705191616,584.8290705191615,0.00648074069840786,0.010379006850231638,0.6914497419920677,0.24628482136761068
F7,N1,CONF_NAIVE,4,0.3,0.3,5000,200,0.29999999999999993,0.2999400119976005,0.5269876876876877,0.00851208059681399,0.22698768768768768,0.7566256256256256,1.0,0.29962572572572577,0.005913049478409096,-0.0003742742742741667,-0.0003142862718747419,0.445,0.0,3.71954124513078,2128.4321502077564,0.42568643004155127,638.529645062327,638.5296450623268,0.00648074069840786,0.009932984143388897,0.8888164964135452,0.3157062194165948
F7,N1,CONF_START,4,0.3,0.3,5000,200,0.15678264347116497,0.15658268346330734,0.2997611611611612,0.0106698494632985,-0.0002388388388387952,-0.0007961294627959841,0.495,0.1565871871871872,0.005918471188924301,-0.00019545628397776849,4.503723879861754e-06,0.465,0.0,2.7337098225005216,1949.583703064267,0.3899167406128534,584.87511091928,305.6608866347185,0.00648074069840786,0.010378598333076755,0.6912639396039003,0.24621668275436925
F7,N1,BISECT,4,0.3,0.5,5000,200,0.5,0.4999000199960007,0.49919619619619626,0.011170962672197967,-0.0008038038038037376,-0.0016076076076074752,0.445,0.2798245245245245,0.007690882140335071,-0.2201754754754755,-0.2200754954714762,0.0,0.0,3.5627251187574247,2093.8684349082428,0.4187736869816486,1046.9342174541214,1046.9342174541214,0.007071067811865475,0.01092685825460378,0.8706848762404509,0.3098035405895372
F7,N1,CONF_NAIVE,4,0.3,0.5,5000,200,0.5,0.4999000199960007,0.7463913913913913,0.006322889599450614,0.24639139139139132,0.49278278278278265,1.0,0.49914524524524523,0.006869197723085305,-0.0008547547547547718,-0.0007547747507554714,0.455,0.0,5.896829880102339,2568.339317036589,0.5136678634073177,1284.1696585182945,1284.1696585182945,0.007071067811865475,0.009866061180922057,0.9787402490186959,0.3466101874672587
F7,N1,CONF_START,4,0.3,0.5,5000,200,0.28043491301716517,0.2802349530093981,0.49912012012012014,0.011153535462141914,-0.0008798798798798635,-0.001759759759759727,0.435,0.27976926926926926,0.007685440043441495,-0.0006656437478959054,-0.0004656837401288416,0.445,0.0,3.562392043672286,2094.203674548099,0.4188407349096198,1047.1018372740496,587.2878253121238,0.007071067811865475,0.010925983635129088,0.8706589016554307,0.30979723130094283
F7,N1,BISECT,4,0.15,0.02,5000,200,0.019999999999999997,0.019996000799839986,0.020369369369369367,0.0036456658470102065,0.0003693693693693663,0.018468468468468315,0.515,0.008237737737737737,0.0013903928226261164,-0.01176226226226226,-0.011758263062102248,0.0,0.0,2.5215548614576035,1600.5218303518914,0.3201043660703783,32.010436607037825,32.010436607037825,0.001979898987322333,0.0034994293876251647,0.09034723375834565,0.03242575448548496
F7,N1,CONF_NAIVE,4,0.15,0.02,5000,200,0.019999999999999997,0.019996000799839986,0.051895295295295296,0.005853478675282876,0.03189529529529529,1.5947647647647645,1.0,0.02027167167167167,0.002200519431691694,0.00027167167167167425,0.0002756708718316854,0.49,0.0,2.7015721695906096,1543.807619784794,0.3087615239569588,30.876152395695883,30.876152395695875,0.001979898987322333,0.0035631281771945403,0.18929670789968753,0.06761472383058259
F7,N1,CONF_START,4,0.15,0.02,5000,200,0.008405318936203292,0.008205358928214364,0.020328028028028026,0.0036443473990086838,0.0003280280280280254,0.01640140140140127,0.51,0.008221521521521523,0.001389611895970102,-0.00018379741468176926,1.6162593307158732e-05,0.46,0.0,2.5213258120237456,1600.8598692499809,0.3201719738499962,32.01719738499962,13.455737773214791,0.001979898987322333,0.003499059896912307,0.0900513554503363,0.03231964810781803
F7,N1,BISECT,4,0.15,0.05,5000,200,0.05,0.04999000199960014,0.05074314314314314,0.0060745295421462606,0.0007431431431431379,0.014862862862862758,0.52,0.019830930930930933,0.002292486100186122,-0.03016906906906907,-0.030159071068669205,0.0,0.0,2.6970517856794616,1542.6350795953558,0.30852701591907117,77.1317539797678,77.1317539797678,0.0030822070014844883,0.005549006113694596,0.18696843535475755,0.06674282052649055
F7,N1,CONF_NAIVE,4,0.15,0.05,5000,200,0.05,0.04999000199960014,0.13124974974974976,0.008708232803146056,0.08124974974974976,1.6249949949949951,1.0,0.0503966966966967,0.0032909585679835097,0.00039669669669669533,0.00040669469709656014,0.56,0.0,2.9982648421361726,1523.4956504915274,0.30469913009830546,76.17478252457637,76.17478252457637,0.0030822070014844883,0.005583752957091986,0.3658722210652877,0.1298015641095151
F7,N1,CONF_START,4,0.15,0.05,5000,200,0.019774045190941027,0.019574085182963403,0.05068858858858858,0.006076083793013818,0.0006885885885885776,0.013771771771771552,0.515,0.01981051051051051,0.0022937892638393398,3.64653195694814e-05,0.00023642532754710593,0.46,0.0,2.696880849130365,1542.5679549659703,0.3085135909931941,77.12839774829853,30.502808451594582,0.0030822070014844883,0.005549126844494714,0.18696843535475755,0.06674282052649055
F7,N1,BISECT,4,0.15,0.1,5000,200,0.1,0.09998000399920015,0.10124244244244246,0.007681332259947498,0.001242442442442454,0.01242442442442454,0.57,0.038900600600600604,0.002901980301078218,-0.0610993993993994,-0.06107940339859955,0.0,0.0,2.8955797980522955,1530.8401641413368,0.3061680328282674,153.08401641413369,153.08401641413369,0.004242640687119285,0.007667544949848433,0.3079848278301015,0.10929505028751674
F7,N1,CONF_NAIVE,4,0.15,0.1,5000,200,0.1,0.09998000399920015,0.2560307307307307,0.010840861448224597,0.15603073073073068,1.5603073073073066,1.0,0.10037377377377378,0.004462966352018558,0.0003737737737737751,0.0003937697745736296,0.525,0.0,3.426271697173533,1542.656532220467,0.3085313064440934,154.2656532220467,154.2656532220467,0.004242640687119285,0.007638122749433849,0.5699061950639523,0.2024506136198228
F7,N1,CONF_START,4,0.15,0.1,5000,200,0.038673265346883284,0.038473305338932215,0.10121891891891892,0.007683557756178141,0.0012189189189189126,0.012189189189189126,0.555,0.03889069069069069,0.002902580624822143,0.0002174253438074064,0.0004173853517584758,0.51,0.0,2.8955447683725657,1530.955496312753,0.3061910992625506,153.0955496312753,59.20704814317249,0.004242640687119285,0.007667256133071631,0.30794357497345176,0.10926658316371238
F7,N1,BISECT,4,0.15,0.2,5000,200,0.2,0.1999600079984003,0.2014228228228228,0.010511643298505957,0.0014228228228228001,0.007114114114114001,0.535,0.07793423423423423,0.004164712790869045,-0.12206576576576578,-0.12202577376416607,0.0,0.0,3.235209199090061,1532.903523222413,0.3065807046444826,306.58070464448264,306.58070464448264,0.005656854249492381,0.010216510369285644,0.4891243495428558,0.17424621462835066
F7,N1,CONF_NAIVE,4,0.15,0.2,5000,200,0.2,0.1999600079984003,0.4677126126126126,0.010350277259109609,0.2677126126126126,1.338563063063063,1.0,0.19998908908908908,0.005429854172937095,-1.091091091093288e-05,2.908109068877618e-05,0.465,0.0,4.392156105606845,1651.8344660242135,0.3303668932048427,330.3668932048427,330.3668932048427,0.005656854249492381,0.009841849725777882,0.7978181379734328,0.28403842875748003
F7,N1,CONF_START,4,0.15,0.2,5000,200,0.07766146770637346,0.0774615076984603,0.2013852852852853,0.01049943640780772,0.0013852852852852815,0.0069264264264264075,0.535,0.07791971971971971,0.004159665984111905,0.00025825201334625514,0.0004582120212594104,0.51,0.0,3.2350518347052577,1533.3967880597195,0.30667935761194387,306.6793576119439,119.08584513695669,0.005656854249492381,0.010214867007729382,0.48902562732453775,0.17418773269278137
F7,N1,BISECT,4,0.15,0.3,5000,200,0.29999999999999993,0.2999400119976005,0.30098118118118117,0.011533083672026007,0.0009811811811811788,0.003270603937270596,0.515,0.11968868868868869,0.005039244544291214,-0.18031131131131123,-0.1802513233089118,0.0,0.0,3.597839548278702,1559.9441981383861,0.3119888396276772,467.9832594415158,467.9832594415157,0.00648074069840786,0.011602594539025912,0.6298724037524928,0.22387098681218945
F7,N1,CONF_NAIVE,4,0.15,0.3,5000,200,0.29999999999999993,0.2999400119976005,0.629515115115115,0.00868317801287213,0.32951511511511505,1.0983837170503836,1.0,0.29962572572572577,0.005913049478409096,-0.0003742742742741667,-0.0003142862718747419,0.445,0.0,5.67585121355384,1798.0491231290955,0.3596098246258191,539.4147369387287,539.4147369387285,0.00648074069840786,0.010807092559191782,0.9078366297522205,0.32189014355012957
F7,N1,CONF_START,4,0.15,0.3,5000,200,0.11961807638458641,0.11941811637672466,0.300937037037037,0.011550354572948437,0.000937037037037014,0.00312345679012338,0.515,0.11966956956956956,0.005046364445066442,5.149318498315347e-05,0.0002514531928449054,0.505,0.0,3.597696214849006,1559.8513084006076,0.31197026168012154,467.9553925201823,186.58641295686093,0.00648074069840786,0.011602940003338334,0.629821014725701,0.22386664453988633
F7,N1,BISECT,4,0.15,0.5,5000,200,0.5,0.4999000199960007,0.49979919919919924,0.011631951897578936,-0.00020080080080076002,-0.00040160160160152003,0.485,0.2176855855855856,0.006471786596410392,-0.2823144144144144,-0.2822144344104151,0.0,0.0,4.589626406427951,1674.3334664868248,0.33486669329736496,837.1667332434124,837.1667332434124,0.007071067811865475,0.012219375908455227,0.8229298041730357,0.2927631899239581
F7,N1,CONF_NAIVE,4,0.15,0.5,5000,200,0.5,0.4999000199960007,0.833861061061061,0.005350817322689644,0.33386106106106095,0.6677221221221219,1.0,0.49914524524524523,0.006869197723085305,-0.0008547547547547718,-0.0007547747507554714,0.455,0.0,10.05461541465639,2245.715647117088,0.44914312942341755,1122.857823558544,1122.857823558544,0.007071067811865475,0.01055097567667137,0.9851985736015296,0.3487722674258978
F7,N1,CONF_START,4,0.15,0.5,5000,200,0.21804039192139854,0.2178404319136173,0.49973673673673674,0.011619471598499494,-0.0002632632632632581,-0.0005265265265265162,0.485,0.21765005005005006,0.006462780170137889,-0.00039034187134848186,-0.00019038186356723497,0.455,0.0,4.589272688925685,1674.1937216185345,0.3348387443237069,837.0968608092672,365.0418552140501,0.007071067811865475,0.012219885873169328,0.822873986191305,0.29277565846314163
F7,N1,BISECT,4,0.0,0.02,5000,200,0.019999999999999997,0.019996000799839986,0.020699599599599598,0.0039587048142376985,0.0006995995995995978,0.03497997997997989,0.545,0.005217117117117116,0.001005822417622937,-0.014782882882882882,-0.014778883682722871,0.0,0.0,4.051025266046421,1238.624891852953,0.2477249783705906,24.77249783705906,24.772497837059056,0.001979898987322333,0.003977939135649787,0.0640585357334438,0.02293944085479991
F7,N1,CONF_NAIVE,4,0.0,0.02,5000,200,0.019999999999999997,0.019996000799839986,0.07858888888888887,0.00825351979263064,0.05858888888888887,2.9294444444444436,1.0,0.02027167167167167,0.002200519431691694,0.00027167167167167425,0.0002756708718316854,0.49,0.0,4.213719098718026,1226.7562104825874,0.24535124209651749,24.535124209651748,24.535124209651745,0.001979898987322333,0.003997135796891491,0.20290110287379423,0.07230883887719702
F7,N1,CONF_START,4,0.0,0.02,5000,200,0.005405918816222515,0.005205958808238347,0.020699599599599598,0.0039587048142376985,0.0006995995995995978,0.03497997997997989,0.545,0.005217117117117116,0.001005822417622937,-0.00018880169910539917,1.1158308878768744e-05,0.415,0.0,4.051025266046421,1238.624891852953,0.2477249783705906,24.77249783705906,6.695905609109456,0.001979898987322333,0.003977939135649787,0.0640585357334438,0.02293944085479991
F7,N1,BISECT,4,0.0,0.05,5000,200,0.05,0.04999000199960014,0.050914814814814816,0.006558837432700151,0.0009148148148148127,0.018296296296296255,0.53,0.012987787787787787,0.001707334773577257,-0.037012212212212216,-0.03700221421181235,0.0,0.0,4.1333587828011,1230.1344302821851,0.24602688605643702,61.50672151410926,61.50672151410926,0.0030822070014844883,0.006213989538038395,0.14479755087414312,0.051477563235191356
F7,N1,CONF_NAIVE,4,0.0,0.05,5000,200,0.05,0.04999000199960014,0.18677107107107105,0.011368786957915608,0.13677107107107106,2.735421421421421,1.0,0.0503966966966967,0.0032909585679835097,0.00039669669669669533,0.00040669469709656014,0.56,0.0,4.557700223954829,1255.7520133607982,0.25115040267215966,62.787600668039914,62.787600668039914,0.0030822070014844883,0.006150279648221898,0.3889486849582825,0.1381160291172438
F7,N1,CONF_START,4,0.0,0.05,5000,200,0.013053389322099387,0.012853429314137159,0.050914814814814816,0.006558837432700151,0.0009148148148148127,0.018296296296296255,0.53,0.012987787787787787,0.001707334773577257,-6.560153431160037e-05,0.0001343584736506285,0.46,0.0,4.1333587828011,1230.1344302821851,0.24602688605643702,61.50672151410926,16.05742363699229,0.0030822070014844883,0.006213989538038395,0.14479755087414312,0.051477563235191356
F7,N1,BISECT,4,0.0,0.1,5000,200,0.1,0.09998000399920015,0.10157127127127126,0.009081149045065245,0.0015712712712712545,0.015712712712712545,0.565,0.02643643643643644,0.0024581918908085066,-0.07356356356356357,-0.07354356756276371,0.0,0.0,4.2814923431072645,1237.7131534789496,0.2475426306957899,123.77131534789497,123.77131534789497,0.004242640687119285,0.00852729429293872,0.24975885995246938,0.0884045708333467
F7,N1,CONF_NAIVE,4,0.0,0.1,5000,200,0.1,0.09998000399920015,0.34498888888888884,0.013237404175280371,0.24498888888888884,2.4498888888888883,1.0,0.10037377377377378,0.004462966352018558,0.0003737737737737751,0.0003937697745736296,0.525,0.0,5.243056510146853,1302.5447528998961,0.26050895057997925,130.2544752899896,130.2544752899896,0.004242640687119285,0.008312371178357942,0.5994710349804715,0.2125829134285692
F7,N1,CONF_START,4,0.0,0.1,5000,200,0.026277744451072404,0.02607778444311137,0.10157127127127126,0.009081149045065245,0.0015712712712712545,0.015712712712712545,0.565,0.02643643643643644,0.0024581918908085066,0.0001586919853640359,0.00035865199332506953,0.5,0.0,4.2814923431072645,1237.7131534789496,0.2475426306957899,123.77131534789497,32.52430995085079,0.004242640687119285,0.00852729429293872,0.24975885995246938,0.0884045708333467
F7,N1,BISECT,4,0.0,0.2,5000,200,0.2,0.1999600079984003,0.2015647647647648,0.011610868679418861,0.0015647647647647756,0.007823823823823878,0.535,0.05475485485485485,0.0033941194090779414,-0.14524514514514517,-0.14520515314354546,0.0,0.0,4.612563802568283,1259.3214817121243,0.25186429634242485,251.86429634242486,251.86429634242486,0.005656854249492381,0.011271758763194497,0.4098279301652151,0.14576793998308532
F7,N1,CONF_NAIVE,4,0.0,0.2,5000,200,0.2,0.1999600079984003,0.5902519519519519,0.01127943594488636,0.3902519519519519,1.9512597597597594,1.0,0.19998908908908908,0.005429854172937095,-1.091091091093288e-05,2.908109068877618e-05,0.465,0.0,7.201082815942183,1419.739891802912,0.28394797836058244,283.94797836058245,283.94797836058245,0.005656854249492381,0.010615870173091072,0.8244609053312016,0.29333276667845665
F7,N1,CONF_START,4,0.0,0.2,5000,200,0.05452609478095266,0.05432613477304539,0.2015647647647648,0.011610868679418861,0.0015647647647647756,0.007823823823823878,0.535,0.05475485485485485,0.0033941194090779414,0.00022876007390219139,0.00042872008180946247,0.52,0.0,4.612563802568283,1259.3214817121243,0.25186429634242485,251.86429634242486,68.66588247152504,0.005656854249492381,0.011271758763194497,0.4098279301652151,0.14576793998308532
F7,N1,BISECT,4,0.0,0.3,5000,200,0.29999999999999993,0.2999400119976005,0.3015743743743744,0.013013473779476346,0.0015743743743744099,0.0052479145812480334,0.535,0.0858099099099099,0.004187114940040541,-0.21419009009009005,-0.21413010208769062,0.0,0.0,5.027823962593908,1294.3067588909344,0.25886135177818687,388.2920276672803,388.2920276672802,0.00648074069840786,0.012737700637098831,0.5476947724554975,0.19432421910040473
F7,N1,CONF_NAIVE,4,0.0,0.3,5000,200,0.29999999999999993,0.2999400119976005,0.759188088088088,0.008317532103288703,0.45918808808808803,1.5306269602936269,1.0,0.29962572572572577,0.005913049478409096,-0.0003742742742741667,-0.0003142862718747419,0.445,0.0,10.532203463109777,1575.8197974404995,0.3151639594880999,472.74593923214985,472.74593923214974,0.00648074069840786,0.011544001411841252,0.9265683019411423,0.3283918867420708
F7,N1,CONF_START,4,0.0,0.3,5000,200,0.08562387522481484,0.0854239152169566,0.3015743743743744,0.013013473779476346,0.0015743743743744099,0.0052479145812480334,0.535,0.0858099099099099,0.004187114940040541,0.0001860346850950656,0.00038599469295330646,0.485,0.0,5.027823962593908,1294.3067588909344,0.25886135177818687,388.2920276672803,110.82356042591186,0.00648074069840786,0.012737700637098831,0.5476947724554975,0.19432421910040473
F7,N1,BISECT,4,0.0,0.5,5000,200,0.5,0.4999000199960007,0.49984664664664663,0.013646128578961943,-0.0001533533533533693,-0.0003067067067067386,0.465,0.15906856856856857,0.005733133569194418,-0.34093143143143145,-0.3408314514274321,0.0,0.0,6.2758888882184,1366.5084958991222,0.27330169917982444,683.2542479495611,683.2542479495611,0.007071067811865475,0.013525827246492437,0.7527202047747333,0.2669173084769329
F7,N1,CONF_NAIVE,4,0.0,0.5,5000,200,0.5,0.4999000199960007,0.9369364364364364,0.0036385720996899833,0.4369364364364364,0.8738728728728729,1.0,0.49914524524524523,0.006869197723085305,-0.0008547547547547718,-0.0007547747507554714,0.455,0.0,29.842731713692157,2015.7039959115664,0.40314079918231327,1007.8519979557832,1007.8519979557832,0.007071067811865475,0.011136702696386528,0.990960807994121,0.35065615791244176
F7,N1,CONF_START,4,0.0,0.5,5000,200,0.15927314537068976,0.15907318536292742,0.49984664664664663,0.013646128578961943,-0.0001533533533533693,-0.0003067067067067386,0.465,0.15906856856856857,0.005733133569194418,-0.0002045768021211869,-4.616794358841547e-06,0.46,0.0,6.2758888882184,1366.5084958991222,0.27330169917982444,683.2542479495611,217.6481063176235,0.007071067811865475,0.013525827246492437,0.7527202047747333,0.2669173084769329
F7,N1,BISECT,6,0.3,0.02,5000,200,0.019999999999999997,0.019996000799839986,0.020431031031031034,0.0033907725993203644,0.00043103103103103377,0.02155155155155169,0.54,0.01157097097097097,0.0017474208267076587,-0.008429029029029027,-0.008425029828869016,0.0,0.0,1.7993278670399997,2049.2935409264046,0.4098587081852809,40.98587081852809,40.985870818528085,0.001979898987322333,0.0030926156556206575,0.11551221581538822,0.041449326777819914
F7,N1,CONF_NAIVE,6,0.3,0.02,5000,200,0.019999999999999997,0.019996000799839986,0.03756836836836837,0.004445221658273835,0.017568368368368368,0.8784184184184184,1.0,0.02027167167167167,0.002200519431691694,0.00027167167167167425,0.0002756708718316854,0.49,0.0,1.925167181293346,1900.4402392122452,0.38008804784244904,38.0088047842449,38.008804784244894,0.001979898987322333,0.0032114482416728193,0.17985445140215306,0.06435394056109307
F7,N1,CONF_START,6,0.3,0.02,5000,200,0.011654669066177745,0.011454709058188356,0.02041331331331331,0.0033846352307945133,0.0004133133133133113,0.020665665665665564,0.54,0.01156036036036036,0.0017436042645930822,-9.430870581738499e-05,0.00010565130217200444,0.45,0.0,1.7993589906156262,2048.463869364091,0.40969277387281816,40.96927738728182,23.87416849146044,0.001979898987322333,0.0030932418798726635,0.11551221581538822,0.041449326777819914
F7,N1,BISECT,6,0.3,0.05,5000,200,0.05,0.04999000199960014,0.051006106106106106,0.005656402015649305,0.0010061061061061027,0.020122122122122055,0.56,0.02687467467467467,0.002728259980581169,-0.02312532532532533,-0.023115327324925466,0.0,0.0,1.9992953703223793,1839.5444570750428,0.36790889141500854,91.97722285375215,91.97722285375215,0.0030822070014844883,0.00508149685088707,0.22754556904378184,0.0806766877535429
F7,N1,CONF_NAIVE,6,0.3,0.05,5000,200,0.05,0.04999000199960014,0.10052962962962962,0.007093926730600042,0.05052962962962962,1.0105925925925923,1.0,0.0503966966966967,0.0032909585679835097,0.00039669669669669533,0.00040669469709656014,0.56,0.0,2.217476956964368,1732.2928385596408,0.3464585677119282,86.61464192798205,86.61464192798205,0.0030822070014844883,0.005236440218752765,0.3515967133995205,0.12482380354869475
F7,N1,CONF_START,6,0.3,0.05,5000,200,0.026677664467081846,0.02647770445910818,0.05095675675675675,0.005673404728635936,0.0009567567567567506,0.019135135135135012,0.555,0.02684974974974975,0.002735403255373519,0.00017208528266790535,0.00037204529064157124,0.49,0.0,1.999067789383914,1839.5060894622666,0.36790121789245334,91.97530447311334,49.07372623982819,0.0030822070014844883,0.005081549844429195,0.22736246696769885,0.08061909355950728
F7,N1,BISECT,6,0.3,0.1,5000,200,0.1,0.09998000399920015,0.10116466466466466,0.007991551769491909,0.0011646646646646525,0.011646646646646525,0.54,0.05068638638638639,0.0037232828683569402,-0.04931361361361362,-0.04929361761281376,0.0,0.0,2.220556619482332,1737.405628981948,0.3474811257963896,173.7405628981948,173.7405628981948,0.004242640687119285,0.007197317187963433,0.3541406646737235,0.12567774466186554
F7,N1,CONF_NAIVE,6,0.3,0.1,5000,200,0.1,0.09998000399920015,0.20552972972972974,0.009350609537540768,0.10552972972972974,1.0552972972972974,1.0,0.10037377377377378,0.004462966352018558,0.0003737737737737751,0.0003937697745736296,0.525,0.0,2.5762407909886234,1667.2808824886552,0.333456176497731,166.72808824886553,166.72808824886553,0.004242640687119285,0.00734711553867374,0.5538591217507651,0.19691153202691067
F7,N1,CONF_START,6,0.3,0.1,5000,200,0.0504949010197504,0.050294941011797635,0.10110240240240241,0.008008626622127224,0.0011024024024024054,0.011024024024024054,0.53,0.05065585585585586,0.0037332153456151786,0.00016095483610546052,0.000360914844058223,0.53,0.0,2.2203000971504254,1737.114861061872,0.3474229722123744,173.7114861061872,87.7154429692567,0.004242640687119285,0.007197919526193658,0.35401711874927266,0.12563532778611966
F7,N1,BISECT,6,0.3,0.2,5000,200,0.2,0.1999600079984003,0.20068018018018016,0.010568989408675943,0.000680180180180151,0.003400900900900755,0.52,0.09803963963963964,0.005009999653988951,-0.10196036036036037,-0.10192036835876066,0.0,0.0,2.5594736072000703,1670.0453909541275,0.3340090781908255,334.0090781908255,334.0090781908255,0.005656854249492381,0.009788042665014192,0.5461078433671539,0.19433397168494113
F7,N1,CONF_NAIVE,6,0.3,0.2,5000,200,0.2,0.1999600079984003,0.39417007007007,0.00953416965822155,0.19417007007006998,0.9708503503503498,1.0,0.19998908908908908,0.005429854172937095,-1.091091091093288e-05,2.908109068877618e-05,0.465,0.0,3.2526098811353283,1741.2677009077931,0.34825354018155863,348.25354018155866,348.25354018155866,0.005656854249492381,0.009585774741549608,0.7841644336745996,0.27930322939987307
F7,N1,CONF_START,6,0.3,0.2,5000,200,0.09782643471295772,0.09762647470505897,0.2006002002002002,0.01059300671247923,0.0006002002002001849,0.0030010010010009247,0.52,0.09800110110110109,0.005020673810741166,0.00017466638814336855,0.00037462639604211867,0.54,0.0,2.5592050506604096,1669.9956395359757,0.33399912790719516,333.99912790719515,163.3697194019902,0.005656854249492381,0.009788188463411857,0.5460724839643227,0.19431855505795298
F7,N1,BISECT,6,0.3,0.3,5000,200,0.29999999999999993,0.2999400119976005,0.30026556556556555,0.011870169284672175,0.000265565565565562,0.0008852185518852067,0.51,0.1480938938938939,0.006237372289782743,-0.15190610610610603,-0.1518461181037066,0.0,0.0,2.8982673587844863,1690.6798968019234,0.3381359793603847,507.203969040577,507.2039690405769,0.00648074069840786,0.011144971263825597,0.6856414686945905,0.24390540657576548
F7,N1,CONF_NAIVE,6,0.3,0.3,5000,200,0.29999999999999993,0.2999400119976005,0.545886986986987,0.008522756767528566,0.24588698698698702,0.8196232899566235,1.0,0.29962572572572577,0.005913049478409096,-0.0003742742742741667,-0.0003142862718747419,0.445,0.0,4.013645756896977,1927.0800319963344,0.3854160063992669,578.1240095989003,578.1240095989002,0.00648074069840786,0.010439021010504326,0.8974569091867526,0.31813052993767
F7,N1,CONF_START,6,0.3,0.3,5000,200,0.1481913617275232,0.14799140171965608,0.3001892892892893,0.01190073361114795,0.00018928928928929611,0.000630964297630987,0.505,0.14805605605605607,0.00624980488191936,-0.00013530567146713413,6.465433639998852e-05,0.49,0.0,2.897923012389117,1689.6147290162794,0.3379229458032559,506.8844187048838,250.38630748780255,0.00648074069840786,0.011148483719587165,0.6855587711894111,0.24386775798357058
F7,N1,BISECT,6,0.3,0.5,5000,200,0.5,0.4999000199960007,0.4989974974974975,0.011977144245042254,-0.0010025025025025003,-0.0020050050050050006,0.465,0.26614744744744745,0.008052828543876156,-0.23385255255255255,-0.23375257254855325,0.0,0.0,3.7419015525928487,1853.3216983294226,0.3706643396658845,926.6608491647113,926.6608491647113,0.007071067811865475,0.011614341702074924,0.8678276058131505,0.30751667883229167
F7,N1,CONF_NAIVE,6,0.3,0.5,5000,200,0.5,0.4999000199960007,0.7554072072072071,0.006083098217500983,0.2554072072072071,0.5108144144144142,1.0,0.49914524524524523,0.006869197723085305,-0.0008547547547547718,-0.0007547747507554714,0.455,0.0,6.188277544002042,2463.22591311981,0.49264518262396195,1231.612956559905,1231.612956559905,0.007071067811865475,0.010074369649739918,0.980589977862266,0.3474636951942679
F7,N1,CONF_START,6,0.3,0.5,5000,200,0.26661667666443944,0.2664167166566687,0.4989044044044044,0.01199913406072272,-0.0010955955955955776,-0.0021911911911911552,0.465,0.26608408408408407,0.00807028635887889,-0.0005325925803553733,-0.00033263257258464574,0.465,0.0,3.741404784209585,1853.4916069363703,0.37069832138727404,926.7458034681852,494.17177246680654,0.007071067811865475,0.011613809349557518,0.8678067239341074,0.30750676399763544
F7,N1,BISECT,6,0.15,0.02,5000,200,0.019999999999999997,0.019996000799839986,0.02039239239239239,0.004084609085178908,0.00039239239239239124,0.019619619619619562,0.545,0.007231231231231231,0.00133962060754564,-0.012768768768768767,-0.012764769568608756,0.0,0.0,2.874155232175395,1257.9158900909051,0.25158317801818103,25.158317801818104,25.1583178018181,0.001979898987322333,0.003947319082170538,0.08453684565340996,0.030382741062876018
F7,N1,CONF_NAIVE,6,0.15,0.02,5000,200,0.019999999999999997,0.019996000799839986,0.0604931931931932,0.006943818381901123,0.040493193193193194,2.0246596596596595,1.0,0.02027167167167167,0.002200519431691694,0.00027167167167167425,0.0002756708718316854,0.49,0.0,3.177905286245076,1193.3933889634336,0.23867867779268673,23.86786777926867,23.867867779268668,0.001979898987322333,0.004052623158472754,0.19975797072953555,0.0715330029833052
F7,N1,CONF_START,6,0.15,0.02,5000,200,0.007391521695651096,0.007191561687662468,0.020356856856856856,0.004081802458658639,0.00035685685685685545,0.017842842842842772,0.535,0.0072183183183183175,0.001338448312908934,-0.00017320337733277812,2.6756630655849767e-05,0.425,0.0,2.874152267081771,1258.0043932238048,0.25160087864476094,25.160087864476097,9.298566765738144,0.001979898987322333,0.003947180228820027,0.08448060013718174,0.030376373038380894
F7,N1,BISECT,6,0.15,0.05,5000,200,0.05,0.04999000199960014,0.05077967967967968,0.0068354193714071435,0.000779679679679679,0.01559359359359358,0.51,0.017152152152152152,0.002178563409892702,-0.03284784784784785,-0.03283784984744799,0.0,0.0,3.120174155649727,1205.8101436759152,0.24116202873518305,60.29050718379577,60.29050718379577,0.0030822070014844883,0.006276352664178342,0.17838363267973426,0.06374241620672863
F7,N1,CONF_NAIVE,6,0.15,0.05,5000,200,0.05,0.04999000199960014,0.15434294294294293,0.010345973774735838,0.10434294294294293,2.0868588588588586,1.0,0.0503966966966967,0.0032909585679835097,0.00039669669669669533,0.00040669469709656014,0.56,0.0,3.6219603050440723,1171.5633631826643,0.23431267263653285,58.57816815913321,58.57816815913321,0.0030822070014844883,0.006367426107408563,0.3892350256900864,0.13800335670210578
F7,N1,CONF_START,6,0.15,0.05,5000,200,0.017147570485879934,0.016947610477904426,0.05070930930930931,0.0068159623140971164,0.0007093093093093056,0.014186186186186112,0.51,0.017128528528528527,0.0021735265701814687,-1.9041957351407374e-05,0.0001809180506241008,0.465,0.0,3.1198843749451184,1205.685418883146,0.2411370837766292,60.2842709441573,20.67457570409642,0.0030822070014844883,0.0062766772913692825,0.17777648902482696,0.06356440430298096
F7,N1,BISECT,6,0.15,0.1,5000,200,0.1,0.09998000399920015,0.10110930930930931,0.009158155300343071,0.0011093093093093032,0.011093093093093032,0.54,0.0332049049049049,0.0028971717112115675,-0.0667950950950951,-0.06677509909429524,0.0,0.0,3.3866950126448194,1175.2958690480787,0.23505917380961572,117.52958690480787,117.52958690480787,0.004242640687119285,0.008750797818701075,0.2938144262776225,0.10458349805078053
F7,N1,CONF_NAIVE,6,0.15,0.1,5000,200,0.1,0.09998000399920015,0.2982933933933934,0.012228950359559329,0.19829339339339339,1.9829339339339338,1.0,0.10037377377377378,0.004462966352018558,0.0003737737737737751,0.0003937697745736296,0.525,0.0,4.231747330786502,1185.5129080281074,0.23710258160562148,118.55129080281074,118.55129080281074,0.004242640687119285,0.008713007968527444,0.603054562574564,0.21353366076734726
F7,N1,CONF_START,6,0.15,0.1,5000,200,0.03306738652264887,0.032867426514697054,0.10105615615615615,0.00918066505909259,0.0010561561561561461,0.010561561561561461,0.535,0.033188288288288285,0.0029055177877956246,0.00012090176563941263,0.0003208617735912314,0.48,0.0,3.3864389961370973,1175.3280451049877,0.23506560902099755,117.53280451049878,38.86502675839592,0.004242640687119285,0.008750678035931972,0.293643142568902,0.10454309752695012
F7,N1,BISECT,6,0.15,0.2,5000,200,0.2,0.1999600079984003,0.20140120120120122,0.012719113880296142,0.0014012012012012132,0.007006006006006066,0.525,0.06604414414414414,0.004216914196223499,-0.13395585585585587,-0.13391586385425616,0.0,0.0,3.8187887860961753,1174.616274611071,0.23492325492221422,234.92325492221423,234.92325492221423,0.005656854249492381,0.011671105219870163,0.46865884412752556,0.16676941788225594
F7,N1,CONF_NAIVE,6,0.15,0.2,5000,200,0.2,0.1999600079984003,0.5258861861861862,0.01079311948767,0.3258861861861862,1.629430930930931,1.0,0.19998908908908908,0.005429854172937095,-1.091091091093288e-05,2.908109068877618e-05,0.465,0.0,5.54208676754595,1314.26328323147,0.262852656646294,262.852656646294,262.852656646294,0.005656854249492381,0.011033639843902251,0.8285916804237923,0.29391558988912325
F7,N1,CONF_START,6,0.15,0.2,5000,200,0.06592081583672847,0.06572085582883423,0.20135735735735738,0.012724544240885422,0.0013573573573573694,0.006786786786786847,0.525,0.06602942942942942,0.0042207421093028805,0.00010861359270095128,0.0003085736005951911,0.465,0.0,3.8185203619827814,1175.6280102547585,0.2351256020509517,235.1256020509517,77.49835755650346,0.005656854249492381,0.011666082111103966,0.46865884412752556,0.16676941788225594
F7,N1,BISECT,6,0.15,0.3,5000,200,0.29999999999999993,0.2999400119976005,0.3016453453453454,0.013812023222867552,0.0016453453453453837,0.0054844844844846126,0.54,0.10164674674674674,0.005113727236791022,-0.1983532532532532,-0.19829326525085378,0.0,0.0,4.247233380419898,1186.2949681009968,0.23725899362019937,355.88849043029904,355.888490430299,0.00648074069840786,0.013304951728597572,0.6071041933890854,0.21478774292591055
F7,N1,CONF_NAIVE,6,0.15,0.3,5000,200,0.29999999999999993,0.2999400119976005,0.6818242242242242,0.008297190375837935,0.3818242242242242,1.2727474140807473,1.0,0.29962572572572577,0.005913049478409096,-0.0003742742742741667,-0.0003142862718747419,0.445,0.0,7.155991271728945,1499.2333153624847,0.29984666307249697,449.76999460874544,449.7699946087453,0.00648074069840786,0.011835184570850279,0.9271984237745642,0.32800790461863166
F7,N1,CONF_START,6,0.15,0.3,5000,200,0.10143771245736699,0.10123775244951011,0.30156896896896895,0.013839014066846468,0.0015689689689689645,0.005229896563229882,0.54,0.10161781781781781,0.005121360757032387,0.00018010536045082182,0.00038006536830770266,0.525,0.0,4.246842151790332,1186.2663920039302,0.23725327840078603,355.87991760117905,120.33214916993286,0.00648074069840786,0.013305111979829911,0.6069667259997451,0.21473417778631795
F7,N1,BISECT,6,0.15,0.5,5000,200,0.5,0.4999000199960007,0.5007156156156156,0.01322018880351598,0.0007156156156156168,0.0014312312312312336,0.49,0.18709949949949953,0.006470716863166692,-0.31290050050050044,-0.3128005204965012,0.0,0.0,5.35864185883775,1293.624566994005,0.258724913398801,646.8122834970025,646.8122834970025,0.007071067811865475,0.01390163485640988,0.8071118099104388,0.2863071495062707
F7,N1,CONF_NAIVE,6,0.15,0.5,5000,200,0.5,0.4999000199960007,0.8560212212212213,0.00459452011428245,0.35602122122122126,0.7120424424424425,1.0,0.49914524524524523,0.006869197723085305,-0.0008547547547547718,-0.0007547747507554714,0.455,0.0,11.906726319155414,2077.650469947239,0.4155300939894478,1038.8252349736194,1038.8252349736194,0.007071067811865475,0.01096942242160919,0.9889681838578864,0.3504706411375543
F7,N1,CONF_START,6,0.15,0.5,5000,200,0.18722255548867633,0.18702259548090383,0.5006390390390391,0.013188239565461694,0.0006390390390390577,0.0012780780780781154,0.49,0.18706216216216215,0.006456447299230727,-0.00016039332651418547,3.9566681258318415e-05,0.485,0.0,5.358081695123095,1294.7145363231523,0.2589429072646305,647.3572681615761,242.39976411875722,0.007071067811865475,0.013895782004070743,0.8070786314862277,0.28630168366685554
F7,N1,BISECT,6,0.0,0.02,5000,200,0.019999999999999997,0.019996000799839986,0.020305405405405406,0.004487966079106983,0.00030540540540540534,0.015270270270270267,0.51,0.0034151151151151156,0.0007628528146958375,-0.016584884884884882,-0.01658088568472487,0.0,0.0,6.0713676325569725,814.6604461674099,0.16293208923348199,16.293208923348196,16.293208923348196,0.001979898987322333,0.004905008003071033,0.051316770423310364,0.018486270380746236
F7,N1,CONF_NAIVE,6,0.0,0.02,5000,200,0.019999999999999997,0.019996000799839986,0.11548898898898897,0.011863873312644017,0.09548898898898897,4.774449449449448,1.0,0.02027167167167167,0.002200519431691694,0.00027167167167167425,0.0002756708718316854,0.49,0.0,6.448358023735494,819.7393075763855,0.1639478615152771,16.39478615152771,16.394786151527708,0.001979898987322333,0.004889789407205641,0.23601351252187622,0.08426334911397378
F7,N1,CONF_START,6,0.0,0.02,5000,200,0.0036392721455679178,0.003439312137572449,0.020305405405405406,0.004487966079106983,0.00030540540540540534,0.015270270270270267,0.51,0.0034151151151151156,0.0007628528146958375,-0.00022415703045280217,-2.419702245733341e-05,0.385,0.0,6.0713676325569725,814.6604461674099,0.16293208923348199,16.293208923348196,2.9647710698329868,0.001979898987322333,0.004905008003071033,0.051316770423310364,0.018486270380746236
F7,N1,BISECT,6,0.0,0.05,5000,200,0.05,0.04999000199960014,0.050953653653653654,0.00770152025414696,0.0009536536536536508,0.019073073073073016,0.56,0.008687287287287288,0.001343691649520355,-0.04131271271271272,-0.04130271471231285,0.0,0.0,6.184195134438343,817.9934651976977,0.16359869303953953,40.899673259884885,40.899673259884885,0.0030822070014844883,0.0076202968154892555,0.11994027802225674,0.04273492112602663
F7,N1,CONF_NAIVE,6,0.0,0.05,5000,200,0.05,0.04999000199960014,0.2666115115115115,0.015393180732588024,0.21661151151151153,4.3322302302302305,1.0,0.0503966966966967,0.0032909585679835097,0.00039669669669669533,0.00040669469709656014,0.56,0.0,7.212034096008577,844.8356485906363,0.16896712971812727,42.24178242953182,42.24178242953182,0.0030822070014844883,0.00749826334812376,0.450085987957216,0.15980541430817718
F7,N1,CONF_START,6,0.0,0.05,5000,200,0.008799240151959757,0.00859928014397119,0.050953653653653654,0.00770152025414696,0.0009536536536536508,0.019073073073073016,0.56,0.008687287287287288,0.001343691649520355,-0.00011195286467246927,8.80071433160979e-05,0.475,0.0,6.184195134438343,817.9934651976977,0.16359869303953953,40.899673259884885,7.197720943008277,0.0030822070014844883,0.0076202968154892555,0.11994027802225674,0.04273492112602663
F7,N1,BISECT,6,0.0,0.1,5000,200,0.1,0.09998000399920015,0.10138788788788788,0.011622583256258298,0.0013878878878878786,0.013878878878878786,0.505,0.01768028028028028,0.0021261349013616134,-0.08231971971971973,-0.08229972371891987,0.0,0.0,6.3898729245962,819.7769950460175,0.1639553990092035,81.97769950460176,81.97769950460176,0.004242640687119285,0.010477879301103495,0.21141491988471617,0.07520750019594215
F7,N1,CONF_NAIVE,6,0.0,0.1,5000,200,0.1,0.09998000399920015,0.46995185185185184,0.01612395243395188,0.36995185185185187,3.6995185185185187,1.0,0.10037377377377378,0.004462966352018558,0.0003737737737737751,0.0003937697745736296,0.525,0.0,8.817706716979233,898.4096220223958,0.17968192440447914,89.84096220223958,89.84096220223958,0.004242640687119285,0.010008847160211042,0.6771603331121259,0.23983350811508658
F7,N1,CONF_START,6,0.0,0.1,5000,200,0.017699460107947193,0.017499500099980008,0.10138788788788788,0.011622583256258298,0.0013878878878878786,0.013878878878878786,0.505,0.01768028028028028,0.0021261349013616134,-1.9179827666911814e-05,0.00018078018030027315,0.46,0.0,6.3898729245962,819.7769950460175,0.1639553990092035,81.97769950460176,14.509610221229812,0.004242640687119285,0.010477879301103495,0.21141491988471617,0.07520750019594215
F7,N1,BISECT,6,0.0,0.2,5000,200,0.2,0.1999600079984003,0.20240780780780782,0.01384123414966342,0.0024078078078078047,0.012039039039039023,0.58,0.03700910910910911,0.002798275979342401,-0.16299089089089092,-0.1629508988892912,0.0,0.0,6.858525308989372,831.3360694689965,0.16626721389379928,166.2672138937993,166.2672138937993,0.005656854249492381,0.013873041308240453,0.3660681926719923,0.13031223736842334
F7,N1,CONF_NAIVE,6,0.0,0.2,5000,200,0.2,0.1999600079984003,0.7377894894894895,0.01091685510497601,0.5377894894894895,2.6889474474474473,1.0,0.19998908908908908,0.005429854172937095,-1.091091091093288e-05,2.908109068877618e-05,0.465,0.0,14.06280944160721,1028.608748481183,0.2057217496962366,205.72174969623663,205.72174969623663,0.005656854249492381,0.012471965029613704,0.8884508197215191,0.3146982924732243
F7,N1,CONF_START,6,0.0,0.2,5000,200,0.03676464707048094,0.03656468706258749,0.20240780780780782,0.01384123414966342,0.0024078078078078047,0.012039039039039023,0.58,0.03700910910910911,0.002798275979342401,0.00024446203862817095,0.00044442204652161976,0.52,0.0,6.858525308989372,831.3360694689965,0.16626721389379928,166.2672138937993,30.56377719098848,0.005656854249492381,0.013873041308240453,0.3660681926719923,0.13031223736842334
F7,N1,BISECT,6,0.0,0.3,5000,200,0.29999999999999993,0.2999400119976005,0.3016940940940941,0.015973905796865962,0.0016940940940941007,0.005646980313647003,0.545,0.05813323323323323,0.0035322961008914587,-0.24186676676676672,-0.2418067787643673,0.0,0.0,7.430021376850768,857.6662059600238,0.17153324119200478,257.29986178800715,257.2998617880071,0.00648074069840786,0.015647699535183933,0.49145235834316353,0.17465795500856496
F7,N1,CONF_NAIVE,6,0.0,0.3,5000,200,0.29999999999999993,0.2999400119976005,0.8818248248248248,0.006271225734747561,0.5818248248248248,1.939416082749416,1.0,0.29962572572572577,0.005913049478409096,-0.0003742742742741667,-0.0003142862718747419,0.445,0.0,24.972330365699204,1213.288956525768,0.2426577913051536,363.9866869577304,363.98668695773034,0.00648074069840786,0.013156110879525422,0.9642027006700994,0.34097138132164684
F7,N1,CONF_START,6,0.0,0.3,5000,200,0.05800639872011972,0.05780643871225756,0.3016940940940941,0.015973905796865962,0.0016940940940941007,0.005646980313647003,0.545,0.05813323323323323,0.0035322961008914587,0.0001268345131135093,0.00032679452097567063,0.505,0.0,7.430021376850768,857.6662059600238,0.17153324119200478,257.29986178800715,49.75012791168946,0.00648074069840786,0.015647699535183933,0.49145235834316353,0.17465795500856496
F7,N1,BISECT,6,0.0,0.5,5000,200,0.5,0.4999000199960007,0.5016522522522522,0.016723026616579265,0.0016522522522521843,0.0033045045045043686,0.53,0.1096073073073073,0.004881465999256113,-0.3903926926926927,-0.39029271268869337,0.0,0.0,9.174701145299082,907.134867603466,0.1814269735206932,453.567433801733,453.567433801733,0.007071067811865475,0.016600993296468785,0.7090744058925039,0.25033064682728073
F7,N1,CONF_NAIVE,6,0.0,0.5,5000,200,0.5,0.4999000199960007,0.9841642642642643,0.0015155254296244426,0.4841642642642643,0.9683285285285286,1.0,0.49914524524524523,0.006869197723085305,-0.0008547547547547718,-0.0007547747507554714,0.455,0.0,125.00546564478671,1857.2372117965663,0.37144744235931326,928.6186058982831,928.6186058982831,0.007071067811865475,0.011602092296057322,0.9976906263785041,0.35328994342676806
F7,N1,CONF_START,6,0.0,0.5,5000,200,0.10943011397695676,0.10923015396920617,0.5016522522522522,0.016723026616579265,0.0016522522522521843,0.0033045045045043686,0.53,0.1096073073073073,0.004881465999256113,0.00017719333035054463,0.0003771533381011355,0.5,0.0,9.174701145299082,907.134867603466,0.1814269735206932,453.567433801733,99.26787195431886,0.007071067811865475,0.016600993296468785,0.7090744058925039,0.25033064682728073
F7,N1,BISECT,10,0.3,0.02,5000,200,0.019999999999999997,0.019996000799839986,0.020462062062062067,0.0034538267689304012,0.0004620620620620665,0.023103103103103324,0.525,0.011515115115115115,0.0017653318999659405,-0.008484884884884882,-0.008480885684724871,0.0,0.0,1.8106916840152973,2001.5156676526653,0.4003031335305331,40.03031335305331,40.0303133530533,0.001979898987322333,0.003129309644713758,0.11567454635377619,0.04141360099149908
F7,N1,CONF_NAIVE,10,0.3,0.02,5000,200,0.019999999999999997,0.019996000799839986,0.03794554554554554,0.004506219920279288,0.017945545545545543,0.8972772772772771,1.0,0.02027167167167167,0.002200519431691694,0.00027167167167167425,0.0002756708718316854,0.49,0.0,1.94511463553787,1833.7893126111924,0.36675786252223846,36.67578625222385,36.675786252223844,0.001979898987322333,0.0032692890285593297,0.18054156950615835,0.06452679432788608
F7,N1,CONF_START,10,0.3,0.02,5000,200,0.011587682463498583,0.011387722455508892,0.020436436436436434,0.003447887464522015,0.000436436436436434,0.0218218218218217,0.525,0.0115008008008008,0.0017606806646320665,-8.688166269778426e-05,0.00011307834529190701,0.45,0.0,1.8106075438811218,2001.2310339131643,0.40024620678263284,40.02462067826329,23.189629757084713,0.001979898987322333,0.003129532176600937,0.11567454635377619,0.04141360099149908
F7,N1,BISECT,10,0.3,0.05,5000,200,0.05,0.04999000199960014,0.051052052052052044,0.005881955389239433,0.001052052052052041,0.02104104104104082,0.555,0.026612512512512513,0.0027742863628293923,-0.02338748748748749,-0.023377489487087625,0.0,0.0,2.020452272442959,1769.7170812908826,0.3539434162581765,88.48585406454413,88.48585406454413,0.0030822070014844883,0.005180776814176849,0.22684819307007764,0.08034084317900161
F7,N1,CONF_NAIVE,10,0.3,0.05,5000,200,0.05,0.04999000199960014,0.10213443443443446,0.007254447194044372,0.052134434434434454,1.042688688688689,1.0,0.0503966966966967,0.0032909585679835097,0.00039669669669669533,0.00040669469709656014,0.56,0.0,2.25681487612582,1637.7683475844854,0.3275536695168971,81.88841737922428,81.88841737922428,0.0030822070014844883,0.00538543226681673,0.3538053925977903,0.12554540406595432
F7,N1,CONF_START,10,0.3,0.05,5000,200,0.026420715856803043,0.02622075584883023,0.051007007007007006,0.005880563192918545,0.0010070070070070034,0.020140140140140067,0.545,0.026592492492492497,0.0027735371846291383,0.00017177663568945442,0.00037173664366226683,0.47,0.0,2.020109765602972,1769.3579239089827,0.35387158478179653,88.46789619544914,46.74770295658217,0.0030822070014844883,0.005181302603729046,0.22684309464637925,0.0803409955818564
F7,N1,BISECT,10,0.3,0.1,5000,200,0.1,0.09998000399920015,0.10127427427427428,0.008022021210129479,0.0012742742742742758,0.012742742742742758,0.55,0.0499917917917918,0.0036400174400957803,-0.050008208208208206,-0.04998821220740835,0.0,0.0,2.25400891272727,1650.4771824242007,0.33009543648484013,165.04771824242007,165.04771824242007,0.004242640687119285,0.007384421743141915,0.3517386294906408,0.12483431096958002
F7,N1,CONF_NAIVE,10,0.3,0.1,5000,200,0.1,0.09998000399920015,0.2094117117117117,0.00953484957981314,0.10941171171171168,1.0941171171171167,1.0,0.10037377377377378,0.004462966352018558,0.0003737737737737751,0.0003937697745736296,0.525,0.0,2.6382039100596044,1556.018498757058,0.3112036997514116,155.60184987570582,155.60184987570582,0.004242640687119285,0.007605256690424643,0.5578099683807523,0.19839013618040297
F7,N1,CONF_START,10,0.3,0.1,5000,200,0.049835032993354685,0.04963507298540292,0.1012067067067067,0.008023598421851548,0.001206706706706695,0.01206706706706695,0.55,0.04995745745745746,0.003642035877946174,0.00012242446410277302,0.0003223844720545363,0.52,0.0,2.2538451721616273,1650.5267915470686,0.33010535830941373,165.05267915470688,82.25405711316401,0.004242640687119285,0.007384310767227991,0.35149382300715304,0.12474589442260939
F7,N1,BISECT,10,0.3,0.2,5000,200,0.2,0.1999600079984003,0.2008828828828829,0.011029738192453325,0.0008828828828828794,0.004414414414414397,0.53,0.09633073073073074,0.00512820585898899,-0.10366926926926927,-0.10362927726766956,0.0,0.0,2.6086082242556285,1563.305154289993,0.31266103085799857,312.66103085799864,312.66103085799864,0.005656854249492381,0.010116682291394024,0.5438517214421645,0.19354577061569872
F7,N1,CONF_NAIVE,10,0.3,0.2,5000,200,0.2,0.1999600079984003,0.4000345345345345,0.009604188898514663,0.2000345345345345,1.0001726726726725,1.0,0.19998908908908908,0.005429854172937095,-1.091091091093288e-05,2.908109068877618e-05,0.465,0.0,3.333239053513264,1642.6350570368347,0.32852701140736695,328.52701140736696,328.52701140736696,0.005656854249492381,0.00986937038238515,0.7880100125243554,0.28056048819328916
F7,N1,CONF_START,10,0.3,0.2,5000,200,0.09612277544481473,0.09592281543691261,0.2008063063063063,0.011026845823548265,0.0008063063063062925,0.004031531531531463,0.525,0.0962944944944945,0.005126957173023604,0.00017171904967976104,0.00037167905758188347,0.535,0.0,2.6082661590909493,1563.2710172745876,0.3126542034549175,312.65420345491754,150.2659489528723,0.005656854249492381,0.010116792749353672,0.5436519918756876,0.19346650884906816
F7,N1,BISECT,10,0.3,0.3,5000,200,0.29999999999999993,0.2999400119976005,0.30044264264264264,0.012551577024003526,0.0004426426426426544,0.0014754754754755148,0.5,0.14543713713713713,0.00643357268040166,-0.1545628628628628,-0.15450287486046338,0.0,0.0,2.9540283092852864,1579.2134018770437,0.31584268037540875,473.7640205631131,473.764020563113,0.00648074069840786,0.011531591169054363,0.6841928889699312,0.24333022435392831
F7,N1,CONF_NAIVE,10,0.3,0.3,5000,200,0.29999999999999993,0.2999400119976005,0.5506027027027027,0.008497362987439274,0.25060270270270274,0.8353423423423425,1.0,0.29962572572572577,0.005913049478409096,-0.0003742742742741667,-0.0003142862718747419,0.445,0.0,4.090323546679432,1859.5941276112187,0.37191882552224376,557.8782382833656,557.8782382833655,0.00648074069840786,0.01062675246277578,0.8995990257427373,0.31898246531314167
F7,N1,CONF_START,10,0.3,0.3,5000,200,0.14554189162154962,0.14534193161367726,0.30035025025025025,0.012556324817180232,0.00035025025025026135,0.001167500834167538,0.5,0.1453878878878879,0.006434640903150809,-0.00015400373366172837,4.595627421064008e-05,0.475,0.0,2.9536790744486607,1579.8576711955602,0.31597153423911206,473.957301358668,229.93547395861802,0.00648074069840786,0.011529239625586156,0.6840697486204449,0.24327265317252483
F7,N1,BISECT,10,0.3,0.5,5000,200,0.5,0.4999000199960007,0.4987581581581581,0.012120297850231929,-0.0012418418418418953,-0.0024836836836837906,0.43,0.26234154154154155,0.00806785242522865,-0.23765845845845845,-0.23755847845445915,0.0,0.0,3.792141216808651,1771.0171494799638,0.35420342989599274,885.5085747399819,885.5085747399819,0.007071067811865475,0.011881153887601454,0.8665851122066286,0.3072437496541241
F7,N1,CONF_NAIVE,10,0.3,0.5,5000,200,0.5,0.4999000199960007,0.7565472472472473,0.006036423767047744,0.2565472472472473,0.5130944944944946,1.0,0.49914524524524523,0.006869197723085305,-0.0008547547547547718,-0.0007547747507554714,0.455,0.0,6.226810019621255,2444.027952316025,0.48880559046320504,1222.0139761580126,1222.0139761580126,0.007071067811865475,0.010113859589247537,0.9808085381571147,0.34754329112256777
F7,N1,CONF_START,10,0.3,0.5,5000,200,0.26285242951387133,0.2626524695060988,0.49867547547547547,0.012120751961144123,-0.0013245245245245285,-0.002649049049049057,0.43,0.26228358358358356,0.008066618616960087,-0.0005688459302877757,-0.00036888592251521635,0.485,0.0,3.7917515460640265,1770.5757922556627,0.35411515845113256,885.2878961278313,465.40014863284847,0.007071067811865475,0.011882634622393525,0.8665462429913205,0.3072384886496543
F7,N1,BISECT,10,0.15,0.02,5000,200,0.019999999999999997,0.019996000799839986,0.02040870870870871,0.004479073257090973,0.00040870870870871046,0.020435435435435523,0.53,0.00671091091091091,0.0013297673307864424,-0.013289089089089087,-0.013285089888929076,0.0,0.0,3.096217319670271,1052.9046600005188,0.21058093200010375,21.058093200010376,21.058093200010372,0.001979898987322333,0.004314530185558551,0.08261842057233082,0.029609743350647172
F7,N1,CONF_NAIVE,10,0.15,0.02,5000,200,0.019999999999999997,0.019996000799839986,0.06691381381381381,0.007853508509208641,0.04691381381381381,2.3456906906906902,1.0,0.02027167167167167,0.002200519431691694,0.00027167167167167425,0.0002756708718316854,0.49,0.0,3.5399191345378926,953.6299463467521,0.19072598926935044,19.072598926935044,19.07259892693504,0.001979898987322333,0.0045335467173348585,0.20782274665873096,0.07398502790481447
F7,N1,CONF_START,10,0.15,0.02,5000,200,0.006869626074775724,0.006669666066786643,0.020339239239239238,0.0044932098181595685,0.00033923923923923766,0.016961961961961883,0.515,0.00669069069069069,0.001331498405225569,-0.0001789353840850336,2.1024623904047045e-05,0.445,0.0,3.0943797008222282,1051.8693297555608,0.21037386595111215,21.037386595111215,7.2259489749456645,0.001979898987322333,0.004316653008625245,0.08240281991303916,0.029543059327887578
F7,N1,BISECT,10,0.15,0.05,5000,200,0.05,0.04999000199960014,0.05067347347347347,0.007471224446519179,0.0006734734734734696,0.013469469469469392,0.505,0.01561791791791792,0.002118765337157782,-0.034382082082082085,-0.034372084081682214,0.0,0.0,3.4168029619035605,977.5823715715466,0.19551647431430932,48.879118578577334,48.879118578577334,0.0030822070014844883,0.006970599392019532,0.1731214865830753,0.06201570183161563
F7,N1,CONF_NAIVE,10,0.15,0.05,5000,200,0.05,0.04999000199960014,0.1723581581581581,0.011656519522581055,0.1223581581581581,2.447163163163162,1.0,0.0503966966966967,0.0032909585679835097,0.00039669669669669533,0.00040669469709656014,0.56,0.0,4.134811251444554,911.1411180813524,0.18222822361627047,45.557055904067624,45.557055904067624,0.0030822070014844883,0.007220279038031339,0.4074054712636522,0.14381630468895293
F7,N1,CONF_START,10,0.15,0.05,5000,200,0.015677864427094255,0.01547790441911618,0.0506014014014014,0.007417703214583224,0.0006014014014013996,0.012028028028027993,0.505,0.0155964964964965,0.00210298022318623,-8.13679305977557e-05,0.00011859207738031986,0.445,0.0,3.4161974067380076,977.6224120221506,0.19552448240443013,48.88112060110753,15.327031636572158,0.0030822070014844883,0.006970456643247053,0.1731214865830753,0.06201570183161563
F7,N1,BISECT,10,0.15,0.1,5000,200,0.1,0.09998000399920015,0.10091111111111112,0.010671903537828493,0.0009111111111111125,0.009111111111111125,0.495,0.02989139139139139,0.002990262555132426,-0.07010860860860861,-0.07008861260780876,0.0,0.0,3.7551100207727255,928.4178306274295,0.1856835661254859,92.84178306274295,92.84178306274295,0.004242640687119285,0.009845766193086383,0.28753786975717255,0.10185299641455421
F7,N1,CONF_NAIVE,10,0.15,0.1,5000,200,0.1,0.09998000399920015,0.32963083083083083,0.013061160430439079,0.22963083083083083,2.296308308308308,1.0,0.10037377377377378,0.004462966352018558,0.0003737737737737751,0.0003937697745736296,0.525,0.0,4.896604134246258,941.4859111521844,0.18829718223043687,94.14859111521844,94.14859111521844,0.004242640687119285,0.009777196463636688,0.627677816213942,0.22218851303541123
F7,N1,CONF_START,10,0.15,0.1,5000,200,0.029744051189713808,0.029544091181763647,0.10083363363363365,0.010703535909045735,0.0008336336336336458,0.008336336336336458,0.495,0.02987177177177177,0.0029987247452618244,0.00012772058205796216,0.00032768059000812255,0.51,0.0,3.7544735130518507,928.271348123812,0.1856542696247624,92.8271348123812,27.61055049653931,0.004242640687119285,0.009846543000209014,0.28739286173301104,0.10180355828050139
F7,N1,BISECT,10,0.15,0.2,5000,200,0.2,0.1999600079984003,0.20114224224224223,0.013530483719934077,0.001142242242242214,0.00571121121121107,0.525,0.05895155155155156,0.003935122887418642,-0.14104844844844844,-0.14100845644684873,0.0,0.0,4.274117778270554,915.5058348856179,0.1831011669771236,183.1011669771236,183.1011669771236,0.005656854249492381,0.013219938446720822,0.45113086822617693,0.15965914234420076
F7,N1,CONF_NAIVE,10,0.15,0.2,5000,200,0.2,0.1999600079984003,0.5605101101101101,0.010646593746680451,0.3605101101101101,1.8025505505505504,1.0,0.19998908908908908,0.005429854172937095,-1.091091091093288e-05,2.908109068877618e-05,0.465,0.0,6.372829805708888,1107.3261979196072,0.22146523958392145,221.46523958392146,221.46523958392146,0.005656854249492381,0.012020490896598908,0.846911235249225,0.30067013975658025
F7,N1,CONF_START,10,0.15,0.2,5000,200,0.05880723855221109,0.058607278544291146,0.20103683683683685,0.013491370816783052,0.0010368368368368353,0.005184184184184176,0.52,0.05892202202202203,0.003921517258270862,0.0001147834698109404,0.0003147434777308819,0.495,0.0,4.273460561292605,915.4523443862639,0.18309046887725278,183.0904688772528,53.83522439950392,0.005656854249492381,0.013220324666049386,0.4508999380785582,0.1595686793196961
F7,N1,BISECT,10,0.15,0.3,5000,200,0.29999999999999993,0.2999400119976005,0.3019291291291291,0.014935316818643588,0.0019291291291291257,0.00643043043043042,0.54,0.09086046046046047,0.004967359508462432,-0.20913953953953945,-0.20907955153714003,0.0,0.0,4.759678812251757,935.3393937099953,0.18706787874199907,280.60181811299856,280.60181811299856,0.00648074069840786,0.014983905811369458,0.5922373942442154,0.20993732200065626
F7,N1,CONF_NAIVE,10,0.15,0.3,5000,200,0.29999999999999993,0.2999400119976005,0.7050280280280279,0.007807662725481453,0.4050280280280279,1.350093426760093,1.0,0.29962572572572577,0.005913049478409096,-0.0003742742742741667,-0.0003142862718747419,0.445,0.0,7.97986377683618,1348.435254295531,0.2696870508591062,404.5305762886593,404.5305762886592,0.00648074069840786,0.012479425655654559,0.9357907449579829,0.33122676928827044
F7,N1,CONF_START,10,0.15,0.3,5000,200,0.09067786442698217,0.0904779044191162,0.3018471471471471,0.014954118818023934,0.0018471471471471212,0.006157157157157071,0.54,0.09083323323323324,0.004977633084651751,0.00015536880625106886,0.00035532881411703965,0.52,0.0,4.7593055192276985,936.0464420472723,0.18720928840945447,280.8139326141817,84.87869236932158,0.00648074069840786,0.014978245650401173,0.5922373942442154,0.20993732200065626
F7,N1,BISECT,10,0.15,0.5,5000,200,0.5,0.4999000199960007,0.5009253253253253,0.014569178917416074,0.0009253253253252991,0.0018506506506505982,0.51,0.1696021021021021,0.006746106443300202,-0.33039789789789786,-0.3302979178938986,0.0,0.0,5.914608029788147,1054.7809999022074,0.2109561999804415,527.3904999511037,527.3904999511037,0.007071067811865475,0.01539532478220143,0.7984815232418223,0.28356621075700417
F7,N1,CONF_NAIVE,10,0.15,0.5,5000,200,0.5,0.4999000199960007,0.8606284284284286,0.004310029383916906,0.36062842842842857,0.7212568568568571,1.0,0.49914524524524523,0.006869197723085305,-0.0008547547547547718,-0.0007547747507554714,0.455,0.0,12.36297167558142,2029.895947349387,0.4059791894698774,1014.9479736746935,1014.9479736746935,0.007071067811865475,0.011097703464170964,0.9897830676619197,0.3506241485472069
F7,N1,CONF_START,10,0.15,0.5,5000,200,0.1697620475902579,0.1695620875824835,0.5008181181181182,0.014563376204404514,0.0008181181181181607,0.0016362362362363214,0.51,0.16955605605605606,0.006743023283932237,-0.00020599153420183813,-6.031526427446865e-06,0.495,0.0,5.913903981553636,1054.6390988008195,0.2109278197601639,527.3195494004098,179.0376928811714,0.007071067811865475,0.015396360463538115,0.7984555762000547,0.283555396494208
F7,N1,BISECT,10,0.0,0.02,5000,200,0.019999999999999997,0.019996000799839986,0.02146146146146146,0.006122488402898204,0.00146146146146146,0.073073073073073,0.57,0.002167967967967968,0.0006257836517138539,-0.017832032032032027,-0.017828032831872016,0.0,0.0,10.11839150825056,490.3818745791681,0.09807637491583361,9.807637491583362,9.80763749158336,0.001979898987322333,0.006322092283463069,0.04111421584625398,0.014605052567266172
F7,N1,CONF_NAIVE,10,0.0,0.02,5000,200,0.019999999999999997,0.019996000799839986,0.18488008008008008,0.018158966141126477,0.1648800800800801,8.244004004004005,1.0,0.02027167167167167,0.002200519431691694,0.00027167167167167425,0.0002756708718316854,0.49,0.0,11.216886588379994,500.0766169716559,0.10001532339433118,10.001532339433117,10.001532339433115,0.001979898987322333,0.006260510694002711,0.2988353461174481,0.10657644133019555
F7,N1,CONF_START,10,0.0,0.02,5000,200,0.0024015196960603226,0.0022015596880623723,0.02146146146146146,0.006122488402898204,0.00146146146146146,0.073073073073073,0.57,0.002167967967967968,0.0006257836517138539,-0.00023355172809235445,-3.359172009440416e-05,0.355,0.0,10.11839150825056,490.3818745791681,0.09807637491583361,9.807637491583362,1.177661730392855,0.001979898987322333,0.006322092283463069,0.04111421584625398,0.014605052567266172
F7,N1,BISECT,10,0.0,0.05,5000,200,0.05,0.04999000199960014,0.05131311311311311,0.009595031524454758,0.0013131131131131069,0.026262262262262137,0.545,0.005257257257257258,0.0010079896180502676,-0.044742742742742744,-0.04473274474234288,0.0,0.0,10.290051491539435,488.79889460162235,0.09775977892032447,24.43994473008112,24.43994473008112,0.0030822070014844883,0.009857838463476824,0.09284253063996992,0.03329285246399852
F7,N1,CONF_NAIVE,10,0.0,0.05,5000,200,0.05,0.04999000199960014,0.40356556556556555,0.020911716583797507,0.35356556556556556,7.071311311311311,1.0,0.0503966966966967,0.0032909585679835097,0.00039669669669669533,0.00040669469709656014,0.56,0.0,13.417599958707136,526.641088063345,0.105328217612669,26.332054403167252,26.332054403167252,0.0030822070014844883,0.009497065540428444,0.5543461948935106,0.19595431792222723
F7,N1,CONF_START,10,0.0,0.05,5000,200,0.005442911417704785,0.005242951409718046,0.05131311311311311,0.009595031524454758,0.0013131131131131069,0.026262262262262137,0.545,0.005257257257257258,0.0010079896180502676,-0.00018565416044752717,1.4305847539211602e-05,0.415,0.0,10.290051491539435,488.79889460162235,0.09775977892032447,24.43994473008112,2.660489084388648,0.0030822070014844883,0.009857838463476824,0.09284253063996992,0.03329285246399852
F7,N1,BISECT,10,0.0,0.1,5000,200,0.1,0.09998000399920015,0.10197077077077077,0.01432215380503717,0.0019707707707707633,0.019707707707707633,0.555,0.010712812812812812,0.001582345955734249,-0.0892871871871872,-0.08926719118638735,0.0,0.0,10.606143641621403,492.24031912667743,0.09844806382533548,49.22403191266775,49.22403191266775,0.004242640687119285,0.013521742551874683,0.1812285330900487,0.06434222009190324
F7,N1,CONF_NAIVE,10,0.0,0.1,5000,200,0.1,0.09998000399920015,0.6529991991991991,0.017699782622605,0.5529991991991992,5.5299919919919915,1.0,0.10037377377377378,0.004462966352018558,0.0003737737737737751,0.0003937697745736296,0.525,0.0,18.71958862288144,584.83575887896,0.11696715177579199,58.483575887895995,58.483575887895995,0.004242640687119285,0.01240521498835832,0.7903435405912373,0.27883189726102897
F7,N1,CONF_START,10,0.0,0.1,5000,200,0.010776844631035294,0.010576884623075364,0.10197077077077077,0.01432215380503717,0.0019707707707707633,0.019707707707707633,0.555,0.010712812812812812,0.001582345955734249,-6.403181822248194e-05,0.0001359281897374484,0.485,0.0,10.606143641621403,492.24031912667743,0.09844806382533548,49.22403191266775,5.304797440359433,0.004242640687119285,0.013521742551874683,0.1812285330900487,0.06434222009190324
F7,N1,BISECT,10,0.0,0.2,5000,200,0.2,0.1999600079984003,0.20334194194194197,0.018373496760852544,0.003341941941941956,0.01670970970970978,0.525,0.022506206206206206,0.002275367602863016,-0.17749379379379382,-0.1774538017921941,0.0,0.0,11.363658447203699,502.7046884371291,0.10054093768742582,100.54093768742582,100.54093768742582,0.005656854249492381,0.017840356292853042,0.32199801503225894,0.11475049829743014
F7,N1,CONF_NAIVE,10,0.0,0.2,5000,200,0.2,0.1999600079984003,0.8925056056056055,0.0077169422204179635,0.6925056056056056,3.4625280280280277,1.0,0.19998908908908908,0.005429854172937095,-1.091091091093288e-05,2.908109068877618e-05,0.465,0.0,41.60975219232623,745.8214547228374,0.14916429094456748,149.16429094456748,149.16429094456748,0.005656854249492381,0.01464679338222007,0.954965634718094,0.33862254536412767
F7,N1,CONF_START,10,0.0,0.2,5000,200,0.022349530093886655,0.02214957008598281,0.20334194194194197,0.018373496760852544,0.003341941941941956,0.01670970970970978,0.525,0.022506206206206206,0.002275367602863016,0.00015667611231955092,0.0003566361202233942,0.495,0.0,11.363658447203699,502.7046884371291,0.10054093768742582,100.54093768742582,11.235213562563532,0.005656854249492381,0.017840356292853042,0.32199801503225894,0.11475049829743014
F7,N1,BISECT,10,0.0,0.3,5000,200,0.29999999999999993,0.2999400119976005,0.30365725725725723,0.019369595098694254,0.0036572572572572404,0.012190857524190801,0.6,0.03556816816816817,0.002705756114505929,-0.2644318318318318,-0.26437184382943235,0.0,0.0,12.261084962297524,508.6448589216008,0.10172897178432017,152.59345767648023,152.5934576764802,0.00648074069840786,0.020318999410847298,0.44499150550879324,0.1575494438771202
F7,N1,CONF_NAIVE,10,0.0,0.3,5000,200,0.29999999999999993,0.2999400119976005,0.9714046046046046,0.0028739353697525105,0.6714046046046047,2.238015348682016,1.0,0.29962572572572577,0.005913049478409096,-0.0003742742742741667,-0.0003142862718747419,0.445,0.0,114.58630660818633,1000.3098928007649,0.20006197856015298,300.09296784022945,300.0929678402294,0.00648074069840786,0.014489131881263169,0.99137442113635,0.3510306159113753
F7,N1,CONF_START,10,0.0,0.3,5000,200,0.03536792641458871,0.03516796640671866,0.30365725725725723,0.019369595098694254,0.0036572572572572404,0.012190857524190801,0.6,0.03556816816816817,0.002705756114505929,0.00020024175357945956,0.0004002017614495104,0.505,0.0,12.261084962297524,508.6448589216008,0.10172897178432017,152.59345767648023,17.989713941498035,0.00648074069840786,0.020318999410847298,0.44499150550879324,0.1575494438771202
F7,N1,BISECT,10,0.0,0.5,5000,200,0.5,0.4999000199960007,0.5027472472472472,0.02196345323287181,0.0027472472472471754,0.005494494494494351,0.575,0.06748438438438438,0.004039370880186454,-0.43251561561561563,-0.43241563561161633,0.0,0.0,14.962402392172162,542.3077653959707,0.10846155307919414,271.15388269798535,271.15388269798535,0.007071067811865475,0.021470743947804006,0.6539320167619493,0.23131571088985017
F7,N1,CONF_NAIVE,10,0.0,0.5,5000,200,0.5,0.4999000199960007,0.9989784784784785,0.0002817239916061173,0.49897847847847854,0.9979569569569571,1.0,0.49914524524524523,0.006869197723085305,-0.0008547547547547718,-0.0007547747507554714,0.455,0.0,2012.3845807375558,2916.332700630299,0.5832665401260597,1458.1663503151494,1458.1663503151494,0.007071067811865475,0.009258731087481218,0.9998368877570728,0.35395370704112616
F7,N1,CONF_START,10,0.0,0.5,5000,200,0.06735252949385671,0.06715256948610278,0.5027472472472472,0.02196345323287181,0.0027472472472471754,0.005494494494494351,0.575,0.06748438438438438,0.004039370880186454,0.0001318548905276662,0.0003318148982816016,0.485,0.0,14.962402392172162,542.3077653959707,0.10846155307919414,271.15388269798535,36.52579976357964,0.007071067811865475,0.021470743947804006,0.6539320167619493,0.23131571088985017
F7,N1,BISECT,20,0.3,0.02,5000,200,0.019999999999999997,0.019996000799839986,0.020456456456456457,0.003454486216003488,0.0004564564564564569,0.022822822822822844,0.52,0.01151061061061061,0.0017653325101362112,-0.008489389389389387,-0.008485390189229376,0.0,0.0,1.810912563322389,1998.2659295265942,0.39965318590531884,39.965318590531886,39.96531859053188,0.001979898987322333,0.003131853176453808,0.11551094839364393,0.04138521113598363
F7,N1,CONF_NAIVE,20,0.3,0.02,5000,200,0.019999999999999997,0.019996000799839986,0.03796266266266266,0.00451256535008986,0.01796266266266266,0.898133133133133,1.0,0.02027167167167167,0.002200519431691694,0.00027167167167167425,0.0002756708718316854,0.49,0.0,1.945974377866228,1827.6371147107939,0.3655274229421588,36.552742294215875,36.552742294215875,0.001979898987322333,0.0032747869512568485,0.18057095462460526,0.0645374185572273
F7,N1,CONF_START,20,0.3,0.02,5000,200,0.011583683263338591,0.011383723255348923,0.02043083083083083,0.003448464551596765,0.0004308308308308313,0.021541541541541566,0.52,0.011496296296296293,0.0017606446544743374,-8.738696704229873e-05,0.00011257304094736999,0.45,0.0,1.8108290637557451,1997.981295787093,0.3995962591574186,39.95962591574186,23.1439824964725,0.001979898987322333,0.0031320762514487686,0.11551094839364393,0.04138521113598363
F7,N1,BISECT,20,0.3,0.05,5000,200,0.05,0.04999000199960014,0.051061661661661664,0.005899234762288275,0.0010616616616616614,0.02123323323323323,0.56,0.0266016016016016,0.0027759161939296235,-0.023398398398398402,-0.023388400397998537,0.0,0.0,2.0216257901088035,1765.4426189245778,0.35308852378491556,88.2721309462289,88.2721309462289,0.0030822070014844883,0.0051870448308151225,0.22687962747259052,0.08035437265598606
F7,N1,CONF_NAIVE,20,0.3,0.05,5000,200,0.05,0.04999000199960014,0.10224454454454455,0.007272247451125257,0.05224454454454455,1.044890890890891,1.0,0.0503966966966967,0.0032909585679835097,0.00039669669669669533,0.00040669469709656014,0.56,0.0,2.2595158685784593,1630.5044178209675,0.32610088356419353,81.52522089104838,81.52522089104838,0.0030822070014844883,0.005397415039956776,0.3539335808126344,0.12560401660002687
F7,N1,CONF_START,20,0.3,0.05,5000,200,0.02640871825632306,0.02620875824835033,0.05101661661661661,0.005897684904415996,0.00101661661661661,0.020332332332332198,0.55,0.026581581581581585,0.0027750887434369316,0.00017286332525852377,0.0003728233332312564,0.47,0.0,2.0212841087689033,1765.083461542678,0.3530166923085356,88.2541730771339,46.613591834776024,0.0030822070014844883,0.005187572531267505,0.2268745290488922,0.08035452505975205
F7,N1,BISECT,20,0.3,0.1,5000,200,0.1,0.09998000399920015,0.10126756756756757,0.00800763326888459,0.0012675675675675596,0.012675675675675596,0.55,0.049941941941941945,0.0036298620664350413,-0.05005805805805806,-0.050038062057258206,0.0,0.0,2.2561516759032596,1642.9179627433102,0.32858359254866204,164.29179627433103,164.29179627433103,0.004242640687119285,0.007401390455496591,0.3515560384135449,0.12478198669335469
F7,N1,CONF_NAIVE,20,0.3,0.1,5000,200,0.1,0.09998000399920015,0.2097078078078078,0.009555483326653357,0.10970780780780778,1.0970780780780778,1.0,0.10037377377377378,0.004462966352018558,0.0003737737737737751,0.0003937697745736296,0.525,0.0,2.6429236738090003,1545.8749900971022,0.30917499801942044,154.58749900971023,154.58749900971023,0.004242640687119285,0.007630167453874626,0.5580962262515128,0.19847847629746693
F7,N1,CONF_START,20,0.3,0.1,5000,200,0.049786042791394466,0.04958608278344331,0.1012037037037037,0.008009724274919675,0.001203703703703693,0.01203703703703693,0.55,0.049908608608608615,0.0036306073525219753,0.0001225658172141486,0.0003225258251653082,0.525,0.0,2.2560246555804695,1642.6456495219172,0.32852912990438343,164.26456495219173,81.78082659819613,0.004242640687119285,0.0074020039210222766,0.35150308269357644,0.12476155582974906
F7,N1,BISECT,20,0.3,0.2,5000,200,0.2,0.1999600079984003,0.200905005005005,0.011086298856184373,0.0009050050050049829,0.004525025025024915,0.54,0.09620680680680682,0.005137491302176871,-0.10379319319319319,-0.10375320119159348,0.0,0.0,2.612243721243093,1554.8661766878877,0.31097323533757754,310.97323533757753,310.97323533757753,0.005656854249492381,0.010144099096834835,0.5436239644488609,0.1933741141402529
F7,N1,CONF_NAIVE,20,0.3,0.2,5000,200,0.2,0.1999600079984003,0.4004162162162163,0.00961580789216781,0.2004162162162163,1.0020810810810814,1.0,0.19998908908908908,0.005429854172937095,-1.091091091093288e-05,2.908109068877618e-05,0.465,0.0,3.338575713159727,1636.1645720631757,0.32723291441263513,327.2329144126352,327.2329144126352,0.005656854249492381,0.009888866160045763,0.7882625740100151,0.28060776666124176
F7,N1,CONF_START,20,0.3,0.2,5000,200,0.09601179764037791,0.09581183763247349,0.2008213213213213,0.011091773058521073,0.0008213213213212889,0.004106606606606444,0.535,0.09616646646646647,0.0051408238270896555,0.00015466882608855537,0.0003546288339929815,0.53,0.0,2.611922136636108,1554.8628905781734,0.31097257811563467,310.9725781156347,149.28518120872465,0.005656854249492381,0.010144109816302507,0.5434203446525461,0.19330150415660957
F7,N1,BISECT,20,0.3,0.3,5000,200,0.29999999999999993,0.2999400119976005,0.30048348348348347,0.012564006114493913,0.00048348348348348225,0.0016116116116116075,0.495,0.14524814814814813,0.006414650725496775,-0.1547518518518518,-0.15469186384945238,0.0,0.0,2.958326668604185,1570.3314676985856,0.3140662935397171,471.09944030957564,471.0994403095756,0.00648074069840786,0.01156415703677677,0.6842212485319307,0.24339862928504755
F7,N1,CONF_NAIVE,20,0.3,0.3,5000,200,0.29999999999999993,0.2999400119976005,0.5508125125125125,0.008506671362046737,0.2508125125125125,0.8360417083750418,1.0,0.29962572572572577,0.005913049478409096,-0.0003742742742741667,-0.0003142862718747419,0.445,0.0,4.093704849056074,1856.5112823904005,0.37130225647808013,556.9533847171201,556.95338471712,0.00648074069840786,0.010635571973973556,0.8996941260214509,0.31902930392652784
F7,N1,CONF_START,20,0.3,0.3,5000,200,0.1453369326133508,0.14513697260547892,0.3003893893893894,0.012579793765047625,0.00038938938938942735,0.0012979646312980913,0.495,0.1452007007007007,0.006421623081336565,-0.00013623191265008106,6.37280952217878e-05,0.485,0.0,2.957973098034054,1570.3140341077835,0.3140628068215567,471.09421023233506,228.22462495692196,0.00648074069840786,0.011564221229103215,0.6840563097494513,0.24333685460221433
F7,N1,BISECT,20,0.3,0.5,5000,200,0.5,0.4999000199960007,0.49874404404404404,0.012152542895351075,-0.0012559559559559563,-0.0025119119119119127,0.425,0.2621336336336336,0.008094552723641242,-0.23786636636636638,-0.23776638636236708,0.0,0.0,3.7947190402317132,1766.0195964187512,0.3532039192837502,883.0097982093756,883.0097982093756,0.007071067811865475,0.011897952894190543,0.8663511604956871,0.3072198122150822
F7,N1,CONF_NAIVE,20,0.3,0.5,5000,200,0.5,0.4999000199960007,0.7565621621621622,0.006033887953871527,0.2565621621621622,0.5131243243243244,1.0,0.49914524524524523,0.006869197723085305,-0.0008547547547547718,-0.0007547747507554714,0.455,0.0,6.227316009795093,2442.4477862092926,0.48848955724185855,1221.2238931046463,1221.2238931046463,0.007071067811865475,0.010117130691744922,0.9808097666128095,0.34754271552419486
F7,N1,CONF_START,20,0.3,0.5,5000,200,0.26265346930591205,0.2624535092981404,0.4986382382382383,0.012160733152988993,-0.0013617617617617261,-0.0027235235235234523,0.425,0.262058958958959,0.008098511627779512,-0.0005945103469530699,-0.0003945503391813987,0.485,0.0,3.7942219479755375,1765.6954363600305,0.3531390872720061,882.8477181800152,463.76603209757826,0.007071067811865475,0.01189904500329058,0.8662613183145129,0.3071956072965397
F7,N1,BISECT,20,0.15,0.02,5000,200,0.019999999999999997,0.019996000799839986,0.02045775775775776,0.00473847766672224,0.0004577577577577589,0.022887887887887946,0.525,0.006604104104104105,0.0013590629150123687,-0.013395895895895892,-0.01339189669573588,0.0,0.0,3.150851992824446,1015.8243023438906,0.20316486046877813,20.316486046877813,20.31648604687781,0.001979898987322333,0.004392570457670871,0.08167255138202334,0.029228935322078754
F7,N1,CONF_NAIVE,20,0.15,0.02,5000,200,0.019999999999999997,0.019996000799839986,0.06894154154154154,0.008236510523948635,0.04894154154154154,2.447077077077077,1.0,0.02027167167167167,0.002200519431691694,0.00027167167167167425,0.0002756708718316854,0.49,0.0,3.655031461488532,862.0943873938226,0.1724188774787645,17.24188774787645,17.241887747876447,0.001979898987322333,0.0047681578779754635,0.21051420920889777,0.07468482657577723
F7,N1,CONF_START,20,0.15,0.02,5000,200,0.00676764647069634,0.006567686462707456,0.020354954954954953,0.004755078735076822,0.000354954954954953,0.01774774774774765,0.505,0.006575575575575576,0.001361856987445471,-0.00019207089512076388,7.889112868119871e-06,0.435,0.0,3.147765636472039,1017.0219859800004,0.2034043971960001,20.34043971960001,6.882845254038132,0.001979898987322333,0.004389983267027744,0.08120857996924653,0.029037976054421866
F7,N1,BISECT,20,0.15,0.05,5000,200,0.05,0.04999000199960014,0.05071161161161161,0.007878420027184852,0.0007116116116116095,0.01423223223223219,0.505,0.015246346346346347,0.002151003439042754,-0.034753653653653654,-0.03474365565325379,0.0,0.0,3.501663350683864,901.6606227917058,0.18033212455834116,45.083031139585295,45.083031139585295,0.0030822070014844883,0.007258138530611446,0.17235080577086137,0.061290944377756104
F7,N1,CONF_NAIVE,20,0.15,0.05,5000,200,0.05,0.04999000199960014,0.17869839839839838,0.012122109636880663,0.12869839839839836,2.5739679679679672,1.0,0.0503966966966967,0.0032909585679835097,0.00039669669669669533,0.00040669469709656014,0.56,0.0,4.32003786615887,812.596375392554,0.1625192750785108,40.629818769627704,40.629818769627704,0.0030822070014844883,0.007645561118574849,0.41365430237816553,0.14592766611223182
F7,N1,CONF_START,20,0.15,0.05,5000,200,0.015309938012378281,0.01510997800439913,0.05063733733733734,0.007830766091786356,0.0006373373373373403,0.012746746746746807,0.505,0.015226526526526528,0.002140178136171529,-8.341148585175318e-05,0.00011654852212739791,0.45,0.0,3.50105783023023,901.4899031780501,0.18029798063561003,45.07449515890251,13.801754536440844,0.0030822070014844883,0.007258825752921453,0.1720268748740494,0.06114629869530386
F7,N1,BISECT,20,0.15,0.1,5000,200,0.1,0.09998000399920015,0.10090310310310312,0.011363777228120403,0.0009031031031031117,0.009031031031031117,0.485,0.028963163163163167,0.003042187191958925,-0.07103683683683684,-0.07101684083603699,0.0,0.0,3.8760304712026197,838.3224877239252,0.16766449754478505,83.83224877239252,83.83224877239252,0.004242640687119285,0.010361334552246996,0.2852028012503949,0.10079082823315373
F7,N1,CONF_NAIVE,20,0.15,0.1,5000,200,0.1,0.09998000399920015,0.3396346346346346,0.013161216852573012,0.2396346346346346,2.396346346346346,1.0,0.10037377377377378,0.004462966352018558,0.0003737737737737751,0.0003937697745736296,0.525,0.0,5.121800123575563,844.4392194294129,0.16888784388588257,84.4439219429413,84.4439219429413,0.004242640687119285,0.010323739963387082,0.6355579410514715,0.2249600052514237
F7,N1,CONF_START,20,0.15,0.1,5000,200,0.028835232953364938,0.028635272945410923,0.10083213213213213,0.011389595706953137,0.000832132132132124,0.00832132132132124,0.485,0.028943043043043043,0.003050386795858698,0.00010781008967810507,0.00030777009763212,0.5,0.0,3.8757022011172815,838.2846213374502,0.16765692426749004,83.82846213374502,24.17213233748869,0.004242640687119285,0.010361568566958688,0.28513179570466074,0.10076696147997995
F7,N1,BISECT,20,0.15,0.2,5000,200,0.2,0.1999600079984003,0.20109839839839844,0.014339936563231176,0.0010983983983984258,0.005491991991992129,0.53,0.056832332332332335,0.003973095132813187,-0.14316766766766767,-0.14312767566606796,0.0,0.0,4.432517141942848,812.5569373925362,0.16251138747850724,162.51138747850723,162.51138747850723,0.005656854249492381,0.014032436643462267,0.44636380027845235,0.1576133779966245
F7,N1,CONF_NAIVE,20,0.15,0.2,5000,200,0.2,0.1999600079984003,0.5677632632632633,0.010461161700420295,0.3677632632632633,1.8388163163163165,1.0,0.19998908908908908,0.005429854172937095,-1.091091091093288e-05,2.908109068877618e-05,0.465,0.0,6.564551833954154,1048.9030967254105,0.2097806193450821,209.7806193450821,209.7806193450821,0.005656854249492381,0.012350720895167743,0.8506256974686108,0.30203974652801546
F7,N1,CONF_START,20,0.15,0.2,5000,200,0.05666666666657688,0.05646670665866827,0.20097657657657655,0.014303852363075372,0.0009765765765765433,0.0048828828828827164,0.53,0.056798198198198195,0.003963753904910391,0.00013153153162131365,0.00033149153952992394,0.49,0.0,4.431799036505005,812.5284437619839,0.1625056887523968,162.5056887523968,46.0432784797728,0.005656854249492381,0.0140326826850398,0.4460117640536369,0.1574800974026101
F7,N1,BISECT,20,0.15,0.3,5000,200,0.29999999999999993,0.2999400119976005,0.3022012012012012,0.015703186062547225,0.0022012012012012083,0.007337337337337361,0.57,0.0877867867867868,0.005057151271534934,-0.21221321321321313,-0.2121532252108137,0.0,0.0,4.933700939554913,832.806691167174,0.1665613382334348,249.8420073501522,249.84200735015213,0.00648074069840786,0.015879526356292088,0.5889067999589177,0.2090583993208725
F7,N1,CONF_NAIVE,20,0.15,0.3,5000,200,0.29999999999999993,0.2999400119976005,0.707921121121121,0.007700304659492781,0.40792112112112106,1.3597370704037368,1.0,0.29962572572572577,0.005913049478409096,-0.0003742742742741667,-0.0003142862718747419,0.445,0.0,8.091179275724938,1323.665720442947,0.2647331440885894,397.0997161328841,397.09971613288405,0.00648074069840786,0.012595647163331265,0.9368698937795974,0.33163611493531564
F7,N1,CONF_START,20,0.15,0.3,5000,200,0.08755248950196677,0.08735252949410117,0.3020555555555556,0.015730691708204552,0.0020555555555555882,0.006851851851851961,0.57,0.08773593593593594,0.005063565394988411,0.00018344643396916993,0.000383406441834766,0.51,0.0,4.932931903622634,832.5459439570947,0.16650918879141893,249.76378318712838,72.89147001820855,0.00648074069840786,0.015882012836515084,0.5888255097903874,0.2090140743344468
F7,N1,BISECT,20,0.15,0.5,5000,200,0.5,0.4999000199960007,0.50118998998999,0.015283075534170748,0.0011899899899899813,0.0023799799799799626,0.535,0.16552752752752753,0.0071071237434423,-0.33447247247247247,-0.33437249246847317,0.0,0.0,6.070163868203249,975.4436149690789,0.19508872299381577,487.72180748453945,487.72180748453945,0.007071067811865475,0.01600917378999812,0.7960018331845101,0.2825928194544092
F7,N1,CONF_NAIVE,20,0.15,0.5,5000,200,0.5,0.4999000199960007,0.860782082082082,0.00429798874495925,0.36078208208208196,0.7215641641641639,1.0,0.49914524524524523,0.006869197723085305,-0.0008547547547547718,-0.0007547747507554714,0.455,0.0,12.37883158507544,2028.2400409339111,0.4056480081867822,1014.1200204669556,1014.1200204669556,0.007071067811865475,0.011102232762653997,0.9898093334333886,0.35064567809556496
F7,N1,CONF_START,20,0.15,0.5,5000,200,0.16574685062964428,0.16554689062187564,0.5010552552552552,0.015303543021784535,0.001055255255255183,0.002110510510510366,0.53,0.16546506506506506,0.007115854127548508,-0.0002817855645792233,-8.182555681057746e-05,0.485,0.0,6.0692876240541205,975.0772473146765,0.19501544946293528,487.53862365733823,161.6159828630304,0.007071067811865475,0.01601218108640986,0.795857149479273,0.2824711188147198
F7,N1,BISECT,20,0.0,0.02,5000,200,0.019999999999999997,0.019996000799839986,0.022500600600600603,0.009043797495854211,0.0025006006006006026,0.12503003003003013,0.59,0.0011388388388388388,0.0004636706546261548,-0.01886116116116116,-0.018857161961001147,0.0,0.0,20.2630826949919,245.2827439280359,0.04905654878560718,4.905654878560718,4.905654878560717,0.001979898987322333,0.008939115273729628,0.03156631965239747,0.011179852536705058
F7,N1,CONF_NAIVE,20,0.0,0.02,5000,200,0.019999999999999997,0.019996000799839986,0.335096996996997,0.029612374693144743,0.315096996996997,15.75484984984985,1.0,0.02027167167167167,0.002200519431691694,0.00027167167167167425,0.0002756708718316854,0.49,0.0,25.009532531569832,257.8817317960441,0.051576346359208824,5.157634635920882,5.157634635920881,0.001979898987322333,0.00871801770477245,0.4331418682618586,0.1543244312547753
F7,N1,CONF_START,20,0.0,0.02,5000,200,0.0013997200559869292,0.0011997600479903836,0.022500600600600603,0.009043797495854211,0.0025006006006006026,0.12503003003003013,0.59,0.0011388388388388388,0.0004636706546261548,-0.00026088121714809044,-6.0921209151544847e-05,0.26,0.0,20.2630826949919,245.2827439280359,0.04905654878560718,4.905654878560718,0.34332717606357804,0.001979898987322333,0.008939115273729628,0.03156631965239747,0.011179852536705058
F7,N1,BISECT,20,0.0,0.05,5000,200,0.05,0.04999000199960014,0.050978278278278284,0.013855677548603004,0.0009782782782782815,0.01956556556556563,0.495,0.002618018018018018,0.0007327565539813601,-0.047381981981981985,-0.04737198398158212,0.0,0.0,20.549590419663375,241.10195696602923,0.048220391393205844,12.055097848301463,12.055097848301463,0.0030822070014844883,0.014036099463684443,0.07149359169457092,0.025106091284008324
F7,N1,CONF_NAIVE,20,0.0,0.05,5000,200,0.05,0.04999000199960014,0.6439865865865866,0.025368047093318878,0.5939865865865865,11.87973173173173,1.0,0.0503966966966967,0.0032909585679835097,0.00039669669669669533,0.00040669469709656014,0.56,0.0,36.059445097716505,290.56765938526047,0.058113531877052094,14.528382969263024,14.528382969263024,0.0030822070014844883,0.01278566046907156,0.7359661217471245,0.26017031738184604
F7,N1,CONF_START,20,0.0,0.05,5000,200,0.0028694261147541953,0.0026694661067786897,0.050978278278278284,0.013855677548603004,0.0009782782782782815,0.01956556556556563,0.495,0.002618018018018018,0.0007327565539813601,-0.0002514080967361775,-5.1448088760671935e-05,0.34,0.0,20.549590419663375,241.10195696602923,0.048220391393205844,12.055097848301463,0.6918242516366665,0.0030822070014844883,0.014036099463684443,0.07149359169457092,0.025106091284008324
F7,N1,BISECT,20,0.0,0.1,5000,200,0.1,0.09998000399920015,0.1018044044044044,0.01843212043212025,0.0018044044044043944,0.018044044044043944,0.53,0.005361961961961962,0.0010204204596984657,-0.09463803803803804,-0.09461804203723818,0.0,0.0,21.16696592023912,245.05614837307448,0.049011229674614895,24.505614837307448,24.505614837307448,0.004242640687119285,0.01916410108988763,0.1411392692036319,0.05012480394516955
F7,N1,CONF_NAIVE,20,0.0,0.1,5000,200,0.1,0.09998000399920015,0.8794095095095096,0.012755517226919208,0.7794095095095096,7.794095095095096,1.0,0.10037377377377378,0.004462966352018558,0.0003737737737737751,0.0003937697745736296,0.525,0.0,73.16087850883301,366.54488728396115,0.07330897745679223,36.65448872839612,36.65448872839612,0.004242640687119285,0.01566959138824384,0.928493159850935,0.3280219517095611
F7,N1,CONF_START,20,0.0,0.1,5000,200,0.005559888022345503,0.005359928014397104,0.1018044044044044,0.01843212043212025,0.0018044044044043944,0.018044044044043944,0.53,0.005361961961961962,0.0010204204596984657,-0.00019792606038354123,2.033947564857551e-06,0.425,0.0,21.16696592023912,245.05614837307448,0.049011229674614895,24.505614837307448,1.3624847441415793,0.004242640687119285,0.01916410108988763,0.1411392692036319,0.05012480394516955
F7,N1,BISECT,20,0.0,0.2,5000,200,0.2,0.1999600079984003,0.20292602602602605,0.02674776212142298,0.0029260260260260407,0.014630130130130203,0.52,0.011303803803803804,0.0016558111091389217,-0.1886961961961962,-0.1886562041945965,0.0,0.0,22.611433356332398,248.24151139456038,0.04964830227891207,49.64830227891208,49.64830227891208,0.005656854249492381,0.025387666692847626,0.27809509534591176,0.09831097141491293
F7,N1,CONF_NAIVE,20,0.0,0.2,5000,200,0.2,0.1999600079984003,0.9881809809809811,0.0020971857662324613,0.788180980980981,3.940904904904905,1.0,0.19998908908908908,0.005429854172937095,-1.091091091093288e-05,2.908109068877618e-05,0.465,0.0,433.28896940344134,688.912058899423,0.1377824117798846,137.7824117798846,137.7824117798846,0.005656854249492381,0.015239758956018128,0.9953414843451822,0.3522870646184591
F7,N1,CONF_START,20,0.0,0.2,5000,200,0.011395720855760827,0.01119576084783043,0.20292602602602605,0.02674776212142298,0.0029260260260260407,0.014630130130130203,0.52,0.011303803803803804,0.0016558111091389217,-9.19170519570224e-05,0.00010804295597337428,0.46,0.0,22.611433356332398,248.24151139456038,0.04964830227891207,49.64830227891208,2.8288909686645805,0.005656854249492381,0.025387666692847626,0.27809509534591176,0.09831097141491293
F7,N1,BISECT,20,0.0,0.3,5000,200,0.29999999999999993,0.2999400119976005,0.3028700700700701,0.031082196510815226,0.0028700700700701187,0.009566900233567063,0.495,0.017945145145145145,0.002198767947372414,-0.28205485485485476,-0.28199486685245534,0.0,0.0,24.341735468010658,254.39233099482485,0.05087846619896497,76.31769929844745,76.31769929844744,0.00648074069840786,0.028731456334267564,0.394037454872832,0.14040367922007888
F7,N1,CONF_NAIVE,20,0.0,0.3,5000,200,0.29999999999999993,0.2999400119976005,0.9991498498498498,0.0003351896505735261,0.6991498498498498,2.3304994994994996,1.0,0.29962572572572577,0.005913049478409096,-0.0003742742742741667,-0.0003142862718747419,0.445,0.0,4126.1347411920415,2263.528027111084,0.45270560542221683,679.0584081333252,679.0584081333251,0.00648074069840786,0.009632005218458686,0.9997516809933209,0.3538997728641504
F7,N1,CONF_START,20,0.0,0.3,5000,200,0.017970405918683804,0.017770445910817837,0.3028700700700701,0.031082196510815226,0.0028700700700701187,0.009566900233567063,0.495,0.017945145145145145,0.002198767947372414,-2.526077353865938e-05,0.00017469923432730794,0.455,0.0,24.341735468010658,254.39233099482485,0.05087846619896497,76.31769929844745,4.57153345057717,0.00648074069840786,0.028731456334267564,0.394037454872832,0.14040367922007888
F7,N1,BISECT,20,0.0,0.5,5000,200,0.5,0.4999000199960007,0.5053526526526526,0.02819775417080612,0.005352652652652612,0.010705305305305224,0.58,0.03463853853853854,0.002781009003607362,-0.46536146146146146,-0.46526148145746216,0.0,0.0,29.608559314806374,269.7042631022381,0.053940852620447614,134.85213155111904,134.85213155111904,0.007071067811865475,0.03044570946615064,0.6048473182798453,0.2141106206419799
F7,N1,CONF_NAIVE,20,0.0,0.5,5000,200,0.5,0.4999000199960007,0.9999814814814815,2.9350844667459923e-05,0.49998148148148147,0.9999629629629629,1.0,0.49914524524524523,0.006869197723085305,-0.0008547547547547718,-0.0007547747507554714,0.455,0.0,49199.8575,4290.388301690954,0.8580776603381908,2145.194150845477,2145.194150845477,0.007071067811865475,0.007633464750005854,0.9999983874534377,0.35402535106451455
F7,N1,CONF_START,20,0.0,0.5,5000,200,0.03445110977778915,0.034251149770045994,0.5053526526526526,0.02819775417080612,0.005352652652652612,0.010705305305305224,0.58,0.03463853853853854,0.002781009003607362,0.00018742876074938353,0.00038738876849254283,0.485,0.0,29.608559314806374,269.7042631022381,0.053940852620447614,134.85213155111904,9.291611175672934,0.007071067811865475,0.03044570946615064,0.6048473182798453,0.2141106206419799
F7,N1,BISECT,50,0.3,0.02,5000,200,0.019999999999999997,0.019996000799839986,0.020456456456456457,0.003454486216003488,0.0004564564564564569,0.022822822822822844,0.52,0.01151061061061061,0.0017653325101362112,-0.008489389389389387,-0.008485390189229376,0.0,0.0,1.810912563322389,1998.2659295265942,0.39965318590531884,39.965318590531886,39.96531859053188,0.001979898987322333,0.003131853176453808,0.11551094839364393,0.04138521113598363
F7,N1,CONF_NAIVE,50,0.3,0.02,5000,200,0.019999999999999997,0.019996000799839986,0.03796266266266266,0.00451256535008986,0.01796266266266266,0.898133133133133,1.0,0.02027167167167167,0.002200519431691694,0.00027167167167167425,0.0002756708718316854,0.49,0.0,1.945974377866228,1827.6371147107939,0.3655274229421588,36.552742294215875,36.552742294215875,0.001979898987322333,0.0032747869512568485,0.18057095462460526,0.0645374185572273
F7,N1,CONF_START,50,0.3,0.02,5000,200,0.011583683263338591,0.011383723255348923,0.02043083083083083,0.003448464551596765,0.0004308308308308313,0.021541541541541566,0.52,0.011496296296296293,0.0017606446544743374,-8.738696704229873e-05,0.00011257304094736999,0.45,0.0,1.8108290637557451,1997.981295787093,0.3995962591574186,39.95962591574186,23.1439824964725,0.001979898987322333,0.0031320762514487686,0.11551094839364393,0.04138521113598363
F7,N1,BISECT,50,0.3,0.05,5000,200,0.05,0.04999000199960014,0.051061661661661664,0.005899234762288275,0.0010616616616616614,0.02123323323323323,0.56,0.0266016016016016,0.0027759161939296235,-0.023398398398398402,-0.023388400397998537,0.0,0.0,2.0216257901088035,1765.4426189245778,0.35308852378491556,88.2721309462289,88.2721309462289,0.0030822070014844883,0.0051870448308151225,0.22687962747259052,0.08035437265598606
F7,N1,CONF_NAIVE,50,0.3,0.05,5000,200,0.05,0.04999000199960014,0.10224454454454455,0.007272247451125257,0.05224454454454455,1.044890890890891,1.0,0.0503966966966967,0.0032909585679835097,0.00039669669669669533,0.00040669469709656014,0.56,0.0,2.2595158685784593,1630.5044178209675,0.32610088356419353,81.52522089104838,81.52522089104838,0.0030822070014844883,0.005397415039956776,0.3539335808126344,0.12560401660002687
F7,N1,CONF_START,50,0.3,0.05,5000,200,0.02640871825632306,0.02620875824835033,0.05101661661661661,0.005897684904415996,0.00101661661661661,0.020332332332332198,0.55,0.026581581581581585,0.0027750887434369316,0.00017286332525852377,0.0003728233332312564,0.47,0.0,2.0212841087689033,1765.083461542678,0.3530166923085356,88.2541730771339,46.613591834776024,0.0030822070014844883,0.005187572531267505,0.2268745290488922,0.08035452505975205
F7,N1,BISECT,50,0.3,0.1,5000,200,0.1,0.09998000399920015,0.10126756756756757,0.00800763326888459,0.0012675675675675596,0.012675675675675596,0.55,0.049941941941941945,0.0036298620664350413,-0.05005805805805806,-0.050038062057258206,0.0,0.0,2.2561516759032596,1642.9179627433102,0.32858359254866204,164.29179627433103,164.29179627433103,0.004242640687119285,0.007401390455496591,0.3515560384135449,0.12478198669335469
F7,N1,CONF_NAIVE,50,0.3,0.1,5000,200,0.1,0.09998000399920015,0.2097083083083083,0.009555401306201167,0.1097083083083083,1.0970830830830829,1.0,0.10037377377377378,0.004462966352018558,0.0003737737737737751,0.0003937697745736296,0.525,0.0,2.642930042011287,1545.8749900971022,0.30917499801942044,154.58749900971023,154.58749900971023,0.004242640687119285,0.007630167453874626,0.5580962262515128,0.19847847629746693
F7,N1,CONF_START,50,0.3,0.1,5000,200,0.049786042791394466,0.04958608278344331,0.1012037037037037,0.008009724274919675,0.001203703703703693,0.01203703703703693,0.55,0.049908608608608615,0.0036306073525219753,0.0001225658172141486,0.0003225258251653082,0.525,0.0,2.2560246555804695,1642.6456495219172,0.32852912990438343,164.26456495219173,81.78082659819613,0.004242640687119285,0.0074020039210222766,0.35150308269357644,0.12476155582974906
F7,N1,BISECT,50,0.3,0.2,5000,200,0.2,0.1999600079984003,0.20090550550550548,0.01108646993236833,0.0009055055055054717,0.0045275275275273585,0.54,0.09620680680680682,0.005137491302176871,-0.10379319319319319,-0.10375320119159348,0.0,0.0,2.612250170363649,1554.8661766878877,0.31097323533757754,310.97323533757753,310.97323533757753,0.005656854249492381,0.010144099096834835,0.5436239644488609,0.1933741141402529
F7,N1,CONF_NAIVE,50,0.3,0.2,5000,200,0.2,0.1999600079984003,0.40041641641641645,0.00961582590063875,0.20041641641641644,1.0020820820820822,1.0,0.19998908908908908,0.005429854172937095,-1.091091091093288e-05,2.908109068877618e-05,0.465,0.0,3.3385802814542456,1636.1645720631757,0.32723291441263513,327.2329144126352,327.2329144126352,0.005656854249492381,0.009888866160045763,0.7882625740100151,0.28060776666124176
F7,N1,CONF_START,50,0.3,0.2,5000,200,0.09601179764037791,0.09581183763247349,0.2008218218218218,0.01109194782632235,0.0008218218218217777,0.004109109109108888,0.535,0.09616646646646647,0.0051408238270896555,0.00015466882608855537,0.0003546288339929815,0.53,0.0,2.6119285857566643,1554.8628905781734,0.31097257811563467,310.9725781156347,149.28518120872465,0.005656854249492381,0.010144109816302507,0.5434203446525461,0.19330150415660957
F7,N1,BISECT,50,0.3,0.3,5000,200,0.29999999999999993,0.2999400119976005,0.30048408408408406,0.012563798759511382,0.0004840840840840688,0.0016136136136135626,0.495,0.14524814814814813,0.006414650725496775,-0.1547518518518518,-0.15469186384945238,0.0,0.0,2.958335602817385,1570.3314676985856,0.3140662935397171,471.09944030957564,471.0994403095756,0.00648074069840786,0.01156415703677677,0.6842212485319307,0.24339862928504755
F7,N1,CONF_NAIVE,50,0.3,0.3,5000,200,0.29999999999999993,0.2999400119976005,0.5508129129129129,0.008506904022891837,0.2508129129129129,0.8360430430430431,1.0,0.29962572572572577,0.005913049478409096,-0.0003742742742741667,-0.0003142862718747419,0.445,0.0,4.093713933958209,1856.5112823904005,0.37130225647808013,556.9533847171201,556.95338471712,0.00648074069840786,0.010635571973973556,0.8996941260214509,0.31902930392652784
F7,N1,CONF_START,50,0.3,0.3,5000,200,0.1453369326133508,0.14513697260547892,0.30038998998999,0.012579591162733758,0.0003899899899900139,0.0012999666333000464,0.495,0.1452007007007007,0.006421623081336565,-0.00013623191265008106,6.37280952217878e-05,0.485,0.0,2.957982032247254,1570.3140341077835,0.3140628068215567,471.09421023233506,228.22462495692196,0.00648074069840786,0.011564221229103215,0.6840563097494513,0.24333685460221433
F7,N1,BISECT,50,0.3,0.5,5000,200,0.5,0.4999000199960007,0.49874404404404404,0.012152542895351075,-0.0012559559559559563,-0.0025119119119119127,0.425,0.2621336336336336,0.008094552723641242,-0.23786636636636638,-0.23776638636236708,0.0,0.0,3.7947190402317132,1766.0195964187512,0.3532039192837502,883.0097982093756,883.0097982093756,0.007071067811865475,0.011897952894190543,0.8663511604956871,0.3072198122150822
F7,N1,CONF_NAIVE,50,0.3,0.5,5000,200,0.5,0.4999000199960007,0.7565621621621622,0.006033887953871527,0.2565621621621622,0.5131243243243244,1.0,0.49914524524524523,0.006869197723085305,-0.0008547547547547718,-0.0007547747507554714,0.455,0.0,6.227316009795093,2442.4477862092926,0.48848955724185855,1221.2238931046463,1221.2238931046463,0.007071067811865475,0.010117130691744922,0.9808097666128095,0.34754271552419486
F7,N1,CONF_START,50,0.3,0.5,5000,200,0.26265346930591205,0.2624535092981404,0.4986382382382383,0.012160733152988993,-0.0013617617617617261,-0.0027235235235234523,0.425,0.262058958958959,0.008098511627779512,-0.0005945103469530699,-0.0003945503391813987,0.485,0.0,3.7942219479755375,1765.6954363600305,0.3531390872720061,882.8477181800152,463.76603209757826,0.007071067811865475,0.01189904500329058,0.8662613183145129,0.3071956072965397
F7,N1,BISECT,50,0.15,0.02,5000,200,0.019999999999999997,0.019996000799839986,0.020467467467467467,0.004742151041986487,0.0004674674674674667,0.023373373373373335,0.525,0.006604104104104105,0.0013590629150123687,-0.013395895895895892,-0.01339189669573588,0.0,0.0,3.152324398714002,1015.6883396671474,0.20313766793342947,20.313766793342946,20.313766793342943,0.001979898987322333,0.004392864448272455,0.08170285865247776,0.02923148552454683
F7,N1,CONF_NAIVE,50,0.15,0.02,5000,200,0.019999999999999997,0.019996000799839986,0.0689981981981982,0.008258934261772849,0.0489981981981982,2.44990990990991,1.0,0.02027167167167167,0.002200519431691694,0.00027167167167167425,0.0002756708718316854,0.49,0.0,3.658376018325989,857.0656693804875,0.1714131338760975,17.141313387609753,17.14131338760975,0.001979898987322333,0.004782125683217738,0.21059150945667224,0.07472295932906797
F7,N1,CONF_START,50,0.15,0.02,5000,200,0.00676764647069634,0.006567686462707456,0.020364264264264263,0.004758565333598375,0.0003642642642642628,0.01821321321321314,0.515,0.006575575575575576,0.001361856987445471,-0.00019207089512076388,7.889112868119871e-06,0.435,0.0,3.149185970245178,1016.8860233032573,0.20337720466065146,20.337720466065146,6.881925106708725,0.001979898987322333,0.004390276738425843,0.08122801491835971,0.02903814580992307
F7,N1,BISECT,50,0.15,0.05,5000,200,0.05,0.04999000199960014,0.05069209209209209,0.007940751226713947,0.0006920920920920892,0.013841841841841784,0.505,0.01523023023023023,0.002162015482734622,-0.034769769769769775,-0.03475977176936991,0.0,0.0,3.5038662026399603,898.5926466857131,0.17971852933714264,44.92963233428566,44.92963233428566,0.0030822070014844883,0.007270518345515076,0.17240117055341636,0.06133781155312411
F7,N1,CONF_NAIVE,50,0.15,0.05,5000,200,0.05,0.04999000199960014,0.17893403403403405,0.012143746525631117,0.12893403403403403,2.5786806806806806,1.0,0.0503966966966967,0.0032909585679835097,0.00039669669669669533,0.00040669469709656014,0.56,0.0,4.326942327269661,808.0491967491523,0.16160983934983048,40.40245983745762,40.40245983745762,0.0030822070014844883,0.007667043077681421,0.4138161707056917,0.14599487170990277
F7,N1,CONF_START,50,0.15,0.05,5000,200,0.01529094181161863,0.01509098180363928,0.050617817817817816,0.007892829618204401,0.0006178178178178131,0.012356356356356263,0.505,0.015210410410410411,0.0021510971085290116,-8.053140120821943e-05,0.00011942860677113115,0.45,0.0,3.503264756323643,898.4219270720574,0.17968438541441148,44.92109635360288,13.737717409141107,0.0030822070014844883,0.007271209090635245,0.17207723965660437,0.061193165870657394
F7,N1,BISECT,50,0.15,0.1,5000,200,0.1,0.09998000399920015,0.10091491491491493,0.011431552567688326,0.0009149149149149244,0.009149149149149244,0.49,0.02893883883883884,0.003055691272208787,-0.07106116116116117,-0.07104116516036131,0.0,0.0,3.8799602508665965,831.537725403055,0.166307545080611,83.15377254030551,83.15377254030551,0.004242640687119285,0.010403519274713908,0.285289564539704,0.10084862705700363
F7,N1,CONF_NAIVE,50,0.15,0.1,5000,200,0.1,0.09998000399920015,0.3399406406406406,0.013160501126134674,0.2399406406406406,2.399406406406406,1.0,0.10037377377377378,0.004462966352018558,0.0003737737737737751,0.0003937697745736296,0.525,0.0,5.128741216459263,840.4811139131047,0.16809622278262093,84.04811139131047,84.04811139131047,0.004242640687119285,0.010348020375906573,0.6358479485275348,0.2250809882522668
F7,N1,CONF_START,50,0.15,0.1,5000,200,0.0288102379523644,0.02861027794441112,0.10084464464464464,0.011456870342996575,0.0008446446446446348,0.008446446446446348,0.49,0.02891911911911912,0.0030639893330812757,0.00010888116675471932,0.0003088411747080022,0.5,0.0,3.879604354288801,831.8244406617777,0.16636488813235553,83.18244406617777,23.965060070058236,0.004242640687119285,0.010401726165102822,0.28524080539501,0.10083329971410555
F7,N1,BISECT,50,0.15,0.2,5000,200,0.2,0.1999600079984003,0.20107517517517517,0.014375180422120791,0.0010751751751751637,0.0053758758758758185,0.52,0.056749949949949946,0.0039836994883355745,-0.14325005005005007,-0.14321005804845036,0.0,0.0,4.438222960891828,807.4598359885676,0.16149196719771353,161.49196719771354,161.49196719771354,0.005656854249492381,0.014076656943314766,0.4462572396072808,0.15759751952996054
F7,N1,CONF_NAIVE,50,0.15,0.2,5000,200,0.2,0.1999600079984003,0.5678479479479479,0.01044734237825938,0.3678479479479479,1.8392397397397393,1.0,0.19998908908908908,0.005429854172937095,-1.091091091093288e-05,2.908109068877618e-05,0.465,0.0,6.566919760927578,1047.1652658767164,0.20943305317534328,209.43305317534328,209.43305317534328,0.005656854249492381,0.01236096501178114,0.8506768441834754,0.3020560442107605
F7,N1,CONF_START,50,0.15,0.2,5000,200,0.056581683663176625,0.05638172365526895,0.20097417417417418,0.01431294538908803,0.0009741741741741694,0.004870870870870847,0.52,0.05672142142142143,0.003965197317504354,0.00013973775824480117,0.0003396977661524747,0.485,0.0,4.437668399086471,807.3169029013652,0.16146338058027304,161.46338058027305,45.67934961590053,0.005656854249492381,0.014077903003554241,0.4459656958194535,0.15747528049683515
F7,N1,BISECT,50,0.15,0.3,5000,200,0.29999999999999993,0.2999400119976005,0.3022595595595595,0.015784119437726715,0.002259559559559532,0.007531865198531773,0.575,0.0877012012012012,0.0050825551301422415,-0.21229879879879873,-0.2122388107963993,0.0,0.0,4.939580495005398,827.4036486042978,0.16548072972085956,248.22109458128932,248.2210945812893,0.00648074069840786,0.01593128957068579,0.5886951336634523,0.20897442548835654
F7,N1,CONF_NAIVE,50,0.15,0.3,5000,200,0.29999999999999993,0.2999400119976005,0.7079365365365365,0.0076996394494063215,0.40793653653653655,1.3597884551217885,1.0,0.29962572572572577,0.005913049478409096,-0.0003742742742741667,-0.0003142862718747419,0.445,0.0,8.091669855794567,1323.5631938690285,0.2647126387738057,397.0689581607085,397.06895816070846,0.00648074069840786,0.012596134999328946,0.9368737011724694,0.3316572071466737
F7,N1,CONF_START,50,0.15,0.3,5000,200,0.0874795040990453,0.08727954409118176,0.30213673673673674,0.015790538296660342,0.002136736736736755,0.007122455789122517,0.575,0.08766016016016018,0.005083163287704806,0.0001806560611148783,0.0003806160689784205,0.505,0.0,4.938891205603228,827.0984655944948,0.16541969311889895,248.1295396783484,72.35416361128769,0.00648074069840786,0.01593422846532437,0.5886138434949221,0.2089301005019307
F7,N1,BISECT,50,0.15,0.5,5000,200,0.5,0.4999000199960007,0.5012277277277277,0.015320180315252785,0.0012277277277277232,0.0024554554554554464,0.535,0.16547537537537538,0.007129178039849209,-0.3345246246246246,-0.3344246446206253,0.0,0.0,6.073038788662041,973.8831886719447,0.19477663773438894,486.94159433597235,486.94159433597235,0.007071067811865475,0.016021994186442696,0.7960807609522076,0.28264336317725947
F7,N1,CONF_NAIVE,50,0.15,0.5,5000,200,0.5,0.4999000199960007,0.860782082082082,0.00429798874495925,0.36078208208208196,0.7215641641641639,1.0,0.49914524524524523,0.006869197723085305,-0.0008547547547547718,-0.0007547747507554714,0.455,0.0,12.37883158507544,2028.2400409339111,0.4056480081867822,1014.1200204669556,1014.1200204669556,0.007071067811865475,0.011102232762653997,0.9898093334333886,0.35064567809556496
F7,N1,CONF_START,50,0.15,0.5,5000,200,0.16569986002776446,0.165499900019996,0.5010957957957958,0.015338119783371745,0.0010957957957957731,0.0021915915915915463,0.53,0.1654141141141141,0.007135755980820969,-0.00028574591365035373,-8.578590588190216e-05,0.485,0.0,6.072239879323131,973.1323320799852,0.19462646641599704,486.5661660399926,161.24789121414554,0.007071067811865475,0.016028174178545615,0.7959418438655173,0.2825209269081081
F7,N1,BISECT,50,0.0,0.02,5000,200,0.019999999999999997,0.019996000799839986,0.028291191191191195,0.01571925062385325,0.008291191191191195,0.4145595595595597,0.66,0.0005755755755755755,0.00032499559790122036,-0.019424424424424422,-0.01942042522426441,0.0,0.0,50.76225799709359,100.25217212408177,0.020050434424816355,2.0050434424816355,2.005043442481635,0.001979898987322333,0.013982381266471592,0.03214494960132237,0.011190213533138366
F7,N1,CONF_NAIVE,50,0.0,0.02,5000,200,0.019999999999999997,0.019996000799839986,0.6379589589589589,0.04005387752636052,0.6179589589589589,30.897947947947944,1.0,0.02027167167167167,0.002200519431691694,0.00027167167167167425,0.0002756708718316854,0.49,0.0,88.21204259518895,115.6292814563869,0.02312585629127738,2.3125856291277382,2.312585629127738,0.001979898987322333,0.01301949449333222,0.7009397183964954,0.24873999498602156
F7,N1,CONF_START,50,0.0,0.02,5000,200,0.0007998400319836602,0.0005998800239952473,0.028291191191191195,0.01571925062385325,0.008291191191191195,0.4145595595595597,0.66,0.0005755755755755755,0.00032499559790122036,-0.00022426445640808467,-2.4304448419671786e-05,0.245,0.0,50.76225799709359,100.25217212408177,0.020050434424816355,2.0050434424816355,0.08018570055815696,0.001979898987322333,0.013982381266471592,0.03214494960132237,0.011190213533138366
F7,N1,BISECT,50,0.0,0.05,5000,200,0.05,0.04999000199960014,0.055287487487487484,0.02200615806711287,0.005287487487487481,0.10574974974974963,0.555,0.0011411411411411413,0.0004682759287092083,-0.048858858858858864,-0.048848860858459,0.0,0.0,51.43029330441481,96.05477225982828,0.019210954451965658,4.802738612991415,4.802738612991415,0.0030822070014844883,0.02223757016938936,0.06057480436252612,0.021350394021457407
F7,N1,CONF_NAIVE,50,0.0,0.05,5000,200,0.05,0.04999000199960014,0.9235356356356356,0.01440556436377948,0.8735356356356355,17.47071271271271,1.0,0.0503966966966967,0.0032909585679835097,0.00039669669669669533,0.00040669469709656014,0.56,0.0,245.30480248839675,175.7025956142653,0.03514051912285306,8.785129780713266,8.785129780713266,0.0030822070014844883,0.016442116315142443,0.9449283732836866,0.3342835092417645
F7,N1,CONF_START,50,0.0,0.05,5000,200,0.0014007198560139706,0.0012007598480303756,0.055287487487487484,0.02200615806711287,0.005287487487487481,0.10574974974974963,0.555,0.0011411411411411413,0.0004682759287092083,-0.00025957871487282923,-5.961870688923421e-05,0.26,0.0,51.43029330441481,96.05477225982828,0.019210954451965658,4.802738612991415,0.1345458267692414,0.0030822070014844883,0.02223757016938936,0.06057480436252612,0.021350394021457407
F7,N1,BISECT,50,0.0,0.1,5000,200,0.1,0.09998000399920015,0.10461451451451452,0.028158226978939,0.0046145145145145144,0.046145145145145144,0.51,0.0022149149149149148,0.0006351086778673174,-0.09778508508508509,-0.09776508908428523,0.0,0.0,52.82679488318581,97.81415334205461,0.019562830668410924,9.781415334205462,9.781415334205462,0.004242640687119285,0.030333351985999627,0.12095113469538213,0.04221466294205892
F7,N1,CONF_NAIVE,50,0.0,0.1,5000,200,0.1,0.09998000399920015,0.9946293293293295,0.0018328243344185042,0.8946293293293295,8.946293293293294,1.0,0.10037377377377378,0.004462966352018558,0.0003737737737737751,0.0003937697745736296,0.525,0.0,1980.2204152263025,615.9441582915046,0.12318883165830091,61.594415829150456,61.594415829150456,0.004242640687119285,0.012087892369358342,0.9970688604327366,0.3529639613596265
F7,N1,CONF_START,50,0.0,0.1,5000,200,0.0024555088982136817,0.0022555488902219418,0.10461451451451452,0.028158226978939,0.0046145145145145144,0.046145145145145144,0.51,0.0022149149149149148,0.0006351086778673174,-0.00024059398329876695,-4.063397530702697e-05,0.34,0.0,52.82679488318581,97.81415334205461,0.019562830668410924,9.781415334205462,0.24018352390265263,0.004242640687119285,0.030333351985999627,0.12095113469538213,0.04221466294205892
F7,N1,BISECT,50,0.0,0.2,5000,200,0.2,0.1999600079984003,0.20281601601601604,0.038221140224023786,0.0028160160160160264,0.014080080080080132,0.52,0.0045451451451451455,0.0009692665556151271,-0.19545485485485486,-0.19541486285325516,0.0,0.0,56.21554179749137,99.26585372098097,0.019853170744196194,19.853170744196195,19.853170744196195,0.005656854249492381,0.040147642689968156,0.23961728600437932,0.08576555477008252
F7,N1,CONF_NAIVE,50,0.0,0.2,5000,200,0.2,0.1999600079984003,0.9998996996996997,0.00011666691358857831,0.7998996996996997,3.999498498498498,1.0,0.19998908908908908,0.005429854172937095,-1.091091091093288e-05,2.908109068877618e-05,0.465,0.0,45471.27125,2631.470990035116,0.5262941980070232,526.2941980070232,526.2941980070232,0.005656854249492381,0.007797595420933066,0.9999735747282514,0.3540317326326155
F7,N1,CONF_START,50,0.0,0.2,5000,200,0.004749050189863664,0.004549090181963586,0.20281601601601604,0.038221140224023786,0.0028160160160160264,0.014080080080080132,0.52,0.0045451451451451455,0.0009692665556151271,-0.0002039050447185187,-3.9450368184406476e-06,0.42,0.0,56.21554179749137,99.26585372098097,0.019853170744196194,19.853170744196195,0.47141852146060337,0.005656854249492381,0.040147642689968156,0.23961728600437932,0.08576555477008252
F7,N1,BISECT,50,0.0,0.3,5000,200,0.29999999999999993,0.2999400119976005,0.3011971971971972,0.04476599218288566,0.0011971971971971862,0.003990657323990621,0.49,0.00718038038038038,0.0012864236770472855,-0.29281961961961955,-0.29275963161722013,0.0,0.0,60.36875271877054,101.15185108449674,0.020230370216899347,30.34555532534902,30.345555325349014,0.00648074069840786,0.04556409303694166,0.3454147063759228,0.12318279643040372
F7,N1,CONF_NAIVE,50,0.0,0.3,5000,200,0.29999999999999993,0.2999400119976005,0.9999567567567567,5.35863800676793e-05,0.6999567567567566,2.3331891891891887,1.0,0.29962572572572577,0.005913049478409096,-0.0003742742742741667,-0.0003142862718747419,0.445,0.0,49947.84,3360.090018725274,0.6720180037450548,1008.0270056175822,1008.0270056175821,0.00648074069840786,0.007905588250687254,0.9999872720892109,0.3540253888369162
F7,N1,CONF_START,50,0.0,0.3,5000,200,0.007376524694933841,0.0071765646870625924,0.3011971971971972,0.04476599218288566,0.0011971971971971862,0.003990657323990621,0.49,0.00718038038038038,0.0012864236770472855,-0.00019614431455346106,3.8156933177876245e-06,0.41,0.0,60.36875271877054,101.15185108449674,0.020230370216899347,30.34555532534902,0.7461491274630606,0.00648074069840786,0.04556409303694166,0.3454147063759228,0.12318279643040372
F7,N1,BISECT,50,0.0,0.5,5000,200,0.5,0.4999000199960007,0.505015015015015,0.04919711128879994,0.005015015015015001,0.010030030030030002,0.5,0.014059859859859858,0.001966837917658006,-0.48594014014014014,-0.48584016013614084,0.0,0.0,73.28494281382143,108.1861723194831,0.02163723446389662,54.09308615974155,54.09308615974155,0.007071067811865475,0.04807110735817833,0.5688907524525283,0.2022393343748549
F7,N1,CONF_NAIVE,50,0.0,0.5,5000,200,0.5,0.4999000199960007,0.9999823823823824,2.8981356042759202e-05,0.49998238238238235,0.9999647647647647,1.0,0.49914524524524523,0.006869197723085305,-0.0008547547547547718,-0.0007547747507554714,0.455,0.0,49949.12,4293.268698501247,0.8586537397002494,2146.6343492506235,2146.6343492506235,0.007071067811865475,0.007630903636528901,0.9999988056099977,0.35402635479824823
F7,N1,CONF_START,50,0.0,0.5,5000,200,0.014101179763800603,0.013901219756048792,0.505015015015015,0.04919711128879994,0.005015015015015001,0.010030030030030002,0.5,0.014059859859859858,0.001966837917658006,-4.1319903940744904e-05,0.00015864010381106547,0.46,0.0,73.28494281382143,108.1861723194831,0.02163723446389662,54.09308615974155,1.52555266383454,0.007071067811865475,0.04807110735817833,0.5688907524525283,0.2022393343748549
F7,N2,BISECT,1,0.3,0.02,5000,200,0.019999999999999997,0.019996000799839986,0.02015325325325325,0.002506220739209716,0.00015325325325325073,0.007662662662662537,0.475,0.02015325325325325,0.002506220739209716,0.0001532532532532542,0.00015725245341326535,0.475,0.0,1.0816751509930123,4337.593290922377,0.8675186581844753,86.75186581844753,86.75186581844751,0.001979898987322333,0.002125708070668238,0.34641387339769597,0.10100398920752607
F7,N2,CONF_NAIVE,1,0.3,0.02,5000,200,0.019999999999999997,0.019996000799839986,0.019923423423423424,0.002464211101014761,-7.657657657657649e-05,-0.0038288288288288244,0.465,0.019923423423423424,0.002464211101014761,-7.657657657657302e-05,-7.257737641656187e-05,0.465,0.0,1.0800420631731509,4293.913745874139,0.8587827491748278,85.87827491748278,85.87827491748277,0.001979898987322333,0.0021364925242984517,0.3442127687009794,0.10078555801349683
F7,N2,CONF_START,1,0.3,0.02,5000,200,0.019999999999999997,0.019996000799839986,0.019923423423423424,0.002464211101014761,-7.657657657657649e-05,-0.0038288288288288244,0.465,0.019923423423423424,0.002464211101014761,-7.657657657657302e-05,-7.257737641656187e-05,0.465,0.0,1.0800420631731509,4293.913745874139,0.8587827491748278,85.87827491748278,85.87827491748277,0.001979898987322333,0.0021364925242984517,0.3442127687009794,0.10078555801349683
F7,N2,BISECT,1,0.3,0.05,5000,200,0.05,0.04999000199960014,0.05016796796796797,0.004291921471701058,0.0001679679679679677,0.003359359359359354,0.485,0.05016796796796797,0.004291921471701058,0.0001679679679679677,0.00017796596836783252,0.485,0.0,1.1735489407443473,3755.6210706631396,0.7511242141326279,187.78105353315698,187.78105353315698,0.0030822070014844883,0.00355636167405586,0.4805337969809604,0.11501857501104126
F7,N2,CONF_NAIVE,1,0.3,0.05,5000,200,0.05,0.04999000199960014,0.04997397397397397,0.004292608828511944,-2.6026026026033933e-05,-0.0005205205205206787,0.475,0.04997397397397397,0.004292608828511944,-2.6026026026033933e-05,-1.6028025626169118e-05,0.475,0.0,1.1733735706726771,3763.5401754528807,0.7527080350905762,188.17700877264406,188.17700877264406,0.0030822070014844883,0.0035526181201070445,0.47977310843922283,0.1148505029156917
F7,N2,CONF_START,1,0.3,0.05,5000,200,0.05,0.04999000199960014,0.04997397397397397,0.004292608828511944,-2.6026026026033933e-05,-0.0005205205205206787,0.475,0.04997397397397397,0.004292608828511944,-2.6026026026033933e-05,-1.6028025626169118e-05,0.475,0.0,1.1733735706726771,3763.5401754528807,0.7527080350905762,188.17700877264406,188.17700877264406,0.0030822070014844883,0.0035526181201070445,0.47977310843922283,0.1148505029156917
F7,N2,BISECT,1,0.3,0.1,5000,200,0.1,0.09998000399920015,0.1,0.005655986242076686,0.0,0.0,0.475,0.1,0.005655986242076686,0.0,1.999600079985453e-05,0.475,0.0,1.2244232373476216,3773.823889514943,0.7547647779029886,377.3823889514943,377.3823889514943,0.004242640687119285,0.004883491543756806,0.6071861330594391,0.14763662720077464
F7,N2,CONF_NAIVE,1,0.3,0.1,5000,200,0.1,0.09998000399920015,0.09980750750750751,0.005662826666436326,-0.00019249249249249367,-0.0019249249249249367,0.465,0.09980750750750751,0.005662826666436326,-0.00019249249249249367,-0.00017249649169263914,0.465,0.0,1.2242271484650573,3769.0683321667557,0.7538136664333511,376.9068332166756,376.9068332166756,0.004242640687119285,0.004886571403437441,0.6068296008484603,0.14752552829459104
F7,N2,CONF_START,1,0.3,0.1,5000,200,0.1,0.09998000399920015,0.09980750750750751,0.005662826666436326,-0.00019249249249249367,-0.0019249249249249367,0.465,0.09980750750750751,0.005662826666436326,-0.00019249249249249367,-0.00017249649169263914,0.465,0.0,1.2242271484650573,3769.0683321667557,0.7538136664333511,376.9068332166756,376.9068332166756,0.004242640687119285,0.004886571403437441,0.6068296008484603,0.14752552829459104
F7,N2,BISECT,1,0.3,0.2,5000,200,0.2,0.1999600079984003,0.20035355355355355,0.006770463667827816,0.0003535535535535428,0.001767767767767714,0.56,0.20035355355355355,0.006770463667827816,0.0003535535535535428,0.00039354555515325185,0.56,0.0,1.3429613587505356,3982.8785176878323,0.7965757035375665,796.5757035375665,796.5757035375665,0.005656854249492381,0.006338134649597055,0.7611562005905775,0.21096746129454486
F7,N2,CONF_NAIVE,1,0.3,0.2,5000,200,0.2,0.1999600079984003,0.2001336336336336,0.006775292689431498,0.00013363363363358416,0.0006681681681679208,0.54,0.2001336336336336,0.006775292689431498,0.00013363363363358416,0.00017362563523329322,0.54,0.0,1.3426558093022913,3983.4305096114813,0.7966861019222963,796.6861019222963,796.6861019222963,0.005656854249492381,0.006337695490392507,0.7608892381516661,0.2107827253715832
F7,N2,CONF_START,1,0.3,0.2,5000,200,0.2,0.1999600079984003,0.2001336336336336,0.006775292689431498,0.00013363363363358416,0.0006681681681679208,0.54,0.2001336336336336,0.006775292689431498,0.00013363363363358416,0.00017362563523329322,0.54,0.0,1.3426558093022913,3983.4305096114813,0.7966861019222963,796.6861019222963,796.6861019222963,0.005656854249492381,0.006337695490392507,0.7608892381516661,0.2107827253715832
F7,N2,BISECT,1,0.3,0.3,5000,200,0.29999999999999993,0.2999400119976005,0.29989709709709705,0.007469334259330006,-0.00010290290290293491,-0.0003430096763431164,0.5,0.29989709709709705,0.007469334259330006,-0.0001029029029028794,-4.291490050345459e-05,0.5,0.0,1.5071472981387866,4169.439801007836,0.8338879602015672,1250.8319403023506,1250.8319403023504,0.00648074069840786,0.007096934442231645,0.8541513936104923,0.2607131943254681
F7,N2,CONF_NAIVE,1,0.3,0.3,5000,200,0.29999999999999993,0.2999400119976005,0.2996896896896897,0.007470563756260289,-0.0003103103103103133,-0.0010343677010343777,0.495,0.2996896896896897,0.007470563756260289,-0.0003103103103102578,-0.000250322307910833,0.495,0.0,1.5067696089323261,4173.143963838384,0.8346287927676768,1251.943189151515,1251.9431891515148,0.00648074069840786,0.007093784055249058,0.8539686958899718,0.2605967881543811
F7,N2,CONF_START,1,0.3,0.3,5000,200,0.29999999999999993,0.2999400119976005,0.2996896896896897,0.007470563756260289,-0.0003103103103103133,-0.0010343677010343777,0.495,0.2996896896896897,0.007470563756260289,-0.0003103103103102578,-0.000250322307910833,0.495,0.0,1.5067696089323261,4173.143963838384,0.8346287927676768,1251.943189151515,1251.9431891515148,0.00648074069840786,0.007093784055249058,0.8539686958899718,0.2605967881543811
F7,N2,BISECT,1,0.3,0.5,5000,200,0.5,0.4999000199960007,0.4996126126126126,0.008564711917289579,-0.00038738738738741674,-0.0007747747747748335,0.5,0.4996126126126126,0.008564711917289579,-0.00038738738738741674,-0.00028740738338811633,0.5,0.0,2.06077322777471,4470.748863970134,0.8941497727940269,2235.374431985067,2235.374431985067,0.007071067811865475,0.007477903680499968,0.9520845374743523,0.3231937164938014
F7,N2,CONF_NAIVE,1,0.3,0.5,5000,200,0.5,0.4999000199960007,0.4994135135135135,0.008570914003953104,-0.0005864864864865149,-0.0011729729729730298,0.49,0.4994135135135135,0.008570914003953104,-0.0005864864864865149,-0.0004865064824872145,0.49,0.0,2.059996830880717,4476.84210132967,0.895368420265934,2238.421050664835,2238.421050664835,0.007071067811865475,0.007472813021099409,0.9520250433398258,0.32318219138264315
F7,N2,CONF_START,1,0.3,0.5,5000,200,0.5,0.4999000199960007,0.4994135135135135,0.008570914003953104,-0.0005864864864865149,-0.0011729729729730298,0.49,0.4994135135135135,0.008570914003953104,-0.0005864864864865149,-0.0004865064824872145,0.49,0.0,2.059996830880717,4476.84210132967,0.895368420265934,2238.421050664835,2238.421050664835,0.007071067811865475,0.007472813021099409,0.9520250433398258,0.32318219138264315
F7,N2,BISECT,2,0.3,0.02,5000,200,0.019999999999999997,0.019996000799839986,0.020114514514514514,0.0028802423398172966,0.00011451451451451392,0.005725725725725696,0.515,0.012440840840840841,0.0017707742903977006,-0.007559159159159156,-0.0075551599589991445,0.0,0.0,1.6863848063259308,2711.7087943474457,0.5423417588694891,54.23417588694892,54.234175886948904,0.001979898987322333,0.002688478148100563,0.30958145124816994,0.058335751475340036
F7,N2,CONF_NAIVE,2,0.3,0.02,5000,200,0.019999999999999997,0.019996000799839986,0.031806106106106104,0.003709420892391488,0.011806106106106103,0.5903053053053051,1.0,0.019923423423423424,0.002464211101014761,-7.657657657657302e-05,-7.257737641656187e-05,0.465,0.0,1.7618508120023137,2569.103136184056,0.5138206272368112,51.38206272368112,51.38206272368111,0.001979898987322333,0.002762086441606569,0.3741087954459094,0.06742567202377502
F7,N2,CONF_START,2,0.3,0.02,5000,200,0.012738452309529308,0.012538492301539689,0.020084584584584585,0.0028822880861632595,8.458458458458426e-05,0.004229229229229213,0.51,0.012421921921921921,0.0017732686115351343,-0.00031653038760738605,-0.00011657037961776764,0.415,0.0,1.686235354677526,2711.287478361414,0.5422574956722828,54.22574956722828,34.53760624053084,0.001979898987322333,0.002688687025770469,0.30958145124816994,0.058335751475340036
F7,N2,BISECT,2,0.3,0.05,5000,200,0.05,0.04999000199960014,0.05027547547547547,0.005271274403913047,0.00027547547547546875,0.005509509509509375,0.53,0.032453553553553546,0.003628965472612329,-0.017546446446446456,-0.01753644844604659,0.0,0.0,1.830265567122554,2427.7594643160996,0.4855518928632199,121.38797321580499,121.38797321580499,0.0030822070014844883,0.004423275367729988,0.4437841757883472,0.08136104511612899
F7,N2,CONF_NAIVE,2,0.3,0.05,5000,200,0.05,0.04999000199960014,0.0757947947947948,0.006253722249581271,0.025794794794794795,0.5158958958958959,1.0,0.04997397397397397,0.004292608828511944,-2.6026026026033933e-05,-1.6028025626169118e-05,0.475,0.0,1.8696889105488483,2374.657085431779,0.4749314170863558,118.73285427158895,118.73285427158895,0.0030822070014844883,0.004472458844822205,0.5130366272776503,0.10201682773412106
F7,N2,CONF_START,2,0.3,0.05,5000,200,0.03263247350527562,0.03243251349730054,0.05024424424424424,0.005265785912287625,0.0002442442442442405,0.00488488488488481,0.53,0.03243133133133133,0.0036247893520307277,-0.0002011421739442909,-1.182165969206006e-06,0.48,0.0,1.8301726551576412,2427.432690954211,0.4854865381908422,121.37163454771056,79.2131329734032,0.0030822070014844883,0.004423573081427064,0.44376849475585417,0.08135129882869535
F7,N2,BISECT,2,0.3,0.1,5000,200,0.1,0.09998000399920015,0.09989059059059059,0.0072220317666106286,-0.0001094094094094139,-0.001094094094094139,0.48,0.06643953953953954,0.004916213230312461,-0.03356046046046046,-0.03354046445966061,0.0,0.0,1.8989597249758656,2367.050423570938,0.4734100847141876,236.70504235709382,236.70504235709382,0.004242640687119285,0.006166198481689403,0.5653717207053219,0.1222589058625275
F7,N2,CONF_NAIVE,2,0.3,0.1,5000,200,0.1,0.09998000399920015,0.14904374374374374,0.0082789213335044,0.049043743743743734,0.49043743743743734,1.0,0.09980750750750751,0.005662826666436326,-0.00019249249249249367,-0.00017249649169263914,0.465,0.0,1.9708382136224563,2425.0512261637596,0.48501024523275194,242.50512261637596,242.50512261637596,0.004242640687119285,0.006092012646721421,0.6466872110374352,0.15721949942500338
F7,N2,CONF_START,2,0.3,0.1,5000,200,0.06670265946806081,0.06650269946010796,0.09985305305305307,0.0072221698314572855,-0.00014694694694693256,-0.0014694694694693256,0.47,0.06641361361361361,0.004916458799042075,-0.0002890458544471952,-8.908584649434947e-05,0.435,0.0,1.8989386186271664,2366.602518582035,0.473320503716407,236.6602518582035,157.85868189323253,0.004242640687119285,0.006166781963785518,0.5653525715459133,0.1222451896029962
F7,N2,BISECT,2,0.3,0.2,5000,200,0.2,0.1999600079984003,0.199922022022022,0.008654042963654268,-7.797797797801098e-05,-0.0003898898898900549,0.495,0.134498998998999,0.005937267113783922,-0.06550100100100101,-0.0654610089994013,0.0,0.0,2.060645470098504,2468.9641882603664,0.49379283765207327,493.79283765207333,493.79283765207333,0.005656854249492381,0.008050124480798464,0.7124362225004519,0.18838196364881304
F7,N2,CONF_NAIVE,2,0.3,0.2,5000,200,0.2,0.1999600079984003,0.29413443443443443,0.009487412813976406,0.09413443443443442,0.4706721721721721,1.0,0.2001336336336336,0.006775292689431498,0.00013363363363358416,0.00017362563523329322,0.54,0.0,2.264495787970458,2574.055911835159,0.5148111823670318,514.8111823670318,514.8111823670318,0.005656854249492381,0.007884079652238253,0.8057875612013146,0.2379174349967435
F7,N2,CONF_START,2,0.3,0.2,5000,200,0.13472405518887698,0.13452409518096378,0.1999087087087087,0.008651772653446448,-9.129129129131774e-05,-0.0004564564564565887,0.495,0.134488988988989,0.005935215758117367,-0.00023506619988797328,-3.510619197477638e-05,0.5,0.0,2.0606153658713673,2468.821739610958,0.4937643479221916,493.76434792219163,332.60967629884595,0.005656854249492381,0.00805035671968405,0.712387418953959,0.18833540005879906
F7,N2,BISECT,2,0.3,0.3,5000,200,0.29999999999999993,0.2999400119976005,0.3005135135135135,0.010032284676229738,0.0005135135135135305,0.0017117117117117684,0.525,0.20467027027027027,0.007172830416430432,-0.09532972972972967,-0.09526974172733024,0.0,0.0,2.2804000825051696,2578.0216132999585,0.5156043226599917,773.4064839899876,773.4064839899874,0.00648074069840786,0.009025398164936431,0.8107290759600311,0.24093243765779176
F7,N2,CONF_NAIVE,2,0.3,0.3,5000,200,0.29999999999999993,0.2999400119976005,0.429368068068068,0.009606693767979612,0.129368068068068,0.4312268935602267,1.0,0.2996896896896897,0.007470563756260289,-0.0003103103103102578,-0.000250322307910833,0.495,0.0,2.6727191219249153,2728.205520916417,0.5456411041832834,818.4616562749251,818.4616562749248,0.00648074069840786,0.00877346414653622,0.8949466159852401,0.2900961908148609
F7,N2,CONF_START,2,0.3,0.3,5000,200,0.2047170565885469,0.20451709658068382,0.3004924924924925,0.010031394175753916,0.0004924924924925023,0.0016416416416416744,0.525,0.20465565565565566,0.007172764086510641,-6.140093289122572e-05,0.0001385590749718446,0.52,0.0,2.280328913847593,2577.8939112506646,0.5155787822501329,773.3681733751994,527.7388537087728,0.00648074069840786,0.009025621709350529,0.8106835847577107,0.2409020560653023
F7,N2,BISECT,2,0.3,0.5,5000,200,0.5,0.4999000199960007,0.4996169169169169,0.010145221477233774,-0.00038308308308310224,-0.0007661661661662045,0.52,0.35507457457457453,0.00825243108939126,-0.14492542542542547,-0.14482544542142617,0.0,0.0,2.9666449564106325,2827.37593753564,0.565475187507128,1413.68796876782,1413.68796876782,0.007071067811865475,0.009403255258779667,0.9269833516491716,0.3099314917723714
F7,N2,CONF_NAIVE,2,0.3,0.5,5000,200,0.5,0.4999000199960007,0.663982982982983,0.008972369437513877,0.16398298298298297,0.32796596596596594,1.0,0.4994135135135135,0.008570914003953104,-0.0005864864864865149,-0.0004865064824872145,0.49,0.0,4.096761494551154,3074.9562877834496,0.6149912575566899,1537.4781438917248,1537.4781438917248,0.007071067811865475,0.009016760435127242,0.9745547298383448,0.34049246648133785
F7,N2,CONF_START,2,0.3,0.5,5000,200,0.3553409318134257,0.35514097180563886,0.4995878878878879,0.010147663587619503,-0.0004121121121121174,-0.0008242242242242348,0.52,0.3550505505505505,0.008254125683620961,-0.0002903812628751723,-9.042125508834653e-05,0.51,0.0,2.966532565864662,2827.523809988027,0.5655047619976055,1413.7619049940135,1004.7349453657931,0.007071067811865475,0.00940300937215074,0.9269705101167908,0.3099262203059323
F7,N2,BISECT,2,0.15,0.02,5000,200,0.019999999999999997,0.019996000799839986,0.020079679679679677,0.003010696158436698,7.967967967967629e-05,0.0039839839839838145,0.515,0.01105205205205205,0.0016988373113316457,-0.008947947947947947,-0.008943948747787936,0.0,0.0,1.8850715908804438,2526.4019335942094,0.5052803867188419,50.52803867188419,50.52803867188418,0.001979898987322333,0.0027853310024414436,0.29200053719778296,0.05174398020787081
F7,N2,CONF_NAIVE,2,0.15,0.02,5000,200,0.019999999999999997,0.019996000799839986,0.035172772772772774,0.004075022115852148,0.015172772772772774,0.7586386386386387,1.0,0.019923423423423424,0.002464211101014761,-7.657657657657302e-05,-7.257737641656187e-05,0.465,0.0,1.9569883703830533,2413.1379808754496,0.48262759617508993,48.26275961750899,48.26275961750898,0.001979898987322333,0.0028499481452536864,0.37528834198507294,0.06505717223541582
F7,N2,CONF_START,2,0.15,0.02,5000,200,0.011354729054180708,0.011154769046190758,0.02006336336336336,0.003005076212945051,6.336336336336054e-05,0.003168168168168027,0.51,0.011042542542542541,0.0016954893818020103,-0.0003121865116381666,-0.00011222650364821687,0.42,0.0,1.885039453952412,2527.68360225982,0.505536720451964,50.5536720451964,28.70116243835573,0.001979898987322333,0.0027846247581731834,0.29200053719778296,0.05174398020787081
F7,N2,BISECT,2,0.15,0.05,5000,200,0.05,0.04999000199960014,0.05025195195195195,0.005268656073887629,0.0002519519519519481,0.005039039039038962,0.48,0.029180380380380386,0.0032597392125087864,-0.020819619619619617,-0.020809621619219752,0.0,0.0,2.020788344122944,2303.9547069227415,0.4607909413845483,115.19773534613708,115.19773534613708,0.0030822070014844883,0.0045405643633113,0.4288840992860873,0.07603455217896096
F7,N2,CONF_NAIVE,2,0.15,0.05,5000,200,0.05,0.04999000199960014,0.08398058058058058,0.006931745999103659,0.03398058058058058,0.6796116116116115,1.0,0.04997397397397397,0.004292608828511944,-2.6026026026033933e-05,-1.6028025626169118e-05,0.475,0.0,2.09526063769328,2243.530597002423,0.44870611940048455,112.17652985012114,112.17652985012114,0.0030822070014844883,0.004601302719609101,0.5144037883171275,0.10182752016947139
F7,N2,CONF_START,2,0.15,0.05,5000,200,0.029385122975380495,0.029185162967406524,0.05024274274274274,0.005267594242218378,0.0002427427427427395,0.00485485485485479,0.48,0.02917487487487487,0.0032592416602245508,-0.00021024810050562434,-1.0288092531653137e-05,0.455,0.0,2.0208232319566406,2303.7851226126922,0.46075702452253847,115.18925613063462,67.697009136826,0.0030822070014844883,0.0045407314783554595,0.42872898694229367,0.07600591475604264
F7,N2,BISECT,2,0.15,0.1,5000,200,0.1,0.09998000399920015,0.10029049049049049,0.007318189543903793,0.0002904904904904859,0.002904904904904859,0.47,0.0600032032032032,0.004522100407421036,-0.0399967967967968,-0.03997680079599695,0.0,0.0,2.120189796578926,2233.5378127114554,0.4467075625422911,223.35378127114555,223.35378127114555,0.004242640687119285,0.0063478199527496485,0.5473179280224627,0.11455708089221028
F7,N2,CONF_NAIVE,2,0.15,0.1,5000,200,0.1,0.09998000399920015,0.16477497497497498,0.009014171802849625,0.06477497497497497,0.6477497497497497,1.0,0.09980750750750751,0.005662826666436326,-0.00019249249249249367,-0.00017249649169263914,0.465,0.0,2.225050795244249,2279.0059050444966,0.4558011810088993,227.90059050444967,227.90059050444967,0.004242640687119285,0.006284178745313942,0.6483801916688764,0.15789037210788684
F7,N2,CONF_START,2,0.15,0.1,5000,200,0.06011897620471652,0.059919016196760634,0.10027737737737738,0.007322070294943554,0.00027737737737737467,0.0027737737737737467,0.47,0.059994894894894894,0.004524806212275397,-0.0001240813098216248,7.587869813426018e-05,0.445,0.0,2.1201816094963934,2233.7267541497927,0.44674535082995853,223.37267541497928,134.28936558057006,0.004242640687119285,0.006347551479537036,0.5472312714046181,0.11452738733944576
F7,N2,BISECT,2,0.15,0.2,5000,200,0.2,0.1999600079984003,0.2000837837837838,0.008625529399700215,8.378378378379181e-05,0.00041891891891895905,0.52,0.12186256256256257,0.005458996335531073,-0.07813743743743744,-0.07809744543583773,0.0,0.0,2.2915520536476404,2306.2681451717426,0.4612536290343485,461.25362903434853,461.25362903434853,0.005656854249492381,0.00832923453430965,0.6920143141109383,0.17814779722795154
F7,N2,CONF_NAIVE,2,0.15,0.2,5000,200,0.2,0.1999600079984003,0.32123633633633636,0.010047624522858433,0.12123633633633635,0.6061816816816817,1.0,0.2001336336336336,0.006775292689431498,0.00013363363363358416,0.00017362563523329322,0.54,0.0,2.57688093556681,2423.4364168405878,0.48468728336811756,484.68728336811756,484.68728336811756,0.005656854249492381,0.008125389273732722,0.8074225334903515,0.23909799848866803
F7,N2,CONF_START,2,0.15,0.2,5000,200,0.12209358128366356,0.12189362127574484,0.2000788788788789,0.008626017186211789,7.887887887889078e-05,0.0003943943943944539,0.52,0.12185925925925925,0.005459346881475491,-0.00023432202440430705,-3.436201648558679e-05,0.475,0.0,2.291545331912238,2306.3924055272555,0.4612784811054511,461.27848110545114,281.5957086362663,0.005656854249492381,0.008329010156276073,0.6920116535467377,0.17814503050727368
F7,N2,BISECT,2,0.15,0.3,5000,200,0.29999999999999993,0.2999400119976005,0.30126126126126124,0.009940257674555046,0.0012612612612612484,0.004204204204204162,0.535,0.18688388388388388,0.0065775429971751224,-0.11311611611611605,-0.11305612811371663,0.0,0.0,2.522434534924751,2404.710719123107,0.4809421438246214,721.4132157369321,721.413215736932,0.00648074069840786,0.009344976804281811,0.7910254261210655,0.23052522782443802
F7,N2,CONF_NAIVE,2,0.15,0.3,5000,200,0.29999999999999993,0.2999400119976005,0.46358278278278275,0.010005996360501519,0.16358278278278277,0.5452759426092759,1.0,0.2996896896896897,0.007470563756260289,-0.0003103103103102578,-0.000250322307910833,0.495,0.0,3.0740927599792225,2583.3435774945056,0.5166687154989011,775.0030732483516,775.0030732483515,0.00648074069840786,0.009016096728997159,0.8962601726572104,0.2911477274771802
F7,N2,CONF_START,2,0.15,0.3,5000,200,0.18640571885608487,0.18620575884823037,0.3012468468468468,0.009939779286549495,0.0012468468468468386,0.004156156156156129,0.535,0.18687387387387389,0.0065785824625587954,0.00046815501778901814,0.000668115025643512,0.545,0.0,2.522392210515822,2404.64659310837,0.480929318621674,721.3939779325109,448.2398767832011,0.00648074069840786,0.00934510140723321,0.7910181542514745,0.2305246803962721
F7,N2,BISECT,2,0.15,0.5,5000,200,0.5,0.4999000199960007,0.49963363363363356,0.010290932157294957,-0.00036636636636644404,-0.0007327327327328881,0.545,0.3266850850850851,0.0079011753654592,-0.1733149149149149,-0.1732149349109156,0.0,0.0,3.2435389223684012,2629.0130846639313,0.5258026169327863,1314.5065423319656,1314.5065423319656,0.007071067811865475,0.009751549520271503,0.9126789437526781,0.3015588623759191
F7,N2,CONF_NAIVE,2,0.15,0.5,5000,200,0.5,0.4999000199960007,0.7026727727727727,0.008872216279893808,0.20267277277277274,0.40534554554554547,1.0,0.4994135135135135,0.008570914003953104,-0.0005864864864865149,-0.0004865064824872145,0.49,0.0,4.903059572202497,2927.6495101136375,0.5855299020227275,1463.8247550568187,1463.8247550568187,0.007071067811865475,0.009240818979576225,0.9751799154123566,0.34118203770823036
F7,N2,CONF_START,2,0.15,0.5,5000,200,0.32719856028771793,0.32699860027994404,0.4996269269269269,0.010284706768860723,-0.00037307307307310467,-0.0007461461461462093,0.545,0.3266800800800801,0.007897067647626233,-0.0005184802076378392,-0.00031852019986394753,0.505,0.0,3.243493463628979,2628.9584543978754,0.5257916908795751,1314.4792271989377,860.1914213352089,0.007071067811865475,0.009751650839289368,0.9126789437526781,0.3015588623759191
F7,N2,BISECT,2,0.0,0.02,5000,200,0.019999999999999997,0.019996000799839986,0.02011201201201201,0.0030582309576623243,0.00011201201201201105,0.005600600600600553,0.51,0.010167867867867868,0.0015751051207225858,-0.009832132132132129,-0.009828132931972117,0.0,0.0,2.0460397985837586,2416.301301156983,0.48326026023139657,48.32602602313966,48.32602602313965,0.001979898987322333,0.002848082018022245,0.28297115341085916,0.04973809964495426
F7,N2,CONF_NAIVE,2,0.0,0.02,5000,200,0.019999999999999997,0.019996000799839986,0.03834374374374374,0.004484885631100193,0.01834374374374374,0.917187187187187,1.0,0.019923423423423424,0.002464211101014761,-7.657657657657302e-05,-7.257737641656187e-05,0.465,0.0,2.1419181179050946,2305.8868546289696,0.4611773709257939,46.11773709257939,46.11773709257938,0.001979898987322333,0.0029154731015395437,0.37545048200665926,0.06468550085617833
F7,N2,CONF_START,2,0.0,0.02,5000,200,0.010466906618668203,0.010266946610677867,0.02011201201201201,0.0030582309576623243,0.00011201201201201105,0.005600600600600553,0.51,0.010167867867867868,0.0015751051207225858,-0.00029903875080033483,-9.907874280999825e-05,0.4,0.0,2.0460397985837586,2416.301301156983,0.48326026023139657,48.32602602313966,25.291200081776616,0.001979898987322333,0.002848082018022245,0.28297115341085916,0.04973809964495426
F7,N2,BISECT,2,0.0,0.05,5000,200,0.05,0.04999000199960014,0.050135835835835835,0.005347547235566207,0.00013583583583583192,0.0027167167167166384,0.485,0.026455155155155154,0.0029761768613089635,-0.02354484484484485,-0.023534846844444984,0.0,0.0,2.205875228712417,2233.787040677651,0.4467574081355302,111.68935203388256,111.68935203388256,0.0030822070014844883,0.00461132701207967,0.4152249858403394,0.0726370566314844
F7,N2,CONF_NAIVE,2,0.0,0.05,5000,200,0.05,0.04999000199960014,0.09254694694694696,0.007712916134739684,0.042546946946946954,0.850938938938939,1.0,0.04997397397397397,0.004292608828511944,-2.6026026026033933e-05,-1.6028025626169118e-05,0.475,0.0,2.335115008537625,2127.0324025114755,0.4254064805022951,106.35162012557379,106.35162012557379,0.0030822070014844883,0.004725630402278121,0.5146122950564096,0.10177494106274329
F7,N2,CONF_START,2,0.0,0.05,5000,200,0.026690661867606602,0.026490701859628075,0.050135835835835835,0.005347547235566207,0.00013583583583583192,0.0027167167167166384,0.485,0.026455155155155154,0.0029761768613089635,-0.00023550671245144844,-3.554670447292185e-05,0.44,0.0,2.205875228712417,2233.787040677651,0.4467574081355302,111.68935203388256,59.621254586968774,0.0030822070014844883,0.00461132701207967,0.4152249858403394,0.0726370566314844
F7,N2,BISECT,2,0.0,0.1,5000,200,0.1,0.09998000399920015,0.09998078078078079,0.007764968030991249,-1.9219219219213102e-05,-0.00019219219219213102,0.47,0.054091091091091094,0.004315826814856055,-0.04590890890890891,-0.04588891290810906,0.0,0.0,2.350409690746456,2123.1762415825397,0.42463524831650795,212.31762415825398,212.31762415825398,0.004242640687119285,0.006510708206951287,0.5280478294145808,0.1067627561195273
F7,N2,CONF_NAIVE,2,0.0,0.1,5000,200,0.1,0.09998000399920015,0.18131321321321323,0.009845624210066907,0.08131321321321322,0.8131321321321322,1.0,0.09980750750750751,0.005662826666436326,-0.00019249249249249367,-0.00017249649169263914,0.465,0.0,2.5031885270374845,2174.3141064263523,0.43486282128527043,217.43141064263523,217.43141064263523,0.004242640687119285,0.006433689731876591,0.6486358644533551,0.15800840277407255
F7,N2,CONF_START,2,0.0,0.1,5000,200,0.05438512297535278,0.05418516296740652,0.09998078078078079,0.007764968030991249,-1.9219219219213102e-05,-0.00019219219219213102,0.47,0.054091091091091094,0.004315826814856055,-0.00029403188426168486,-9.407187631542413e-05,0.435,0.0,2.350409690746456,2123.1762415825397,0.42463524831650795,212.31762415825398,115.46920099681374,0.004242640687119285,0.006510708206951287,0.5280478294145808,0.1067627561195273
F7,N2,BISECT,2,0.0,0.2,5000,200,0.2,0.1999600079984003,0.20024374374374376,0.00949618547890472,0.00024374374374375174,0.0012187187187187587,0.465,0.11066746746746749,0.005495814727140153,-0.08933253253253252,-0.08929254053093282,0.0,0.0,2.5420560805853825,2176.2514120325854,0.4352502824065171,435.2502824065171,435.2502824065171,0.005656854249492381,0.00857443393230934,0.6709418017585148,0.16850720159161006
F7,N2,CONF_NAIVE,2,0.0,0.2,5000,200,0.2,0.1999600079984003,0.34916126126126124,0.01063045585884924,0.14916126126126122,0.7458063063063061,1.0,0.2001336336336336,0.006775292689431498,0.00013363363363358416,0.00017362563523329322,0.54,0.0,2.926244870445426,2309.9638740744967,0.46199277481489937,461.99277481489935,461.99277481489935,0.005656854249492381,0.008322568864050136,0.8076639589837413,0.23933954808777025
F7,N2,CONF_START,2,0.0,0.2,5000,200,0.11090181963596088,0.1107018596280744,0.20024374374374376,0.00949618547890472,0.00024374374374375174,0.0012187187187187587,0.465,0.11066746746746749,0.005495814727140153,-0.00023435216849339302,-3.439216060691086e-05,0.465,0.0,2.5420560805853825,2176.2514120325854,0.4352502824065171,435.2502824065171,241.35024157974297,0.005656854249492381,0.00857443393230934,0.6709418017585148,0.16850720159161006
F7,N2,BISECT,2,0.0,0.3,5000,200,0.29999999999999993,0.2999400119976005,0.30091601601601603,0.010012677822172453,0.0009160160160160413,0.0030533867200534712,0.53,0.17024064064064062,0.006126666171803638,-0.1297593593593593,-0.12969937135695989,0.0,0.0,2.783013862080373,2270.736919243346,0.4541473838486692,681.2210757730038,681.2210757730037,0.00648074069840786,0.009616703735653428,0.7692655557342307,0.21869186042149255
F7,N2,CONF_NAIVE,2,0.0,0.3,5000,200,0.29999999999999993,0.2999400119976005,0.49855455455455455,0.01038296972520718,0.19855455455455456,0.6618485151818486,1.0,0.2996896896896897,0.007470563756260289,-0.0003103103103102578,-0.000250322307910833,0.495,0.0,3.541948820283135,2466.2146778006004,0.49324293556012005,739.86440334018,739.8644033401799,0.00648074069840786,0.009227715754626923,0.896452450327119,0.2913804955097653
F7,N2,CONF_START,2,0.0,0.3,5000,200,0.16996900619862815,0.16976904619076186,0.30091601601601603,0.010012677822172453,0.0009160160160160413,0.0030533867200534712,0.53,0.17024064064064062,0.006126666171803638,0.000271634442012475,0.000471594449878765,0.505,0.0,2.783013862080373,2270.736919243346,0.4541473838486692,681.2210757730038,385.9548975023261,0.00648074069840786,0.009616703735653428,0.7692655557342307,0.21869186042149255
F7,N2,BISECT,2,0.0,0.5,5000,200,0.5,0.4999000199960007,0.4999457457457457,0.010472349540561298,-5.4254254254315626e-05,-0.00010850850850863125,0.545,0.30068058058058056,0.007521306370504294,-0.19931941941941944,-0.19921943941542014,0.0,0.0,3.549665751642094,2471.2172065700665,0.4942434413140133,1235.6086032850333,1235.6086032850333,0.007071067811865475,0.010058067473940956,0.8968957374105735,0.2915788183468829
F7,N2,CONF_NAIVE,2,0.0,0.5,5000,200,0.5,0.4999000199960007,0.7418413413413414,0.008760986860888597,0.2418413413413414,0.4836826826826828,1.0,0.4994135135135135,0.008570914003953104,-0.0005864864864865149,-0.0004865064824872145,0.49,0.0,5.970616979279851,2795.2274731923785,0.5590454946384757,1397.6137365961893,1397.6137365961893,0.007071067811865475,0.009457175016372438,0.9752703102408804,0.3412373135998547
F7,N2,CONF_START,2,0.0,0.5,5000,200,0.3011447710455711,0.3009448110377924,0.4999457457457457,0.010472349540561298,-5.4254254254315626e-05,-0.00010850850850863125,0.545,0.30068058058058056,0.007521306370504294,-0.0004641904649905215,-0.0002642304572118559,0.485,0.0,3.549665751642094,2471.2172065700665,0.4942434413140133,1235.6086032850333,744.1941398764184,0.007071067811865475,0.010058067473940956,0.8968957374105735,0.2915788183468829
F7,N2,BISECT,4,0.3,0.02,5000,200,0.019999999999999997,0.019996000799839986,0.02023383383383383,0.00346305595686298,0.0002338338338338311,0.011691691691691555,0.52,0.010054954954954955,0.001587657640333405,-0.009945045045045042,-0.00994104584488503,0.0,0.0,2.077441777862147,1964.039571347933,0.39280791426958656,39.28079142695866,39.28079142695865,0.001979898987322333,0.0031590239524550666,0.29564991236523114,0.047008224258644024
F7,N2,CONF_NAIVE,4,0.3,0.02,5000,200,0.019999999999999997,0.019996000799839986,0.04071771771771772,0.004759288392309963,0.02071771771771772,1.035885885885886,1.0,0.019923423423423424,0.002464211101014761,-7.657657657657302e-05,-7.257737641656187e-05,0.465,0.0,2.2809779285056835,1791.5375407765966,0.3583075081553193,35.830750815531935,35.83075081553193,0.001979898987322333,0.0033076159625500486,0.39257167815999117,0.05969387965961359
F7,N2,CONF_START,4,0.3,0.02,5000,200,0.010333933213349848,0.010133973205358937,0.020143243243243247,0.00347958147727953,0.00014324324324324622,0.007162162162162311,0.505,0.010012112112112113,0.0015942654776240608,-0.0003218211012377351,-0.00012186109324682434,0.4,0.0,2.0763271937658665,1964.3491464339904,0.3928698292867981,39.28698292867981,20.299452886949638,0.001979898987322333,0.003158775016656817,0.295213354718328,0.047001540999132556
F7,N2,BISECT,4,0.3,0.05,5000,200,0.05,0.04999000199960014,0.050360260260260255,0.0059456490077623055,0.000360260260260252,0.00720520520520504,0.485,0.025035135135135132,0.00319768167600122,-0.02496486486486487,-0.024954866864465006,0.0,0.0,2.3311841416468204,1763.3346389486478,0.3526669277897296,88.1667319474324,88.1667319474324,0.0030822070014844883,0.005190144333464014,0.425648095457612,0.06714278608621325
F7,N2,CONF_NAIVE,4,0.3,0.05,5000,200,0.05,0.04999000199960014,0.09543893893893893,0.007717990991995267,0.045438938938938925,0.9087787787787784,1.0,0.04997397397397397,0.004292608828511944,-2.6026026026033933e-05,-1.6028025626169118e-05,0.475,0.0,2.421066623928496,1676.5077211708458,0.33530154423416914,83.82538605854229,83.82538605854229,0.0030822070014844883,0.0053228475254235245,0.5358168930167004,0.10538953520184753
F7,N2,CONF_START,4,0.3,0.05,5000,200,0.025271945610851842,0.02507198560287942,0.05026236236236237,0.005947338723744597,0.00026236236236236443,0.005247247247247289,0.48,0.024985085085085082,0.003200442690315603,-0.0002868605257667599,-8.690051779433952e-05,0.435,0.0,2.330622016507916,1764.3165911610806,0.3528633182322161,88.21582955805404,44.58771293214635,0.0030822070014844883,0.005188699812945305,0.4254343892527014,0.0670823856598169
F7,N2,BISECT,4,0.3,0.1,5000,200,0.1,0.09998000399920015,0.10012232232232232,0.008508542610777799,0.00012232232232231577,0.0012232232232231577,0.48,0.05257657657657658,0.004727721687383295,-0.04742342342342343,-0.04740342742262357,0.0,0.0,2.4278688244023936,1675.0062495678392,0.33500124991356783,167.50062495678392,167.50062495678392,0.004242640687119285,0.007330152986678125,0.544634668464674,0.10926693655358596
F7,N2,CONF_NAIVE,4,0.3,0.1,5000,200,0.1,0.09998000399920015,0.1868378378378378,0.010244976189073954,0.0868378378378378,0.868378378378378,1.0,0.09980750750750751,0.005662826666436326,-0.00019249249249249367,-0.00017249649169263914,0.465,0.0,2.5998536753055794,1707.2206183253154,0.3414441236650631,170.72206183253155,170.72206183253155,0.004242640687119285,0.0072606655325187916,0.6755583293669101,0.17223067883239168
F7,N2,CONF_START,4,0.3,0.1,5000,200,0.05278644271141156,0.052586482703459315,0.10005565565565565,0.008506749664526397,5.5655655655642566e-05,0.0005565565565564257,0.475,0.05254124124124124,0.004722948707401022,-0.0002452014701703198,-4.524146221807773e-05,0.455,0.0,2.4276400080698726,1674.9285003913753,0.33498570007827505,167.49285003913755,88.4135173316198,0.004242640687119285,0.007330323115356552,0.5446140012440929,0.1092764661338675
F7,N2,BISECT,4,0.3,0.2,5000,200,0.2,0.1999600079984003,0.2001846846846847,0.01068552818510516,0.00018468468468468835,0.0009234234234234417,0.48,0.1070977977977978,0.005972894002077833,-0.09290220220220222,-0.09286221020060251,0.0,0.0,2.631818691948364,1708.1723232913891,0.34163446465827785,341.63446465827786,341.63446465827786,0.005656854249492381,0.009678190156942787,0.6911086149591805,0.17987957281946107
F7,N2,CONF_NAIVE,4,0.3,0.2,5000,200,0.2,0.1999600079984003,0.3634874874874875,0.011187982514042303,0.16348748748748748,0.8174374374374374,1.0,0.2001336336336336,0.006775292689431498,0.00013363363363358416,0.00017362563523329322,0.54,0.0,3.113621976433293,1829.3158594707895,0.3658631718941579,365.8631718941579,365.8631718941579,0.005656854249492381,0.009352239962413293,0.8381564993430975,0.25924821973131157
F7,N2,CONF_START,4,0.3,0.2,5000,200,0.10731453709250288,0.10711457708458308,0.20013253253253255,0.01069047278517338,0.0001325325325325366,0.000662662662662683,0.48,0.10706796796796797,0.00597554715573872,-0.0002465691245349122,-4.660911661510947e-05,0.46,0.0,2.6317123568950023,1709.3060625528042,0.34186121251056084,341.86121251056085,183.43338885226296,0.005656854249492381,0.009674979975788913,0.6910974780504409,0.1798826567630581
F7,N2,BISECT,4,0.3,0.3,5000,200,0.29999999999999993,0.2999400119976005,0.300516016016016,0.01213961526974954,0.0005160160160160299,0.0017200533867200996,0.54,0.16306076076076073,0.00695257282662686,-0.1369392392392392,-0.13687925123683978,0.0,0.0,2.906740384717279,1784.39681961447,0.356879363922894,535.319045884341,535.3190458843409,0.00648074069840786,0.010848355963318155,0.7898836169822848,0.23306609602043746
F7,N2,CONF_NAIVE,4,0.3,0.3,5000,200,0.29999999999999993,0.2999400119976005,0.5155920920920921,0.01016957239687431,0.21559209209209212,0.7186403069736405,1.0,0.2996896896896897,0.007470563756260289,-0.0003103103103102578,-0.000250322307910833,0.495,0.0,3.786512741076349,1981.2066486363399,0.396241329727268,594.361994590902,594.3619945909019,0.00648074069840786,0.010295436373984678,0.9218006544561737,0.30843884949517253
F7,N2,CONF_START,4,0.3,0.3,5000,200,0.16282643471292474,0.16262647470505898,0.30045455455455455,0.012149572494597955,0.00045455455455456484,0.0015151818485152162,0.54,0.16302422422422425,0.006958348321557127,0.0001977895112995065,0.00039774951916526913,0.515,0.0,2.9065277612335647,1784.5520686993862,0.35691041373987725,535.3656206098158,290.5722509058954,0.00648074069840786,0.010847884070679957,0.7898209642211558,0.23302210556549813
F7,N2,BISECT,4,0.3,0.5,5000,200,0.5,0.4999000199960007,0.49998248248248245,0.012240910492667172,-1.7517517517551262e-05,-3.5035035035102524e-05,0.525,0.288586986986987,0.008564163349847543,-0.21141301301301302,-0.21131303300901372,0.0,0.0,3.702608031271383,1961.918180339972,0.39238363606799437,980.959090169986,980.959090169986,0.007071067811865475,0.011288326400957676,0.91525895510068,0.3044920851726484
F7,N2,CONF_NAIVE,4,0.3,0.5,5000,200,0.5,0.4999000199960007,0.7409135135135135,0.00768844239236368,0.24091351351351353,0.48182702702702707,1.0,0.4994135135135135,0.008570914003953104,-0.0005864864864865149,-0.0004865064824872145,0.49,0.0,5.930260168630216,2431.7902121163866,0.4863580424232773,1215.8951060581933,1215.8951060581933,0.007071067811865475,0.010139276144512573,0.9850298794435204,0.34803888745550793
F7,N2,CONF_START,4,0.3,0.5,5000,200,0.2890651869623994,0.2888652269546091,0.4999168168168168,0.012257768471991056,-8.318318318317752e-05,-0.00016636636636635505,0.525,0.2885385385385385,0.008574245263929076,-0.0005266484238609093,-0.0003266884160705863,0.5,0.0,3.7022709083164465,1962.8031197939906,0.39256062395879815,981.4015598969953,567.3780507936308,0.007071067811865475,0.011285781415292184,0.915211071645596,0.3044482107634844
F7,N2,BISECT,4,0.15,0.02,5000,200,0.019999999999999997,0.019996000799839986,0.020213213213213215,0.003932927582707604,0.00021321321321321474,0.010660660660660737,0.47,0.007280680680680681,0.0014126264444039645,-0.012719319319319316,-0.012715320119159304,0.0,0.0,2.8550876329080346,1530.531072357992,0.30610621447159836,30.61062144715984,30.610621447159833,0.001979898987322333,0.003578548933727929,0.24913298420728328,0.03082705803088908
F7,N2,CONF_NAIVE,4,0.15,0.02,5000,200,0.019999999999999997,0.019996000799839986,0.053763163163163166,0.006074124853052348,0.03376316316316316,1.6881581581581582,1.0,0.019923423423423424,0.002464211101014761,-7.657657657657302e-05,-7.257737641656187e-05,0.465,0.0,3.0592273413567193,1442.223763777545,0.288444752755509,28.8444752755509,28.844475275550895,0.001979898987322333,0.0036864785566635356,0.4016215633119285,0.05373469451428238
F7,N2,CONF_START,4,0.15,0.02,5000,200,0.007617476504689595,0.007417516496700662,0.020140640640640636,0.003927387308092297,0.0001406406406406352,0.00703203203203176,0.46,0.007255355355355355,0.001412056018895425,-0.00036212114933424026,-0.00016216114134530706,0.365,0.0,2.8546673587691793,1528.493013076125,0.30569860261522497,30.5698602615225,11.643259614689589,0.001979898987322333,0.0035809339185616834,0.24791049522016548,0.03063605799355324
F7,N2,BISECT,4,0.15,0.05,5000,200,0.05,0.04999000199960014,0.05005265265265266,0.0066297877384444365,5.26526526526544e-05,0.001053053053053088,0.445,0.018449049049049048,0.0026242267213799427,-0.03155095095095095,-0.03154095295055109,0.0,0.0,3.033758698530838,1453.8685441685777,0.29077370883371556,72.69342720842889,72.69342720842889,0.0030822070014844883,0.00571589489992828,0.39101767274320565,0.051605427323478704
F7,N2,CONF_NAIVE,4,0.15,0.05,5000,200,0.05,0.04999000199960014,0.12485835835835836,0.009934031156336037,0.07485835835835836,1.4971671671671671,1.0,0.04997397397397397,0.004292608828511944,-2.6026026026033933e-05,-1.6028025626169118e-05,0.475,0.0,3.2901463152532155,1379.0461978377507,0.27580923956755016,68.95230989188754,68.95230989188754,0.0030822070014844883,0.005868909291397503,0.548696734052258,0.10779650122928348
F7,N2,CONF_START,4,0.15,0.05,5000,200,0.018713257348509545,0.018513297340531892,0.04997727727727728,0.006630196358933291,-2.2722722722724742e-05,-0.00045445445445449484,0.44,0.018417317317317317,0.002623476923799454,-0.00029594003119222737,-9.598002321457508e-05,0.425,0.0,3.033491999117093,1454.15418402182,0.290830836804364,72.70770920109099,27.211961470012223,0.0030822070014844883,0.00571533348505788,0.39084219336376874,0.05158299383174272
F7,N2,BISECT,4,0.15,0.1,5000,200,0.1,0.09998000399920015,0.10049249249249248,0.009356213225076708,0.0004924924924924745,0.004924924924924745,0.485,0.039614614614614616,0.004024103082406071,-0.06038538538538539,-0.060365389384585535,0.0,0.0,3.2303025480067094,1382.1449599299144,0.27642899198598286,138.21449599299146,138.21449599299146,0.004242640687119285,0.008069459709438469,0.5042027303662915,0.08852001583262167
F7,N2,CONF_NAIVE,4,0.15,0.1,5000,200,0.1,0.09998000399920015,0.24086616616616616,0.012552967550410101,0.14086616616616615,1.4086616616616614,1.0,0.09980750750750751,0.005662826666436326,-0.00019249249249249367,-0.00017249649169263914,0.465,0.0,3.606629523459942,1415.4715263247524,0.2830943052649505,141.54715263247525,141.54715263247525,0.004242640687119285,0.007973898183335807,0.6926958432736153,0.1806827771110103
F7,N2,CONF_START,4,0.15,0.1,5000,200,0.03982103579279354,0.03962107578484303,0.10046146146146145,0.009362966496687606,0.00046146146146144873,0.004614614614614487,0.485,0.039600900900900904,0.004027067249748551,-0.00022013489189263297,-2.0174883942125632e-05,0.46,0.0,3.2301696659840258,1382.1245648000568,0.27642491296001137,138.21245648000567,55.03763176500225,0.004242640687119285,0.008069519247151534,0.5041014057637432,0.08847625887580648
F7,N2,BISECT,4,0.15,0.2,5000,200,0.2,0.1999600079984003,0.20012922922922927,0.01195917454843368,0.00012922922922925517,0.0006461461461462759,0.53,0.08207007007007007,0.005238375866894625,-0.11792992992992994,-0.11788993792833023,0.0,0.0,3.4857530720169865,1397.0791052611678,0.27941582105223356,279.4158210522336,279.4158210522336,0.005656854249492381,0.010701619185129697,0.6504232211402923,0.15817026434894096
F7,N2,CONF_NAIVE,4,0.15,0.2,5000,200,0.2,0.1999600079984003,0.4498196196196196,0.012451257468677208,0.24981961961961957,1.2490980980980977,1.0,0.2001336336336336,0.006775292689431498,0.00013363363363358416,0.00017362563523329322,0.54,0.0,4.472236854630311,1528.0196727657383,0.30560393455314766,305.60393455314767,305.60393455314767,0.005656854249492381,0.010232824329122836,0.8550632359118847,0.2703335484400708
F7,N2,CONF_START,4,0.15,0.2,5000,200,0.08237052589471591,0.08217056588682264,0.20008878878878877,0.011964217658327999,8.878878878876284e-05,0.0004439439439438142,0.53,0.08205145145145146,0.005239017350447868,-0.00031907444326445544,-0.00011911443537118704,0.455,0.0,3.4856587902949503,1396.7530883929132,0.27935061767858266,279.35061767858264,115.05128643599288,0.005656854249492381,0.010702868047522685,0.6503519014293804,0.15817090136778944
F7,N2,BISECT,4,0.15,0.3,5000,200,0.29999999999999993,0.2999400119976005,0.300372972972973,0.012362846774135038,0.0003729729729730069,0.0012432432432433564,0.55,0.12650450450450448,0.005746945426580146,-0.17349549549549545,-0.17343550749309602,0.0,0.0,3.809150130625314,1444.1720336221115,0.2888344067244223,433.25161008663343,433.2516100866334,0.00648074069840786,0.01205869142766061,0.7479172728233805,0.20968727064786624
F7,N2,CONF_NAIVE,4,0.15,0.3,5000,200,0.29999999999999993,0.2999400119976005,0.6143555555555555,0.010597713399931362,0.31435555555555555,1.0478518518518518,1.0,0.2996896896896897,0.007470563756260289,-0.0003103103103102578,-0.000250322307910833,0.495,0.0,5.6804454346423885,1688.3959763212129,0.33767919526424256,506.51879289636383,506.5187928963637,0.00648074069840786,0.011152506707588255,0.9341941380615714,0.3165503987928145
F7,N2,CONF_START,4,0.15,0.3,5000,200,0.12673965206945634,0.1265396920615877,0.30031311311311315,0.01236743360744885,0.0003131131131131615,0.0010437103770438716,0.55,0.12647787787787787,0.005747914930962454,-0.0002617741915784677,-6.18141837098185e-05,0.515,0.0,3.808906175810762,1444.261039836409,0.28885220796728184,433.2783119509227,183.0451416863377,0.00648074069840786,0.012058319848361424,0.7478851290056092,0.20967398875659954
F7,N2,BISECT,4,0.15,0.5,5000,200,0.5,0.4999000199960007,0.5006605605605605,0.013578936506065373,0.0006605605605605191,0.0013211211211210383,0.505,0.22816126126126124,0.007827044549517645,-0.27183873873873876,-0.27173875873473946,0.0,0.0,4.771668960902841,1565.4597931535,0.3130919586307,782.72989657675,782.72989657675,0.007071067811865475,0.012637147234070294,0.8831824033820304,0.28641584419600685
F7,N2,CONF_NAIVE,4,0.15,0.5,5000,200,0.5,0.4999000199960007,0.8276788788788789,0.00650386568106429,0.3276788788788789,0.6553577577577578,1.0,0.4994135135135135,0.008570914003953104,-0.0005864864864865149,-0.0004865064824872145,0.49,0.0,9.977212230443593,2160.0486417248712,0.43200972834497425,1080.0243208624356,1080.0243208624356,0.007071067811865475,0.010758165940205382,0.9893774010744332,0.3508819378536476
F7,N2,CONF_START,4,0.15,0.5,5000,200,0.2283303339330006,0.22813037392521493,0.5006123123123123,0.01358766387959313,0.0006123123123122909,0.0012246246246245818,0.505,0.228134034034034,0.007831248608688618,-0.00019629989896657873,3.660108819081298e-06,0.49,0.0,4.771341670407775,1565.5850304980747,0.31311700609961496,782.7925152490374,357.4705528141323,0.007071067811865475,0.012636641776243508,0.8831588898911888,0.2864247925182863
F7,N2,BISECT,4,0.0,0.02,5000,200,0.019999999999999997,0.019996000799839986,0.020173173173173173,0.004263562918446301,0.0001731731731731724,0.00865865865865862,0.47,0.0051002002002002,0.0010899563347301696,-0.014899799799799798,-0.014895800599639786,0.0,0.0,4.055355610416619,1222.0956126858803,0.24441912253717604,24.441912253717607,24.4419122537176,0.001979898987322333,0.004004750305486001,0.2016697439746503,0.020561999904968938
F7,N2,CONF_NAIVE,4,0.0,0.02,5000,200,0.019999999999999997,0.019996000799839986,0.07372632632632632,0.008140685504932613,0.05372632632632632,2.686316316316316,1.0,0.019923423423423424,0.002464211101014761,-7.657657657657302e-05,-7.257737641656187e-05,0.465,0.0,4.291090142985059,1202.6779881834084,0.24053559763668167,24.05355976366817,24.053559763668165,0.001979898987322333,0.004036949851342876,0.40962184321184614,0.05035400960121674
F7,N2,CONF_START,4,0.0,0.02,5000,200,0.005421915616862394,0.005221955608878217,0.020173173173173173,0.004263562918446301,0.0001731731731731724,0.00865865865865862,0.47,0.0051002002002002,0.0010899563347301696,-0.00032171541666219366,-0.00012175540867801708,0.365,0.0,4.055355610416619,1222.0956126858803,0.24441912253717604,24.441912253717607,6.6260992877205895,0.001979898987322333,0.004004750305486001,0.2016697439746503,0.020561999904968938
F7,N2,BISECT,4,0.0,0.05,5000,200,0.05,0.04999000199960014,0.05007277277277277,0.00661424519054456,7.277277277276811e-05,0.0014554554554553623,0.495,0.01301111111111111,0.0018393949424021245,-0.03698888888888889,-0.036978890888489026,0.0,0.0,4.1628834721094945,1217.7630737637764,0.2435526147527553,60.88815368818882,60.88815368818882,0.0030822070014844883,0.006245473995497911,0.343397963690686,0.037854047023757345
F7,N2,CONF_NAIVE,4,0.0,0.05,5000,200,0.05,0.04999000199960014,0.16972052052052053,0.013411665408340663,0.11972052052052053,2.3944104104104103,1.0,0.04997397397397397,0.004292608828511944,-2.6026026026033933e-05,-1.6028025626169118e-05,0.475,0.0,4.7337385224886965,1162.6592571592666,0.23253185143185334,58.132962857963335,58.132962857963335,0.0030822070014844883,0.006391761741395648,0.5620745088760551,0.11140505198924437
F7,N2,CONF_START,4,0.0,0.05,5000,200,0.013318336332703991,0.013118376324735058,0.05007277277277277,0.00661424519054456,7.277277277276811e-05,0.0014554554554553623,0.495,0.01301111111111111,0.0018393949424021245,-0.0003072252215928807,-0.00010726521362394714,0.41,0.0,4.1628834721094945,1217.7630737637764,0.2435526147527553,60.88815368818882,16.218578189933393,0.0030822070014844883,0.006245473995497911,0.343397963690686,0.037854047023757345
F7,N2,BISECT,4,0.0,0.1,5000,200,0.1,0.09998000399920015,0.1002011011011011,0.0101724758165952,0.00020110110110109491,0.002011011011010949,0.46,0.028112812812812814,0.0031847289939697064,-0.07188718718718719,-0.07186719118638733,0.0,0.0,4.440146035539765,1178.5530864166976,0.23571061728333953,117.85530864166977,117.85530864166977,0.004242640687119285,0.008738696975664546,0.46155992550259806,0.0668004325590074
F7,N2,CONF_NAIVE,4,0.0,0.1,5000,200,0.1,0.09998000399920015,0.3192108108108108,0.015837947586949203,0.2192108108108108,2.192108108108108,1.0,0.09980750750750751,0.005662826666436326,-0.00019249249249249367,-0.00017249649169263914,0.465,0.0,5.351728353668044,1210.36307472328,0.242072614944656,121.03630747232802,121.03630747232802,0.004242640687119285,0.008623099984419824,0.7106893776184163,0.18926920835702904
F7,N2,CONF_START,4,0.0,0.1,5000,200,0.0283083383322924,0.028108378324335135,0.1002011011011011,0.0101724758165952,0.00020110110110109491,0.002011011011010949,0.46,0.028112812812812814,0.0031847289939697064,-0.0001955255194795863,4.434488477679521e-06,0.455,0.0,4.440146035539765,1178.5530864166976,0.23571061728333953,117.85530864166977,33.36287951285132,0.004242640687119285,0.008738696975664546,0.46155992550259806,0.0668004325590074
F7,N2,BISECT,4,0.0,0.2,5000,200,0.2,0.1999600079984003,0.2000693693693694,0.013909153502199345,6.936936936938198e-05,0.0003468468468469099,0.475,0.05966856856856857,0.0044895160254231105,-0.14033143143143145,-0.14029143942983174,0.0,0.0,4.844790814133018,1166.575713737695,0.233315142747539,233.315142747539,233.315142747539,0.005656854249492381,0.011711257387063358,0.5977939153041989,0.12923767397510075
F7,N2,CONF_NAIVE,4,0.0,0.2,5000,200,0.2,0.1999600079984003,0.5654136136136136,0.013824476479915526,0.36541361361361363,1.827068068068068,1.0,0.2001336336336336,0.006775292689431498,0.00013363363363358416,0.00017362563523329322,0.54,0.0,7.145158809145628,1326.3735858219986,0.2652747171643997,265.27471716439976,265.27471716439976,0.005656854249492381,0.010983153645600971,0.8723030329719668,0.2807746238862569
F7,N2,CONF_START,4,0.0,0.2,5000,200,0.059880023995133334,0.05968006398720256,0.2000693693693694,0.013909153502199345,6.936936936938198e-05,0.0003468468468469099,0.475,0.05966856856856857,0.0044895160254231105,-0.00021145542656476196,-1.1495418633988841e-05,0.44,0.0,4.844790814133018,1166.575713737695,0.233315142747539,233.315142747539,69.85458173075297,0.005656854249492381,0.011711257387063358,0.5977939153041989,0.12923767397510075
F7,N2,BISECT,4,0.0,0.3,5000,200,0.29999999999999993,0.2999400119976005,0.29956606606606606,0.01511000847617048,-0.00043393393393392765,-0.0014464464464464255,0.45,0.09293383383383384,0.005273014198995379,-0.20706616616616608,-0.20700617816376665,0.0,0.0,5.259099087436324,1197.7573280693073,0.23955146561386145,359.3271984207922,359.3271984207921,0.00648074069840786,0.01324113547627461,0.6934614313692519,0.1798695474935329
F7,N2,CONF_NAIVE,4,0.0,0.3,5000,200,0.29999999999999993,0.2999400119976005,0.7401446446446446,0.010650748574722752,0.4401446446446446,1.4671488154821486,1.0,0.2996896896896897,0.007470563756260289,-0.0003103103103102578,-0.000250322307910833,0.495,0.0,10.201177683425344,1481.068868741105,0.296213773748221,444.3206606223315,444.3206606223314,0.00648074069840786,0.011907539221071293,0.946498532119859,0.32445953839273767
F7,N2,CONF_START,4,0.0,0.3,5000,200,0.09338832233539343,0.0931883623275345,0.29956606606606606,0.01511000847617048,-0.00043393393393392765,-0.0014464464464464255,0.45,0.09293383383383384,0.005273014198995379,-0.0004544885015595884,-0.00025452849370065367,0.45,0.0,5.259099087436324,1197.7573280693073,0.23955146561386145,359.3271984207922,111.85654743331605,0.00648074069840786,0.01324113547627461,0.6934614313692519,0.1798695474935329
F7,N2,BISECT,4,0.0,0.5,5000,200,0.5,0.4999000199960007,0.5013916916916917,0.01487327749564774,0.0013916916916917321,0.0027833833833834642,0.52,0.1709096096096096,0.00651785168662398,-0.3290903903903904,-0.3289904103863911,0.0,0.0,6.528022172912061,1292.683701980323,0.25853674039606456,646.3418509901614,646.3418509901614,0.007071067811865475,0.013906693008981452,0.8364038513339158,0.2604350307764051
F7,N2,CONF_NAIVE,4,0.0,0.5,5000,200,0.5,0.4999000199960007,0.9303564564564565,0.004788508901022621,0.4303564564564565,0.860712912912913,1.0,0.4994135135135135,0.008570914003953104,-0.0005864864864865149,-0.0004865064824872145,0.49,0.0,27.93795242156122,1921.318062508186,0.3842636125016372,960.659031254093,960.659031254093,0.007071067811865475,0.01140697189528802,0.9933089307843181,0.35331235549179907
F7,N2,CONF_START,4,0.0,0.5,5000,200,0.17063287342509034,0.17043291341731653,0.5013916916916917,0.01487327749564774,0.0013916916916917321,0.0027833833833834642,0.52,0.1709096096096096,0.00651785168662398,0.00027673618451926063,0.00047669619229306903,0.52,0.0,6.528022172912061,1292.683701980323,0.25853674039606456,646.3418509901614,220.57433449868563,0.007071067811865475,0.013906693008981452,0.8364038513339158,0.2604350307764051
F7,N2,BISECT,6,0.3,0.02,5000,200,0.019999999999999997,0.019996000799839986,0.020255555555555554,0.003635165960267263,0.000255555555555554,0.0127777777777777,0.495,0.009885185185185186,0.0016015340044543793,-0.01011481481481481,-0.0101108156146548,0.0,0.0,2.113449304190895,1892.2530138643574,0.37845060277287146,37.845060277287146,37.84506027728714,0.001979898987322333,0.0032183882415690985,0.29388269225674646,0.047233700949859264
F7,N2,CONF_NAIVE,6,0.3,0.02,5000,200,0.019999999999999997,0.019996000799839986,0.042202202202202194,0.00505490044263499,0.022202202202202193,1.1101101101101096,1.0,0.019923423423423424,0.002464211101014761,-7.657657657657302e-05,-7.257737641656187e-05,0.465,0.0,2.367416123442622,1653.931156071828,0.33078623121436557,33.07862312143656,33.07862312143655,0.001979898987322333,0.0034424633202705013,0.39518494111362756,0.0608840213131285
F7,N2,CONF_START,6,0.3,0.02,5000,200,0.010172965406910563,0.009973005398920222,0.020104404404404405,0.0036655617249168773,0.00010440440440440471,0.0052202202202202355,0.48,0.009815015015015015,0.0016136635883735831,-0.00035795039189554824,-0.00015799038390520645,0.39,0.0,2.111627385471307,1889.5809340501153,0.37791618681002304,37.791618681002305,19.222641475649574,0.001979898987322333,0.003220663019002557,0.2931049491745401,0.047140123717316504
F7,N2,BISECT,6,0.3,0.05,5000,200,0.05,0.04999000199960014,0.05033833833833833,0.006216801959575562,0.0003383383383383301,0.006766766766766602,0.495,0.02398078078078078,0.003141065500537175,-0.026019219219219222,-0.026009221218819358,0.0,0.0,2.4204201435886947,1617.3695260394918,0.32347390520789837,80.8684763019746,80.8684763019746,0.0030822070014844883,0.00541928731675508,0.4241208667453115,0.067543060291899
F7,N2,CONF_NAIVE,6,0.3,0.05,5000,200,0.05,0.04999000199960014,0.0999234234234234,0.00813775137996035,0.0499234234234234,0.998468468468468,1.0,0.04997397397397397,0.004292608828511944,-2.6026026026033933e-05,-1.6028025626169118e-05,0.475,0.0,2.5486509678965814,1513.3507506396024,0.3026701501279205,75.66753753198013,75.66753753198013,0.0030822070014844883,0.00560243732266918,0.5406691936498922,0.10844728729971535
F7,N2,CONF_START,6,0.3,0.05,5000,200,0.024253149370105163,0.024053189362127577,0.05017547547547548,0.006243198056799967,0.00017547547547547976,0.003509509509509595,0.49,0.023899899899899903,0.0031518741546996193,-0.00035324947020526007,-0.0001532894622276737,0.41,0.0,2.419367891141919,1617.300263329912,0.3234600526659824,80.8650131664956,39.22462486285077,0.0030822070014844883,0.005419403359061323,0.42342540939250917,0.06731524261497326
F7,N2,BISECT,6,0.3,0.1,5000,200,0.1,0.09998000399920015,0.10025435435435436,0.008858767195535345,0.0002543543543543497,0.002543543543543497,0.51,0.05016806806806807,0.004679251487532238,-0.04983193193193194,-0.04981193593113208,0.0,0.0,2.5487201543940894,1514.7580739510706,0.30295161479021415,151.47580739510707,151.47580739510707,0.004242640687119285,0.007708140403181092,0.5405668872987219,0.10837621425394126
F7,N2,CONF_NAIVE,6,0.3,0.1,5000,200,0.1,0.09998000399920015,0.19649359359359359,0.010772738432021646,0.09649359359359358,0.9649359359359357,1.0,0.09980750750750751,0.005662826666436326,-0.00019249249249249367,-0.00017249649169263914,0.465,0.0,2.767901369104398,1513.3717830685555,0.3026743566137111,151.33717830685555,151.33717830685555,0.004242640687119285,0.007711670031160177,0.6826561272074417,0.17714722048845832
F7,N2,CONF_START,6,0.3,0.1,5000,200,0.05032293541287058,0.05012297540491902,0.10018718718718718,0.008849782029252958,0.00018718718718717386,0.0018718718718717386,0.51,0.05013083083083083,0.004674538081055304,-0.00019210458203974823,7.85542591180688e-06,0.45,0.0,2.5486737247694604,1515.5722112858712,0.3031144422571742,151.55722112858712,76.26804250208033,0.004242640687119285,0.007706069789906321,0.5403183633666642,0.10823354238908744
F7,N2,BISECT,6,0.3,0.2,5000,200,0.2,0.1999600079984003,0.20011061061061064,0.011124957768730032,0.0001106106106106286,0.000553053053053143,0.48,0.10166116116116114,0.005890976341057529,-0.09833883883883887,-0.09829884683723916,0.0,0.0,2.7779712208739737,1517.6659385876148,0.30353318771752297,303.533187717523,303.533187717523,0.005656854249492381,0.010267669895613346,0.6859250816163602,0.17870824167760405
F7,N2,CONF_NAIVE,6,0.3,0.2,5000,200,0.2,0.1999600079984003,0.38071451451451455,0.0114641290398805,0.18071451451451453,0.9035725725725726,1.0,0.2001336336336336,0.006775292689431498,0.00013363363363358416,0.00017362563523329322,0.54,0.0,3.3523123434433573,1625.0110851873972,0.32500221703747945,325.00221703747945,325.00221703747945,0.005656854249492381,0.009922744922429179,0.8459880811625846,0.2646412059546815
F7,N2,CONF_START,6,0.3,0.2,5000,200,0.10195060987792709,0.101750649870026,0.20003793793793798,0.011141797554966566,3.793793793796518e-05,0.0001896896896898259,0.48,0.1016231231231231,0.005900518381313566,-0.00032748675480398504,-0.00012752674690288957,0.465,0.0,2.7777588353094806,1516.609511900287,0.3033219023800574,303.32190238005745,154.6192646848996,0.005656854249492381,0.010271245355259542,0.6858679781883015,0.1786834288242885
F7,N2,BISECT,6,0.3,0.3,5000,200,0.29999999999999993,0.2999400119976005,0.3001008008008008,0.013207085116612886,0.00010080080080082654,0.00033600266933608847,0.505,0.15455465465465465,0.007184766391842019,-0.14544534534534528,-0.14538535734294586,0.0,0.0,3.0697642035296373,1568.5504788691549,0.31371009577383097,470.56514366074646,470.56514366074634,0.00648074069840786,0.011570720354898065,0.7857643104268512,0.23187909378630364
F7,N2,CONF_NAIVE,6,0.3,0.3,5000,200,0.29999999999999993,0.2999400119976005,0.533944044044044,0.010085036152162604,0.23394404404404406,0.7798134801468136,1.0,0.2996896896896897,0.007470563756260289,-0.0003103103103102578,-0.000250322307910833,0.495,0.0,4.075845032500556,1795.4942154966802,0.35909884309933604,538.6482646490041,538.648264649004,0.00648074069840786,0.010814778829540234,0.9275265060732669,0.3123781815894315
F7,N2,CONF_START,6,0.3,0.3,5000,200,0.15439612077570997,0.15419616076784642,0.3000256256256256,0.01318366674976536,2.5625625625635973e-05,8.541875208545324e-05,0.5,0.15451211211211213,0.00717487200846729,0.00011599133640216586,0.00031595134426570803,0.495,0.0,3.0695412450532342,1569.1142753924964,0.3138228550784993,470.73428261774893,242.2651571743905,0.00648074069840786,0.01156864143747732,0.7857515082082774,0.23188108772031274
F7,N2,BISECT,6,0.3,0.5,5000,200,0.5,0.4999000199960007,0.4995827827827828,0.013300919282254605,-0.00041721721721721394,-0.0008344344344344279,0.49,0.2754286286286286,0.009066584222074068,-0.2245713713713714,-0.2244713913673721,0.0,0.0,3.883964679895341,1750.901901877225,0.350180380375445,875.4509509386126,875.4509509386126,0.007071067811865475,0.011949207343530166,0.9127895011417694,0.30326258504150194
F7,N2,CONF_NAIVE,6,0.3,0.5,5000,200,0.5,0.4999000199960007,0.7503842842842843,0.007307540467573392,0.2503842842842843,0.5007685685685686,1.0,0.4994135135135135,0.008570914003953104,-0.0005864864864865149,-0.0004865064824872145,0.49,0.0,6.232853098825533,2325.2895990705165,0.46505791981410327,1162.6447995352582,1162.6447995352582,0.007071067811865475,0.01036887120064595,0.9863194526470395,0.34883603696712007
F7,N2,CONF_START,6,0.3,0.5,5000,200,0.27590181963583255,0.2757018596280744,0.49948478478478475,0.013307966213419325,-0.0005152152152152478,-0.0010304304304304956,0.485,0.27536636636636636,0.009070375745282277,-0.0005354532694661907,-0.00033549326170806415,0.49,0.0,3.883436762312101,1750.8945491635136,0.3501789098327027,875.4472745817568,483.0749921046741,0.007071067811865475,0.011949232433278854,0.9127515235071633,0.3032335929895198
F7,N2,BISECT,6,0.15,0.02,5000,200,0.019999999999999997,0.019996000799839986,0.020426526526526524,0.00443320468106139,0.00042652652652652376,0.021326326326326188,0.475,0.006693593593593594,0.0014007142566766734,-0.013306406406406403,-0.013302407206246392,0.0,0.0,3.133371367035312,1318.118442746659,0.26362368854933177,26.36236885493318,26.362368854933177,0.001979898987322333,0.003856122459218905,0.24205091029673964,0.030112621000133243
F7,N2,CONF_NAIVE,6,0.15,0.02,5000,200,0.019999999999999997,0.019996000799839986,0.06165845845845846,0.007174814716385553,0.04165845845845846,2.082922922922923,1.0,0.019923423423423424,0.002464211101014761,-7.657657657657302e-05,-7.257737641656187e-05,0.465,0.0,3.537139751441064,1159.5683619764955,0.2319136723952991,23.19136723952991,23.191367239529907,0.001979898987322333,0.00411130651993637,0.4103125924785244,0.05685160771869184
F7,N2,CONF_START,6,0.15,0.02,5000,200,0.006988602279534601,0.006788642271545689,0.020361461461461464,0.00442540230679295,0.0003614614614614632,0.01807307307307316,0.46,0.006674674674674674,0.0014001309842938219,-0.0003139276048599272,-0.00011396759687101483,0.365,0.0,3.1320415812584135,1318.8854866886645,0.2637770973377329,26.37770973377329,9.217166118717502,0.001979898987322333,0.0038550009647517368,0.24176913984809484,0.03007597927245952
F7,N2,BISECT,6,0.15,0.05,5000,200,0.05,0.04999000199960014,0.05022472472472472,0.0072665353518374205,0.00022472472472472027,0.004494494494494405,0.485,0.01610920920920921,0.002347258000438197,-0.0338907907907908,-0.033880792790390926,0.0,0.0,3.4297302653173425,1190.9109316164818,0.23818218632329635,59.545546580824094,59.545546580824094,0.0030822070014844883,0.006315491630506351,0.37841449624814183,0.05041344807463356
F7,N2,CONF_NAIVE,6,0.15,0.05,5000,200,0.05,0.04999000199960014,0.14473593593593595,0.011470063631779662,0.09473593593593595,1.8947187187187189,1.0,0.04997397397397397,0.004292608828511944,-2.6026026026033933e-05,-1.6028025626169118e-05,0.475,0.0,3.9068818934977667,1092.179112643218,0.21843582252864363,54.60895563216091,54.60895563216091,0.0030822070014844883,0.006594773308231777,0.5637054592580122,0.11626036227955239
F7,N2,CONF_START,6,0.15,0.05,5000,200,0.016355728854206556,0.016155768846230763,0.050021021021021024,0.007308842585574098,2.102102102102127e-05,0.0004204204204204254,0.48,0.016042842842842842,0.0023563482258669097,-0.00031288601136371386,-0.00011292600338792119,0.43,0.0,3.4277414619140574,1191.9360278357328,0.23838720556714657,59.59680139178664,19.494982482841245,0.0030822070014844883,0.006312775302200833,0.3779521545998637,0.050371339887496994
F7,N2,BISECT,6,0.15,0.1,5000,200,0.1,0.09998000399920015,0.1006990990990991,0.010068554197673036,0.0006990990990990986,0.006990990990990986,0.485,0.033916616616616616,0.00375405040002361,-0.06608338338338339,-0.06606338738258354,0.0,0.0,3.7534669529479006,1102.867084539328,0.2205734169078656,110.28670845393282,110.28670845393282,0.004242640687119285,0.009033575260421756,0.49269343268180094,0.08472218505190852
F7,N2,CONF_NAIVE,6,0.15,0.1,5000,200,0.1,0.09998000399920015,0.27795645645645645,0.01415346560410646,0.17795645645645644,1.7795645645645644,1.0,0.09980750750750751,0.005662826666436326,-0.00019249249249249367,-0.00017249649169263914,0.465,0.0,4.379993439757232,1119.9493800815535,0.2239898760163107,111.99493800815536,111.99493800815536,0.004242640687119285,0.008964417151790336,0.7133279921795769,0.19350027664279376
F7,N2,CONF_START,6,0.15,0.1,5000,200,0.034085182963358066,0.03388522295540891,0.10060950950950952,0.010056864655690613,0.0006095095095095121,0.006095095095095121,0.48,0.033886086086086085,0.0037505875415602425,-0.00019909687727198006,8.631306771741953e-07,0.485,0.0,3.7529158354217587,1102.9122220430565,0.2205824444086113,110.29122220430565,37.59296488086138,0.004242640687119285,0.009033390405634206,0.4925824523981618,0.08468687152844794
F7,N2,BISECT,6,0.15,0.2,5000,200,0.2,0.1999600079984003,0.20064984984984985,0.013212504582569175,0.0006498498498498373,0.0032492492492491865,0.505,0.0705016016016016,0.005000847802023099,-0.1294983983983984,-0.1294584063967987,0.0,0.0,4.091339680381492,1103.9102910534334,0.2207820582106867,220.7820582106867,220.7820582106867,0.005656854249492381,0.012039074454694586,0.6363359284865772,0.15246536696222607
F7,N2,CONF_NAIVE,6,0.15,0.2,5000,200,0.2,0.1999600079984003,0.5046954954954955,0.012981717174419276,0.3046954954954955,1.5234774774774775,1.0,0.2001336336336336,0.006775292689431498,0.00013363363363358416,0.00017362563523329322,0.54,0.0,5.574381431472452,1232.120349120908,0.2464240698241816,246.42406982418163,246.42406982418163,0.005656854249492381,0.011395501069240968,0.8750197378886904,0.28273373127956425
F7,N2,CONF_START,6,0.15,0.2,5000,200,0.07071485702849933,0.07051489702059588,0.20057137137137138,0.0132333243739848,0.0005713713713713653,0.0028568568568568264,0.505,0.07047547547547546,0.005008633619567255,-0.00023938155302387354,-3.9421545120418844e-05,0.46,0.0,4.0909396341175785,1104.205991469706,0.22084119829394122,220.84119829394123,78.08376881679263,0.005656854249492381,0.012037462347116067,0.6363192651726686,0.15244796816576692
F7,N2,BISECT,6,0.15,0.3,5000,200,0.29999999999999993,0.2999400119976005,0.3004881881881882,0.014550176434356648,0.00048818818818818777,0.0016272939606272927,0.51,0.10867837837837838,0.005950825248649029,-0.19132162162162156,-0.19126163361922213,0.0,0.0,4.473100708587125,1131.759107295291,0.2263518214590582,339.52773218858727,339.5277321885872,0.00648074069840786,0.013621741938330998,0.7346043138648959,0.20465211221189344
F7,N2,CONF_NAIVE,6,0.15,0.3,5000,200,0.29999999999999993,0.2999400119976005,0.66655995995996,0.01004595051562584,0.36655995995996,1.2218665331998666,1.0,0.2996896896896897,0.007470563756260289,-0.0003103103103102578,-0.000250322307910833,0.495,0.0,7.12803487776102,1415.750688105153,0.2831501376210306,424.72520643154587,424.72520643154576,0.00648074069840786,0.012179129734200662,0.9472789947532041,0.3250705834093893
F7,N2,CONF_START,6,0.15,0.3,5000,200,0.10895120975789994,0.10875124975004999,0.30040640640640637,0.01451735487033606,0.0004064064064063788,0.0013546880213545962,0.51,0.10864644644644646,0.005938774788028239,-0.00030476331145348756,-0.00010480330360353174,0.46,0.0,4.472838309272862,1131.6104376646579,0.22632208753293157,339.48313129939737,123.2903261582311,0.00648074069840786,0.013622636713054002,0.7344909864481072,0.20462119402558318
F7,N2,BISECT,6,0.15,0.5,5000,200,0.5,0.4999000199960007,0.5007778778778779,0.01472308702017059,0.0007778778778778639,0.0015557557557557278,0.515,0.19816136136136137,0.0076118478884121404,-0.30183863863863863,-0.30173865863463933,0.0,0.0,5.547450619167047,1225.9112416098337,0.24518224832196675,612.9556208049169,612.9556208049169,0.007071067811865475,0.014280403886062271,0.8724001079589903,0.2812712861983847
F7,N2,CONF_NAIVE,6,0.15,0.5,5000,200,0.5,0.4999000199960007,0.8512941941941942,0.005423074003142079,0.35129419419419416,0.7025883883883883,1.0,0.4994135135135135,0.008570914003953104,-0.0005864864864865149,-0.0004865064824872145,0.49,0.0,11.878566910358414,1980.9888803892152,0.396197776077843,990.4944401946076,990.4944401946076,0.007071067811865475,0.01123385943585452,0.9920764030897568,0.35240626665237423
F7,N2,CONF_START,6,0.15,0.5,5000,200,0.19801839632050755,0.19781843631273743,0.5007131131131132,0.014746273629610049,0.0007131131131131729,0.0014262262262263459,0.515,0.19812922922922924,0.007620558939749092,0.00011083290872168639,0.0003107929164918033,0.54,0.0,5.54708607282209,1225.9473673290884,0.24518947346581768,612.9736836645442,242.76013165185427,0.007071067811865475,0.014280193479940466,0.8723869899811125,0.281281061714821
F7,N2,BISECT,6,0.0,0.02,5000,200,0.019999999999999997,0.019996000799839986,0.02001911911911912,0.005480869914539588,1.9119119119118816e-05,0.0009559559559559408,0.455,0.003373073073073073,0.0009332636288964877,-0.016626926926926924,-0.016622927726766913,0.0,0.0,6.067817383093379,812.5692070038781,0.16251384140077563,16.251384140077562,16.25138414007756,0.001979898987322333,0.004911315744913099,0.15654902509473123,0.014692192916908634
F7,N2,CONF_NAIVE,6,0.0,0.02,5000,200,0.019999999999999997,0.019996000799839986,0.10773173173173173,0.011489047498667627,0.08773173173173172,4.386586586586586,1.0,0.019923423423423424,0.002464211101014761,-7.657657657657302e-05,-7.257737641656187e-05,0.465,0.0,6.511203453334037,816.4763048549618,0.16329526097099234,16.329526097099237,16.329526097099233,0.001979898987322333,0.0048995505518994445,0.43307339658247057,0.056879189351585556
F7,N2,CONF_START,6,0.0,0.02,5000,200,0.003664267146567304,0.0034643071385722494,0.02001911911911912,0.005480869914539588,1.9119119119118816e-05,0.0009559559559559408,0.455,0.003373073073073073,0.0009332636288964877,-0.00029119407349423093,-9.123406549917633e-05,0.34,0.0,6.067817383093379,812.5692070038781,0.16251384140077563,16.251384140077562,2.9774706495365573,0.001979898987322333,0.004911315744913099,0.15654902509473123,0.014692192916908634
F7,N2,BISECT,6,0.0,0.05,5000,200,0.05,0.04999000199960014,0.050061661661661656,0.008315448855753707,6.16616616616536e-05,0.001233233233233072,0.48,0.008593893893893893,0.0014788270968016804,-0.04140610610610611,-0.04139610810570624,0.0,0.0,6.1905857614240105,813.8460085495274,0.16276920170990547,40.69230042747637,40.69230042747637,0.0030822070014844883,0.00763968911274507,0.2922888648671066,0.030828611594509843
F7,N2,CONF_NAIVE,6,0.0,0.05,5000,200,0.05,0.04999000199960014,0.23977777777777776,0.018018364138595262,0.18977777777777777,3.795555555555555,1.0,0.04997397397397397,0.004292608828511944,-2.6026026026033933e-05,-1.6028025626169118e-05,0.475,0.0,7.319020863830238,804.4987812824542,0.16089975625649083,40.22493906412271,40.22493906412271,0.0030822070014844883,0.0076839425571456005,0.6001195069379215,0.1301024234174683
F7,N2,CONF_START,6,0.0,0.05,5000,200,0.00891321735651449,0.008713257348530297,0.050061661661661656,0.008315448855753707,6.16616616616536e-05,0.001233233233233072,0.48,0.008593893893893893,0.0014788270968016804,-0.0003193234626205979,-0.00011936345463640398,0.41,0.0,6.1905857614240105,813.8460085495274,0.16276920170990547,40.69230042747637,7.253986368933688,0.0030822070014844883,0.00763968911274507,0.2922888648671066,0.030828611594509843
F7,N2,BISECT,6,0.0,0.1,5000,200,0.1,0.09998000399920015,0.0998916916916917,0.01211199814471651,-0.00010830830830831084,-0.0010830830830831084,0.465,0.018252552552552554,0.0025486235458527357,-0.08174744744744745,-0.0817274514466476,0.0,0.0,6.459892144941265,813.126895734889,0.1626253791469778,81.31268957348891,81.31268957348891,0.004242640687119285,0.0105206383414611,0.4198728508320923,0.053469251044067675
F7,N2,CONF_NAIVE,6,0.0,0.1,5000,200,0.1,0.09998000399920015,0.433162962962963,0.019494369258715644,0.333162962962963,3.3316296296296297,1.0,0.09980750750750751,0.005662826666436326,-0.00019249249249249367,-0.00017249649169263914,0.465,0.0,8.740364255834134,852.7546409649675,0.1705509281929935,85.27546409649676,85.27546409649676,0.004242640687119285,0.010273281983384163,0.7597335894981768,0.21756091168625452
F7,N2,CONF_START,6,0.0,0.1,5000,200,0.01854529094176022,0.01834533093381323,0.0998916916916917,0.01211199814471651,-0.00010830830830831084,-0.0010830830830831084,0.465,0.018252552552552554,0.0025486235458527357,-0.0002927383892076668,-9.27783812606775e-05,0.425,0.0,6.459892144941265,813.126895734889,0.1626253791469778,81.31268957348891,15.079674853973845,0.004242640687119285,0.0105206383414611,0.4198728508320923,0.053469251044067675
F7,N2,BISECT,6,0.0,0.2,5000,200,0.2,0.1999600079984003,0.2003142142142142,0.016695868173476878,0.0003142142142141813,0.0015710710710709064,0.5,0.04075285285285285,0.0038585242152966905,-0.15924714714714716,-0.15920715514554745,0.0,0.0,7.083986691634018,803.9043282656794,0.16078086565313587,160.7808656531359,160.7808656531359,0.005656854249492381,0.014107751715945966,0.5556511483902712,0.10738915917889653
F7,N2,CONF_NAIVE,6,0.0,0.2,5000,200,0.2,0.1999600079984003,0.7091799799799798,0.013787178604102763,0.5091799799799799,2.5458998998998994,1.0,0.2001336336336336,0.006775292689431498,0.00013363363363358416,0.00017362563523329322,0.54,0.0,13.430120346298601,976.1432930313592,0.19522865860627184,195.22865860627186,195.22865860627186,0.005656854249492381,0.012802748199606822,0.9145901198272466,0.30694206872197705
F7,N2,CONF_START,6,0.0,0.2,5000,200,0.04098080383914752,0.04078084383123375,0.2003142142142142,0.016695868173476878,0.0003142142142141813,0.0015710710710709064,0.5,0.04075285285285285,0.0038585242152966905,-0.00022795098629466853,-2.7990978380902642e-05,0.44,0.0,7.083986691634018,803.9043282656794,0.16078086565313587,160.7808656531359,32.94464558209746,0.005656854249492381,0.014107751715945966,0.5556511483902712,0.10738915917889653
F7,N2,BISECT,6,0.0,0.3,5000,200,0.29999999999999993,0.2999400119976005,0.3000920920920921,0.018507351014153284,9.209209209209979e-05,0.0003069736403069993,0.47,0.06450100100100101,0.00459959924560032,-0.23549899899899893,-0.2354390109965995,0.0,0.0,7.689528270061817,816.2321869788254,0.16324643739576508,244.86965609364762,244.86965609364756,0.00648074069840786,0.016039941834792387,0.6575561657082754,0.16087890534327548
F7,N2,CONF_NAIVE,6,0.0,0.3,5000,200,0.29999999999999993,0.2999400119976005,0.8650040040040039,0.008395996069988629,0.5650040040040039,1.8833466800133463,1.0,0.2996896896896897,0.007470563756260289,-0.0003103103103102578,-0.000250322307910833,0.495,0.0,22.99346759847358,1151.3362073575527,0.23026724147151054,345.4008622072658,345.40086220726573,0.00648074069840786,0.013505434658111793,0.9722121294696258,0.3408139623918622
F7,N2,CONF_START,6,0.0,0.3,5000,200,0.06483003399306382,0.06463007398520296,0.3000920920920921,0.018507351014153284,9.209209209209979e-05,0.0003069736403069993,0.47,0.06450100100100101,0.00459959924560032,-0.0003290329920628138,-0.00012907298420195001,0.415,0.0,7.689528270061817,816.2321869788254,0.16324643739576508,244.86965609364762,52.91636042807008,0.00648074069840786,0.016039941834792387,0.6575561657082754,0.16087890534327548
F7,N2,BISECT,6,0.0,0.5,5000,200,0.5,0.4999000199960007,0.5007594594594594,0.017898999869502785,0.0007594594594594328,0.0015189189189188657,0.525,0.12008658658658661,0.00568276050790577,-0.3799134134134134,-0.3798134334094141,0.0,0.0,9.454022021488786,875.9125583395522,0.17518251166791043,437.9562791697761,437.9562791697761,0.007071067811865475,0.01689427766806822,0.8031741060499901,0.24192794195572698
F7,N2,CONF_NAIVE,6,0.0,0.5,5000,200,0.5,0.4999000199960007,0.981165965965966,0.0020665172820133982,0.48116596596596595,0.9623319319319319,1.0,0.4994135135135135,0.008570914003953104,-0.0005864864864865149,-0.0004865064824872145,0.49,0.0,109.10494103123543,1714.990076764836,0.3429980153529672,857.495038382418,857.495038382418,0.007071067811865475,0.012073667140439927,0.9981869014884415,0.3561732408847475
F7,N2,CONF_START,6,0.0,0.5,5000,200,0.12025794841007371,0.12005798840231954,0.5007594594594594,0.017898999869502785,0.0007594594594594328,0.0015189189189188657,0.525,0.12008658658658661,0.00568276050790577,-0.0001713618234871067,2.859818426706462e-05,0.48,0.0,9.454022021488786,875.9125583395522,0.17518251166791043,437.9562791697761,105.33544725253356,0.007071067811865475,0.01689427766806822,0.8031741060499901,0.24192794195572698
F7,N2,BISECT,10,0.3,0.02,5000,200,0.019999999999999997,0.019996000799839986,0.020269869869869866,0.0036469234487759438,0.0002698698698698661,0.013493493493493304,0.51,0.009876876876876876,0.0015978619378350532,-0.01012312312312312,-0.01011912392296311,0.0,0.0,2.1166013537064536,1888.3139762368953,0.37766279524737906,37.766279524737904,37.766279524737904,0.001979898987322333,0.0032217432842594233,0.29386881719142,0.047367886984315745
F7,N2,CONF_NAIVE,10,0.3,0.02,5000,200,0.019999999999999997,0.019996000799839986,0.04242372372372372,0.005118807917552592,0.022423723723723723,1.121186186186186,1.0,0.019923423423423424,0.002464211101014761,-7.657657657657302e-05,-7.257737641656187e-05,0.465,0.0,2.3802581007280503,1628.6468797021098,0.32572937594042195,32.572937594042195,32.572937594042195,0.001979898987322333,0.0034690820347504574,0.39561549244320127,0.06123265365611354
F7,N2,CONF_START,10,0.3,0.02,5000,200,0.010161967606470564,0.009962007598480309,0.02011271271271271,0.003677706726753678,0.00011271271271270922,0.005635635635635461,0.49,0.009804404404404405,0.0016098706828647695,-0.0003575632020661589,-0.00015760319407590387,0.39,0.0,2.1146245198754654,1885.0938619505648,0.37701877239011294,37.701877239011296,19.156262760298134,0.001979898987322333,0.003224493798488537,0.29308886588767863,0.047273766891336645
F7,N2,BISECT,10,0.3,0.05,5000,200,0.05,0.04999000199960014,0.05034854854854855,0.006302157998152054,0.000348548548548544,0.00697097097097088,0.495,0.023819819819819815,0.003146198218150369,-0.026180180180180188,-0.026170182179780323,0.0,0.0,2.435408185422325,1584.2734414301726,0.3168546882860345,79.21367207150864,79.21367207150864,0.0030822070014844883,0.005475600240660189,0.42375637467217925,0.06769077357080396
F7,N2,CONF_NAIVE,10,0.3,0.05,5000,200,0.05,0.04999000199960014,0.1010994994994995,0.008275422296521028,0.051099499499499504,1.02198998998999,1.0,0.04997397397397397,0.004292608828511944,-2.6026026026033933e-05,-1.6028025626169118e-05,0.475,0.0,2.582215653309469,1456.9881076301872,0.29139762152603743,72.84940538150936,72.84940538150936,0.0030822070014844883,0.005709772457480791,0.5419405701581617,0.1094735194604058
F7,N2,CONF_START,10,0.3,0.05,5000,200,0.024091181763626884,0.02389122175564887,0.05021171171171171,0.006299754429725322,0.00021171171171170677,0.0042342342342341355,0.485,0.023755755755755757,0.00314752918540973,-0.00033542600787112714,-0.00013546599989311403,0.415,0.0,2.4343345871226596,1584.2767835814486,0.3168553567162897,79.21383917907244,38.16709995715485,0.0030822070014844883,0.0054755944650614514,0.4233101749254039,0.06758932078910959
F7,N2,BISECT,10,0.3,0.1,5000,200,0.1,0.09998000399920015,0.10034504504504504,0.009115246362813972,0.0003450450450450393,0.003450450450450393,0.51,0.049593893893893896,0.004728908785759116,-0.05040610610610611,-0.050386110105306255,0.0,0.0,2.580560428863579,1461.4545091830514,0.2922909018366103,146.14545091830516,146.14545091830516,0.004242640687119285,0.007847450842992163,0.5391807875659861,0.10826812518531963
F7,N2,CONF_NAIVE,10,0.3,0.1,5000,200,0.1,0.09998000399920015,0.19955275275275278,0.010916298353100196,0.09955275275275277,0.9955275275275277,1.0,0.09980750750750751,0.005662826666436326,-0.00019249249249249367,-0.00017249649169263914,0.465,0.0,2.822021392094429,1433.3795921115454,0.2866759184223091,143.33795921115455,143.33795921115455,0.004242640687119285,0.00792393029121789,0.6849132428315449,0.17879362000191595
F7,N2,CONF_START,10,0.3,0.1,5000,200,0.049737052589436524,0.0495370925814837,0.10026386386386385,0.009124320590556442,0.00026386386386384464,0.0026386386386384464,0.505,0.04955255255255255,0.004732692823789363,-0.0001845000368839722,1.5459971068852718e-05,0.455,0.0,2.5803672301693723,1462.1604365356754,0.2924320873071351,146.21604365356754,72.72355052616835,0.004242640687119285,0.007845556249600295,0.539034349419491,0.1082214006533764
F7,N2,BISECT,10,0.3,0.2,5000,200,0.2,0.1999600079984003,0.199984984984985,0.011509282588755476,-1.5015015015024114e-05,-7.507507507512057e-05,0.485,0.10001391391391393,0.005985311761287187,-0.09998608608608608,-0.09994609408448638,0.0,0.0,2.8236657878712803,1432.3480340541216,0.28646960681082434,286.46960681082436,286.46960681082436,0.005656854249492381,0.010569044176556705,0.6851010137505185,0.1788223867077549
F7,N2,CONF_NAIVE,10,0.3,0.2,5000,200,0.2,0.1999600079984003,0.38606016016016015,0.011546974977006234,0.18606016016016014,0.9303008008008007,1.0,0.2001336336336336,0.006775292689431498,0.00013363363363358416,0.00017362563523329322,0.54,0.0,3.429360658242938,1534.1621121053147,0.30683242242106296,306.832422421063,306.832422421063,0.005656854249492381,0.010212318822470066,0.8484677229761726,0.2661100129801767
F7,N2,CONF_START,10,0.3,0.2,5000,200,0.10032693461298772,0.10012697460507898,0.1998814814814815,0.011466324920293699,-0.0001185185185185178,-0.000592592592592589,0.48,0.09996196196196194,0.005965614933475633,-0.00036497265102578,-0.0001650126431170379,0.465,0.0,2.8233515661309765,1432.6761851496285,0.2865352370299257,286.5352370299257,143.73600994909148,0.005656854249492381,0.010567833699938911,0.6849161224099614,0.17874398634320127
F7,N2,BISECT,10,0.3,0.3,5000,200,0.29999999999999993,0.2999400119976005,0.29993283283283284,0.013633831465494158,-6.71671671671481e-05,-0.000223890557223827,0.495,0.15193493493493493,0.007294091124114673,-0.148065065065065,-0.14800507706266558,0.0,0.0,3.1235235128768504,1481.1193511435017,0.29622387022870034,444.3358053430505,444.3358053430504,0.00648074069840786,0.011907336291338357,0.7849442535458148,0.23158122731713093
F7,N2,CONF_NAIVE,10,0.3,0.3,5000,200,0.29999999999999993,0.2999400119976005,0.538671971971972,0.010055252568201181,0.23867197197197204,0.7955732399065735,1.0,0.2996896896896897,0.007470563756260289,-0.0003103103103102578,-0.000250322307910833,0.495,0.0,4.154068488637327,1727.47710125304,0.345495420250608,518.243130375912,518.2431303759118,0.00648074069840786,0.011025632119434286,0.9289933245383674,0.3134598503430956
F7,N2,CONF_START,10,0.3,0.3,5000,200,0.15175964807024817,0.15155968806238754,0.29976996996996996,0.013628760929219028,-0.0002300300300300262,-0.000766766766766754,0.49,0.15184874874874874,0.007291166535458241,8.910067850056991e-05,0.00028906068636119775,0.505,0.0,3.1230223845170575,1481.5359032668903,0.2963071806533781,444.4607709800671,224.8373672832205,0.00648074069840786,0.01190566222630311,0.7848493337610358,0.23155858435392224
F7,N2,BISECT,10,0.3,0.5,5000,200,0.5,0.4999000199960007,0.49948568568568574,0.01376690769662189,-0.000514314314314257,-0.001028628628628514,0.485,0.2718403403403403,0.00932609838013093,-0.22815965965965967,-0.22805967965566037,0.0,0.0,3.9364024946817096,1672.9368877788875,0.3345873775557775,836.4684438894437,836.4684438894437,0.007071067811865475,0.012224475252091003,0.9120881988520606,0.30309743283117835
F7,N2,CONF_NAIVE,10,0.3,0.5,5000,200,0.5,0.4999000199960007,0.751682082082082,0.0072332495683985745,0.251682082082082,0.503364164164164,1.0,0.4994135135135135,0.008570914003953104,-0.0005864864864865149,-0.0004865064824872145,0.49,0.0,6.275904417265346,2305.142903651569,0.46102858073031383,1152.5714518257846,1152.5714518257846,0.007071067811865475,0.010414084023657703,0.9864978650043168,0.3489309681416953
F7,N2,CONF_START,10,0.3,0.5,5000,200,0.2723255348928065,0.272125574885023,0.4994017017017017,0.013731672214073844,-0.0005982982982983276,-0.0011965965965966552,0.475,0.27178108108108107,0.009302464009468582,-0.0005444538117254094,-0.0003444938039419143,0.51,0.0,3.936010364056399,1672.473880930428,0.33449477618608564,836.236940465214,455.45734421862676,0.007071067811865475,0.012226167243861484,0.9120480559159045,0.30307486237563713
F7,N2,BISECT,10,0.15,0.02,5000,200,0.019999999999999997,0.019996000799839986,0.020489189189189193,0.004573682820278038,0.0004891891891891931,0.024459459459459654,0.465,0.00654924924924925,0.0013899253804553337,-0.013450750750750747,-0.013446751550590736,0.0,0.0,3.2100173184757965,1247.8056621297073,0.24956113242594147,24.956113242594146,24.956113242594142,0.001979898987322333,0.0039632782112663635,0.23974442902262577,0.030234011056096743
F7,N2,CONF_NAIVE,10,0.15,0.02,5000,200,0.019999999999999997,0.019996000799839986,0.0658995995995996,0.008005696006965499,0.04589959959959959,2.2949799799799795,1.0,0.019923423423423424,0.002464211101014761,-7.657657657657302e-05,-7.257737641656187e-05,0.465,0.0,3.7955583099224306,990.6532512269256,0.19813065024538512,19.813065024538513,19.81306502453851,0.001979898987322333,0.00444802481117856,0.41476386310793945,0.059776247155398234
F7,N2,CONF_START,10,0.15,0.02,5000,200,0.006832633473296184,0.006632673465306938,0.020397397397397397,0.0045838579270344945,0.00039739739739739696,0.019869869869869848,0.445,0.006521221221221221,0.0013968085434805206,-0.00031141225207496296,-0.00011145224408571752,0.355,0.0,3.2092933245462087,1249.5240070340133,0.24990480140680266,24.990480140680265,8.537539556147776,0.001979898987322333,0.003960552124426561,0.23936416323165868,0.03017927606088628
F7,N2,BISECT,10,0.15,0.05,5000,200,0.05,0.04999000199960014,0.050190590590590584,0.0074551097634110945,0.0001905905905905808,0.003811811811811616,0.485,0.015253153153153152,0.0021677479450284798,-0.034746846846846854,-0.03473684884644698,0.0,0.0,3.596401203441661,1056.853313880134,0.2113706627760268,52.842665694006705,52.842665694006705,0.0030822070014844883,0.006704084012765359,0.37272315859898836,0.05097521115777579
F7,N2,CONF_NAIVE,10,0.15,0.05,5000,200,0.05,0.04999000199960014,0.15874674674674677,0.012604795709128445,0.10874674674674677,2.174934934934935,1.0,0.04997397397397397,0.004292608828511944,-2.6026026026033933e-05,-1.6028025626169118e-05,0.475,0.0,4.359701266069672,889.3379479687646,0.17786758959375293,44.466897398438235,44.466897398438235,0.0030822070014844883,0.0073082499589466835,0.5742705751298647,0.1231126869522573
F7,N2,CONF_START,10,0.15,0.05,5000,200,0.015554889022174612,0.015354929014197168,0.04996586586586586,0.007417018707732589,-3.413413413413946e-05,-0.0006826826826827892,0.47,0.015184684684684684,0.002158919395201451,-0.00037020433748992734,-0.00017024432951248322,0.39,0.0,3.5939516116918786,1056.181543996914,0.21123630879938277,52.809077199845696,16.42878670414103,0.0030822070014844883,0.0067062156945174025,0.37164153920110027,0.05083609627610297
F7,N2,BISECT,10,0.15,0.1,5000,200,0.1,0.09998000399920015,0.10038948948948949,0.011118718062204935,0.0003894894894894835,0.0038948948948948348,0.52,0.030895195195195194,0.003703317284984858,-0.06910480480480481,-0.06908480880400496,0.0,0.0,4.0735328151264465,916.5121923649818,0.18330243847299638,91.65121923649819,91.65121923649819,0.004242640687119285,0.009909508883752015,0.4838419069140241,0.0825634050461963
F7,N2,CONF_NAIVE,10,0.15,0.1,5000,200,0.1,0.09998000399920015,0.304806006006006,0.015191597712468358,0.204806006006006,2.0480600600600596,1.0,0.09980750750750751,0.005662826666436326,-0.00019249249249249367,-0.00017249649169263914,0.465,0.0,4.990288814481369,913.6523746691893,0.18273047493383784,91.36523746691893,91.36523746691893,0.004242640687119285,0.009925005613169972,0.7282466643320874,0.2026940770298431
F7,N2,CONF_START,10,0.15,0.1,5000,200,0.03108978204354345,0.030889822035592884,0.10025385385385385,0.011081366233390151,0.00025385385385384707,0.0025385385385384707,0.5,0.030852352352352348,0.0036914359702350475,-0.0002374296911911017,-3.746968324053537e-05,0.46,0.0,4.07270482962116,916.6641940784249,0.183332838815685,91.6664194078425,28.49889000101864,0.004242640687119285,0.009908687249839123,0.4835880310888312,0.08243310012721781
F7,N2,BISECT,10,0.15,0.2,5000,200,0.2,0.1999600079984003,0.2005927927927928,0.014373697050189083,0.0005927927927927845,0.0029639639639639226,0.515,0.06375615615615615,0.004904968870494636,-0.13624384384384386,-0.13620385184224415,0.0,0.0,4.535412425626235,894.4096055554875,0.1788819211110975,178.8819211110975,178.8819211110975,0.005656854249492381,0.013374937583331751,0.6256243467728463,0.14849313796700225
F7,N2,CONF_NAIVE,10,0.15,0.2,5000,200,0.2,0.1999600079984003,0.538270970970971,0.012948389499488743,0.338270970970971,1.6913548548548547,1.0,0.2001336336336336,0.006775292689431498,0.00013363363363358416,0.00017362563523329322,0.54,0.0,6.380460980335663,1046.206055479109,0.20924121109582178,209.2412110958218,209.2412110958218,0.005656854249492381,0.01236663026751068,0.8873399783615599,0.2905774805727521
F7,N2,CONF_START,10,0.15,0.2,5000,200,0.06401219756038935,0.06381223755248949,0.2004883883883884,0.0143476752578536,0.0004883883883883833,0.0024419419419419164,0.51,0.06372352352352352,0.0048946660267347175,-0.0002886740368658325,-8.871402896597214e-05,0.445,0.0,4.534968643262614,894.1402875245635,0.1788280575049127,178.82805750491272,57.2358847317257,0.005656854249492381,0.013376951719537641,0.6252973698684057,0.1483158613494894
F7,N2,BISECT,10,0.15,0.3,5000,200,0.29999999999999993,0.2999400119976005,0.29978708708708707,0.016157188528253732,-0.00021291291291292147,-0.0007097097097097382,0.485,0.09802272272272272,0.005937628779707915,-0.2019772772772772,-0.2019172892748778,0.0,0.0,4.967230666009131,910.1011774601534,0.18202023549203067,273.030353238046,273.03035323804596,0.00648074069840786,0.015190246073398288,0.7254211664998793,0.201542003954513
F7,N2,CONF_NAIVE,10,0.15,0.3,5000,200,0.29999999999999993,0.2999400119976005,0.6908940940940941,0.00938535857526056,0.3908940940940941,1.3029803136469804,1.0,0.2996896896896897,0.007470563756260289,-0.0003103103103102578,-0.000250322307910833,0.495,0.0,7.97168909500665,1265.786672896038,0.2531573345792076,379.7360018688114,379.73600186881134,0.00648074069840786,0.01288040111947595,0.953340027055584,0.32880205861814915
F7,N2,CONF_START,10,0.15,0.3,5000,200,0.09841031793627962,0.09821035792841432,0.2996747747747748,0.016157000906663267,-0.0003252252252252119,-0.0010840840840840398,0.485,0.09797907907907909,0.005937193113236732,-0.00043123885720053323,-0.00023127884933522858,0.455,0.0,4.966901665560298,910.1237451577231,0.1820247490315446,273.0371235473169,89.56556712232906,0.00648074069840786,0.01519005774131359,0.7252728004690405,0.20142894423223673
F7,N2,BISECT,10,0.15,0.5,5000,200,0.5,0.4999000199960007,0.5003339339339339,0.016861259587815515,0.00033393393393388315,0.0006678678678677663,0.51,0.18094784784784781,0.008093643122904722,-0.3190521521521522,-0.31895217214815286,0.0,0.0,6.09978158582986,1011.6237299294136,0.2023247459858827,505.8118649647068,505.8118649647068,0.007071067811865475,0.01572028807559205,0.8655913408593798,0.278627433384797
F7,N2,CONF_NAIVE,10,0.15,0.5,5000,200,0.5,0.4999000199960007,0.8565970970970972,0.005052165969917676,0.3565970970970972,0.7131941941941944,1.0,0.4994135135135135,0.008570914003953104,-0.0005864864864865149,-0.0004865064824872145,0.49,0.0,12.39389221529001,1932.8327345382654,0.3865665469076531,966.4163672691327,966.4163672691327,0.007071067811865475,0.011372943149431563,0.9926892923563703,0.3527168256460059
F7,N2,CONF_START,10,0.15,0.5,5000,200,0.18068386322712315,0.18048390321935615,0.5001994994994995,0.016858911444018545,0.0001994994994994892,0.0003989989989989784,0.51,0.1808834834834835,0.00808655232498256,0.00019962025636033331,0.0003995802641273416,0.53,0.0,6.098763779704216,1011.5314484629755,0.2023062896925951,505.76572423148775,182.76740988401804,0.007071067811865475,0.015721005135923546,0.8655354141160474,0.2785826670150199
F7,N2,BISECT,10,0.0,0.02,5000,200,0.019999999999999997,0.019996000799839986,0.020994694694694695,0.006705988510542287,0.000994694694694695,0.04973473473473475,0.53,0.0021262262262262263,0.0006865503779705912,-0.01787377377377377,-0.01786977457361376,0.0,0.0,10.126478129819068,490.58681460921093,0.09811736292184219,9.81173629218422,9.811736292184218,0.001979898987322333,0.0063207716353281315,0.11783360561911171,0.012179640485532203
F7,N2,CONF_NAIVE,10,0.0,0.02,5000,200,0.019999999999999997,0.019996000799839986,0.17200500500500504,0.01741824118149095,0.15200500500500505,7.6002502502502525,1.0,0.019923423423423424,0.002464211101014761,-7.657657657657302e-05,-7.257737641656187e-05,0.465,0.0,11.2125382216403,494.4385038095459,0.09888770076190918,9.88877007619092,9.888770076190918,0.001979898987322333,0.006296104010790857,0.47379069609293706,0.07720109566720793
F7,N2,CONF_START,10,0.0,0.02,5000,200,0.002403519296140273,0.0022035592881423562,0.020994694694694695,0.006705988510542287,0.000994694694694695,0.04973473473473475,0.53,0.0021262262262262263,0.0006865503779705912,-0.00027729306991404684,-7.733306191612995e-05,0.28,0.0,10.126478129819068,490.58681460921093,0.09811736292184219,9.81173629218422,1.1791348753452293,0.001979898987322333,0.0063207716353281315,0.11783360561911171,0.012179640485532203
F7,N2,BISECT,10,0.0,0.05,5000,200,0.05,0.04999000199960014,0.050151051051051054,0.010543856592384483,0.00015105105105105154,0.003021021021021031,0.46,0.005157257257257257,0.0011161531884478154,-0.04484274274274275,-0.04483274474234288,0.0,0.0,10.285793491599986,488.3961126028196,0.09767922252056392,24.41980563014098,24.41980563014098,0.0030822070014844883,0.009861902522835057,0.2257898287214201,0.026227456195889766
F7,N2,CONF_NAIVE,10,0.0,0.05,5000,200,0.05,0.04999000199960014,0.3623422422422422,0.024650222662506414,0.3123422422422422,6.246844844844844,1.0,0.04997397397397397,0.004292608828511944,-2.6026026026033933e-05,-1.6028025626169118e-05,0.475,0.0,13.217049579635404,506.2509259504713,0.10125018519009427,25.312546297523568,25.312546297523568,0.0030822070014844883,0.009686433238334019,0.6653425700693274,0.16538769239275183
F7,N2,CONF_START,10,0.0,0.05,5000,200,0.005476904619062204,0.005276944611077773,0.050151051051051054,0.010543856592384483,0.00015105105105105154,0.003021021021021031,0.46,0.005157257257257257,0.0011161531884478154,-0.0003196473618049464,-0.00011968735382051569,0.375,0.0,10.285793491599986,488.3961126028196,0.09767922252056392,24.41980563014098,2.674898925046407,0.0030822070014844883,0.009861902522835057,0.2257898287214201,0.026227456195889766
F7,N2,BISECT,10,0.0,0.1,5000,200,0.1,0.09998000399920015,0.10012272272272274,0.01479674618595878,0.00012272272272273455,0.0012272272272273455,0.5,0.010653253253253255,0.0016990715232851252,-0.08934674674674675,-0.0893267507459469,0.0,0.0,10.625041157428226,486.23532327266855,0.09724706465453371,48.62353232726686,48.62353232726686,0.004242640687119285,0.013604982952032763,0.35659464837953336,0.04835745984226678
F7,N2,CONF_NAIVE,10,0.0,0.1,5000,200,0.1,0.09998000399920015,0.6065952952952952,0.02226691027243943,0.5065952952952952,5.065952952952952,1.0,0.09980750750750751,0.005662826666436326,-0.00019249249249249367,-0.00017249649169263914,0.465,0.0,17.710696235196576,558.612982582592,0.1117225965165184,55.86129825825921,55.86129825825921,0.004242640687119285,0.012693042737230983,0.8339739848477652,0.26021563433637485
F7,N2,CONF_START,10,0.0,0.1,5000,200,0.010940811837596882,0.010740851829634059,0.10012272272272274,0.01479674618595878,0.00012272272272273455,0.0012272272272273455,0.5,0.010653253253253255,0.0016990715232851252,-0.00028755858434362756,-8.759857638080369e-05,0.42,0.0,10.625041157428226,486.23532327266855,0.09724706465453371,48.62353232726686,5.319809180719359,0.004242640687119285,0.013604982952032763,0.35659464837953336,0.04835745984226678
F7,N2,BISECT,10,0.0,0.2,5000,200,0.2,0.1999600079984003,0.19932762762762762,0.02024742026052666,-0.0006723723723723873,-0.0033618618618619367,0.455,0.02391611611611612,0.0030052082593536667,-0.17608388388388388,-0.17604389188228417,0.0,0.0,11.468682149744268,492.75350625562083,0.09855070125112417,98.55070125112417,98.55070125112417,0.005656854249492381,0.018019599313170483,0.5086396255483152,0.09016027183154902
F7,N2,CONF_NAIVE,10,0.0,0.2,5000,200,0.2,0.1999600079984003,0.8693811811811812,0.010615777386716388,0.6693811811811812,3.346905905905906,1.0,0.2001336336336336,0.006775292689431498,0.00013363363363358416,0.00017362563523329322,0.54,0.0,36.84231610903289,698.7038485364048,0.13974076970728097,139.74076970728098,139.74076970728098,0.005656854249492381,0.015132595508823713,0.961757847530127,0.3347889061883915
F7,N2,CONF_START,10,0.0,0.2,5000,200,0.024183163367239708,0.02398320335932813,0.19932762762762762,0.02024742026052666,-0.0006723723723723873,-0.0033618618618619367,0.455,0.02391611611611612,0.0030052082593536667,-0.0002670472511235866,-6.708724321200996e-05,0.42,0.0,11.468682149744268,492.75350625562083,0.09855070125112417,98.55070125112417,11.916338541559853,0.005656854249492381,0.018019599313170483,0.5086396255483152,0.09016027183154902
F7,N2,BISECT,10,0.0,0.3,5000,200,0.29999999999999993,0.2999400119976005,0.3004373373373374,0.024121751601651222,0.00043733733733741786,0.0014577911244580597,0.5,0.039631431431431434,0.003908392578742133,-0.2603685685685685,-0.26030858056616907,0.0,0.0,12.495241969317936,502.64565176202115,0.10052913035240423,150.79369552860635,150.79369552860632,0.00648074069840786,0.020439896030591886,0.6090858982339601,0.13628460396321798
F7,N2,CONF_NAIVE,10,0.0,0.3,5000,200,0.29999999999999993,0.2999400119976005,0.963434034034034,0.004040132753097682,0.6634340340340341,2.211446780113447,1.0,0.2996896896896897,0.007470563756260289,-0.0003103103103102578,-0.000250322307910833,0.495,0.0,95.04328343537505,934.8615295704873,0.18697230591409744,280.45845887114615,280.45845887114615,0.00648074069840786,0.014987734911323125,0.9923446153330436,0.353029256820691
F7,N2,CONF_START,10,0.0,0.3,5000,200,0.03980003999186311,0.039600079984003195,0.3004373373373374,0.024121751601651222,0.00043733733733741786,0.0014577911244580597,0.5,0.039631431431431434,0.003908392578742133,-0.00016860856043167394,3.13514474282392e-05,0.465,0.0,12.495241969317936,502.64565176202115,0.10052913035240423,150.79369552860635,20.00531704186454,0.00648074069840786,0.020439896030591886,0.6090858982339601,0.13628460396321798
F7,N2,BISECT,10,0.0,0.5,5000,200,0.5,0.4999000199960007,0.5000515515515516,0.024194606720501267,5.155155155156521e-05,0.00010310310310313042,0.445,0.0757022022022022,0.0049647191233252105,-0.4242977977977978,-0.4241978177937985,0.0,0.0,15.29023081328374,529.9376804635289,0.10598753609270577,264.96884023176443,264.96884023176443,0.007071067811865475,0.02171988913175242,0.7678284807258713,0.222491774962397
F7,N2,CONF_NAIVE,10,0.0,0.5,5000,200,0.5,0.4999000199960007,0.9986267267267266,0.0003713705484451072,0.4986267267267266,0.9972534534534532,1.0,0.4994135135135135,0.008570914003953104,-0.0005864864864865149,-0.0004865064824872145,0.49,0.0,1555.283598329088,2435.100082181186,0.48702001643623716,1217.550041090593,1217.550041090593,0.007071067811865475,0.01013238297850759,0.9998802813146241,0.35706225747433173
F7,N2,CONF_START,10,0.0,0.5,5000,200,0.07592881423690716,0.07572885422915417,0.5000515515515516,0.024194606720501267,5.155155155156521e-05,0.00010310310310313042,0.445,0.0757022022022022,0.0049647191233252105,-0.00022661203470496216,-2.6652026951970442e-05,0.435,0.0,15.29023081328374,529.9376804635289,0.10598753609270577,264.96884023176443,40.237539697052746,0.007071067811865475,0.02171988913175242,0.7678284807258713,0.222491774962397
F7,N2,BISECT,20,0.3,0.02,5000,200,0.019999999999999997,0.019996000799839986,0.020269969969969964,0.003646917963329018,0.00026996996996996384,0.013498498498498192,0.51,0.009876876876876876,0.0015978619378350532,-0.01012312312312312,-0.01011912392296311,0.0,0.0,2.1166116629848037,1888.3139762368953,0.37766279524737906,37.766279524737904,37.766279524737904,0.001979898987322333,0.0032217432842594233,0.29386881719142,0.047367886984315745
F7,N2,CONF_NAIVE,20,0.3,0.02,5000,200,0.019999999999999997,0.019996000799839986,0.04242672672672672,0.005119815848850225,0.022426726726726718,1.1213363363363358,1.0,0.019923423423423424,0.002464211101014761,-7.657657657657302e-05,-7.257737641656187e-05,0.465,0.0,2.380439215973213,1627.9716138223625,0.32559432276447253,32.559432276447254,32.55943227644725,0.001979898987322333,0.003469801429930906,0.39562110670436007,0.06123962684347926
F7,N2,CONF_START,20,0.3,0.02,5000,200,0.010161967606470564,0.009962007598480309,0.02011281281281281,0.0036777055647405524,0.00011281281281281044,0.005640640640640522,0.49,0.009804404404404405,0.0016098706828647695,-0.0003575632020661589,-0.00015760319407590387,0.39,0.0,2.114634829153816,1885.0938619505648,0.37701877239011294,37.701877239011296,19.156262760298134,0.001979898987322333,0.003224493798488537,0.29308886588767863,0.047273766891336645
F7,N2,BISECT,20,0.3,0.05,5000,200,0.05,0.04999000199960014,0.05035135135135135,0.006303787650273503,0.00035135135135135054,0.007027027027027011,0.495,0.023819219219219215,0.0031463216014737242,-0.026180780780780788,-0.026170782780380923,0.0,0.0,2.4356228650989324,1582.7578622348788,0.31655157244697574,79.13789311174395,79.13789311174395,0.0030822070014844883,0.0054782212101515656,0.42376314086310074,0.067699155829849
F7,N2,CONF_NAIVE,20,0.3,0.05,5000,200,0.05,0.04999000199960014,0.10114984984984986,0.008288415607263198,0.051149849849849854,1.022996996996997,1.0,0.04997397397397397,0.004292608828511944,-2.6026026026033933e-05,-1.6028025626169118e-05,0.475,0.0,2.5836642066502127,1451.5250146812596,0.2903050029362519,72.57625073406298,72.57625073406298,0.0030822070014844883,0.005720507278518408,0.5419989437731405,0.10951792919163361
F7,N2,CONF_START,20,0.3,0.05,5000,200,0.024088182363506832,0.023888222355528895,0.050215715715715724,0.006300827636698679,0.00021571571571572107,0.004314314314314421,0.485,0.023755455455455453,0.003147537002383541,-0.0003327269080513791,-0.0001327669000734423,0.415,0.0,2.434574005743275,1582.7783076709568,0.31655566153419135,79.13891538354784,38.126252516180735,0.0030822070014844883,0.005478185827753811,0.4233169411163254,0.06759770305296045
F7,N2,BISECT,20,0.3,0.1,5000,200,0.1,0.09998000399920015,0.10033143143143143,0.009133347000241819,0.0003314314314314254,0.003314314314314254,0.515,0.049558858858858856,0.0047292944077276826,-0.05044114114114115,-0.050421145140341295,0.0,0.0,2.581916265202874,1458.5715223375746,0.2917143044675149,145.85715223375746,145.85715223375746,0.004242640687119285,0.007855202581128139,0.5390998543743393,0.10824093147947574
F7,N2,CONF_NAIVE,20,0.3,0.1,5000,200,0.1,0.09998000399920015,0.19976626626626626,0.0109356914209556,0.09976626626626625,0.9976626626626625,1.0,0.09980750750750751,0.005662826666436326,-0.00019249249249249367,-0.00017249649169263914,0.465,0.0,2.8257834430670483,1425.6316040439349,0.28512632080878697,142.5631604043935,142.5631604043935,0.004242640687119285,0.007945433506606809,0.6850711155879659,0.1788446667141097
F7,N2,CONF_START,20,0.3,0.1,5000,200,0.0497020595880374,0.04950209958008399,0.10025545545545544,0.009139407144730523,0.0002554554554554389,0.002554554554554389,0.51,0.04951971971971972,0.004732429539126414,-0.00018233986831768523,1.7620139635729504e-05,0.465,0.0,2.5817403165162354,1459.0095193063048,0.291801903861261,145.9009519306305,72.51577806807578,0.004242640687119285,0.007854023420496375,0.5389534162278442,0.10819420694753248
F7,N2,BISECT,20,0.3,0.2,5000,200,0.2,0.1999600079984003,0.19996286286286286,0.011526966584332323,-3.7137137137155385e-05,-0.00018568568568577692,0.485,0.0998954954954955,0.005991741204722219,-0.1001045045045045,-0.1000645125029048,0.0,0.0,2.826675504460151,1425.2833506911109,0.28505667013822217,285.05667013822216,285.05667013822216,0.005656854249492381,0.010595205519824884,0.6849416446832615,0.17868652981075636
F7,N2,CONF_NAIVE,20,0.3,0.2,5000,200,0.2,0.1999600079984003,0.38641301301301295,0.01153570007064433,0.18641301301301294,0.9320650650650647,1.0,0.2001336336336336,0.006775292689431498,0.00013363363363358416,0.00017362563523329322,0.54,0.0,3.43465803409549,1528.2420986167594,0.3056484197233519,305.6484197233519,305.6484197233519,0.005656854249492381,0.010232079640999215,0.8486302356527069,0.2661853623164797
F7,N2,CONF_START,20,0.3,0.2,5000,200,0.10020795840822881,0.10000799840031993,0.19986386386386384,0.011515330001666017,-0.00013613613613616682,-0.0006806806806808341,0.485,0.09984514514514516,0.005983139144302609,-0.0003628132630836556,-0.00016285325517477467,0.465,0.0,2.8264276740182934,1425.0857814211258,0.2850171562842252,285.01715628422517,142.80493671280644,0.005656854249492381,0.010595939936833524,0.6848413355644819,0.1786221800715193
F7,N2,BISECT,20,0.3,0.3,5000,200,0.29999999999999993,0.2999400119976005,0.29987947947947946,0.013603267127576812,-0.00012052052052052842,-0.00040173506840176143,0.495,0.15173873873873872,0.0072789912380200675,-0.1482612612612612,-0.1482012732588618,0.0,0.0,3.1270658379531904,1474.01260567248,0.294802521134496,442.203781701744,442.20378170174394,0.00648074069840786,0.011936006553149124,0.7846497037282293,0.23142603422996536
F7,N2,CONF_NAIVE,20,0.3,0.3,5000,200,0.29999999999999993,0.2999400119976005,0.5389005005005005,0.01004180143970856,0.23890050050050055,0.7963350016683352,1.0,0.2996896896896897,0.007470563756260289,-0.0003103103103102578,-0.000250322307910833,0.495,0.0,4.157877030797916,1724.2187289194353,0.34484374578388705,517.2656186758305,517.2656186758305,0.00648074069840786,0.011036045142245942,0.9290645262948865,0.3134865074762377
F7,N2,CONF_START,20,0.3,0.3,5000,200,0.15158668266333458,0.1513867226554689,0.29972872872872874,0.013613491689673653,-0.00027127127127124506,-0.0009042375709041502,0.485,0.15165885885885885,0.007281913736722681,7.217619552427057e-05,0.0002721362033899499,0.51,0.0,3.1266024198789375,1474.0030413457914,0.29480060826915827,442.2009124037374,223.43923127327452,0.00648074069840786,0.011936045277519985,0.7845521428452085,0.231396428084433
F7,N2,BISECT,20,0.3,0.5,5000,200,0.5,0.4999000199960007,0.499526026026026,0.013732719845358671,-0.00047397397397397345,-0.0009479479479479469,0.48,0.27167277277277274,0.009310720333397431,-0.22832722722722726,-0.22822724722322796,0.0,0.0,3.9395711157726323,1669.3034800541507,0.3338606960108301,834.6517400270753,834.6517400270753,0.007071067811865475,0.01223777192353455,0.9119412975918502,0.3030764560866206
F7,N2,CONF_NAIVE,20,0.3,0.5,5000,200,0.5,0.4999000199960007,0.751703103103103,0.007230545438200386,0.25170310310310295,0.5034062062062059,1.0,0.4994135135135135,0.008570914003953104,-0.0005864864864865149,-0.0004865064824872145,0.49,0.0,6.276638891080437,2304.9139505220246,0.4609827901044049,1152.4569752610123,1152.4569752610123,0.007071067811865475,0.010414601239912207,0.9865026125720346,0.34892898421524554
F7,N2,CONF_START,20,0.3,0.5,5000,200,0.2721655668864028,0.2719656068786243,0.4994477477477478,0.013713609854351974,-0.0005522522522521944,-0.0011045045045043889,0.48,0.27161891891891893,0.009300184787989132,-0.000546647967483882,-0.0003466879597053829,0.52,0.0,3.9391868498037117,1668.8301522788513,0.33376603045577025,834.4150761394257,454.1981044320955,0.007071067811865475,0.012239507290876042,0.9118907852708362,0.30307405806782867
F7,N2,BISECT,20,0.15,0.02,5000,200,0.019999999999999997,0.019996000799839986,0.020505905905905904,0.004590841907865769,0.0005059059059059033,0.025295295295295166,0.465,0.006546946946946947,0.0013910225708598297,-0.013453053053053051,-0.01344905385289304,0.0,0.0,3.213527868826534,1244.5985233575839,0.24891970467151678,24.89197046715168,24.891970467151673,0.001979898987322333,0.003968381304785293,0.2397826188764002,0.030257516629091562
F7,N2,CONF_NAIVE,20,0.15,0.02,5000,200,0.019999999999999997,0.019996000799839986,0.0666132132132132,0.00824225321021045,0.0466132132132132,2.33066066066066,1.0,0.019923423423423424,0.002464211101014761,-7.657657657657302e-05,-7.257737641656187e-05,0.465,0.0,3.8385183667424623,949.7543587102247,0.18995087174204495,18.995087174204492,18.99508717420449,0.001979898987322333,0.004542787143364851,0.4155230370643485,0.0603817802797468
F7,N2,CONF_START,20,0.15,0.02,5000,200,0.006827634473096217,0.006627674465106978,0.020413113113113113,0.00460010015019916,0.0004131131131131123,0.020655655655655615,0.445,0.006518618618618618,0.0013976324228503058,-0.0003090158544775991,-0.00010905584648836057,0.355,0.0,3.2128161779168907,1246.4556110457313,0.24929112220914626,24.929112220914625,8.510343299160045,0.001979898987322333,0.003965423967581105,0.23940011160251817,0.030201993643381414
F7,N2,BISECT,20,0.15,0.05,5000,200,0.05,0.04999000199960014,0.050228928928928926,0.007609644392405598,0.00022892892892892314,0.004578578578578463,0.475,0.015165565565565564,0.002174051543484501,-0.03483443443443444,-0.03482443643403457,0.0,0.0,3.6171892060294284,1037.7930678985967,0.20755861357971936,51.88965339492984,51.88965339492984,0.0030822070014844883,0.006765367956590662,0.37207641401090574,0.051126065643957476
F7,N2,CONF_NAIVE,20,0.15,0.05,5000,200,0.05,0.04999000199960014,0.16271841841841841,0.013025534728192765,0.11271841841841841,2.254368368368368,1.0,0.04997397397397397,0.004292608828511944,-2.6026026026033933e-05,-1.6028025626169118e-05,0.475,0.0,4.490480564076162,815.5217220842186,0.1631043444168437,40.77608610421093,40.77608610421093,0.0030822070014844883,0.007631836156081566,0.5773439453935638,0.12521643852428826
F7,N2,CONF_START,20,0.15,0.05,5000,200,0.015475904819014596,0.0152759448110378,0.050050350350350346,0.007560926395509261,5.0350350350343576e-05,0.0010070070070068715,0.47,0.01511211211211211,0.0021604437894138942,-0.00036379270690248613,-0.0001638326989256908,0.395,0.0,3.615284027261294,1037.5312001484654,0.20750624002969306,51.87656000742327,16.056734100255632,0.0030822070014844883,0.006766221675453133,0.371648021570102,0.05107150170757757
F7,N2,BISECT,20,0.15,0.1,5000,200,0.1,0.09998000399920015,0.10034674674674676,0.011277043019641025,0.00034674674674675665,0.0034674674674675665,0.52,0.03031791791791792,0.003613057091842901,-0.06968208208208208,-0.06966208608128223,0.0,0.0,4.142382905360295,862.8448009983165,0.1725689601996633,86.28448009983165,86.28448009983165,0.004242640687119285,0.010213037143870222,0.4823343489388761,0.08242398361372819
F7,N2,CONF_NAIVE,20,0.15,0.1,5000,200,0.1,0.09998000399920015,0.3130907907907908,0.015454453148335792,0.21309079079079077,2.1309079079079076,1.0,0.09980750750750751,0.005662826666436326,-0.00019249249249249367,-0.00017249649169263914,0.465,0.0,5.187746356977937,835.0852534339479,0.16701705068678957,83.5085253433948,83.5085253433948,0.004242640687119285,0.010381398146651745,0.732765525841881,0.20530682702030734
F7,N2,CONF_START,20,0.15,0.1,5000,200,0.030485902819385777,0.030285942811437715,0.10018068068068069,0.011279446544613403,0.000180680680680681,0.00180680680680681,0.515,0.030266666666666664,0.003613340621178534,-0.0002192361527191128,-1.9276144771051412e-05,0.445,0.0,4.141281891103913,863.3808636835596,0.17267617273671193,86.33808636835596,26.320945106374356,0.004242640687119285,0.010209866076254737,0.4820651138349631,0.08235990311928781
F7,N2,BISECT,20,0.15,0.2,5000,200,0.2,0.1999600079984003,0.20043923923923923,0.014490636482667005,0.0004392392392392197,0.0021961961961960985,0.49,0.061973673673673665,0.004830107831444874,-0.13802632632632633,-0.13798633432472662,0.0,0.0,4.665100023768609,813.1034147898204,0.16262068295796409,162.62068295796408,162.62068295796408,0.005656854249492381,0.014027720331729682,0.6228615459542056,0.147386049823998
F7,N2,CONF_NAIVE,20,0.15,0.2,5000,200,0.2,0.1999600079984003,0.5457682682682683,0.012716453216468452,0.3457682682682683,1.7288413413413413,1.0,0.2001336336336336,0.006775292689431498,0.00013363363363358416,0.00017362563523329322,0.54,0.0,6.576123731153525,991.567328280659,0.1983134656561318,198.31346565613183,198.31346565613183,0.005656854249492381,0.012702783231516974,0.8901371867564022,0.2920751954576467
F7,N2,CONF_START,20,0.15,0.2,5000,200,0.06218056388712933,0.06198060387922416,0.2002974974974975,0.01448226745247648,0.0002974974974974953,0.0014874874874874766,0.49,0.06193143143143143,0.004825925359098253,-0.00024913245569790216,-4.9172447792733553e-05,0.45,0.0,4.66436212517302,813.5899834465504,0.16271799668931008,162.7179966893101,50.58948394362672,0.005656854249492381,0.014023525055254216,0.622789508704619,0.14732829114241935
F7,N2,BISECT,20,0.15,0.3,5000,200,0.29999999999999993,0.2999400119976005,0.29937517517517515,0.016742715044329108,-0.0006248248248248434,-0.0020827494160828115,0.49,0.09503053053053052,0.005990161093645622,-0.20496946946946942,-0.20490948146707,0.0,0.0,5.121228577808844,827.5116056261736,0.16550232112523472,248.25348168785206,248.25348168785203,0.00648074069840786,0.015930250340140294,0.7223939548454977,0.1998968375519409
F7,N2,CONF_NAIVE,20,0.15,0.3,5000,200,0.29999999999999993,0.2999400119976005,0.6942250250250251,0.009191228658335915,0.39422502502502516,1.3140834167500839,1.0,0.2996896896896897,0.007470563756260289,-0.0003103103103102578,-0.000250322307910833,0.495,0.0,8.096968420846824,1233.7095198890393,0.24674190397780785,370.1128559667118,370.1128559667117,0.00648074069840786,0.013046775499266238,0.9541865303289081,0.3292654669221453
F7,N2,CONF_START,20,0.15,0.3,5000,200,0.09544791041778117,0.09524795040991801,0.29921891891891894,0.016764103889957478,-0.0007810810810810476,-0.002603603603603492,0.485,0.09497647647647646,0.005996436800413092,-0.00047143394130470806,-0.00027147393344155446,0.43,0.0,5.120268988978614,827.2832177315717,0.16545664354631434,248.18496531947147,78.9624544561768,0.00648074069840786,0.0159324491187374,0.7222768003023134,0.19983041692453724
F7,N2,BISECT,20,0.15,0.5,5000,200,0.5,0.4999000199960007,0.5001082082082082,0.01728843061606518,0.00010820820820822696,0.00021641641641645393,0.525,0.17681231231231231,0.008313127740361163,-0.3231876876876877,-0.3230877076836884,0.0,0.0,6.246234398295992,944.1399947444605,0.1888279989488921,472.06999737223026,472.06999737223026,0.007071067811865475,0.01627240732225732,0.8643602084052582,0.2778691658206333
F7,N2,CONF_NAIVE,20,0.15,0.5,5000,200,0.5,0.4999000199960007,0.8567812812812812,0.005018755261101831,0.35678128128128117,0.7135625625625623,1.0,0.4994135135135135,0.008570914003953104,-0.0005864864864865149,-0.0004865064824872145,0.49,0.0,12.412945583115675,1930.5052965239756,0.3861010593047951,965.2526482619878,965.2526482619878,0.007071067811865475,0.011379796755841859,0.9927114128295482,0.35273479016009635
F7,N2,CONF_START,20,0.15,0.5,5000,200,0.17658068386296524,0.17638072385522896,0.5000167167167168,0.017291612064980054,1.671671671676922e-05,3.343343343353844e-05,0.52,0.17676396396396396,0.008315735802224772,0.00018328010099871728,0.00038324010873500014,0.505,0.0,6.245745473726567,943.5922502767565,0.18871845005535132,471.7961251383783,166.62016484166392,0.007071067811865475,0.016277129609860125,0.8642826760776412,0.27780348697071267
F7,N2,BISECT,20,0.0,0.02,5000,200,0.019999999999999997,0.019996000799839986,0.0226997997997998,0.009411627834133582,0.0026997997997997986,0.13498998998998993,0.575,0.0011533533533533535,0.00048488467823723535,-0.018846646646646644,-0.018842647446486633,0.0,0.0,20.262720208392395,247.09499579720034,0.04941899915944007,4.941899915944007,4.941899915944006,0.001979898987322333,0.008906274177039469,0.09295511186921787,0.012276478635707005
F7,N2,CONF_NAIVE,20,0.0,0.02,5000,200,0.019999999999999997,0.019996000799839986,0.31286336336336334,0.028289450568788968,0.2928633633633633,14.643168168168167,1.0,0.019923423423423424,0.002464211101014761,-7.657657657657302e-05,-7.257737641656187e-05,0.465,0.0,24.663135250226002,253.65678014979537,0.050731356029959075,5.073135602995907,5.073135602995906,0.001979898987322333,0.008790322281732803,0.562681491413356,0.12395313855445544
F7,N2,CONF_START,20,0.0,0.02,5000,200,0.00140171965606688,0.0012017596480703675,0.0226997997997998,0.009411627834133582,0.0026997997997997986,0.13498998998998993,0.575,0.0011533533533533535,0.00048488467823723535,-0.0002483663027135264,-4.8406294717014e-05,0.3,0.0,20.262720208392395,247.09499579720034,0.04941899915944007,4.941899915944007,0.3463579125246988,0.001979898987322333,0.008906274177039469,0.09295511186921787,0.012276478635707005
F7,N2,BISECT,20,0.0,0.05,5000,200,0.05,0.04999000199960014,0.05108808808808809,0.014774647784095261,0.0010880880880880864,0.021761761761761728,0.5,0.0026290290290290285,0.0007804721034552352,-0.047370970970970976,-0.04736097297057111,0.0,0.0,20.574806062075467,242.29206958612977,0.048458413917225954,12.114603479306489,12.114603479306489,0.0030822070014844883,0.014001585122385371,0.16439869699248524,0.02393678688756058
F7,N2,CONF_NAIVE,20,0.0,0.05,5000,200,0.05,0.04999000199960014,0.5883757757757757,0.03091524384655378,0.5383757757757757,10.767515515515512,1.0,0.04997397397397397,0.004292608828511944,-2.6026026026033933e-05,-1.6028025626169118e-05,0.475,0.0,33.413239595372396,275.86661446969936,0.05517332289393987,13.793330723484969,13.793330723484969,0.0030822070014844883,0.013121915364586427,0.7845421634898886,0.23285789185767203
F7,N2,CONF_START,20,0.0,0.05,5000,200,0.0028874225154745074,0.0026874625074985435,0.05108808808808809,0.014774647784095261,0.0010880880880880864,0.021761761761761728,0.5,0.0026290290290290285,0.0007804721034552352,-0.00025839348644547894,-5.843347846951497e-05,0.335,0.0,20.574806062075467,242.29206958612977,0.048458413917225954,12.114603479306489,0.6995995770439072,0.0030822070014844883,0.014001585122385371,0.16439869699248524,0.02393678688756058
F7,N2,BISECT,20,0.0,0.1,5000,200,0.1,0.09998000399920015,0.10004654654654654,0.02013871519938434,4.654654654653867e-05,0.0004654654654653867,0.445,0.005289489489489489,0.0011328600179495777,-0.09471051051051052,-0.09469051450971067,0.0,0.0,21.171009085332674,245.27927453507138,0.04905585490701428,24.52792745350714,24.52792745350714,0.004242640687119285,0.019155382486923868,0.26809767004509166,0.043323475059707364
F7,N2,CONF_NAIVE,20,0.0,0.1,5000,200,0.1,0.09998000399920015,0.8418124124124123,0.017983704275407533,0.7418124124124124,7.418124124124123,1.0,0.09980750750750751,0.005662826666436326,-0.00019249249249249367,-0.00017249649169263914,0.465,0.0,61.300396937549486,345.46582522386336,0.06909316504477267,34.54658252238634,34.54658252238634,0.004242640687119285,0.016140564097062684,0.9331893615310826,0.31756075312686666
F7,N2,CONF_START,20,0.0,0.1,5000,200,0.005600879823983857,0.005400919816036777,0.10004654654654654,0.02013871519938434,4.654654654653867e-05,0.0004654654654653867,0.445,0.005289489489489489,0.0011328600179495777,-0.0003113903344943679,-0.00011143032654728751,0.37,0.0,21.171009085332674,245.27927453507138,0.04905585490701428,24.52792745350714,1.3737797399848788,0.004242640687119285,0.019155382486923868,0.26809767004509166,0.043323475059707364
F7,N2,BISECT,20,0.0,0.2,5000,200,0.2,0.1999600079984003,0.1999006006006006,0.02841202394191317,-9.939939939940245e-05,-0.0004969969969970123,0.47,0.011328428428428428,0.001876255510090123,-0.18867157157157158,-0.18863157956997187,0.0,0.0,22.59934498754899,251.0646153231647,0.05021292306463294,50.212923064632946,50.212923064632946,0.005656854249492381,0.025244526963948164,0.4335840765646857,0.08218054771167524
F7,N2,CONF_NAIVE,20,0.0,0.2,5000,200,0.2,0.1999600079984003,0.9820894894894895,0.003351831073954221,0.7820894894894894,3.910447447447447,1.0,0.2001336336336336,0.006775292689431498,0.00013363363363358416,0.00017362563523329322,0.54,0.0,310.39578402008823,606.1099380396935,0.12122198760793869,121.2219876079387,121.2219876079387,0.005656854249492381,0.016247415571066206,0.9947636883019253,0.3540699344083874
F7,N2,CONF_START,20,0.0,0.2,5000,200,0.011620675864745364,0.011420715856828623,0.1999006006006006,0.02841202394191317,-9.939939939940245e-05,-0.0004969969969970123,0.47,0.011328428428428428,0.001876255510090123,-0.0002922474363169364,-9.228742840019545e-05,0.415,0.0,22.59934498754899,251.0646153231647,0.05021292306463294,50.212923064632946,2.917540515777479,0.005656854249492381,0.025244526963948164,0.4335840765646857,0.08218054771167524
F7,N2,BISECT,20,0.0,0.3,5000,200,0.29999999999999993,0.2999400119976005,0.2989705705705706,0.03334731311486234,-0.001029429429429407,-0.003431431431431357,0.46,0.018757357357357354,0.0028457981438577283,-0.2812426426426426,-0.28118265464024317,0.0,0.0,24.386162330875344,253.04706945554506,0.05060941389110901,75.91412083666351,75.9141208366635,0.00648074069840786,0.028807726905838733,0.5490849899493466,0.11841404962338624
F7,N2,CONF_NAIVE,20,0.0,0.3,5000,200,0.29999999999999993,0.2999400119976005,0.9985887887887887,0.00047953272392506704,0.6985887887887887,2.3286292959626294,1.0,0.2996896896896897,0.007470563756260289,-0.0003103103103102578,-0.000250322307910833,0.495,0.0,2700.758644957175,1698.326684761258,0.3396653369522516,509.4980054283774,509.4980054283773,0.00648074069840786,0.011119852604467441,0.9996634085454212,0.35690440020330544
F7,N2,CONF_START,20,0.0,0.3,5000,200,0.01903519296127401,0.018835232953409317,0.2989705705705706,0.03334731311486234,-0.001029429429429407,-0.003431431431431357,0.46,0.018757357357357354,0.0028457981438577283,-0.00027783560391665685,-7.787559605196281e-05,0.415,0.0,24.386162330875344,253.04706945554506,0.05060941389110901,75.91412083666351,4.816799795371207,0.00648074069840786,0.028807726905838733,0.5490849899493466,0.11841404962338624
F7,N2,BISECT,20,0.0,0.5,5000,200,0.5,0.4999000199960007,0.4986413413413413,0.03543963467862786,-0.0013586586586586957,-0.0027173173173173915,0.495,0.038783483483483476,0.004104879917639167,-0.4612165165165165,-0.4611165365125172,0.0,0.0,29.726427530457794,264.4130080999483,0.05288260161998966,132.20650404997414,132.20650404997414,0.007071067811865475,0.030748830031027755,0.7167179758873838,0.19736989124069879
F7,N2,CONF_NAIVE,20,0.0,0.5,5000,200,0.5,0.4999000199960007,0.9999773773773774,3.0183790539983175e-05,0.49997737737737735,0.9999547547547547,1.0,0.4994135135135135,0.008570914003953104,-0.0005864864864865149,-0.0004865064824872145,0.49,0.0,48949.94,4323.585308852742,0.8647170617705484,2161.792654426371,2161.792654426371,0.007071067811865475,0.007604102951073067,0.9999981483789282,0.3571311165180149
F7,N2,CONF_START,20,0.0,0.5,5000,200,0.038978204358888185,0.03877824435112978,0.4986413413413413,0.03543963467862786,-0.0013586586586586957,-0.0027173173173173915,0.495,0.038783483483483476,0.004104879917639167,-0.00019472087540470945,5.239132353694609e-06,0.47,0.0,29.726427530457794,264.4130080999483,0.05288260161998966,132.20650404997414,10.306344264868141,0.007071067811865475,0.030748830031027755,0.7167179758873838,0.19736989124069879
F7,N2,BISECT,50,0.3,0.02,5000,200,0.019999999999999997,0.019996000799839986,0.020269969969969964,0.003646917963329018,0.00026996996996996384,0.013498498498498192,0.51,0.009876876876876876,0.0015978619378350532,-0.01012312312312312,-0.01011912392296311,0.0,0.0,2.1166116629848037,1888.3139762368953,0.37766279524737906,37.766279524737904,37.766279524737904,0.001979898987322333,0.0032217432842594233,0.29386881719142,0.047367886984315745
F7,N2,CONF_NAIVE,50,0.3,0.02,5000,200,0.019999999999999997,0.019996000799839986,0.04242672672672672,0.005119815848850225,0.022426726726726718,1.1213363363363358,1.0,0.019923423423423424,0.002464211101014761,-7.657657657657302e-05,-7.257737641656187e-05,0.465,0.0,2.380439215973213,1627.9716138223625,0.32559432276447253,32.559432276447254,32.55943227644725,0.001979898987322333,0.003469801429930906,0.39562110670436007,0.06123962684347926
F7,N2,CONF_START,50,0.3,0.02,5000,200,0.010161967606470564,0.009962007598480309,0.02011281281281281,0.0036777055647405524,0.00011281281281281044,0.005640640640640522,0.49,0.009804404404404405,0.0016098706828647695,-0.0003575632020661589,-0.00015760319407590387,0.39,0.0,2.114634829153816,1885.0938619505648,0.37701877239011294,37.701877239011296,19.156262760298134,0.001979898987322333,0.003224493798488537,0.29308886588767863,0.047273766891336645
F7,N2,BISECT,50,0.3,0.05,5000,200,0.05,0.04999000199960014,0.05035135135135135,0.006303787650273503,0.00035135135135135054,0.007027027027027011,0.495,0.023819219219219215,0.0031463216014737242,-0.026180780780780788,-0.026170782780380923,0.0,0.0,2.4356228650989324,1582.7578622348788,0.31655157244697574,79.13789311174395,79.13789311174395,0.0030822070014844883,0.0054782212101515656,0.42376314086310074,0.067699155829849
F7,N2,CONF_NAIVE,50,0.3,0.05,5000,200,0.05,0.04999000199960014,0.10114984984984986,0.008288415607263198,0.051149849849849854,1.022996996996997,1.0,0.04997397397397397,0.004292608828511944,-2.6026026026033933e-05,-1.6028025626169118e-05,0.475,0.0,2.5836642066502127,1451.5250146812596,0.2903050029362519,72.57625073406298,72.57625073406298,0.0030822070014844883,0.005720507278518408,0.5419989437731405,0.10951792919163361
F7,N2,CONF_START,50,0.3,0.05,5000,200,0.024088182363506832,0.023888222355528895,0.050215715715715724,0.006300827636698679,0.00021571571571572107,0.004314314314314421,0.485,0.023755455455455453,0.003147537002383541,-0.0003327269080513791,-0.0001327669000734423,0.415,0.0,2.434574005743275,1582.7783076709568,0.31655566153419135,79.13891538354784,38.126252516180735,0.0030822070014844883,0.005478185827753811,0.4233169411163254,0.06759770305296045
F7,N2,BISECT,50,0.3,0.1,5000,200,0.1,0.09998000399920015,0.10033143143143143,0.009133347000241819,0.0003314314314314254,0.003314314314314254,0.515,0.049558858858858856,0.0047292944077276826,-0.05044114114114115,-0.050421145140341295,0.0,0.0,2.581916265202874,1458.5715223375746,0.2917143044675149,145.85715223375746,145.85715223375746,0.004242640687119285,0.007855202581128139,0.5390998543743393,0.10824093147947574
F7,N2,CONF_NAIVE,50,0.3,0.1,5000,200,0.1,0.09998000399920015,0.19976636636636635,0.010935750643354352,0.09976636636636635,0.9976636636636634,1.0,0.09980750750750751,0.005662826666436326,-0.00019249249249249367,-0.00017249649169263914,0.465,0.0,2.8257848335008635,1425.6316040439349,0.28512632080878697,142.5631604043935,142.5631604043935,0.004242640687119285,0.007945433506606809,0.6850711155879659,0.1788446667141097
F7,N2,CONF_START,50,0.3,0.1,5000,200,0.0497020595880374,0.04950209958008399,0.10025545545545544,0.009139407144730523,0.0002554554554554389,0.002554554554554389,0.51,0.04951971971971972,0.004732429539126414,-0.00018233986831768523,1.7620139635729504e-05,0.465,0.0,2.5817403165162354,1459.0095193063048,0.291801903861261,145.9009519306305,72.51577806807578,0.004242640687119285,0.007854023420496375,0.5389534162278442,0.10819420694753248
F7,N2,BISECT,50,0.3,0.2,5000,200,0.2,0.1999600079984003,0.19996296296296298,0.011527015324553998,-3.7037037037029874e-05,-0.00018518518518514937,0.485,0.0998954954954955,0.005991741204722219,-0.1001045045045045,-0.1000645125029048,0.0,0.0,2.8266768987713613,1425.2833506911109,0.28505667013822217,285.05667013822216,285.05667013822216,0.005656854249492381,0.010595205519824884,0.6849416446832615,0.17868652981075636
F7,N2,CONF_NAIVE,50,0.3,0.2,5000,200,0.2,0.1999600079984003,0.3864131131131131,0.011535864787114868,0.1864131131131131,0.9320655655655654,1.0,0.2001336336336336,0.006775292689431498,0.00013363363363358416,0.00017362563523329322,0.54,0.0,3.4346588937928773,1528.1290057287379,0.30562580114574756,305.6258011457476,305.6258011457476,0.005656854249492381,0.010232458258911586,0.8486312126728102,0.2661868111393756
F7,N2,CONF_START,50,0.3,0.2,5000,200,0.10020795840822881,0.10000799840031993,0.19986396396396397,0.011515379651712645,-0.0001360360360360413,-0.0006801801801802065,0.485,0.09984514514514516,0.005983139144302609,-0.0003628132630836556,-0.00016285325517477467,0.465,0.0,2.826429068329503,1425.0857814211258,0.2850171562842252,285.01715628422517,142.80493671280644,0.005656854249492381,0.010595939936833524,0.6848413355644819,0.1786221800715193
F7,N2,BISECT,50,0.3,0.3,5000,200,0.29999999999999993,0.2999400119976005,0.2998795795795796,0.013603251735415926,-0.00012042042042037515,-0.0004014014014012505,0.495,0.15173873873873872,0.0072789912380200675,-0.1482612612612612,-0.1482012732588618,0.0,0.0,3.1270702462728788,1473.9689732343882,0.2947937946468776,442.19069197031644,442.1906919703163,0.00648074069840786,0.011936183216709332,0.7846497037282293,0.23142603422996536
F7,N2,CONF_NAIVE,50,0.3,0.3,5000,200,0.29999999999999993,0.2999400119976005,0.5389005005005005,0.01004180143970856,0.23890050050050055,0.7963350016683352,1.0,0.2996896896896897,0.007470563756260289,-0.0003103103103102578,-0.000250322307910833,0.495,0.0,4.157877030797916,1724.2187289194353,0.34484374578388705,517.2656186758305,517.2656186758305,0.00648074069840786,0.011036045142245942,0.9290645262948865,0.3134865074762377
F7,N2,CONF_START,50,0.3,0.3,5000,200,0.15158668266333458,0.1513867226554689,0.29972882882882884,0.01361347741754577,-0.0002711711711711473,-0.0009039039039038244,0.485,0.15165885885885885,0.007281913736722681,7.217619552427057e-05,0.0002721362033899499,0.51,0.0,3.126606828198626,1473.9594089076993,0.29479188178153987,442.1878226723098,223.43261717672763,0.00648074069840786,0.01193622194279969,0.7845521428452085,0.231396428084433
F7,N2,BISECT,50,0.3,0.5,5000,200,0.5,0.4999000199960007,0.499526026026026,0.013732719845358671,-0.00047397397397397345,-0.0009479479479479469,0.48,0.27167277277277274,0.009310720333397431,-0.22832722722722726,-0.22822724722322796,0.0,0.0,3.9395711157726323,1669.3034800541507,0.3338606960108301,834.6517400270753,834.6517400270753,0.007071067811865475,0.01223777192353455,0.9119412975918502,0.3030764560866206
F7,N2,CONF_NAIVE,50,0.3,0.5,5000,200,0.5,0.4999000199960007,0.751703103103103,0.007230545438200386,0.25170310310310295,0.5034062062062059,1.0,0.4994135135135135,0.008570914003953104,-0.0005864864864865149,-0.0004865064824872145,0.49,0.0,6.276638891080437,2304.9139505220246,0.4609827901044049,1152.4569752610123,1152.4569752610123,0.007071067811865475,0.010414601239912207,0.9865026125720346,0.34892898421524554
F7,N2,CONF_START,50,0.3,0.5,5000,200,0.2721655668864028,0.2719656068786243,0.4994477477477478,0.013713609854351974,-0.0005522522522521944,-0.0011045045045043889,0.48,0.27161891891891893,0.009300184787989132,-0.000546647967483882,-0.0003466879597053829,0.52,0.0,3.9391868498037117,1668.8301522788513,0.33376603045577025,834.4150761394257,454.1981044320955,0.007071067811865475,0.012239507290876042,0.9118907852708362,0.30307405806782867
F7,N2,BISECT,50,0.15,0.02,5000,200,0.019999999999999997,0.019996000799839986,0.020505905905905904,0.004590841907865769,0.0005059059059059033,0.025295295295295166,0.465,0.006546946946946947,0.0013910225708598297,-0.013453053053053051,-0.01344905385289304,0.0,0.0,3.213527868826534,1244.5985233575839,0.24891970467151678,24.89197046715168,24.891970467151673,0.001979898987322333,0.003968381304785293,0.2397826188764002,0.030257516629091562
F7,N2,CONF_NAIVE,50,0.15,0.02,5000,200,0.019999999999999997,0.019996000799839986,0.06661901901901901,0.008246227912767377,0.046619019019019006,2.33095095095095,1.0,0.019923423423423424,0.002464211101014761,-7.657657657657302e-05,-7.257737641656187e-05,0.465,0.0,3.838881488239758,949.7167265648802,0.18994334531297605,18.994334531297604,18.9943345312976,0.001979898987322333,0.004542877145534864,0.4155296977103333,0.06038639743060675
F7,N2,CONF_START,50,0.15,0.02,5000,200,0.006827634473096217,0.006627674465106978,0.020413113113113113,0.00460010015019916,0.0004131131131131123,0.020655655655655615,0.445,0.006518618618618618,0.0013976324228503058,-0.0003090158544775991,-0.00010905584648836057,0.355,0.0,3.2128161779168907,1246.4556110457313,0.24929112220914626,24.929112220914625,8.510343299160045,0.001979898987322333,0.003965423967581105,0.23940011160251817,0.030201993643381414
F7,N2,BISECT,50,0.15,0.05,5000,200,0.05,0.04999000199960014,0.05023153153153153,0.007613390162458633,0.00023153153153152722,0.0046306306306305445,0.475,0.015165565565565564,0.002174051543484501,-0.03483443443443444,-0.03482443643403457,0.0,0.0,3.617352061441215,1037.7930678985967,0.20755861357971936,51.88965339492984,51.88965339492984,0.0030822070014844883,0.006765367956590662,0.3720806358940183,0.05112489581714981
F7,N2,CONF_NAIVE,50,0.15,0.05,5000,200,0.05,0.04999000199960014,0.1628088088088088,0.013042657540567618,0.1128088088088088,2.256176176176176,1.0,0.04997397397397397,0.004292608828511944,-2.6026026026033933e-05,-1.6028025626169118e-05,0.475,0.0,4.493326986006296,813.095003427847,0.1626190006855694,40.65475017139235,40.65475017139235,0.0030822070014844883,0.0076432164505154864,0.577440553799562,0.12527835304871066
F7,N2,CONF_START,50,0.15,0.05,5000,200,0.015475904819014596,0.0152759448110378,0.05005295295295296,0.007564663418231483,5.29529529529546e-05,0.001059059059059092,0.47,0.01511211211211211,0.0021604437894138942,-0.00036379270690248613,-0.0001638326989256908,0.395,0.0,3.6154476752871267,1037.5312001484654,0.20750624002969306,51.87656000742327,16.056734100255632,0.0030822070014844883,0.006766221675453133,0.37165224345321446,0.051070331880769926
F7,N2,BISECT,50,0.15,0.1,5000,200,0.1,0.09998000399920015,0.10033103103103104,0.011282940827314111,0.00033103103103103437,0.0033103103103103437,0.515,0.0303032032032032,0.0036112098002756632,-0.0696967967967968,-0.06967680079599695,0.0,0.0,4.143316058298707,861.4699935866628,0.17229399871733256,86.14699935866628,86.14699935866628,0.004242640687119285,0.010221183313667436,0.48229722298890004,0.08241141621513054
F7,N2,CONF_NAIVE,50,0.15,0.1,5000,200,0.1,0.09998000399920015,0.31335405405405403,0.015445266571758673,0.21335405405405403,2.1335405405405403,1.0,0.09980750750750751,0.005662826666436326,-0.00019249249249249367,-0.00017249649169263914,0.465,0.0,5.193958966573071,832.4511841203396,0.1664902368240679,83.24511841203396,83.24511841203396,0.004242640687119285,0.010397809754459423,0.7329229054192101,0.20542404110659573
F7,N2,CONF_START,50,0.15,0.1,5000,200,0.030475904818985832,0.030275944811037795,0.10016036036036036,0.011285986868044448,0.00016036036036035095,0.0016036036036035095,0.51,0.030250550550550547,0.003611607992414106,-0.00022535426843528494,-2.5394260487247855e-05,0.445,0.0,4.142177612080062,861.9553226425179,0.17239106452850358,86.1955322642518,26.268868371071598,0.004242640687119285,0.01021830535955965,0.48199303504990354,0.08233691180183882
F7,N2,BISECT,50,0.15,0.2,5000,200,0.2,0.1999600079984003,0.20039069069069068,0.014497819673101618,0.0003906906906906704,0.001953453453453352,0.495,0.06191831831831832,0.004832668523230803,-0.1380816816816817,-0.13804168968008199,0.0,0.0,4.667946547509603,810.117066129605,0.16202341322592098,162.023413225921,162.023413225921,0.005656854249492381,0.014053551862794847,0.6225760240431165,0.14727672067321573
F7,N2,CONF_NAIVE,50,0.15,0.2,5000,200,0.2,0.1999600079984003,0.5458893893893894,0.01271133495131226,0.34588938938938935,1.7294469469469467,1.0,0.2001336336336336,0.006775292689431498,0.00013363363363358416,0.00017362563523329322,0.54,0.0,6.579226568642585,990.9439167646636,0.19818878335293272,198.18878335293275,198.18878335293275,0.005656854249492381,0.012706778319494022,0.8902067675703748,0.2921068956670748
F7,N2,CONF_START,50,0.15,0.2,5000,200,0.0621165766845699,0.06191661667666467,0.20021371371371374,0.014518202553434766,0.00021371371371373127,0.0010685685685686563,0.49,0.06186726726726727,0.0048368764913952296,-0.00024930941730263306,-4.934940939740201e-05,0.45,0.0,4.666941668823153,810.5833948179035,0.1621166789635807,162.1166789635807,50.3506656034453,0.005656854249492381,0.014049508776489845,0.6223953225022647,0.14719474442125072
F7,N2,BISECT,50,0.15,0.3,5000,200,0.29999999999999993,0.2999400119976005,0.29932812812812815,0.016848052720241816,-0.000671871871871843,-0.002239572906239477,0.495,0.09493003003003003,0.006029170708976195,-0.2050699699699699,-0.20500998196757048,0.0,0.0,5.125723932730246,824.885204377197,0.1649770408754394,247.4655613131591,247.46556131315907,0.00648074069840786,0.015955590822959196,0.7223018642371886,0.19993715635242354
F7,N2,CONF_NAIVE,50,0.15,0.3,5000,200,0.29999999999999993,0.2999400119976005,0.6942444444444444,0.009187782007704799,0.39424444444444445,1.3141481481481483,1.0,0.2996896896896897,0.007470563756260289,-0.0003103103103102578,-0.000250322307910833,0.495,0.0,8.097732467887171,1233.6448647024995,0.2467289729404999,370.09345941074986,370.09345941074974,0.00648074069840786,0.013047117384794072,0.9541943361616442,0.3292816049235628
F7,N2,CONF_START,50,0.15,0.3,5000,200,0.09533793241338157,0.0951379724055189,0.29914784784784787,0.016842005728855,-0.0008521521521521191,-0.0028405071738403973,0.49,0.09486506506506508,0.006031186450840298,-0.0004728673483164886,-0.0002729073404538207,0.43,0.0,5.124735825521079,824.6774982534364,0.16493549965068727,247.4032494760309,78.62304759132272,0.00648074069840786,0.01595760001157045,0.7221520775311983,0.19986460420974625
F7,N2,BISECT,50,0.15,0.5,5000,200,0.5,0.4999000199960007,0.5001913913913915,0.017262342410650403,0.00019139139139146,0.00038278278278292,0.525,0.17677157157157153,0.008306015395700604,-0.32322842842842847,-0.32312844842442917,0.0,0.0,6.249778953951595,943.3950680391498,0.18867901360782996,471.6975340195749,471.6975340195749,0.007071067811865475,0.01627883059031583,0.8643265144524956,0.2777930379314849
F7,N2,CONF_NAIVE,50,0.15,0.5,5000,200,0.5,0.4999000199960007,0.8567812812812812,0.005018755261101831,0.35678128128128117,0.7135625625625623,1.0,0.4994135135135135,0.008570914003953104,-0.0005864864864865149,-0.0004865064824872145,0.49,0.0,12.412945583115675,1930.5052965239756,0.3861010593047951,965.2526482619878,965.2526482619878,0.007071067811865475,0.011379796755841859,0.9927114128295482,0.35273479016009635
F7,N2,CONF_START,50,0.15,0.5,5000,200,0.17652569486077252,0.17632573485302938,0.5000957957957958,0.017254575699063912,9.579579579577224e-05,0.00019159159159154449,0.52,0.17672042042042044,0.00830406517009591,0.00019472555964791805,0.00039468556739105654,0.505,0.0,6.2492741435921495,942.7872742804041,0.1885574548560808,471.39363714020203,166.42617869824207,0.007071067811865475,0.016284077042924307,0.86429100611194,0.2777735484576801
F7,N2,BISECT,50,0.0,0.02,5000,200,0.019999999999999997,0.019996000799839986,0.029189989989989992,0.017486417104470544,0.009189989989989992,0.4594994994994996,0.645,0.000596996996996997,0.00036481926085815854,-0.019403003003003,-0.019399003802842988,0.0,0.0,50.63224841076177,100.87477052235744,0.02017495410447149,2.017495410447149,2.0174954104471485,0.001979898987322333,0.013939164899393373,0.0740056544609529,0.013450739339754885
F7,N2,CONF_NAIVE,50,0.0,0.02,5000,200,0.019999999999999997,0.019996000799839986,0.6059234234234234,0.039898862217402645,0.5859234234234234,29.29617117117117,1.0,0.019923423423423424,0.002464211101014761,-7.657657657657302e-05,-7.257737641656187e-05,0.465,0.0,84.1577780499763,113.7053195607163,0.022741063912143263,2.274106391214326,2.2741063912143256,0.001979898987322333,0.013129181258376773,0.7474008276163675,0.2204055134036998
F7,N2,CONF_START,50,0.0,0.02,5000,200,0.0007998400319836602,0.0005998800239952473,0.029189989989989992,0.017486417104470544,0.009189989989989992,0.4594994994994996,0.645,0.000596996996996997,0.00036481926085815854,-0.00020284303498666317,-2.8830269982502805e-06,0.255,0.0,50.63224841076177,100.87477052235744,0.02017495410447149,2.017495410447149,0.08068367968094675,0.001979898987322333,0.013939164899393373,0.0740056544609529,0.013450739339754885
F7,N2,BISECT,50,0.0,0.05,5000,200,0.05,0.04999000199960014,0.055761561561561555,0.02266407990047141,0.005761561561561553,0.11523123123123105,0.56,0.0011554554554554556,0.00048613364985888884,-0.048844544544544545,-0.04883454654414468,0.0,0.0,51.342920998963045,98.62145230738574,0.019724290461477147,4.931072615369287,4.931072615369287,0.0030822070014844883,0.021946289709974264,0.1238819740921164,0.024092221421751353
F7,N2,CONF_NAIVE,50,0.0,0.05,5000,200,0.05,0.04999000199960014,0.8883672672672672,0.020792429167518205,0.8383672672672672,16.767345345345344,1.0,0.04997397397397397,0.004292608828511944,-2.6026026026033933e-05,-1.6028025626169118e-05,0.475,0.0,190.5729977442536,151.71362207485382,0.030342724414970764,7.585681103742691,7.585681103742691,0.0030822070014844883,0.017694346039939145,0.9418623662601124,0.32265401348304334
F7,N2,CONF_START,50,0.0,0.05,5000,200,0.0014047190561740396,0.0012047590481903431,0.055761561561561555,0.02266407990047141,0.005761561561561553,0.11523123123123105,0.56,0.0011554554554554556,0.00048613364985888884,-0.00024926360071858404,-4.930359273488754e-05,0.3,0.0,51.342920998963045,98.62145230738574,0.019724290461477147,4.931072615369287,0.13853543340374397,0.0030822070014844883,0.021946289709974264,0.1238819740921164,0.024092221421751353
F7,N2,BISECT,50,0.0,0.1,5000,200,0.1,0.09998000399920015,0.10315195195195197,0.03078483996380072,0.0031519519519519618,0.03151951951951962,0.54,0.0021918918918918916,0.0006940539244101486,-0.09780810810810811,-0.09778811210730826,0.0,0.0,52.86211472484425,98.07991941318103,0.019615983882636207,9.807991941318104,9.807991941318104,0.004242640687119285,0.03029222713428783,0.18862613272655562,0.03930298194873499
F7,N2,CONF_NAIVE,50,0.0,0.1,5000,200,0.1,0.09998000399920015,0.9892202202202202,0.0033417058261701444,0.8892202202202202,8.892202202202201,1.0,0.09980750750750751,0.005662826666436326,-0.00019249249249249367,-0.00017249649169263914,0.465,0.0,1143.5461985540956,365.27043781035866,0.07305408756207173,36.527043781035864,36.527043781035864,0.004242640687119285,0.01569690363630084,0.995433380695651,0.35417715822358886
F7,N2,CONF_START,50,0.0,0.1,5000,200,0.0024595080983734765,0.002259548090381907,0.10315195195195197,0.03078483996380072,0.0031519519519519618,0.03151951951951962,0.54,0.0021918918918918916,0.0006940539244101486,-0.0002676162064815849,-6.765619849001536e-05,0.285,0.0,52.86211472484425,98.07991941318103,0.019615983882636207,9.807991941318104,0.2412283560845367,0.004242640687119285,0.03029222713428783,0.18862613272655562,0.03930298194873499
F7,N2,BISECT,50,0.0,0.2,5000,200,0.2,0.1999600079984003,0.19929229229229228,0.04402027094104707,-0.0007077077077077276,-0.003538538538538638,0.43,0.004478578578578579,0.0011114786206056339,-0.19552142142142143,-0.19548142941982172,0.0,0.0,56.104869959036584,99.63845948670087,0.019927691897340172,19.927691897340175,19.927691897340175,0.005656854249492381,0.040072504762567775,0.3322251317230133,0.07577960810859115
F7,N2,CONF_NAIVE,50,0.0,0.2,5000,200,0.2,0.1999600079984003,0.9998637637637637,0.0001394908094253678,0.7998637637637638,3.9993188188188187,1.0,0.2001336336336336,0.006775292689431498,0.00013363363363358416,0.00017362563523329322,0.54,0.0,40513.29741666667,2531.8026075662265,0.5063605215132453,506.3605215132453,506.3605215132453,0.005656854249492381,0.007949596212882609,0.9999726184758526,0.3571133020771484
F7,N2,CONF_START,50,0.0,0.2,5000,200,0.004808038392223725,0.004608078384323121,0.19929229229229228,0.04402027094104707,-0.0007077077077077276,-0.003538538538538638,0.43,0.004478578578578579,0.0011114786206056339,-0.0003294598136451459,-0.0001294998057445422,0.33,0.0,56.104869959036584,99.63845948670087,0.019927691897340172,19.927691897340175,0.47906553855408596,0.005656854249492381,0.040072504762567775,0.3322251317230133,0.07577960810859115
F7,N2,BISECT,50,0.0,0.3,5000,200,0.29999999999999993,0.2999400119976005,0.30088218218218216,0.048131796885041545,0.0008821821821821674,0.002940607273940558,0.425,0.007235835835835836,0.0014277004794386392,-0.2927641641641641,-0.2927041761617647,0.0,0.0,60.520030680766155,101.18932960628081,0.020237865921256162,30.35679888188424,30.356798881884234,0.00648074069840786,0.04555565423706217,0.4538523349977169,0.11159163809995094
F7,N2,CONF_NAIVE,50,0.0,0.3,5000,200,0.29999999999999993,0.2999400119976005,0.9999506506506506,5.4859147300697225e-05,0.6999506506506505,2.3331688355021685,1.0,0.2996896896896897,0.007470563756260289,-0.0003103103103102578,-0.000250322307910833,0.495,0.0,49947.535,3304.4592922777624,0.6608918584555524,991.3377876833287,991.3377876833285,0.00648074069840786,0.007971855983289602,0.9999929540521947,0.3571275093716864
F7,N2,CONF_START,50,0.0,0.3,5000,200,0.007532493501184343,0.007332533493301341,0.30088218218218216,0.048131796885041545,0.0008821821821821674,0.002940607273940558,0.425,0.007235835835835836,0.0014277004794386392,-0.00029665766534850684,-9.66976574655054e-05,0.38,0.0,60.520030680766155,101.18932960628081,0.020237865921256162,30.35679888188424,0.7622079676485106,0.00648074069840786,0.04555565423706217,0.4538523349977169,0.11159163809995094
F7,N2,BISECT,50,0.0,0.5,5000,200,0.5,0.4999000199960007,0.49771031031031027,0.05291000107919284,-0.0022896896896897334,-0.004579379379379467,0.465,0.014263563563563566,0.0023454048385704593,-0.48573643643643644,-0.48563645643243714,0.0,0.0,72.82278179424655,106.64150602620398,0.021328301205240797,53.32075301310199,53.32075301310199,0.007071067811865475,0.04841800260792031,0.6536220502857413,0.18096911150725112
F7,N2,CONF_NAIVE,50,0.0,0.5,5000,200,0.5,0.4999000199960007,0.9999789789789788,2.801014730657297e-05,0.4999789789789788,0.9999579579579576,1.0,0.4994135135135135,0.008570914003953104,-0.0005864864864865149,-0.0004865064824872145,0.49,0.0,49948.95,4340.250118583209,0.8680500237166417,2170.1250592916044,2170.1250592916044,0.007071067811865475,0.007589490567134049,0.9999981483789282,0.3571311165180149
F7,N2,CONF_START,50,0.0,0.5,5000,200,0.01456608678239713,0.014366126774645074,0.49771031031031027,0.05291000107919284,-0.0022896896896897334,-0.004579379379379467,0.465,0.014263563563563566,0.0023454048385704593,-0.00030252321883356484,-0.00010256321108150813,0.4,0.0,72.82278179424655,106.64150602620398,0.021328301205240797,53.32075301310199,1.5533494313832137,0.007071067811865475,0.04841800260792031,0.6536220502857413,0.18096911150725112
